where	who	kind	form	gloss
front	David Douglas Robertson	title	P.S.: more Lower Chehalis loans in Chinook Jargon, and ɬəw̓ál̓məš revitalization1	page 1
front	David Douglas Robertson	name	David Douglas Robertson	author
front	David Douglas Robertson	note	David Douglas Robertson, PhD	page 1, the author line
front	David Douglas Robertson	note	Lower Chehalis Language Project (Shoalwater Bay Indian Tribe)	page 1, under David Douglas Robertson
front	David Douglas Robertson	note	Abstract: M. Dale Kinkade’s unfinished work on Lower Chehalis/ɬəw̓ál̓məš provides the starting point for study of just how words of this language came to be integrated into the nascent pidgin, Chinook Jargon/CJ (cf. Kinkade et al. 2010). Here I review a large number of potential ɬəw̓ál̓məš-to-CJ loans to add to the Kinkade et al. corpus. I show that a handful actually originated in other Coast Salish languages, while candidate Chinookan etymologies for several cannot be ruled out, and a few were published as Chinook Jargon only by mistake. The remainder expand by about 150% the number of reliable ɬəw̓ál̓məš > CJ loans. Of these, quite a few represent the sole evidence of lexemes otherwise unknown to us in the rather limited documentation of ɬəw̓ál̓məš, creating the singular situation where a pidgin language is important for revitalizing its lexifier.	page 1, the abstract
front	David Douglas Robertson	note	Keywords: ɬəw̓ál̓məš, Lower Chehalis, Tsamosan, Shoalwater Bay, Chinook	page 1, the keywords
front	David Douglas Robertson	note	In Papers for the International Conference on Salish and Neighbouring Languages 50, University of British Columbia Working Papers in Linguistics 40, Natalie Weber, Erin Guntly, Zoe Lam, and Sihwei Chen (eds.), 2015.	page 1, the volume's header
front	David Douglas Robertson	language	Lower Chehalis	ɬəw̓ál̓məš, Tsamosan, Coast Salish
front	David Douglas Robertson	note	Jargon, pidginization, revitalization	page 1
§1	David Douglas Robertson	heading	1 Introduction: P.S. – there are other ɬəw̓ál̓məš loans into CJ	page 1
§1	David Douglas Robertson	note	Since early in the recorded history of Chinook Jargon (CJ), scholars have noted the presence of a thick stratum of loans from Lower Chehalis Salish (ɬəw̓ál̓məš). This is a language of the Maritime division within the Tsamosan branch of the Salish family (Kroeber 1999:4). For a few decades, ɬəw̓ál̓məš material was frequently mistaken for the unrelated Chinookan – since many villages were bilingual (Scouler 1841, Tolmie 1884) – or for the pidgin CJ (for example by Gill 1909, as we will discuss), when not outright unidentified (Meares 1791:266, Hale 1846 according to Gibbs 1863a:v). But it did not take long for a consensus to emerge that the language known simply as ‘Chehalis’ in various spellings was among the four or so main contributors to the word stock of this quintes sentially multi-lexifier pidgin (Gibbs 1863a, Eells 1894, Shaw 1909).	page 1
§1	David Douglas Robertson	name	Gibbs	George Gibbs, the CJ dictionary (1863a) and the Chinook vocabulary (1863b)
§1	David Douglas Robertson	name	Eells	Myron Eells, the Chinook Jargon (1894)
§1	David Douglas Robertson	name	Shaw	the CJ compendium (1909)
§1	David Douglas Robertson	name	Gill	John Kaye Gill, the CJ dictionary (1909)
§1	David Douglas Robertson	language	Chinook Jargon	the pidgin, CJ
§1	David Douglas Robertson	language	Chinookan	the lower Columbia neighbor
§1	David Douglas Robertson	note	As is expected in an apparently new language such as the pidgin/creole CJ, the composition of the lexicon varies geographically and chronologically (compare Drechsel 2014:83 on Maritime Polynesian Pidgin and Jahr 1996 on Russenorsk). Observations of this fact abound in the CJ literature, for example Gibbs’:	page 1
§1	David Douglas Robertson	language	Maritime Polynesian Pidgin	Drechsel 2014
§1	David Douglas Robertson	language	Russenorsk	Jahr 1996
§1	David Douglas Robertson	note	Many [words] formerly employed have become in great measure obsolete, while	page 2
§1	David Douglas Robertson	note	others have been locally introduced. Thus, at the Dalles of the Columbia, various	page 2
§1	David Douglas Robertson	note	terms are common which would not be intelligible at Astoria or on Puget Sound	page 2
§1	David Douglas Robertson	note	(1863a:vii). This is seconded by Le Jeune’s specification in interior British Columbia of a large number of lexemes “used only in other districts” (1924), and Eells’ testimony of having often witnessed the introduction of new vocabulary in CJ (1894:307).	page 2
§1	David Douglas Robertson	name	Le Jeune	Chinook rudiments (1924)
§1	David Douglas Robertson	note	All sources agree on a significant number of ɬəw̓ál̓məš > CJ loans. By my count Kinkade et al. (2010) identify 39 by surveying various sources. Examination of additional documents reveals a more nuanced picture of variation: Gibbs tallied 32 such words (1863a:viii), Shaw counts 36 (1909:xii), and Eells 64 of them (1894:308). In the community of the Grand Ronde Indian Reservation in Oregon, quite a number of Jargon words that have not necessarily been so identified in the past appear to be not just Salish, but most likely ɬəw̓ál̓məš, in origin (Chinuk Wawa Dictionary Project 2012). The ɬəw̓ál̓məš component of the Jargon has not been accepted without criticism. Shaw, quoting from a manuscript CJ compendium of Eells’, captures the controversy in a few lines:	page 2
§1	David Douglas Robertson	name	Kinkade	M. Dale Kinkade, the Lower Chehalis loans (2010) and the Upper Chehalis and Cowlitz dictionaries
§1	David Douglas Robertson	note	In the appendix [of Swan 1857] is quite a full vocabulary, – 327 words. Judge	page 2
§1	David Douglas Robertson	name	Swan	James G. Swan, the Shoalwater Bay vocabulary (1857)
§1	David Douglas Robertson	note	Swan lived on Shoalwater Bay, Wash., near the [Lower] Chehalis and Chinook	page 2
§1	David Douglas Robertson	note	Indians, and he gives quite a number of words which are given by no other writer,	page 2
§1	David Douglas Robertson	note	which he says are of Chehalis origin. Gibbs rejects many of these, because he	page 2
§1	David Douglas Robertson	note	thinks that Swan imperceptibly used them as Chinook Jargon, but that they did	page 2
§1	David Douglas Robertson	note	not properly belong to the language, but to the Chehalis. I [Eells] have inserted	page 2
§1	David Douglas Robertson	note	them as being a part of the Jargon of that region at that time, as certainly many	page 2
§1	David Douglas Robertson	note	English words now in use on Puget Sound are a part of the Jargon of this time	page 2
§1	David Douglas Robertson	note	and place. The environment always affects the language (1909:xvi). The facts bear out this judgment by Eells, whose knowledge of ɬəw̓ál̓məš came from firsthand experience. (Boas’ 1890 notes in the American Philosophical Society archives, S2b.1, include reelicitations of Eells’ work on the language.) At Bay Center, Washington, where it was aboriginally spoken, a still greater number of items demonstrably originating in this language is consistently found in local CJ, cf. Boas (1892). Native speakers took pains to characterize such loans as non- ɬəw̓ál̓məš (cf. Harrington 1942).	page 2
footnote 1	David Douglas Robertson	note	For the kind support they have extended to me, this paper is dedicated with thanks to ICSNL founders M. Dale Kinkade and Terry and Larry Thompson. Many thanks also to the ɬəw̓ál̓məš elders and to Earl Davis, Tony A. Johnson and the SBIT, whose intellectual property rights are hereby acknowledged. I am grateful as well for useful discussions with Jay Powell, Jedd Schrock, Sam Sullivan and Henry Zenk.	page 1, footnote 1
footnote 1	David Douglas Robertson	name	Terry and Larry Thompson	ICSNL founders, the paper's dedication
footnote 1	David Douglas Robertson	name	Earl Davis	thanked, note 1
footnote 1	David Douglas Robertson	name	Tony A. Johnson	thanked, note 1
footnote 1	David Douglas Robertson	name	Jay Powell	thanked, note 1; Quileute pidgin teaching (1973)
footnote 1	David Douglas Robertson	name	Jedd Schrock	thanked, note 1
footnote 1	David Douglas Robertson	name	Sam Sullivan	thanked, note 1
footnote 1	David Douglas Robertson	name	Henry Zenk	thanked, note 1
§1	David Douglas Robertson	name	Boas	Franz Boas, Chinook (1910) and notes (1890)
§1	David Douglas Robertson	name	Harrington	John P. Harrington, field notes (1942)
§1	David Douglas Robertson	note	The net outcome is that there are many more loans from ɬəw̓ál̓məš in CJ than even Kinkade et al. (2010) enumerated. No study to date, however, has both explicitly presented the entire set of such loans and evaluated the claims to their status as ɬəw̓ál̓məš. This is the primary goal of the present study.	page 2
§1	David Douglas Robertson	note	I have sought here to evaluate all CJ words that both resemble known Salish forms and, due to being used in or adjacent to ɬəw̓ál̓məš territory, had a likelihood of originating in this language. This geographic limitation was premised on the need to filter out the considerable stock of later loans from other Salish languages in regions to the north, such as lahanʃut ‘to confess’ and putah ‘goodbye’ from Shuswap/Secwepemctsín (Robertson 2011:20). For the same reason, I have omitted any words of Gibbs’s lower-Columbia region dictionary (1863CJ) to which he assigns a ‘Nisqually’ or ‘Puget Sound’ Central Coast Salish source. Those etymologies seem accurate, for example his máh-lie ‘to forget’ exactly corresponds with the modern Lushootseed simplex √báli (Bates et al. 1994), versus the Tsamosan complex √mə́l(‘)q-ni-x(ʷ) (Kinkade 1991, 2004). My main sources of ɬəw̓ál̓məš data beyond the Kinkade et al. paper of 2010 were several further works of scholarship which more or less explicitly suggest numerous ɬəw̓ál̓məš items as CJ vocabulary: Swan (1857), Gibbs (1863a), Gill (1909), Harrington (1942), Chinuk Wawa Dictionary Project (2012), and Kinkade (n.d.).	page 2
§1	Chinook Jargon	cited form	lahanʃut	page 2, in italics, ‘to confess’
§1	Chinook Jargon	cited form	máh-lie	page 3, in italics, ‘to forget’
§1	Lushootseed	cited form	√báli	page 3, in italics
§1	Lower Chehalis	cited form	√mə́l(‘)q-ni-x(ʷ)	page 3, in italics
§1	David Douglas Robertson	language	Lushootseed	Tables 2 and 3
§1	David Douglas Robertson	language	Shuswap	lahanʃut, putah
§1	David Douglas Robertson	note	The mode of this study is descriptive, with the intention of introducing even more ɬəw̓ál̓məš data to the Salish linguistics community, but I will end on the secondary theme that the information collected here can be applied to language revitalization. In this way I hope to pay an appropriate homage to Salish conference founders Dale Kinkade and Larry and Terry Thompson for their invaluable gift of a sustained interchange between scholars and Native communities.	page 3
§1	David Douglas Robertson	language	Thompson	note 19
§2	David Douglas Robertson	heading	2 Beware of false positives	page 3
§2	David Douglas Robertson	note	A number of the items collected in the database for this study are certainly or most likely not instances of ɬəw̓ál̓məš borrowings into the pidgin. The several reasons for therefore excluding them are touched on in the following notes, which include a good deal of comparative data from other languages for obvious reasons.	page 3
§2.1	David Douglas Robertson	heading	2.1 Sorry, wrong language	page 3
§2.1	David Douglas Robertson	note	A small number of the CJ literature’s items that closely resemble known Salish forms, but whose source language was not definitively indicated in the original literature, have clear origins in other languages than ɬəw̓ál̓məš. Some are simply from other Coast Salish languages: one has its likeliest etymology in Tillamook, as Chinuk Wawa Dictionary Project (2012) suggests and as shown in Table 1:2	page 3
footnote 2	David Douglas Robertson	note	CJ forms are bolded and italicized in the tables, to facilitate comparisons. I present the most relevant possible documented forms from the Chinookan and Tsamosan local speech of southwest Washington – CJ’s earliest region of use – as well as any other languages relevant to the discussion. (PS=Proto-Salish; PIS=Proto-Interior Salish.) Lack of a known equivalent in the literature is signaled in the tables by ‘?’. Citations from primary data are coded by the speaker’s initials in capitals, the researcher’s initials in lowercase, the date, the microfilm reel number (for Harrington), the page (or text name ‘Qoneqone’), and entry number in our database’s transcription. Morphemic breaks are not generally indicated; depending on the source, hyphens reflect 19th-century anglophone practices in rendering Native languages in writing, or bound stems. Example words are generally transcribed into Americanist phonetics wherever possible; the exceptions preserving pre-modern spellings are enclosed <in angled brackets>.	page 3, footnote 2
§2.1	David Douglas Robertson	language	Tillamook	Table 1
Table 1	David Douglas Robertson	note	Table 1 CJ < Tillamook	page 4, the caption
Table 1	David Douglas Robertson	note	language word gloss source	page 4, heads the columns
Table 1 row 1	David Douglas Robertson	language	Chinook Jargon	page 4, Table 1, language
Table 1 row 1	Chinook Jargon	cited form	<kwad’-dis>	page 4, Table 1, word
Table 1 row 1	David Douglas Robertson	translation	‘whale’	page 4, Table 1, gloss
Table 1 row 1	David Douglas Robertson	citation	Gibbs (1863a)	page 4, Table 1, source
Table 1 row 2	David Douglas Robertson	language	Chinookan	page 4, Table 1, language
Table 1 row 2	Chinookan	cited form	<é-ko-li>	page 4, Table 1, word
Table 1 row 2	David Douglas Robertson	translation	idem	page 4, Table 1, gloss
Table 1 row 2	David Douglas Robertson	citation	Gibbs (1863b)	page 4, Table 1, source
Table 1 row 3	David Douglas Robertson	language	Tillamook	page 4, Table 1, language
Table 1 row 3	Tillamook	cited form	qʰʌnís	page 4, Table 1, word
Table 1 row 3	David Douglas Robertson	translation	idem	page 4, Table 1, gloss
Table 1 row 3	David Douglas Robertson	citation	Harrington (1942)	page 4, Table 1, source
Table 1 row 4	David Douglas Robertson	language	Upper Chehalis	page 4, Table 1, language
Table 1 row 4	Upper Chehalis	cited form	skʷúyxʷ	page 4, Table 1, word
Table 1 row 4	David Douglas Robertson	translation	idem	page 4, Table 1, gloss
Table 1 row 4	David Douglas Robertson	citation	Kinkade (1991)	page 4, Table 1, source
Table 1 row 5	David Douglas Robertson	language	Quinault	page 4, Table 1, language
Table 1 row 5	Quinault	cited form	qáƛən	page 4, Table 1, word
Table 1 row 5	David Douglas Robertson	translation	idem	page 4, Table 1, gloss
Table 1 row 5	David Douglas Robertson	citation	Modrow ([1971])	page 4, Table 1, source
Table 1 row 6	David Douglas Robertson	language	ɬəw̓ál̓məš	page 4, Table 1, language
Table 1 row 6	Lower Chehalis	cited form	syələ́x̣ʷ	page 4, Table 1, word
Table 1 row 6	David Douglas Robertson	translation	idem	page 4, Table 1, gloss
Table 1 row 6	David Douglas Robertson	citation	ELjh1942.17.423	page 4, Table 1, source
§2.1	David Douglas Robertson	note	Lushootseed – presumably the dialect of southern Lushootseed spoken in the vicinity of the Hudson Bay Company’s Fort Nisqually, established in 1833 as the first sustained White presence on the head of Puget Sound (Suttles and Lane 1990:499) – supplied names for certain fur-bearing animals. These are shown in Table 2:	page 4
Table 2	David Douglas Robertson	note	Table 2 CJ < Lushootseed	page 4, the caption
Table 2	David Douglas Robertson	note	language word gloss source	page 4, heads the columns
Table 2 row 1	David Douglas Robertson	language	Chinook Jargon	page 4, Table 2, language
Table 2 row 1	Chinook Jargon	cited form	<quit-chad’dy>	page 4, Table 2, word
Table 2 row 1	David Douglas Robertson	translation	‘rabbit’	page 4, Table 2, gloss
Table 2 row 1	David Douglas Robertson	citation	Swan (1857)	page 4, Table 2, source
Table 2 row 2	David Douglas Robertson	language	Chinookan	page 4, Table 2, language
Table 2 row 2	Chinookan	cited form	<kun’ne-mun’ne>	page 4, Table 2, word
Table 2 row 2	David Douglas Robertson	translation	idem	page 4, Table 2, gloss
Table 2 row 2	David Douglas Robertson	citation	Gibbs (1863b)	page 4, Table 2, source
Table 2 row 3	David Douglas Robertson	language	Lushootseed	page 4, Table 2, language
Table 2 row 3	Lushootseed	cited form	k̓ʷəčdíʔ	page 4, Table 2, word
Table 2 row 3	David Douglas Robertson	translation	idem	page 4, Table 2, gloss
Table 2 row 3	David Douglas Robertson	citation	Bates et al. (1994)	page 4, Table 2, source
Table 2 row 4	Lushootseed	cited form	k̓ʷə́čidiʔ	page 4, Table 2, word
Table 2 row 4	David Douglas Robertson	translation	idem	page 4, Table 2, gloss
Table 2 row 4	David Douglas Robertson	citation	(ibid.)	page 4, Table 2, source
Table 2 row 5	David Douglas Robertson	language	Upper Chehalis	page 4, Table 2, language
Table 2 row 5	Upper Chehalis	cited form	x̣ʷáyčs	page 4, Table 2, word
Table 2 row 5	David Douglas Robertson	translation	idem	page 4, Table 2, gloss
Table 2 row 5	David Douglas Robertson	citation	Kinkade (1991)	page 4, Table 2, source
Table 2 row 6	David Douglas Robertson	language	ɬəw̓ál̓məš	page 4, Table 2, language
Table 2 row 6	Lower Chehalis	cited form	skíʔpxʷaʔ	page 4, Table 2, word
Table 2 row 6	David Douglas Robertson	translation	idem	page 4, Table 2, gloss
Table 2 row 6	David Douglas Robertson	citation	ISmk19780913.62	page 4, Table 2, source
Table 2 row 7	David Douglas Robertson	language	Chinook Jargon	page 4, Table 2, language
Table 2 row 7	Chinook Jargon	cited form	<skud’zo>	page 4, Table 2, word
Table 2 row 7	David Douglas Robertson	translation	‘squirrel’	page 4, Table 2, gloss
Table 2 row 7	David Douglas Robertson	citation	Swan (1857)	page 4, Table 2, source
Table 2 row 8	David Douglas Robertson	language	Chinookan	page 4, Table 2, language
Table 2 row 8	Chinookan	cited form	<e-kau-tau>	page 4, Table 2, word
Table 2 row 8	David Douglas Robertson	translation	‘pine squirrel’	page 4, Table 2, gloss
Table 2 row 8	David Douglas Robertson	citation	Gibbs (1863b)	page 4, Table 2, source
Table 2 row 9	Chinookan	cited form	<skwis-skwis>	page 4, Table 2, word
Table 2 row 9	David Douglas Robertson	translation	idem	page 4, Table 2, gloss
Table 2 row 9	David Douglas Robertson	citation	(ibid.)	page 4, Table 2, source
Table 2 row 10	David Douglas Robertson	language	Lushootseed	page 4, Table 2, language
Table 2 row 10	Lushootseed	cited form	sqədᶻúʔ	page 4, Table 2, word
Table 2 row 10	David Douglas Robertson	translation	‘squirrel’	page 4, Table 2, gloss
Table 2 row 10	David Douglas Robertson	citation	Bates et al. (1994)	page 4, Table 2, source
Table 2 row 11	David Douglas Robertson	language	ɬəw̓ál̓məš	page 4, Table 2, language
Table 2 row 11	Lower Chehalis	cited form	skʷəyúxʷ	page 4, Table 2, word
Table 2 row 11	David Douglas Robertson	translation	idem	page 4, Table 2, gloss
Table 2 row 11	David Douglas Robertson	citation	ISmk19781130.41	page 4, Table 2, source
§2.1	David Douglas Robertson	note	The ɬəw̓ál̓məš cognate for ‘squirrel’ is a very close match for the CJ, and better yet, northern ɬəw̓ál̓məš dialects in fact affricate /y/ to /ǰ/ (that is [dʒ]; thus ǰəl-áʔ ‘come and help!’ versus southern yəl-áʔ idem, NBmk19670426.65–66). Even so, the Lushootseed form corresponds even more closely in phonology.	page 4
§2.1	Lower Chehalis	cited form	ǰəl-áʔ	page 4, in italics, ‘come and help!’
§2.1	Lower Chehalis	cited form	yəl-áʔ	page 4, in italics
§2.1	David Douglas Robertson	note	Lushootseed is less definitely a potential source of two more words in the same fur-trade semantic domain, shown in Table 3:	page 4
Table 3	David Douglas Robertson	note	Table 3 CJ < probable Lushootseed	page 5, the caption
Table 3	David Douglas Robertson	note	language word gloss source	page 5, heads the columns
Table 3 row 1	David Douglas Robertson	language	Chinook Jargon	page 5, Table 3, language
Table 3 row 1	Chinook Jargon	cited form	<skad>	page 5, Table 3, word
Table 3 row 1	David Douglas Robertson	translation	‘mole’	page 5, Table 3, gloss
Table 3 row 1	David Douglas Robertson	citation	Swan (1857)	page 5, Table 3, source
Table 3 row 2	David Douglas Robertson	language	Chinookan	page 5, Table 3, language
Table 3 row 2	David Douglas Robertson	note	?	page 5, Table 3, word
Table 3 row 3	David Douglas Robertson	language	Lushootseed	page 5, Table 3, language
Table 3 row 3	Lushootseed	cited form	p̓əɬq̓ʷáčiʔ	page 5, Table 3, word
Table 3 row 3	David Douglas Robertson	translation	‘mole’	page 5, Table 3, gloss
Table 3 row 3	David Douglas Robertson	citation	Bates et al. (1994),	page 5, Table 3, source
Table 3 row 4	Lushootseed	cited form	qad	page 5, Table 3, word
Table 3 row 4	David Douglas Robertson	translation	‘back up’	page 5, Table 3, gloss
Table 3 row 4	David Douglas Robertson	citation	(ibid.)	page 5, Table 3, source
Table 3 row 5	David Douglas Robertson	language	Upper Chehalis	page 5, Table 3, language
Table 3 row 5	Upper Chehalis	cited form	sqan̓	page 5, Table 3, word
Table 3 row 5	David Douglas Robertson	translation	‘gopher’	page 5, Table 3, gloss
Table 3 row 5	David Douglas Robertson	citation	Kinkade (1991)	page 5, Table 3, source
Table 3 row 6	David Douglas Robertson	language	ɬəw̓ál̓məš	page 5, Table 3, language
Table 3 row 6	Lower Chehalis	cited form	pək̓ʷálməš	page 5, Table 3, word
Table 3 row 6	David Douglas Robertson	translation	‘mole’	page 5, Table 3, gloss
Table 3 row 7	David Douglas Robertson	language	Chinook Jargon	page 5, Table 3, language
Table 3 row 7	Chinook Jargon	cited form	<skubʹby-you>	page 5, Table 3, word
Table 3 row 7	David Douglas Robertson	translation	‘skunk’	page 5, Table 3, gloss
Table 3 row 7	David Douglas Robertson	citation	Swan (1857)	page 5, Table 3, source
Table 3 row 8	David Douglas Robertson	language	Chinookan	page 5, Table 3, language
Table 3 row 8	Chinookan	cited form	<o-pún-pun>	page 5, Table 3, word
Table 3 row 8	David Douglas Robertson	translation	idem	page 5, Table 3, gloss
Table 3 row 8	David Douglas Robertson	citation	Gibbs (1863b)	page 5, Table 3, source
Table 3 row 9	David Douglas Robertson	language	Lushootseed	page 5, Table 3, language
Table 3 row 9	Lushootseed	cited form	sq̓əbyáʔ	page 5, Table 3, word
Table 3 row 9	David Douglas Robertson	translation	idem	page 5, Table 3, gloss
Table 3 row 9	David Douglas Robertson	citation	Bates et al. (1994)	page 5, Table 3, source
Table 3 row 10	David Douglas Robertson	language	Upper Chehalis	page 5, Table 3, language
Table 3 row 10	Upper Chehalis	cited form	sq̓əmyú	page 5, Table 3, word
Table 3 row 10	David Douglas Robertson	translation	idem	page 5, Table 3, gloss
Table 3 row 10	David Douglas Robertson	citation	Kinkade (1991)	page 5, Table 3, source
Table 3 row 11	David Douglas Robertson	language	ɬəw̓ál̓məš	page 5, Table 3, language
Table 3 row 11	Lower Chehalis	cited form	hay̓íʔ	page 5, Table 3, word
Table 3 row 11	David Douglas Robertson	translation	idem	page 5, Table 3, gloss
Table 3 row 11	David Douglas Robertson	citation	ELjh1942.420	page 5, Table 3, source
§2.1	David Douglas Robertson	note	Both CJ words in Table 3 appear Lushootseed- (or Twana-) like, in that they contain oral stops where Salish cognates show nasals. But they possess closer known cognates in Tsamosan. With regard to <skad>, we know that 19th-century anglophone recorders of ɬəw̓ál̓məš and neighboring languages frequently wrote glottalized n̓ as an oral stop, with or without nasal segments preceding it. (Compare tsŭntn ‘yaka’ [CJ for ‘he, she’] for ɬəw̓ál̓məš cə́n̓ in Cooper 1854, and taqualant ‘ear’ for ɬəw̓ál̓məš t=(ʔə-)q̓ʷəlán̓ ‘DEF.NONF=(2.S.POSV-)ear’ in Lee and Frost 1846:342.) As for <skub’by-you>, <m> often interchanged with <b> (for example, just about every occurrence of a ‘b’ in Gibbs’ 1863b Chinookan is phonologically an m). That fact bolsters the case for non-Lushootseed etymologies here. But in any case, ɬəw̓ál̓məš is known to use completely different forms in both instances, so we can leave this question open and move on.	page 5
§2.1	Lower Chehalis	cited form	n̓	page 5, in italics
§2.1	Lower Chehalis	cited form	tsŭntn	page 5, in italics, ‘yaka’
§2.1	Lower Chehalis	cited form	cə́n̓	page 5, in italics
§2.1	Lower Chehalis	cited form	t=(ʔə-)q̓ʷəlán̓	page 5, in italics, ‘DEF.NONF=(2.S.POSV-)ear’
§2.1	David Douglas Robertson	language	Twana	Table 3's discussion; word taboo
§2.1	David Douglas Robertson	note	One word now integrated into ɬəw̓ál̓məš is nonetheless a loan from CJ, which most likely inherited it from the earlier Haida pidgin, via the intervening ‘Nootka Jargon’. (See CWDP 2012, s.v. hilu, for details on these convolutions). Table 4 compares these forms with Chinookan and Tsamosan negators.	page 5
§2.1	David Douglas Robertson	language	Haida	Table 4
Table 4	David Douglas Robertson	note	Table 4 CJ < Nootka Jargon < Haida	page 6, the caption
Table 4	David Douglas Robertson	note	language word gloss source	page 6, heads the columns
Table 4 row 1	David Douglas Robertson	language	Chinook Jargon	page 6, Table 4, language
Table 4 row 1	Chinook Jargon	cited form	<halo>	page 6, Table 4, word
Table 4 row 1	David Douglas Robertson	translation	‘NEG’	page 6, Table 4, gloss
Table 4 row 1	David Douglas Robertson	citation	(Palmer 1838)	page 6, Table 4, source
Table 4 row 2	David Douglas Robertson	language	Chinookan	page 6, Table 4, language
Table 4 row 2	Chinookan	cited form	nikšt	page 6, Table 4, word
Table 4 row 2	David Douglas Robertson	translation	idem	page 6, Table 4, gloss
Table 4 row 2	David Douglas Robertson	citation	Boas (1910:668)	page 6, Table 4, source
Table 4 row 3	David Douglas Robertson	language	ɬəw̓ál̓məš	page 6, Table 4, language
Table 4 row 3	Lower Chehalis	cited form	hílu	page 6, Table 4, word
Table 4 row 3	David Douglas Robertson	translation	idem	page 6, Table 4, gloss
Table 4 row 3	David Douglas Robertson	citation	ISmk19781015.10	page 6, Table 4, source
Table 4 row 4	Lower Chehalis	cited form	míɬt	page 6, Table 4, word
Table 4 row 4	David Douglas Robertson	translation	idem	page 6, Table 4, gloss
Table 4 row 4	David Douglas Robertson	citation	LHcs19670817.1503	page 6, Table 4, source, carries footnote 3
footnote 3	David Douglas Robertson	note	ɬəw̓ál̓məš still routinely used its inherited Salish negator míɬt in the 1890s, as seen in Charles Cultee’s usage (Boas 1890), but by the time further documentation was performed in the 20th century, speakers almost exclusively negated with the borrowed hílu.	page 6, footnote 3
footnote 3	Lower Chehalis	cited form	hílu	page 6, in italics
footnote 3	Lower Chehalis	cited form	míɬt	page 6, in italics
footnote 3	David Douglas Robertson	name	Charles Cultee	his use of míɬt, note 3
Table 4 row 5	David Douglas Robertson	language	Cowlitz	page 6, Table 4, language
Table 4 row 5	Cowlitz	cited form	míɬta	page 6, Table 4, word
Table 4 row 5	David Douglas Robertson	translation	idem	page 6, Table 4, gloss
Table 4 row 5	David Douglas Robertson	citation	Kinkade (2004)	page 6, Table 4, source
Table 4 row 6	David Douglas Robertson	language	Haida	page 6, Table 4, language
Table 4 row 6	Haida	cited form	hi∙lu∙	page 6, Table 4, word
Table 4 row 6	David Douglas Robertson	translation	idem	page 6, Table 4, gloss
Table 4 row 6	David Douglas Robertson	citation	CWDP (2012)	page 6, Table 4, source
§2.1	David Douglas Robertson	note	A couple of other Nootka Jargon words are Nuuchahnulth in origin (again see CWDP 2012 for details), though they have resemblances to Salish. Table 5 illustrates:	page 6
§2.1	David Douglas Robertson	language	Nuuchahnulth	Table 5
Table 5	David Douglas Robertson	note	Table 5 CJ < Nootka Jargon < Nuuchahnulth	page 6, the caption
Table 5	David Douglas Robertson	note	language word gloss source	page 6, heads the columns
Table 5 row 1	David Douglas Robertson	language	Chinook Jargon	page 6, Table 5, language
Table 5 row 1	Chinook Jargon	cited form	húyhuy	page 6, Table 5, word
Table 5 row 1	David Douglas Robertson	translation	‘trade’	page 6, Table 5, gloss
Table 5 row 1	David Douglas Robertson	citation	CWDP (2012)	page 6, Table 5, source
Table 5 row 2	David Douglas Robertson	language	Chinookan	page 6, Table 5, language
Table 5 row 2	Chinookan	cited form	-xəmuta	page 6, Table 5, word
Table 5 row 2	David Douglas Robertson	translation	‘barter’	page 6, Table 5, gloss
Table 5 row 2	David Douglas Robertson	citation	Boas (1910:615)	page 6, Table 5, source
Table 5 row 3	David Douglas Robertson	language	ɬəw̓ál̓məš	page 6, Table 5, language
Table 5 row 3	Lower Chehalis	cited form	lə́q	page 6, Table 5, word
Table 5 row 3	David Douglas Robertson	translation	‘buy’	page 6, Table 5, gloss
Table 5 row 3	David Douglas Robertson	citation	NBcs19670524.516	page 6, Table 5, source
Table 5 row 4	Lower Chehalis	cited form	táxʷ	page 6, Table 5, word
Table 5 row 4	David Douglas Robertson	translation	idem	page 6, Table 5, gloss
Table 5 row 4	David Douglas Robertson	citation	LHcs0817.1499	page 6, Table 5, source
Table 5 row 5	David Douglas Robertson	language	Upper Chehalis	page 6, Table 5, language
Table 5 row 5	Upper Chehalis	cited form	táxʷiwi	page 6, Table 5, word
Table 5 row 5	David Douglas Robertson	translation	‘sell’	page 6, Table 5, gloss
Table 5 row 5	David Douglas Robertson	citation	Kinkade (1991)	page 6, Table 5, source
Table 5 row 6	Upper Chehalis	cited form	xʷíy̓xʷiy̓	page 6, Table 5, word
Table 5 row 6	David Douglas Robertson	translation	‘greedy, stingy’	page 6, Table 5, gloss
Table 5 row 6	David Douglas Robertson	citation	(ibid.)	page 6, Table 5, source
Table 5 row 7	David Douglas Robertson	language	Nuuchahnulth	page 6, Table 5, language
Table 5 row 7	Nuuchahnulth	cited form	ḥaʔuyi	page 6, Table 5, word
Table 5 row 7	David Douglas Robertson	translation	‘trade, barter, swap’	page 6, Table 5, gloss
Table 5 row 7	David Douglas Robertson	citation	CWDP (2012)	page 6, Table 5, source
Table 5 row 8	David Douglas Robertson	language	Chinook Jargon	page 6, Table 5, language
Table 5 row 8	Chinook Jargon	cited form	mə́kʰmək	page 6, Table 5, word
Table 5 row 8	David Douglas Robertson	translation	‘eat’	page 6, Table 5, gloss
Table 5 row 8	David Douglas Robertson	citation	CWDP (2012)	page 6, Table 5, source
Table 5 row 9	David Douglas Robertson	language	Chinookan	page 6, Table 5, language
Table 5 row 9	Chinookan	cited form	-wulʔ(?)	page 6, Table 5, word
Table 5 row 9	David Douglas Robertson	translation	idem	page 6, Table 5, gloss
Table 5 row 9	David Douglas Robertson	citation	Boas (1910:590)	page 6, Table 5, source
Table 5 row 10	David Douglas Robertson	language	ɬəw̓ál̓məš	page 6, Table 5, language
Table 5 row 10	Lower Chehalis	cited form	ʔíɬ	page 6, Table 5, word
Table 5 row 10	David Douglas Robertson	translation	idem	page 6, Table 5, gloss
Table 5 row 10	David Douglas Robertson	citation	ISmk19780911.97	page 6, Table 5, source
Table 5 row 11	Lower Chehalis	cited form	múxʷm	page 6, Table 5, word
Table 5 row 11	David Douglas Robertson	translation	‘go + try to get s.t. to eat from s.o.’	page 6, Table 5, gloss
Table 5 row 11	David Douglas Robertson	citation	ISmk19781128.13	page 6, Table 5, source
Table 5 row 12	David Douglas Robertson	language	Upper Chehalis	page 6, Table 5, language
Table 5 row 12	Upper Chehalis	cited form	mə́q̓ʷməq̓ʷtn	page 6, Table 5, word
Table 5 row 12	David Douglas Robertson	translation	‘swallow repeatedly’	page 6, Table 5, gloss
Table 5 row 12	David Douglas Robertson	citation	Kinkade (1991)	page 6, Table 5, source
Table 5 row 13	David Douglas Robertson	language	Chinookan	page 6, Table 5, language
Table 5 row 13	Chinookan	cited form	maġmaq	page 6, Table 5, word
Table 5 row 13	David Douglas Robertson	translation	‘gulping down’	page 6, Table 5, gloss
Table 5 row 13	David Douglas Robertson	citation	CWDP (2012)	page 6, Table 5, source
Table 5 row 14	David Douglas Robertson	language	Nuuchahnulth	page 6, Table 5, language
Table 5 row 14	Nuuchahnulth	cited form	<maṙhoṙmaq->	page 6, Table 5, word
Table 5 row 14	David Douglas Robertson	translation	‘choice wheatmeal’ [sic, for’whalemeat’]	page 6, Table 5, gloss
Table 5 row 14	David Douglas Robertson	citation	Oxford Dictionary of English (2010:827)	page 6, Table 5, source, carries footnote 4
footnote 4	David Douglas Robertson	note	This is an unusual authority to cite here, but no corresponding form could be located in Powell and Callicum (1991).	page 6, footnote 4
§2.1	David Douglas Robertson	note	One word has a reasonable ɬəw̓ál̓məš etymology, but a better one in Kalapuyan.	page 6
§2.1	David Douglas Robertson	language	Kalapuyan	Table 6
Table 6	David Douglas Robertson	note	Table 6 CJ < Kalapuyan	page 7, the caption
Table 6	David Douglas Robertson	note	language word gloss source	page 7, heads the columns
Table 6 row 1	David Douglas Robertson	language	Chinook Jargon	page 7, Table 6, language
Table 6 row 1	Chinook Jargon	cited form	t̓úx̣	page 7, Table 6, word
Table 6 row 1	David Douglas Robertson	translation	‘saliva’	page 7, Table 6, gloss
Table 6 row 1	David Douglas Robertson	citation	CWDP (2012)	page 7, Table 6, source
Table 6 row 2	David Douglas Robertson	language	Chinookan	page 7, Table 6, language
Table 6 row 2	Chinookan	cited form	-mxti	page 7, Table 6, word
Table 6 row 2	David Douglas Robertson	translation	idem	page 7, Table 6, gloss
Table 6 row 2	David Douglas Robertson	citation	Boas (1910:608)	page 7, Table 6, source
Table 6 row 3	David Douglas Robertson	language	ɬəw̓ál̓məš	page 7, Table 6, language
Table 6 row 3	Lower Chehalis	cited form	túx̣ʷsč	page 7, Table 6, word
Table 6 row 3	David Douglas Robertson	translation	‘to spit out’	page 7, Table 6, gloss
Table 6 row 3	David Douglas Robertson	citation	ISmk19781128.46	page 7, Table 6, source
Table 6 row 4	David Douglas Robertson	language	Kalapuyan	page 7, Table 6, language
Table 6 row 4	Kalapuyan	cited form	t̓aφ	page 7, Table 6, word
Table 6 row 4	David Douglas Robertson	translation	‘spit, saliva’	page 7, Table 6, gloss
Table 6 row 4	David Douglas Robertson	citation	CWDP (2012)	page 7, Table 6, source
§2.1	David Douglas Robertson	note	And a few items match forms in languages widely enough dispersed in the Pacific Northwest to be considered areally shared.	page 7
Table 7	David Douglas Robertson	note	Table 7 CJ < > areally shared	page 7, the caption
Table 7	David Douglas Robertson	note	language word gloss source	page 7, heads the columns
Table 7 row 1	David Douglas Robertson	language	Chinook Jargon	page 7, Table 7, language
Table 7 row 1	Chinook Jargon	cited form	ə́x̣	page 7, Table 7, word
Table 7 row 1	David Douglas Robertson	translation	‘excrement’	page 7, Table 7, gloss
Table 7 row 1	David Douglas Robertson	citation	CWDP (2012)	page 7, Table 7, source
Table 7 row 2	David Douglas Robertson	language	Chinookan	page 7, Table 7, language
Table 7 row 2	Chinookan	cited form	áx̣	page 7, Table 7, word
Table 7 row 2	David Douglas Robertson	translation	‘cough up’	page 7, Table 7, gloss
Table 7 row 2	David Douglas Robertson	citation	(ibid.)	page 7, Table 7, source
Table 7 row 3	David Douglas Robertson	language	Sahaptin	page 7, Table 7, language
Table 7 row 3	Sahaptin	cited form	áx̣	page 7, Table 7, word
Table 7 row 3	David Douglas Robertson	translation	‘yucky, icky’	page 7, Table 7, gloss
Table 7 row 3	David Douglas Robertson	citation	(ibid.)	page 7, Table 7, source
Table 7 row 4	David Douglas Robertson	language	Upper Chehalis	page 7, Table 7, language
Table 7 row 4	Upper Chehalis	cited form	ʔəx̣ʷínustn	page 7, Table 7, word
Table 7 row 4	David Douglas Robertson	translation	‘he defecated’	page 7, Table 7, gloss
Table 7 row 4	David Douglas Robertson	citation	Kinkade (1991)	page 7, Table 7, source
Table 7 row 5	David Douglas Robertson	language	Chinook Jargon	page 7, Table 7, language
Table 7 row 5	Chinook Jargon	cited form	nə́ʔ	page 7, Table 7, word
Table 7 row 5	David Douglas Robertson	translation	‘dear; honey’	page 7, Table 7, gloss
Table 7 row 5	David Douglas Robertson	citation	CWDP (2012)	page 7, Table 7, source
Table 7 row 6	David Douglas Robertson	language	Chinookan	page 7, Table 7, language
Table 7 row 6	David Douglas Robertson	note	?	page 7, Table 7, word
Table 7 row 7	David Douglas Robertson	language	Sechelt	page 7, Table 7, language
Table 7 row 7	Sechelt	cited form	náq	page 7, Table 7, word
Table 7 row 7	David Douglas Robertson	translation	‘dear (term of affection for anyone)’	page 7, Table 7, gloss
Table 7 row 7	David Douglas Robertson	citation	Beaumont (2011)	page 7, Table 7, source
Table 7 row 8	David Douglas Robertson	language	Chinook Jargon	page 7, Table 7, language
Table 7 row 8	Chinook Jargon	cited form	ó	page 7, Table 7, word
Table 7 row 8	David Douglas Robertson	translation	‘oh’	page 7, Table 7, gloss
Table 7 row 8	David Douglas Robertson	citation	CWDP (2012)	page 7, Table 7, source
Table 7 row 9	David Douglas Robertson	language	Chinookan	page 7, Table 7, language
Table 7 row 9	Chinookan	cited form	u	page 7, Table 7, word
Table 7 row 9	David Douglas Robertson	translation	idem	page 7, Table 7, gloss
Table 7 row 9	David Douglas Robertson	citation	Boas (1910:635)	page 7, Table 7, source
Table 7 row 10	David Douglas Robertson	language	ɬəw̓ál̓məš	page 7, Table 7, language
Table 7 row 10	Lower Chehalis	cited form	ʔú	page 7, Table 7, word
Table 7 row 10	David Douglas Robertson	translation	idem	page 7, Table 7, gloss
Table 7 row 10	David Douglas Robertson	citation	CCfb1890Qoneqone3.1	page 7, Table 7, source
Table 7 row 11	David Douglas Robertson	language	Kalapuyan	page 7, Table 7, language
Table 7 row 11	Kalapuyan	cited form	úʔ	page 7, Table 7, word
Table 7 row 11	David Douglas Robertson	translation	idem	page 7, Table 7, gloss
Table 7 row 11	David Douglas Robertson	citation	Jacobs (1945:247)	page 7, Table 7, source
Table 7 row 12	David Douglas Robertson	language	Sahaptin	page 7, Table 7, language
Table 7 row 12	Sahaptin	cited form	au	page 7, Table 7, word
Table 7 row 12	David Douglas Robertson	translation	idem	page 7, Table 7, gloss
Table 7 row 12	David Douglas Robertson	citation	Jacobs (1929:219)	page 7, Table 7, source
Table 7 row 13	David Douglas Robertson	language	Chinook Jargon	page 7, Table 7, language
Table 7 row 13	Chinook Jargon	cited form	<kah’-kah>	page 7, Table 7, word
Table 7 row 13	David Douglas Robertson	translation	‘crow’	page 7, Table 7, gloss
Table 7 row 13	David Douglas Robertson	citation	Gibbs (1863a)	page 7, Table 7, source
Table 7 row 14	David Douglas Robertson	language	Chinookan	page 7, Table 7, language
Table 7 row 14	Chinookan	cited form	<ská-ha>	page 7, Table 7, word
Table 7 row 14	David Douglas Robertson	translation	idem	page 7, Table 7, gloss
Table 7 row 14	David Douglas Robertson	citation	Gibbs (1863b)	page 7, Table 7, source
Table 7 row 15	David Douglas Robertson	language	ɬəw̓ál̓məš	page 7, Table 7, language
Table 7 row 15	Lower Chehalis	cited form	sk̓ə́	page 7, Table 7, word
Table 7 row 15	David Douglas Robertson	translation	idem	page 7, Table 7, gloss
Table 7 row 15	David Douglas Robertson	citation	ISmk19780911.21	page 7, Table 7, source
Table 7 row 16	David Douglas Robertson	language	Quileute	page 7, Table 7, language
Table 7 row 16	Quileute	cited form	káʔyoʔ	page 7, Table 7, word
Table 7 row 16	David Douglas Robertson	translation	idem	page 7, Table 7, gloss
Table 7 row 16	David Douglas Robertson	citation	Powell and Woodruff (1976)	page 7, Table 7, source
§2.1	David Douglas Robertson	note	Finally, a word for European-style dishware has no clear etymology or language of origin, as Table 8 shows. (The trail ends where the unrelated Quinault and Quileute display the same form; Quileute b < *m.)5	page 7
footnote 5	David Douglas Robertson	note	This word is first documented by Hale (1846), then by Gibbs (1863a), both in the lower Columbia River region. Checking dictionaries of Coast Salish (Lushootseed: Bates et al. 1994, Klallam: Montler 2012, Sechelt: Beaumont 2011), Southern Wakashan (Nuuchahnulth: Powell and Callicum 1991), and Northern Wakashan (Heiltsuk: Rath 1981), I found no occurrences of this as a loan word. Its present distribution in Native languages – restricted to the northerly Pacific Coast of Washington state – suggests both (A) its rapid obsolescence in CJ and (B) its persistence only in ‘backwater’ areas where the pidgin had both (i) early taken hold and (ii) remained in use longer than in the sections of the state such as Shoalwater Bay and the corridor from Fort Vancouver to Puget Sound that were first settled by Whites.	page 7, footnote 5
footnote 5	David Douglas Robertson	language	Klallam	note 5
footnote 5	David Douglas Robertson	language	Heiltsuk	note 5
Table 8	David Douglas Robertson	note	Table 8 CJ < indeterminate source	page 8, the caption
Table 8	David Douglas Robertson	note	language word gloss source	page 8, heads the columns
Table 8 row 1	David Douglas Robertson	language	Chinook Jargon	page 8, Table 8, language
Table 8 row 1	Chinook Jargon	cited form	məláx̣	page 8, Table 8, word
Table 8 row 1	David Douglas Robertson	translation	‘pan, dishpan’	page 8, Table 8, gloss
Table 8 row 1	David Douglas Robertson	citation	ELjh1942.18.448	page 8, Table 8, source
Table 8 row 2	David Douglas Robertson	language	Chinookan	page 8, Table 8, language
Table 8 row 2	Chinookan	cited form	<á-bo-wa>	page 8, Table 8, word
Table 8 row 2	David Douglas Robertson	translation	‘dishes’	page 8, Table 8, gloss
Table 8 row 2	David Douglas Robertson	citation	Gibbs (1863b)	page 8, Table 8, source
Table 8 row 3	David Douglas Robertson	language	ɬəw̓ál̓məš	page 8, Table 8, language
Table 8 row 3	Lower Chehalis	cited form	smət̓áʔ	page 8, Table 8, word
Table 8 row 3	David Douglas Robertson	translation	idem	page 8, Table 8, gloss
Table 8 row 3	David Douglas Robertson	citation	NBmk19670519.18	page 8, Table 8, source
Table 8 row 4	Lower Chehalis	cited form	cilíɬnm	page 8, Table 8, word
Table 8 row 4	David Douglas Robertson	translation	‘pans, dishes, plates for eating’	page 8, Table 8, gloss
Table 8 row 4	David Douglas Robertson	citation	CCfb1890.24	page 8, Table 8, source
Table 8 row 5	David Douglas Robertson	language	Upper Chehalis	page 8, Table 8, language
Table 8 row 5	Upper Chehalis	cited form	cakʷə́l̓xʷ	page 8, Table 8, word
Table 8 row 5	David Douglas Robertson	translation	‘pan, bowl, dish’	page 8, Table 8, gloss
Table 8 row 5	David Douglas Robertson	citation	Kinkade (1991)	page 8, Table 8, source
Table 8 row 6	David Douglas Robertson	language	Quinault	page 8, Table 8, language
Table 8 row 6	Quinault	cited form	maláx̣	page 8, Table 8, word
Table 8 row 6	David Douglas Robertson	translation	‘basin, dish pan’	page 8, Table 8, gloss
Table 8 row 6	David Douglas Robertson	citation	Modrow ([1971])	page 8, Table 8, source
Table 8 row 7	David Douglas Robertson	language	Quileute	page 8, Table 8, language
Table 8 row 7	Quileute	cited form	bá∙lax̣	page 8, Table 8, word
Table 8 row 7	David Douglas Robertson	translation	‘tin metal, pie tin’	page 8, Table 8, gloss
Table 8 row 7	David Douglas Robertson	citation	Powell and Woodruff (1976)	page 8, Table 8, source
§2.2	David Douglas Robertson	heading	2.2 Long-term Chinookan-ɬəw̓ál̓məš sharing	page 8
§2.2	David Douglas Robertson	note	Quite a number of CJ words beyond this can be ascribed to ɬəw̓ál̓məš with varying degrees of confidence. However, the complication here is that sustained joint settlement and linguistic contact has led to the lexicon of Chinookan possessing many forms that are practically indistinguishable from those in its Salish neighbor. In some cases a corresponding ɬəw̓ál̓məš form is not known, but Tsamosan relatives have one, suggesting possible cognacy (Table 9).6	page 8
footnote 6	David Douglas Robertson	note	Starting with this section, some examples will be accompanied by background discussion, at times fairly extensive but confined to footnotes to keep the exposition simple.	page 8, footnote 6
Table 9	David Douglas Robertson	note	Table 9 CJ < indeterminate Chinookan / ɬəw̓ál̓məš	page 8, the caption
Table 9	David Douglas Robertson	note	language word gloss source	page 8, heads the columns
Table 9 row 1	David Douglas Robertson	language	Chinook Jargon	page 8, Table 9, language
Table 9 row 1	Chinook Jargon	cited form	<chis>	page 8, Table 9, word
Table 9 row 1	Chinook Jargon	cited form	<tsish>	page 8, Table 9, word
Table 9 row 1	David Douglas Robertson	translation	‘cold’	page 8, Table 9, gloss
Table 9 row 1	David Douglas Robertson	citation	(Gill 1909)	page 8, Table 9, source
Table 9 row 2	David Douglas Robertson	language	Chinookan	page 8, Table 9, language
Table 9 row 2	Chinookan	cited form	<ts’his’>	page 8, Table 9, word
Table 9 row 2	Chinookan	cited form	<tsus>	page 8, Table 9, word
Table 9 row 2	David Douglas Robertson	translation	idem	page 8, Table 9, gloss
Table 9 row 2	David Douglas Robertson	citation	Gibbs (1863b)	page 8, Table 9, source
Table 9 row 3	David Douglas Robertson	language	ɬəw̓ál̓məš	page 8, Table 9, language
Table 9 row 3	Lower Chehalis	cited form	pamás	page 8, Table 9, word
Table 9 row 3	David Douglas Robertson	translation	idem	page 8, Table 9, gloss
Table 9 row 3	David Douglas Robertson	citation	NBmk19670405.130	page 8, Table 9, source
Table 9 row 4	David Douglas Robertson	language	Upper Chehalis	page 8, Table 9, language
Table 9 row 4	Upper Chehalis	cited form	ƛ̓íš	page 8, Table 9, word
Table 9 row 4	David Douglas Robertson	translation	idem	page 8, Table 9, gloss
Table 9 row 4	David Douglas Robertson	citation	Kinkade (1991)	page 8, Table 9, source
Table 9 row 5	David Douglas Robertson	language	Chinook Jargon	page 8, Table 9, language
Table 9 row 5	Chinook Jargon	cited form	čxí	page 8, Table 9, word
Table 9 row 5	Chinook Jargon	cited form	<chee>	page 8, Table 9, word
Table 9 row 5	David Douglas Robertson	translation	‘immediately; new’	page 8, Table 9, gloss
Table 9 row 5	David Douglas Robertson	citation	CWDP (2012)	page 8, Table 9, source
Table 9 row 6	David Douglas Robertson	language	Chinookan	page 8, Table 9, language
Table 9 row 6	Chinookan	cited form	čxi	page 8, Table 9, word
Table 9 row 6	David Douglas Robertson	translation	idem	page 8, Table 9, gloss
Table 9 row 6	David Douglas Robertson	citation	(ibid.)	page 8, Table 9, source
Table 9 row 7	David Douglas Robertson	language	ɬəw̓ál̓məš	page 8, Table 9, language
Table 9 row 7	Lower Chehalis	cited form	či	page 8, Table 9, word
Table 9 row 7	David Douglas Robertson	translation	‘and’	page 8, Table 9, gloss
Table 9 row 7	David Douglas Robertson	citation	ISmk19781014.23	page 8, Table 9, source
Table 9 row 8	David Douglas Robertson	language	Chinook Jargon	page 8, Table 9, language
Table 9 row 8	Chinook Jargon	cited form	ícx̣ut	page 8, Table 9, word
Table 9 row 8	David Douglas Robertson	translation	‘bear’	page 8, Table 9, gloss
Table 9 row 8	David Douglas Robertson	citation	CWDP (2012)	page 8, Table 9, source
Table 9 row 9	David Douglas Robertson	language	Chinookan	page 8, Table 9, language
Table 9 row 9	Chinookan	cited form	iíčx̣ut	page 8, Table 9, word
Table 9 row 9	David Douglas Robertson	translation	idem	page 8, Table 9, gloss
Table 9 row 9	David Douglas Robertson	citation	(ibid.)	page 8, Table 9, source
Table 9 row 10	David Douglas Robertson	language	ɬəw̓ál̓məš	page 8, Table 9, language
Table 9 row 10	Lower Chehalis	cited form	čə́txʷn̓	page 8, Table 9, word
Table 9 row 10	David Douglas Robertson	translation	idem	page 8, Table 9, gloss
Table 9 row 10	David Douglas Robertson	citation	Kinkade et al. (2010)	page 8, Table 9, source
Table 9	David Douglas Robertson	note	language word gloss source	page 9, heads the columns
Table 9 row 11	David Douglas Robertson	language	Chinook Jargon	page 9, Table 9, language
Table 9 row 11	Chinook Jargon	cited form	k̓úyʔ	page 9, Table 9, word
Table 9 row 11	David Douglas Robertson	translation	‘hopefully; wishing that...’	page 9, Table 9, gloss
Table 9 row 11	David Douglas Robertson	citation	CWDP (2012)	page 9, Table 9, source
Table 9 row 12	David Douglas Robertson	language	Chinookan	page 9, Table 9, language
Table 9 row 12	Chinookan	cited form	<qui>	page 9, Table 9, word
Table 9 row 12	David Douglas Robertson	translation	‘will; let us; shall’	page 9, Table 9, gloss
Table 9 row 12	David Douglas Robertson	citation	(ibid.)	page 9, Table 9, source
Table 9 row 13	David Douglas Robertson	language	ɬəw̓ál̓məš	page 9, Table 9, language
Table 9 row 13	Lower Chehalis	cited form	k̓ʷíʔ	page 9, Table 9, word
Table 9 row 13	David Douglas Robertson	translation	‘give’	page 9, Table 9, gloss
Table 9 row 13	David Douglas Robertson	citation	ISmk19781015.166	page 9, Table 9, source, carries footnote 7
footnote 7	David Douglas Robertson	note	Compare the grammaticalization of a verb ‘give’ into permissive/imperative markers in Mandarin Chinese (Sun 2003) and Russian (Aikhenvald 2010:350).	page 9, footnote 7
footnote 7	David Douglas Robertson	language	Mandarin Chinese	note 7
footnote 7	David Douglas Robertson	language	Russian	note 7
Table 9 row 14	David Douglas Robertson	language	Chinook Jargon	page 9, Table 9, language
Table 9 row 14	Chinook Jargon	cited form	líli	page 9, Table 9, word
Table 9 row 14	David Douglas Robertson	translation	‘long time’	page 9, Table 9, gloss
Table 9 row 14	David Douglas Robertson	citation	CWDP (2012)	page 9, Table 9, source
Table 9 row 15	David Douglas Robertson	language	Chinookan	page 9, Table 9, language
Table 9 row 15	Chinookan	cited form	líli	page 9, Table 9, word
Table 9 row 15	David Douglas Robertson	translation	idem	page 9, Table 9, gloss
Table 9 row 15	David Douglas Robertson	citation	(ibid.)	page 9, Table 9, source
Table 9 row 16	David Douglas Robertson	language	ɬəw̓ál̓məš	page 9, Table 9, language
Table 9 row 16	Lower Chehalis	cited form	nácy̓əq	page 9, Table 9, word
Table 9 row 16	David Douglas Robertson	translation	‘after a long time’	page 9, Table 9, gloss
Table 9 row 16	David Douglas Robertson	citation	ISmk19781014.49	page 9, Table 9, source
Table 9 row 17	Lower Chehalis	cited form	táʔxʷ	page 9, Table 9, word
Table 9 row 17	David Douglas Robertson	translation	‘far’	page 9, Table 9, gloss
Table 9 row 17	David Douglas Robertson	citation	NBcs19670405.145	page 9, Table 9, source
Table 9 row 18	David Douglas Robertson	language	Upper Chehalis	page 9, Table 9, language
Table 9 row 18	Upper Chehalis	cited form	líl-	page 9, Table 9, word
Table 9 row 18	David Douglas Robertson	translation	‘far away’	page 9, Table 9, gloss
Table 9 row 18	David Douglas Robertson	citation	Kinkade (1991)	page 9, Table 9, source
Table 9 row 19	David Douglas Robertson	language	Chinook Jargon	page 9, Table 9, language
Table 9 row 19	Chinook Jargon	cited form	lípʰlip	page 9, Table 9, word
Table 9 row 19	David Douglas Robertson	translation	‘boil’	page 9, Table 9, gloss
Table 9 row 19	David Douglas Robertson	citation	CWDP (2012)	page 9, Table 9, source
Table 9 row 20	David Douglas Robertson	language	Chinookan	page 9, Table 9, language
Table 9 row 20	Chinookan	cited form	laplap	page 9, Table 9, word
Table 9 row 20	David Douglas Robertson	translation	idem	page 9, Table 9, gloss
Table 9 row 20	David Douglas Robertson	citation	(ibid.)	page 9, Table 9, source
Table 9 row 21	David Douglas Robertson	language	ɬəw̓ál̓məš	page 9, Table 9, language
Table 9 row 21	Lower Chehalis	cited form	púp-	page 9, Table 9, word
Table 9 row 21	David Douglas Robertson	translation	‘boil’	page 9, Table 9, gloss
Table 9 row 21	David Douglas Robertson	citation	ISmk19781014.207	page 9, Table 9, source
Table 9 row 22	Lower Chehalis	cited form	ʔúqʷs-	page 9, Table 9, word
Table 9 row 22	David Douglas Robertson	translation	‘boil (cook)’	page 9, Table 9, gloss
Table 9 row 22	David Douglas Robertson	citation	LHcs19670619.414	page 9, Table 9, source
Table 9 row 23	David Douglas Robertson	language	Chinook Jargon	page 9, Table 9, language
Table 9 row 23	Chinook Jargon	cited form	na	page 9, Table 9, word
Table 9 row 23	David Douglas Robertson	translation	‘Q’	page 9, Table 9, gloss, carries footnote 8
Table 9 row 23	David Douglas Robertson	citation	CWDP (2012)	page 9, Table 9, source
footnote 8	David Douglas Robertson	note	I.e. polar-question marker. This is an enclitic in both Chinookan and Salish.	page 9, footnote 8
Table 9 row 24	David Douglas Robertson	language	Chinookan	page 9, Table 9, language
Table 9 row 24	Chinookan	cited form	na	page 9, Table 9, word
Table 9 row 24	David Douglas Robertson	translation	idem	page 9, Table 9, gloss
Table 9 row 24	David Douglas Robertson	citation	(ibid.)	page 9, Table 9, source
Table 9 row 25	David Douglas Robertson	language	ɬəw̓ál̓məš	page 9, Table 9, language
Table 9 row 25	Lower Chehalis	cited form	na	page 9, Table 9, word
Table 9 row 25	David Douglas Robertson	translation	idem	page 9, Table 9, gloss
Table 9 row 25	David Douglas Robertson	citation	ISmk19781014.179	page 9, Table 9, source
Table 9 row 26	David Douglas Robertson	language	Chinook Jargon	page 9, Table 9, language
Table 9 row 26	Chinook Jargon	cited form	q̓áləs	page 9, Table 9, word
Table 9 row 26	David Douglas Robertson	translation	‘raccoon’	page 9, Table 9, gloss
Table 9 row 26	David Douglas Robertson	citation	CWDP (2012)	page 9, Table 9, source
Table 9 row 27	David Douglas Robertson	language	Chinookan	page 9, Table 9, language
Table 9 row 27	Chinookan	cited form	iq̓ʷalás	page 9, Table 9, word
Table 9 row 27	David Douglas Robertson	translation	idem	page 9, Table 9, gloss
Table 9 row 27	David Douglas Robertson	citation	(ibid.)	page 9, Table 9, source
Table 9 row 28	David Douglas Robertson	language	ɬəw̓ál̓məš	page 9, Table 9, language
Table 9 row 28	Lower Chehalis	cited form	q̓ʷál̓s	page 9, Table 9, word
Table 9 row 28	David Douglas Robertson	translation	idem	page 9, Table 9, gloss
Table 9 row 28	David Douglas Robertson	citation	ELjh1942.17.407	page 9, Table 9, source
Table 9 row 29	David Douglas Robertson	language	Chinook Jargon	page 9, Table 9, language
Table 9 row 29	Chinook Jargon	cited form	spúʔuq	page 9, Table 9, word
Table 9 row 29	David Douglas Robertson	translation	‘grey’	page 9, Table 9, gloss
Table 9 row 29	David Douglas Robertson	citation	CWDP (2012)	page 9, Table 9, source
Table 9 row 30	David Douglas Robertson	language	Chinookan	page 9, Table 9, language
Table 9 row 30	Chinookan	cited form	šbuq	page 9, Table 9, word
Table 9 row 30	David Douglas Robertson	translation	idem	page 9, Table 9, gloss
Table 9 row 30	David Douglas Robertson	citation	(ibid.)	page 9, Table 9, source
Table 9 row 31	David Douglas Robertson	language	ɬəw̓ál̓məš	page 9, Table 9, language
Table 9 row 31	Lower Chehalis	cited form	p̓áqʷ	page 9, Table 9, word
Table 9 row 31	David Douglas Robertson	translation	idem	page 9, Table 9, gloss
Table 9 row 31	David Douglas Robertson	citation	EL1942.17.484	page 9, Table 9, source
Table 9 row 32	David Douglas Robertson	language	Chinook Jargon	page 9, Table 9, language
Table 9 row 32	Chinook Jargon	cited form	c̓íqʰʷaʔ	page 9, Table 9, word
Table 9 row 32	David Douglas Robertson	translation	‘piss-ant’	page 9, Table 9, gloss
Table 9 row 32	David Douglas Robertson	citation	CWDP (2012)	page 9, Table 9, source
Table 9 row 33	David Douglas Robertson	language	Chinookan	page 9, Table 9, language
Table 9 row 33	Chinookan	cited form	ačíqʷa	page 9, Table 9, word
Table 9 row 33	David Douglas Robertson	translation	idem	page 9, Table 9, gloss
Table 9 row 33	David Douglas Robertson	citation	(ibid.)	page 9, Table 9, source
Table 9 row 34	David Douglas Robertson	language	ɬəw̓ál̓məš	page 9, Table 9, language
Table 9 row 34	Lower Chehalis	cited form	c̓əsqíy̓əq	page 9, Table 9, word
Table 9 row 34	David Douglas Robertson	translation	‘ant’	page 9, Table 9, gloss
Table 9 row 34	David Douglas Robertson	citation	ISmk19780911.84	page 9, Table 9, source
Table 9 row 35	David Douglas Robertson	language	Upper Chehalis	page 9, Table 9, language
Table 9 row 35	Upper Chehalis	cited form	c̓íq̓ʷa-	page 9, Table 9, word
Table 9 row 35	David Douglas Robertson	translation	‘step on’	page 9, Table 9, gloss
Table 9 row 35	David Douglas Robertson	citation	Kinkade (1991)	page 9, Table 9, source
Table 9 row 36	David Douglas Robertson	language	Chinook Jargon	page 9, Table 9, language
Table 9 row 36	Chinook Jargon	cited form	úmaʔ	page 9, Table 9, word
Table 9 row 36	David Douglas Robertson	translation	‘feed’	page 9, Table 9, gloss
Table 9 row 36	David Douglas Robertson	citation	CWDP (2012)	page 9, Table 9, source
Table 9 row 37	David Douglas Robertson	language	Chinookan	page 9, Table 9, language
Table 9 row 37	Chinookan	cited form	-ʔim	page 9, Table 9, word
Table 9 row 37	David Douglas Robertson	translation	idem	page 9, Table 9, gloss
Table 9 row 37	David Douglas Robertson	citation	CWDP (2012)	page 9, Table 9, source
Table 9 row 38	David Douglas Robertson	language	ɬəw̓ál̓məš	page 9, Table 9, language
Table 9 row 38	Lower Chehalis	cited form	ʔúm̓-	page 9, Table 9, word
Table 9 row 38	David Douglas Robertson	translation	idem	page 9, Table 9, gloss
Table 9 row 38	David Douglas Robertson	citation	ISmk19781014.74	page 9, Table 9, source
Table 9	David Douglas Robertson	note	language word gloss source	page 10, heads the columns
Table 9 row 39	David Douglas Robertson	language	Chinook Jargon	page 10, Table 9, language
Table 9 row 39	Chinook Jargon	cited form	k̓áwtin	page 10, Table 9, word
Table 9 row 39	David Douglas Robertson	translation	‘squirrel’	page 10, Table 9, gloss
Table 9 row 39	David Douglas Robertson	citation	CWDP (2012)	page 10, Table 9, source
Table 9 row 40	David Douglas Robertson	language	Chinookan	page 10, Table 9, language
Table 9 row 40	Chinookan	cited form	ik̓áutən	page 10, Table 9, word
Table 9 row 40	David Douglas Robertson	translation	idem	page 10, Table 9, gloss
Table 9 row 40	David Douglas Robertson	citation	(ibid.)	page 10, Table 9, source
Table 9 row 41	David Douglas Robertson	language	ɬəw̓ál̓məš	page 10, Table 9, language
Table 9 row 41	Lower Chehalis	cited form	skʷəyúxʷ	page 10, Table 9, word
Table 9 row 41	David Douglas Robertson	translation	idem	page 10, Table 9, gloss
Table 9 row 41	David Douglas Robertson	citation	ISmk19781130.41	page 10, Table 9, source
Table 9 row 42	Lower Chehalis	cited form	sk̓ʷat̓ə́ɬ	page 10, Table 9, word
Table 9 row 42	David Douglas Robertson	translation	idem	page 10, Table 9, gloss
Table 9 row 42	David Douglas Robertson	citation	ISmk19780911.66	page 10, Table 9, source
Table 9 row 43	David Douglas Robertson	language	Chinook Jargon	page 10, Table 9, language
Table 9 row 43	Chinook Jargon	cited form	k̓ʷíš	page 10, Table 9, word
Table 9 row 43	David Douglas Robertson	translation	‘exclamation of refusal’	page 10, Table 9, gloss
Table 9 row 43	David Douglas Robertson	citation	CWDP (2012)	page 10, Table 9, source
Table 9 row 44	David Douglas Robertson	language	Chinookan	page 10, Table 9, language
Table 9 row 44	Chinookan	cited form	k̓š	page 10, Table 9, word
Table 9 row 44	David Douglas Robertson	translation	‘oh!’	page 10, Table 9, gloss
Table 9 row 44	David Douglas Robertson	citation	(ibid.)	page 10, Table 9, source
Table 9 row 45	David Douglas Robertson	language	ɬəw̓ál̓məš	page 10, Table 9, language
Table 9 row 45	Lower Chehalis	cited form	kʷə́š	page 10, Table 9, word
Table 9 row 45	David Douglas Robertson	translation	idem	page 10, Table 9, gloss
Table 9 row 45	David Douglas Robertson	citation	ELjh1942.18.418	page 10, Table 9, source
Table 9 row 46	David Douglas Robertson	language	Chinook Jargon	page 10, Table 9, language
Table 9 row 46	Chinook Jargon	cited form	pɬə́x̣	page 10, Table 9, word
Table 9 row 46	David Douglas Robertson	translation	‘aphrodisiac’	page 10, Table 9, gloss
Table 9 row 46	David Douglas Robertson	citation	CWDP (2012)	page 10, Table 9, source
Table 9 row 47	David Douglas Robertson	language	Chinookan	page 10, Table 9, language
Table 9 row 47	Chinookan	cited form	ipɬə́x̣	page 10, Table 9, word
Table 9 row 47	David Douglas Robertson	translation	‘medicine’	page 10, Table 9, gloss
Table 9 row 47	David Douglas Robertson	citation	CWDP (2012)	page 10, Table 9, source
Table 9 row 48	David Douglas Robertson	language	ɬəw̓ál̓məš	page 10, Table 9, language
Table 9 row 48	David Douglas Robertson	note	?	page 10, Table 9, word
Table 9 row 49	David Douglas Robertson	language	Upper Chehalis	page 10, Table 9, language
Table 9 row 49	Upper Chehalis	cited form	pɬə́x̣	page 10, Table 9, word
Table 9 row 49	David Douglas Robertson	translation	‘aphrodisiac’	page 10, Table 9, gloss
Table 9 row 49	David Douglas Robertson	citation	Kinkade (1991)	page 10, Table 9, source
Table 9 row 50	David Douglas Robertson	language	Chinook Jargon	page 10, Table 9, language
Table 9 row 50	Chinook Jargon	cited form	t̓ɬə́x̣ʷt̓ɬəx̣ʷ	page 10, Table 9, word
Table 9 row 50	David Douglas Robertson	translation	‘oyster’	page 10, Table 9, gloss
Table 9 row 50	David Douglas Robertson	citation	CWDP (2012)	page 10, Table 9, source
Table 9 row 51	Chinook Jargon	cited form	<chet’-lo>	page 10, Table 9, word
Table 9 row 51	David Douglas Robertson	translation	idem	page 10, Table 9, gloss
Table 9 row 51	David Douglas Robertson	citation	Gibbs (1863a)	page 10, Table 9, source
Table 9 row 52	David Douglas Robertson	language	Chinookan	page 10, Table 9, language
Table 9 row 52	Chinookan	cited form	t̓ɬə́x̣wt̓ɬəx̣w	page 10, Table 9, word
Table 9 row 52	David Douglas Robertson	translation	idem	page 10, Table 9, gloss
Table 9 row 52	David Douglas Robertson	citation	(ibid.)	page 10, Table 9, source
Table 9 row 53	David Douglas Robertson	language	ɬəw̓ál̓məš	page 10, Table 9, language
Table 9 row 53	Lower Chehalis	cited form	č̓ə́ƛ̓əx̣ʷ	page 10, Table 9, word
Table 9 row 53	David Douglas Robertson	translation	idem	page 10, Table 9, gloss
Table 9 row 53	David Douglas Robertson	citation	ISmk19780911.53	page 10, Table 9, source
Table 9 row 54	David Douglas Robertson	language	Lushootseed	page 10, Table 9, language
Table 9 row 54	Lushootseed	cited form	ƛ̓úx̌ʷƛ̓ux̌ʷ	page 10, Table 9, word
Table 9 row 54	David Douglas Robertson	translation	idem	page 10, Table 9, gloss
Table 9 row 54	David Douglas Robertson	citation	Bates et al. (1994)	page 10, Table 9, source
Table 9 row 55	David Douglas Robertson	language	Chinook Jargon	page 10, Table 9, language
Table 9 row 55	Chinook Jargon	cited form	<a-yah’-whul>	page 10, Table 9, word
Table 9 row 55	David Douglas Robertson	translation	‘borrow’	page 10, Table 9, gloss
Table 9 row 55	David Douglas Robertson	citation	Gibbs (1863a)	page 10, Table 9, source, carries footnote 9
footnote 9	David Douglas Robertson	note	Both variants (<a-yah’-whul>, yáxwəl) appear to carry Chinookan argument-marking prefixes (cf. Swanton 1900:214) and a root <hul>/<whul>/xʷəl, but because the CJ word is traced by Gibbs to ɬəw̓ál̓məš (1863a), I examine a possible native Salish etymology.	page 10, footnote 9
footnote 9	Chinook Jargon	cited form	yáxwəl	page 10, in italics
footnote 9	Chinook Jargon	cited form	<hul>/<whul>/xʷəl	page 10, in italics
Table 9 row 56	Chinook Jargon	cited form	yáxʷəl	page 10, Table 9, word
Table 9 row 56	David Douglas Robertson	translation	‘borrow’	page 10, Table 9, gloss
Table 9 row 56	David Douglas Robertson	citation	CWDP (2012)	page 10, Table 9, source
Table 9 row 57	David Douglas Robertson	language	Chinookan	page 10, Table 9, language
Table 9 row 57	Chinookan	cited form	<hul-ge’-bish-ta>	page 10, Table 9, word
Table 9 row 57	David Douglas Robertson	translation	idem	page 10, Table 9, gloss
Table 9 row 57	David Douglas Robertson	citation	Gibbs (1863b)	page 10, Table 9, source
Table 9 row 58	David Douglas Robertson	language	PS	page 10, Table 9, language
Table 9 row 58	Proto-Salish	cited form	*kʷul	page 10, Table 9, word
Table 9 row 58	David Douglas Robertson	translation	idem	page 10, Table 9, gloss
Table 9 row 58	David Douglas Robertson	citation	(Kuipers 2002)	page 10, Table 9, source, carries footnote 10
footnote 10	David Douglas Robertson	note	In Tsamosan, Cowlitz inherits this Proto-Salish root as kʷústm- (Kinkade 2004) plausibly from PS *kʷú(l)-st(ə)w-m, borrow-CAUS-AD [agent demotion] (for these two grammatical morphemes, cf. Kroeber 1999:26–27, 95). (For loss of coda *l in this branch, compare Upper Chehalis lé∙ʔ ‘far’ < √líl-, Kinkade 1991.) Upper Chehalis has it also (with its regular *k>č shift, and *l>y) in čó:yaʔ ‘borrow’ (Kinkade 1991). Could the root be an old loan between Chinookan and ɬəw̓ál̓məš? A posttonic alternation k>(k)x is known in Chinookan (Boas 1910:568).	page 10, footnote 10
footnote 10	Cowlitz	cited form	kʷústm-	page 10, in italics
footnote 10	Proto-Salish	cited form	*kʷú(l)-st(ə)w-m	page 10, in italics
footnote 10	Upper Chehalis	cited form	lé∙ʔ	page 10, in italics, ‘far’
footnote 10	Upper Chehalis	cited form	√líl-	page 10, in italics
footnote 10	Upper Chehalis	cited form	*k>č	page 10, in italics
footnote 10	Upper Chehalis	cited form	čó:yaʔ	page 10, in italics, ‘borrow’
Table 9 row 59	David Douglas Robertson	language	Chinook Jargon	page 10, Table 9, language
Table 9 row 59	Chinook Jargon	cited form	<youtl>	page 10, Table 9, word
Table 9 row 59	David Douglas Robertson	translation	‘glad’	page 10, Table 9, gloss
Table 9 row 59	David Douglas Robertson	citation	Gibbs (1863a)	page 10, Table 9, source
Table 9 row 60	David Douglas Robertson	language	Chinookan	page 10, Table 9, language
Table 9 row 60	Chinookan	cited form	yuƛ̓l	page 10, Table 9, word
Table 9 row 60	Chinookan	cited form	yuƛ̓	page 10, Table 9, word
Table 9 row 60	David Douglas Robertson	translation	idem	page 10, Table 9, gloss
Table 9 row 60	David Douglas Robertson	citation	CWDP (2012)	page 10, Table 9, source
Table 9 row 61	David Douglas Robertson	language	Lushootseed	page 10, Table 9, language
Table 9 row 61	Lushootseed	cited form	ǰuʔil	page 10, Table 9, word
Table 9 row 61	David Douglas Robertson	translation	idem	page 10, Table 9, gloss
Table 9 row 61	David Douglas Robertson	citation	Bates et al. (1994)	page 10, Table 9, source
Table 9 row 62	David Douglas Robertson	language	ɬəw̓ál̓məš	page 10, Table 9, language
Table 9 row 62	David Douglas Robertson	note	?	page 10, Table 9, word, carries footnote 11
footnote 11	David Douglas Robertson	note	In the Lushootseed form, ǰ is a historical development from PS *y. The final sequence -il is a “stem-forming suffix, common on experiencer stems” (Bates et al. 1994:116); such a suffix has not been identified in Tsamosan, cf. Kinkade (1991, 2004). The important claim here is that there exists a Salish root *yuʔ, which conceivably developed as ɬəw̓ál̓məš (unattested!) yúʔ-əɬ ‘glad-INTENSIFIER’ (about that suffix cf. Robertson 2014:122). Such a form could have been loaned into neighboring Chinookan in a pronunciation ending in a nonejective, yúƛ, because there exists ɬ~ƛ̓ variation in ɬəw̓ál̓məš words, e.g. [čáʔƛ] for /čáʔɬ/ ‘three’ (NBcs19670615.10) and [ƛ̓ə́ƛ] for /ƛ̓ə́ɬ/ ‘tough, hard’ (EOcs19670619.997).	page 10, footnote 11
footnote 11	Lushootseed	cited form	ǰ	page 10, in italics
footnote 11	Lushootseed	cited form	-il	page 10, in italics
footnote 11	Proto-Salish	cited form	*yuʔ	page 10, in italics
footnote 11	Lower Chehalis	cited form	yúʔ-əɬ	page 11, in italics, ‘glad-INTENSIFIER’
footnote 11	Lower Chehalis	cited form	yúƛ	page 11, in italics
footnote 11	Lower Chehalis	cited form	ɬ~ƛ̓	page 11, in italics
footnote 11	Lower Chehalis	cited form	čáʔƛ	page 11, in italics
footnote 11	Lower Chehalis	cited form	/čáʔɬ/	page 11, in italics, ‘three’
footnote 11	Lower Chehalis	cited form	ƛ̓ə́ƛ	page 11, in italics
footnote 11	Lower Chehalis	cited form	/ƛ̓ə́ɬ/	page 11, in italics, ‘tough, hard’
Table 9	David Douglas Robertson	note	language word gloss source	page 11, heads the columns
Table 9 row 63	David Douglas Robertson	language	Chinook Jargon	page 11, Table 9, language
Table 9 row 63	Chinook Jargon	cited form	<ka-wak’>	page 11, Table 9, word
Table 9 row 63	David Douglas Robertson	translation	‘to fly’	page 11, Table 9, gloss
Table 9 row 63	David Douglas Robertson	citation	Gibbs (1863a)	page 11, Table 9, source
Table 9 row 64	David Douglas Robertson	language	Chinookan	page 11, Table 9, language
Table 9 row 64	Chinookan	cited form	-ka/-ku	page 11, Table 9, word
Table 9 row 64	David Douglas Robertson	translation	idem	page 11, Table 9, gloss
Table 9 row 64	David Douglas Robertson	citation	(Boas 1911:662)	page 11, Table 9, source
Table 9 row 65	David Douglas Robertson	language	ɬəw̓ál̓məš	page 11, Table 9, language
Table 9 row 65	Lower Chehalis	cited form	qaw̓aq	page 11, Table 9, word
Table 9 row 65	David Douglas Robertson	translation	idem	page 11, Table 9, gloss
Table 9 row 65	David Douglas Robertson	citation	ELjh1942.18.398	page 11, Table 9, source
Table 9 row 66	David Douglas Robertson	language	Chinook Jargon	page 11, Table 9, language
Table 9 row 66	Chinook Jargon	cited form	<haht-haht>	page 11, Table 9, word
Table 9 row 66	David Douglas Robertson	translation	‘duck’	page 11, Table 9, gloss
Table 9 row 66	David Douglas Robertson	citation	Gibbs (1863a)	page 11, Table 9, source
Table 9 row 67	David Douglas Robertson	language	Chinookan	page 11, Table 9, language
Table 9 row 67	Chinookan	cited form	x̣átx̣at	page 11, Table 9, word
Table 9 row 67	David Douglas Robertson	translation	idem	page 11, Table 9, gloss
Table 9 row 67	David Douglas Robertson	citation	Kinkade (1991)	page 11, Table 9, source
Table 9 row 68	David Douglas Robertson	language	Upper Chehalis	page 11, Table 9, language
Table 9 row 68	Upper Chehalis	cited form	x̣átx̣at	page 11, Table 9, word
Table 9 row 68	David Douglas Robertson	translation	idem	page 11, Table 9, gloss
Table 9 row 68	David Douglas Robertson	citation	Kinkade (1991)	page 11, Table 9, source
Table 9 row 69	David Douglas Robertson	language	Quinault	page 11, Table 9, language
Table 9 row 69	Quinault	cited form	x̣atx̣át	page 11, Table 9, word
Table 9 row 69	David Douglas Robertson	translation	‘swan’	page 11, Table 9, gloss
Table 9 row 69	David Douglas Robertson	citation	Modrow ([1971])	page 11, Table 9, source
Table 9 row 70	David Douglas Robertson	language	Chinook Jargon	page 11, Table 9, language
Table 9 row 70	Chinook Jargon	cited form	<paht’l>	page 11, Table 9, word
Table 9 row 70	David Douglas Robertson	translation	‘full’	page 11, Table 9, gloss
Table 9 row 70	David Douglas Robertson	citation	Gibbs (1863a)	page 11, Table 9, source
Table 9 row 71	David Douglas Robertson	language	Chinookan	page 11, Table 9, language
Table 9 row 71	Chinookan	cited form	paɬ	page 11, Table 9, word
Table 9 row 71	David Douglas Robertson	translation	idem	page 11, Table 9, gloss
Table 9 row 71	David Douglas Robertson	citation	Boas (1910:620)	page 11, Table 9, source
Table 9 row 72	David Douglas Robertson	language	ɬəw̓ál̓məš	page 11, Table 9, language
Table 9 row 72	Lower Chehalis	cited form	lə́č̓	page 11, Table 9, word
Table 9 row 72	David Douglas Robertson	translation	idem	page 11, Table 9, gloss
Table 9 row 72	David Douglas Robertson	citation	ISmk19781014.165	page 11, Table 9, source
Table 9 row 73	Lower Chehalis	cited form	pə́ɬ	page 11, Table 9, word
Table 9 row 73	David Douglas Robertson	translation	‘thick’	page 11, Table 9, gloss
Table 9 row 73	David Douglas Robertson	citation	ISmk19781014.128	page 11, Table 9, source
Table 9 row 74	David Douglas Robertson	language	Chinook Jargon	page 11, Table 9, language
Table 9 row 74	Chinook Jargon	cited form	<tagh’-um>	page 11, Table 9, word
Table 9 row 74	David Douglas Robertson	translation	‘six’	page 11, Table 9, gloss
Table 9 row 74	David Douglas Robertson	citation	Gibbs (1863a)	page 11, Table 9, source
Table 9 row 75	David Douglas Robertson	language	Chinookan	page 11, Table 9, language
Table 9 row 75	Chinookan	cited form	tə́x̣m	page 11, Table 9, word
Table 9 row 75	David Douglas Robertson	translation	idem	page 11, Table 9, gloss
Table 9 row 75	David Douglas Robertson	citation	Boas (1910:637)	page 11, Table 9, source
Table 9 row 76	David Douglas Robertson	language	ɬəw̓ál̓məš	page 11, Table 9, language
Table 9 row 76	Lower Chehalis	cited form	sítəč	page 11, Table 9, word
Table 9 row 76	David Douglas Robertson	translation	idem	page 11, Table 9, gloss
Table 9 row 76	David Douglas Robertson	citation	LHcs19670817.1453	page 11, Table 9, source
Table 9 row 77	Lower Chehalis	cited form	t̓əx̣ə́m	page 11, Table 9, word
Table 9 row 77	David Douglas Robertson	translation	‘eight’ [six]	page 11, Table 9, gloss
Table 9 row 77	David Douglas Robertson	citation	LHcs19670817.1455	page 11, Table 9, source, carries footnote 12
footnote 12	David Douglas Robertson	note	sítəč is the only word for ‘six’ that most latter-day speakers gave, but t̓əx̣ə́m is clearly ancestral in Salish and is used elsewhere in Tsamosan such as in Upper Chehalis (Kinkade 1991). Its antecedents are PS t̓əx̣ ‘to open up, branch out’ or *t̓aq̓ ‘to cross over’, both used in words for ‘six’ (Kuipers 2002), and PS *-m ‘AD’ (agent demotion; Kroeber 1999:26–27, 95). That t̓əx̣ə́m is only vaguely remembered is evident from one speaker giving it only as an alternative for ‘six’, and from another’s gloss as ‘eight’ (sic). We can only speculate over the replacement of such a core lexical item. One explanation fitting the Olympic Peninsula milieu is lexical tabooing, the replacement of a lexical item when a person of similar-sounding name had recently died. This custom was practiced by the Lower Chinookan population who were long intermingled with the ɬəw̓ál̓məš around Shoalwater Bay (cf. Boas 1892, 1910:666), as well as by fellow Coast Salish groups such as the Twana (Elmendorf 1951). Elmendorf notes that names that became tabooed sometimes originated in other language (p. 206), an observation highly pertinent to t̓əx̣ə́m with its multiple potential etymologies.	page 11, footnote 12
footnote 12	Lower Chehalis	cited form	sítəč	page 11, in italics
footnote 12	Proto-Salish	cited form	t̓əx̣	page 11, in italics, ‘to open up, branch out’
footnote 12	Lower Chehalis	cited form	*t̓aq̓	page 11, in italics, ‘to cross over’
footnote 12	Proto-Salish	cited form	*-m	page 11, in italics, ‘AD’
footnote 12	David Douglas Robertson	name	Elmendorf	William Elmendorf, word taboo (1951)
Table 9 row 78	David Douglas Robertson	language	Chinook Jargon	page 11, Table 9, language
Table 9 row 78	Chinook Jargon	cited form	<tot>	page 11, Table 9, word
Table 9 row 78	David Douglas Robertson	translation	‘uncle’	page 11, Table 9, gloss
Table 9 row 78	David Douglas Robertson	citation	Gibbs (1863a)	page 11, Table 9, source
Table 9 row 79	David Douglas Robertson	language	Chinookan	page 11, Table 9, language
Table 9 row 79	Chinookan	cited form	tata	page 11, Table 9, word
Table 9 row 79	David Douglas Robertson	translation	idem	page 11, Table 9, gloss
Table 9 row 79	David Douglas Robertson	citation	Boas (1910:607)	page 11, Table 9, source
Table 9 row 80	David Douglas Robertson	language	Upper Chehalis	page 11, Table 9, language
Table 9 row 80	Upper Chehalis	cited form	t̓át̓a-	page 11, Table 9, word
Table 9 row 80	David Douglas Robertson	translation	idem	page 11, Table 9, gloss
Table 9 row 80	David Douglas Robertson	citation	Kinkade (1991)	page 11, Table 9, source
Table 9 row 81	David Douglas Robertson	language	ɬəw̓ál̓məš	page 11, Table 9, language
Table 9 row 81	Lower Chehalis	cited form	táʔt̓	page 11, Table 9, word
Table 9 row 81	David Douglas Robertson	translation	idem	page 11, Table 9, gloss
Table 9 row 81	David Douglas Robertson	citation	(Kinkade et al 2010)	page 11, Table 9, source
Table 9	David Douglas Robertson	note	language word gloss source	page 12, heads the columns
Table 9 row 82	David Douglas Robertson	language	Chinook Jargon	page 12, Table 9, language
Table 9 row 82	Chinook Jargon	cited form	<so-le’-mie>	page 12, Table 9, word
Table 9 row 82	David Douglas Robertson	translation	‘cranberry’	page 12, Table 9, gloss
Table 9 row 82	David Douglas Robertson	citation	Gibbs (1863a)	page 12, Table 9, source
Table 9 row 83	Chinook Jargon	cited form	súlmix	page 12, Table 9, word
Table 9 row 83	David Douglas Robertson	translation	idem	page 12, Table 9, gloss
Table 9 row 83	David Douglas Robertson	citation	ELjh1942.18.466	page 12, Table 9, source
Table 9 row 84	David Douglas Robertson	language	Chinookan	page 12, Table 9, language
Table 9 row 84	Chinookan	cited form	<sú-la-mikh>	page 12, Table 9, word
Table 9 row 84	David Douglas Robertson	translation	idem	page 12, Table 9, gloss
Table 9 row 84	David Douglas Robertson	citation	Gibbs (1863b)	page 12, Table 9, source
Table 9 row 85	David Douglas Robertson	language	ɬəw̓ál̓məš	page 12, Table 9, language
Table 9 row 85	Lower Chehalis	cited form	ʔəsúl̓mš	page 12, Table 9, word
Table 9 row 85	David Douglas Robertson	translation	idem	page 12, Table 9, gloss
Table 9 row 85	David Douglas Robertson	citation	ELjh1942.18.466	page 12, Table 9, source, carries footnote 13
footnote 13	David Douglas Robertson	note	The forms in -x/-<kh> suggest a loan from ɬəw̓ál̓məš – whether to Chinookan or CJ – that antedates the sound shift from *x>š and suggests the lexical suffix *mix/mixʷ ‘person(s), land, river’ etc., which traces back to Proto-Salish (Kuipers 2002), though I have found no correspondent of a root sul in Salish. On the other hand, the prefixed ʔə- evokes a direction of loaning back into ɬəw̓ál̓məš from Chinookan, where this looks like an unstressed noun gender prefix a- or i- reduced to schwa (Boas 1910:580–581).	page 12, footnote 13
footnote 13	Lower Chehalis	cited form	-x/-<kh>	page 12, in italics
footnote 13	Lower Chehalis	cited form	*x>š	page 12, in italics
footnote 13	Proto-Salish	cited form	*mix/mixʷ	page 12, in italics, ‘person(s), land, river’
footnote 13	Chinookan	cited form	a-	page 12, in italics
footnote 13	Chinookan	cited form	i-	page 12, in italics
Table 9 row 86	David Douglas Robertson	language	Chinook Jargon	page 12, Table 9, language
Table 9 row 86	Chinook Jargon	cited form	sx̣iláqmi	page 12, Table 9, word
Table 9 row 86	David Douglas Robertson	translation	‘looking glass’ (mirror)	page 12, Table 9, gloss
Table 9 row 86	David Douglas Robertson	citation	ELjh1942.18.459	page 12, Table 9, source
Table 9 row 87	David Douglas Robertson	language	Chinookan	page 12, Table 9, language
Table 9 row 87	Chinookan	cited form	<e-shal-la’-kabt>	page 12, Table 9, word
Table 9 row 87	David Douglas Robertson	translation	idem	page 12, Table 9, gloss
Table 9 row 87	David Douglas Robertson	citation	Gibbs (1863b)	page 12, Table 9, source
Table 9 row 88	Chinookan	cited form	-okuman	page 12, Table 9, word
Table 9 row 88	David Douglas Robertson	translation	‘to look at’	page 12, Table 9, gloss
Table 9 row 88	David Douglas Robertson	citation	Boas (1910:662)	page 12, Table 9, source
Table 9 row 89	Chinookan	cited form	-aqamt	page 12, Table 9, word
Table 9 row 89	David Douglas Robertson	translation	‘to look’	page 12, Table 9, gloss
Table 9 row 89	David Douglas Robertson	citation	Boas (1910:663)	page 12, Table 9, source
Table 9 row 90	David Douglas Robertson	language	ɬəw̓ál̓məš	page 12, Table 9, language
Table 9 row 90	David Douglas Robertson	note	?	page 12, Table 9, word
Table 9 row 91	David Douglas Robertson	language	Upper Chehalis	page 12, Table 9, language
Table 9 row 91	Upper Chehalis	cited form	ʔáʔx̣cšn̓	page 12, Table 9, word
Table 9 row 91	David Douglas Robertson	translation	‘mirror’	page 12, Table 9, gloss
Table 9 row 91	David Douglas Robertson	citation	Kinkade (1991)	page 12, Table 9, source, carries footnote 14
footnote 14	David Douglas Robertson	note	This word is included for two formal reasons, aside from its presumable post-contact origin. The beginning, particularly, of it suggests native ɬəw̓ál̓məš material such as [an unattested word] s-√x̣il=á=q=mi(n) (NOM-√do=STEMX=hair=INSTR, cf UCH =min), thus ‘instrument to do one’s hair with’. The end, especially, of this same form is of course a decent match for the Chinookan roots shown. At this point we can only speculate about the sorts of mutual influence among Shoalwater Bay tribal languages that this implies.	page 12, footnote 14
footnote 14	Lower Chehalis	cited form	s-√x̣il=á=q=mi(n)	page 12, in italics
Table 9 row 92	David Douglas Robertson	language	Chinook Jargon	page 12, Table 9, language
Table 9 row 92	Chinook Jargon	cited form	<smock-smock>	page 12, Table 9, word
Table 9 row 92	David Douglas Robertson	translation	‘grouse’	page 12, Table 9, gloss
Table 9 row 92	David Douglas Robertson	citation	Swan (1857)	page 12, Table 9, source
Table 9 row 93	David Douglas Robertson	language	Chinookan	page 12, Table 9, language
Table 9 row 93	Chinookan	cited form	<un-whust’wust>	page 12, Table 9, word
Table 9 row 93	David Douglas Robertson	translation	idem	page 12, Table 9, gloss
Table 9 row 93	David Douglas Robertson	citation	Gibbs (1863b)	page 12, Table 9, source
Table 9 row 94	David Douglas Robertson	language	ɬəw̓ál̓məš	page 12, Table 9, language
Table 9 row 94	Lower Chehalis	cited form	hə́msəlč̓	page 12, Table 9, word
Table 9 row 94	David Douglas Robertson	translation	idem	page 12, Table 9, gloss
Table 9 row 94	David Douglas Robertson	citation	ELjh1942.18.387	page 12, Table 9, source
Table 9 row 95	David Douglas Robertson	language	Upper Chehalis	page 12, Table 9, language
Table 9 row 95	Upper Chehalis	cited form	<.smukwāʹ.m.k>	page 12, Table 9, word
Table 9 row 95	David Douglas Robertson	translation	idem	page 12, Table 9, gloss
Table 9 row 95	David Douglas Robertson	citation	Kinkade (1991)	page 12, Table 9, source, carries footnote 15
footnote 15	David Douglas Robertson	note	The triconsonantal reduplication in the CJ form fits the frequent Chinookan pattern for forming birds’ names, though ‘grouse’ was not found in the sources I consulted (Boas 1910:655). The phonotactics of the reduplicated sequence, with an s- initial followed by CVC, are however typical of Salish words and very similar to the Upper Chehalis form, whose etymology is not clear.	page 12, footnote 15
Table 9 row 96	David Douglas Robertson	language	Chinook Jargon	page 12, Table 9, language
Table 9 row 96	Chinook Jargon	cited form	<setlokum>	page 12, Table 9, word
Table 9 row 96	David Douglas Robertson	translation	‘the game of “hand” ‘	page 12, Table 9, gloss
Table 9 row 96	David Douglas Robertson	citation	Gibbs (1863a)	page 12, Table 9, source
Table 9 row 97	David Douglas Robertson	language	Chinookan	page 12, Table 9, language
Table 9 row 97	Chinookan	cited form	<it-hlo-kum>	page 12, Table 9, word
Table 9 row 97	David Douglas Robertson	translation	idem	page 12, Table 9, gloss
Table 9 row 97	David Douglas Robertson	citation	Gibbs (1863b)	page 12, Table 9, source
Table 9 row 98	David Douglas Robertson	language	ɬəw̓ál̓məš	page 12, Table 9, language
Table 9 row 98	Lower Chehalis	cited form	ʔíʔɬakum	page 12, Table 9, word
Table 9 row 98	David Douglas Robertson	translation	idem	page 12, Table 9, gloss
Table 9 row 98	David Douglas Robertson	citation	ELjh1942.18.328	page 12, Table 9, source, carries footnote 16
footnote 16	David Douglas Robertson	note	The ɬəw̓ál̓məš form is an obvious Salish nominalization of a Chinookan loan.	page 12, footnote 16
Table 9	David Douglas Robertson	note	language word gloss source	page 13, heads the columns
Table 9 row 99	David Douglas Robertson	language	Chinook Jargon	page 13, Table 9, language
Table 9 row 99	Chinook Jargon	cited form	<moolak>	page 13, Table 9, word
Table 9 row 99	David Douglas Robertson	translation	‘elk’	page 13, Table 9, gloss
Table 9 row 99	David Douglas Robertson	citation	Cox (1832)	page 13, Table 9, source
Table 9 row 100	David Douglas Robertson	language	Chinookan	page 13, Table 9, language
Table 9 row 100	Chinookan	cited form	-mulak	page 13, Table 9, word
Table 9 row 100	David Douglas Robertson	translation	idem	page 13, Table 9, gloss
Table 9 row 100	David Douglas Robertson	citation	Boas (1910:598)	page 13, Table 9, source
Table 9 row 101	David Douglas Robertson	language	ɬəw̓ál̓məš	page 13, Table 9, language
Table 9 row 101	Lower Chehalis	cited form	q̓íl̓t	page 13, Table 9, word
Table 9 row 101	David Douglas Robertson	translation	idem	page 13, Table 9, gloss
Table 9 row 101	David Douglas Robertson	citation	ELjh1942.17.684	page 13, Table 9, source
§2.3	David Douglas Robertson	heading	2.3 “Mistaken CJ”, as Sam Johnson said	page 13
§2.3	David Douglas Robertson	note	A good many of the ɬəw̓ál̓məš forms in one published Chinook Jargon source (Gill 1909) can be proven beyond a reasonable doubt to not belong there. These are among the numerous idiosyncratic additions that Samuel V. Johnson has shown Portland publisher John Kaye Gill to have made in republishing F.N. Blanchet’s 1853 CJ dictionary (Johnson 1978:69ff). Usually Gill notates these words as “O.C.” for “Original Chinook”, that is Chinookan, but several are recognizable as ɬəw̓ál̓məš even without Gill’s sporadic label “Che.” for “Chehalis”. (This was the usual label for the ɬəw̓ál̓məš tribe and language at the time.)	page 13
§2.3	David Douglas Robertson	name	Samuel V. Johnson	the computer assisted analysis of CJ (1978)
§2.3	David Douglas Robertson	name	F.N. Blanchet	the 1853 CJ dictionary Gill republished
§2.3	David Douglas Robertson	note	Of these, roughly half are identifiable as being lifted uncredited from Swan (1857), albeit with some changes to the spellings (Johnson 1978:77ff). The relevant observation to make is that Swan never claimed these to be Chinook Jargon lexemes, presenting them instead in a separate ɬəw̓ál̓məš word list. As Johnson observed of certain other CJ dictionaries, this is “mistaken CJ” (1978:21ff). Table 10 illustrates these and one misprint found in Kinkade et al. (2010):	page 13
Table 10	David Douglas Robertson	note	Table 10 ɬəw̓ál̓məš mistakenly called CJ; data sources known	page 13, the caption
Table 10	David Douglas Robertson	note	language word gloss source	page 13, heads the columns
Table 10 row 1	David Douglas Robertson	language	“CJ”	page 13, Table 10, language
Table 10 row 1	Chinook Jargon	cited form	<cuk’-ko>	page 13, Table 10, word
Table 10 row 1	David Douglas Robertson	translation	‘porgy’ [a fish]	page 13, Table 10, gloss
Table 10 row 1	David Douglas Robertson	citation	Swan (1857)	page 13, Table 10, source
Table 10 row 2	David Douglas Robertson	language	Chinookan	page 13, Table 10, language
Table 10 row 2	David Douglas Robertson	note	?	page 13, Table 10, word
Table 10 row 3	David Douglas Robertson	language	ɬəw̓ál̓məš	page 13, Table 10, language
Table 10 row 3	Lower Chehalis	cited form	swəníɬč	page 13, Table 10, word
Table 10 row 3	David Douglas Robertson	translation	idem	page 13, Table 10, gloss
Table 10 row 3	David Douglas Robertson	citation	ELjh1942.17.310	page 13, Table 10, source, carries footnote 17
footnote 17	David Douglas Robertson	note	The CJ word is of uncertain origin; I have not found a term for the fish ‘porgy’ in Gibbs (1863b), Boas (1910), and Swanton (1900), The ɬəw̓ál̓məš form’s etymology is uncertain but apparently Salish, cf. Upper Chehalis s- ‘NOM’, wən ‘fold’ and =iɬ=či ‘water’ (Kinkade 1991).	page 13, footnote 17
footnote 17	Upper Chehalis	cited form	wən	page 13, in italics, ‘fold’
footnote 17	Upper Chehalis	cited form	=iɬ=či	page 13, in italics, ‘water’
Table 10 row 4	David Douglas Robertson	language	“CJ”	page 13, Table 10, language
Table 10 row 4	Chinook Jargon	cited form	<e-kap’-pa>	page 13, Table 10, word
Table 10 row 4	David Douglas Robertson	translation	‘hail’	page 13, Table 10, gloss
Table 10 row 4	David Douglas Robertson	citation	Swan (1857)	page 13, Table 10, source
Table 10 row 5	David Douglas Robertson	language	Chinookan	page 13, Table 10, language
Table 10 row 5	Chinookan	cited form	-kápa	page 13, Table 10, word
Table 10 row 5	David Douglas Robertson	translation	‘ice’	page 13, Table 10, gloss
Table 10 row 5	David Douglas Robertson	citation	Boas (1910:601)	page 13, Table 10, source
Table 10 row 6	David Douglas Robertson	language	ɬəw̓ál̓məš	page 13, Table 10, language
Table 10 row 6	Lower Chehalis	cited form	sƛ̓íl̓əxʷ	page 13, Table 10, word
Table 10 row 6	David Douglas Robertson	translation	idem	page 13, Table 10, gloss
Table 10 row 6	David Douglas Robertson	citation	ISmk19781015.132	page 13, Table 10, source
Table 10 row 7	David Douglas Robertson	language	Quinault	page 13, Table 10, language
Table 10 row 7	Quinault	cited form	q̓ə́p̓ux̣ʷəx̣ʷƛ̓íl̓əxʷ	page 13, Table 10, word
Table 10 row 7	David Douglas Robertson	translation	‘little hailstone’	page 13, Table 10, gloss
Table 10 row 7	David Douglas Robertson	citation	Modrow ([1971])	page 13, Table 10, source, carries footnote 18
footnote 18	David Douglas Robertson	note	Latter-day ɬəw̓ál̓məš informants volunteered only (s)ƛ̓íl̓əxʷ. Chinook Jargon <E-kap’- pa> may have been a loan at the time when Swan documented ɬəw̓ál̓məš.	page 13, footnote 18
footnote 18	Lower Chehalis	cited form	(s)ƛ̓íl̓əxʷ	page 13, in italics
Table 10	David Douglas Robertson	note	language word gloss source	page 14, heads the columns
Table 10 row 8	David Douglas Robertson	language	“CJ”	page 14, Table 10, language
Table 10 row 8	Chinook Jargon	cited form	<has’-litch>	page 14, Table 10, word
Table 10 row 8	David Douglas Robertson	translation	‘liver’	page 14, Table 10, gloss
Table 10 row 8	David Douglas Robertson	citation	Swan (1857)	page 14, Table 10, source
Table 10 row 9	David Douglas Robertson	language	Chinookan	page 14, Table 10, language
Table 10 row 9	Chinookan	cited form	ip̓ánaqš	page 14, Table 10, word
Table 10 row 9	David Douglas Robertson	translation	idem	page 14, Table 10, gloss
Table 10 row 9	David Douglas Robertson	citation	CWDP (2012 s.v. liver)	page 14, Table 10, source
Table 10 row 10	David Douglas Robertson	language	ɬəw̓ál̓məš	page 14, Table 10, language
Table 10 row 10	Lower Chehalis	cited form	sx̣ásəlčəc	page 14, Table 10, word
Table 10 row 10	David Douglas Robertson	translation	idem (?)	page 14, Table 10, gloss
Table 10 row 10	David Douglas Robertson	citation	Kinkade (1991:164)	page 14, Table 10, source
Table 10 row 11	David Douglas Robertson	language	Upper Chehalis	page 14, Table 10, language
Table 10 row 11	Upper Chehalis	cited form	sáʔš	page 14, Table 10, word
Table 10 row 11	David Douglas Robertson	translation	idem	page 14, Table 10, gloss
Table 10 row 11	David Douglas Robertson	citation	Kinkade (1991)	page 14, Table 10, source
Table 10 row 12	Upper Chehalis	cited form	<Sûssûltca>	page 14, Table 10, word
Table 10 row 12	David Douglas Robertson	translation	idem	page 14, Table 10, gloss
Table 10 row 12	David Douglas Robertson	citation	(ibid.)	page 14, Table 10, source, carries footnote 19
footnote 19	David Douglas Robertson	note	Comparison of the forms in CJ, ɬəw̓ál̓məš (which Kinkade 1991 mysteriously tags with a parenthetical ‘(?)’) and Upper Chehalis suggests a root of the approximate form h/x̣áʔs/š and a lexical suffix, both with meanings not yet known to us. For the loss of h following the nominalizing prefix s-, a mutation not uncommon in Salish, compare PS *s-(h)ayas ‘to play’ > Songish siyásŋ ‘play games’ ~ Lillooet say̓səz’, Thompson séy̓siʔ, Shuswap séyse.	page 14, footnote 19
footnote 19	Songish	cited form	siyásŋ	page 14, in italics, ‘play games’
footnote 19	Lillooet	cited form	say̓səz’	page 14, in italics
footnote 19	Thompson	cited form	séy̓siʔ	page 14, in italics
footnote 19	Shuswap	cited form	séyse	page 14, in italics
footnote 19	David Douglas Robertson	language	Songish	note 19
footnote 19	David Douglas Robertson	language	Lillooet	note 19
Table 10 row 13	David Douglas Robertson	language	“CJ”	page 14, Table 10, language
Table 10 row 13	Chinook Jargon	cited form	<kaer-hutch>	page 14, Table 10, word
Table 10 row 13	David Douglas Robertson	translation	‘crab’	page 14, Table 10, gloss
Table 10 row 13	David Douglas Robertson	citation	Swan (1857)	page 14, Table 10, source
Table 10 row 14	David Douglas Robertson	language	Chinookan	page 14, Table 10, language
Table 10 row 14	Chinookan	cited form	<kal-he’-la>	page 14, Table 10, word
Table 10 row 14	David Douglas Robertson	translation	idem	page 14, Table 10, gloss
Table 10 row 14	David Douglas Robertson	citation	Gibbs (1863b)	page 14, Table 10, source
Table 10 row 15	David Douglas Robertson	language	ɬəw̓ál̓məš	page 14, Table 10, language
Table 10 row 15	Lower Chehalis	cited form	qíʔx̣əč̓	page 14, Table 10, word
Table 10 row 15	David Douglas Robertson	translation	idem	page 14, Table 10, gloss
Table 10 row 15	David Douglas Robertson	citation	ISmk19780911.54	page 14, Table 10, source
Table 10 row 16	David Douglas Robertson	language	“CJ”	page 14, Table 10, language
Table 10 row 16	Chinook Jargon	cited form	<met’-chip>	page 14, Table 10, word
Table 10 row 16	David Douglas Robertson	translation	‘fire’	page 14, Table 10, gloss
Table 10 row 16	David Douglas Robertson	citation	Swan (1857)	page 14, Table 10, source
Table 10 row 17	David Douglas Robertson	language	Chinookan	page 14, Table 10, language
Table 10 row 17	Chinookan	cited form	<o-ól-pits-ki>	page 14, Table 10, word
Table 10 row 17	David Douglas Robertson	translation	idem	page 14, Table 10, gloss
Table 10 row 17	David Douglas Robertson	citation	Gibbs (1863b)	page 14, Table 10, source
Table 10 row 18	David Douglas Robertson	language	ɬəw̓ál̓məš	page 14, Table 10, language
Table 10 row 18	Lower Chehalis	cited form	mə́čp	page 14, Table 10, word
Table 10 row 18	David Douglas Robertson	translation	idem	page 14, Table 10, gloss
Table 10 row 18	David Douglas Robertson	citation	ELjh1942.18.317	page 14, Table 10, source
Table 10 row 19	David Douglas Robertson	language	“CJ”	page 14, Table 10, language
Table 10 row 19	Chinook Jargon	cited form	<se’-cartl>	page 14, Table 10, word
Table 10 row 19	David Douglas Robertson	translation	‘spruce tree’	page 14, Table 10, gloss
Table 10 row 19	David Douglas Robertson	citation	Swan (1857)	page 14, Table 10, source
Table 10 row 20	David Douglas Robertson	language	Chinookan	page 14, Table 10, language
Table 10 row 20	Chinookan	cited form	<e-pé-natl’h>	page 14, Table 10, word
Table 10 row 20	David Douglas Robertson	translation	idem	page 14, Table 10, gloss
Table 10 row 20	David Douglas Robertson	citation	Gibbs (1863b)	page 14, Table 10, source
Table 10 row 21	David Douglas Robertson	language	ɬəw̓ál̓məš	page 14, Table 10, language
Table 10 row 21	Lower Chehalis	cited form	cqáɬ	page 14, Table 10, word
Table 10 row 21	David Douglas Robertson	translation	idem	page 14, Table 10, gloss
Table 10 row 21	David Douglas Robertson	citation	ELjh1942.17.168	page 14, Table 10, source
Table 10 row 22	David Douglas Robertson	language	“CJ”	page 14, Table 10, language
Table 10 row 22	Chinook Jargon	cited form	<she-sinch>	page 14, Table 10, word
Table 10 row 22	David Douglas Robertson	translation	‘shrimp’	page 14, Table 10, gloss
Table 10 row 22	David Douglas Robertson	citation	Swan (1857)	page 14, Table 10, source
Table 10 row 23	David Douglas Robertson	language	Chinookan	page 14, Table 10, language
Table 10 row 23	David Douglas Robertson	note	?	page 14, Table 10, word
Table 10 row 24	David Douglas Robertson	language	ɬəw̓ál̓məš	page 14, Table 10, language
Table 10 row 24	Lower Chehalis	cited form	šəyíšn̓əč	page 14, Table 10, word
Table 10 row 24	David Douglas Robertson	translation	idem	page 14, Table 10, gloss
Table 10 row 24	David Douglas Robertson	citation	NBcs19670615.1100	page 14, Table 10, source
Table 10 row 25	David Douglas Robertson	language	“CJ”	page 14, Table 10, language
Table 10 row 25	Chinook Jargon	cited form	<squintum>	page 14, Table 10, word
Table 10 row 25	David Douglas Robertson	translation	‘white man’	page 14, Table 10, gloss
Table 10 row 25	David Douglas Robertson	citation	Swan (1857)	page 14, Table 10, source
Table 10 row 26	David Douglas Robertson	language	Chinookan	page 14, Table 10, language
Table 10 row 26	David Douglas Robertson	note	?	page 14, Table 10, word
Table 10 row 27	David Douglas Robertson	language	ɬəw̓ál̓məš	page 14, Table 10, language
Table 10 row 27	Lower Chehalis	cited form	sxʷə́ntm	page 14, Table 10, word
Table 10 row 27	David Douglas Robertson	translation	idem	page 14, Table 10, gloss
Table 10 row 27	David Douglas Robertson	citation	ISmk19781014.275	page 14, Table 10, source
Table 10 row 28	David Douglas Robertson	language	“CJ”	page 14, Table 10, language
Table 10 row 28	Chinook Jargon	cited form	<ta-lass’>	page 14, Table 10, word
Table 10 row 28	David Douglas Robertson	translation	‘foot’	page 14, Table 10, gloss
Table 10 row 28	David Douglas Robertson	citation	Swan (1857)	page 14, Table 10, source
Table 10 row 29	David Douglas Robertson	language	Chinookan	page 14, Table 10, language
Table 10 row 29	Chinookan	cited form	-ps/-pš	page 14, Table 10, word
Table 10 row 29	David Douglas Robertson	translation	idem	page 14, Table 10, gloss
Table 10 row 29	David Douglas Robertson	citation	Boas (1910:602, 639)	page 14, Table 10, source
Table 10 row 30	David Douglas Robertson	language	ɬəw̓ál̓məš	page 14, Table 10, language
Table 10 row 30	Lower Chehalis	cited form	cáɬaʔš	page 14, Table 10, word
Table 10 row 30	David Douglas Robertson	translation	‘shoes’	page 14, Table 10, gloss
Table 10 row 30	David Douglas Robertson	citation	ISmk19781129.60	page 14, Table 10, source
Table 10 row 31	David Douglas Robertson	language	“CJ”	page 14, Table 10, language
Table 10 row 31	Chinook Jargon	cited form	<taerk>	page 14, Table 10, word
Table 10 row 31	David Douglas Robertson	translation	‘bone’	page 14, Table 10, gloss
Table 10 row 31	David Douglas Robertson	citation	Swan (1857)	page 14, Table 10, source
Table 10 row 32	David Douglas Robertson	language	Chinookan	page 14, Table 10, language
Table 10 row 32	Chinookan	cited form	ikamúkuk	page 14, Table 10, word
Table 10 row 32	David Douglas Robertson	translation	idem	page 14, Table 10, gloss
Table 10 row 32	David Douglas Robertson	citation	Boas (1910:611)	page 14, Table 10, source
Table 10 row 33	David Douglas Robertson	language	ɬəw̓ál̓məš	page 14, Table 10, language
Table 10 row 33	Lower Chehalis	cited form	t̓íq̓	page 14, Table 10, word
Table 10 row 33	David Douglas Robertson	translation	idem	page 14, Table 10, gloss
Table 10 row 33	David Douglas Robertson	citation	ISmk19781014.256	page 14, Table 10, source
Table 10 row 34	David Douglas Robertson	language	“CJ”	page 14, Table 10, language
Table 10 row 34	Chinook Jargon	cited form	tam	page 14, Table 10, word
Table 10 row 34	David Douglas Robertson	translation	‘what?’	page 14, Table 10, gloss
Table 10 row 34	David Douglas Robertson	citation	Swan (1857)	page 14, Table 10, source
Table 10 row 35	David Douglas Robertson	language	Chinookan	page 14, Table 10, language
Table 10 row 35	Chinookan	cited form	tan	page 14, Table 10, word
Table 10 row 35	David Douglas Robertson	translation	idem	page 14, Table 10, gloss
Table 10 row 35	David Douglas Robertson	citation	Boas (1910:609)	page 14, Table 10, source
Table 10 row 36	David Douglas Robertson	language	ɬəw̓ál̓məš	page 14, Table 10, language
Table 10 row 36	Lower Chehalis	cited form	tám	page 14, Table 10, word
Table 10 row 36	David Douglas Robertson	translation	idem	page 14, Table 10, gloss
Table 10 row 36	David Douglas Robertson	citation	ISmk19781014.216	page 14, Table 10, source
Table 10 row 37	David Douglas Robertson	language	“CJ”	page 14, Table 10, language
Table 10 row 37	Chinook Jargon	cited form	<teh’-a-ner>	page 14, Table 10, word
Table 10 row 37	David Douglas Robertson	translation	‘jay’	page 14, Table 10, gloss
Table 10 row 37	David Douglas Robertson	citation	Swan (1857)	page 14, Table 10, source
Table 10 row 38	David Douglas Robertson	language	Chinookan	page 14, Table 10, language
Table 10 row 38	Chinookan	cited form	-qišqiš	page 14, Table 10, word
Table 10 row 38	David Douglas Robertson	translation	‘blue jay’	page 14, Table 10, gloss
Table 10 row 38	David Douglas Robertson	citation	Boas (1910:598)	page 14, Table 10, source
Table 10 row 39	David Douglas Robertson	language	ɬəw̓ál̓məš	page 14, Table 10, language
Table 10 row 39	Lower Chehalis	cited form	t̓íx̣n̓aʔ	page 14, Table 10, word
Table 10 row 39	David Douglas Robertson	translation	idem	page 14, Table 10, gloss
Table 10 row 39	David Douglas Robertson	citation	ELjh1942.18.257	page 14, Table 10, source
Table 10	David Douglas Robertson	note	language word gloss source	page 15, heads the columns
Table 10 row 40	David Douglas Robertson	language	“CJ”	page 15, Table 10, language
Table 10 row 40	Chinook Jargon	cited form	<ten-arts-lets>	page 15, Table 10, word
Table 10 row 40	David Douglas Robertson	translation	‘veins’	page 15, Table 10, gloss
Table 10 row 40	David Douglas Robertson	citation	Swan (1857)	page 15, Table 10, source
Table 10 row 41	David Douglas Robertson	language	Chinookan	page 15, Table 10, language
Table 10 row 41	Chinookan	cited form	<te-bek-het-hlau>	page 15, Table 10, word
Table 10 row 41	David Douglas Robertson	translation	idem	page 15, Table 10, gloss
Table 10 row 41	David Douglas Robertson	citation	Gibbs (1863b)	page 15, Table 10, source
Table 10 row 42	David Douglas Robertson	language	ɬəw̓ál̓məš	page 15, Table 10, language
Table 10 row 42	David Douglas Robertson	note	?	page 15, Table 10, word
Table 10 row 43	David Douglas Robertson	language	Upper Chehalis	page 15, Table 10, language
Table 10 row 43	Upper Chehalis	cited form	wasə́l̓	page 15, Table 10, word
Table 10 row 43	David Douglas Robertson	translation	idem	page 15, Table 10, gloss
Table 10 row 43	David Douglas Robertson	citation	Kinkade (1991)	page 15, Table 10, source
Table 10 row 44	Upper Chehalis	cited form	(s-)ʔac(‘)-=íl(‘)als	page 15, Table 10, word
Table 10 row 44	David Douglas Robertson	translation	‘inside’	page 15, Table 10, gloss
Table 10 row 44	David Douglas Robertson	citation	(ibid.)	page 15, Table 10, source, carries footnote 20
footnote 20	David Douglas Robertson	note	The ten at the start of this and other CJ forms in this table is transparently ɬəw̓ál̓məš t= n- ‘DET.NONF= 1.SG.POSV-’, cf. Robertson (2014). The Upper Chehalis word for ‘inside’ is based on the ‘stative’ prefix, exceptionally used as a root in several Upper Chehalis and ɬəw̓ál̓məš words, and the lexical suffix meaning ‘side, insides’ (Kinkade 1991).	page 15, footnote 20
footnote 20	Lower Chehalis	cited form	t= n-	page 15, in italics, ‘DET.NONF= 1.SG.POSV-’
Table 10 row 45	David Douglas Robertson	language	“CJ”	page 15, Table 10, language
Table 10 row 45	Chinook Jargon	cited form	<ten-sah’-wit>	page 15, Table 10, word
Table 10 row 45	David Douglas Robertson	translation	‘bladder’	page 15, Table 10, gloss
Table 10 row 45	David Douglas Robertson	citation	Swan (1857)	page 15, Table 10, source
Table 10 row 46	David Douglas Robertson	language	Chinookan	page 15, Table 10, language
Table 10 row 46	David Douglas Robertson	note	?	page 15, Table 10, word
Table 10 row 47	David Douglas Robertson	language	ɬəw̓ál̓məš	page 15, Table 10, language
Table 10 row 47	David Douglas Robertson	note	?	page 15, Table 10, word
Table 10 row 48	David Douglas Robertson	language	Upper Chehalis	page 15, Table 10, language
Table 10 row 48	Upper Chehalis	cited form	səxʷ/saxʷ	page 15, Table 10, word
Table 10 row 48	David Douglas Robertson	translation	‘wet’	page 15, Table 10, gloss
Table 10 row 48	David Douglas Robertson	citation	Kinkade (1991)	page 15, Table 10, source, carries footnote 21
footnote 21	David Douglas Robertson	note	If this word for ‘bladder’ involves a cognate of the Upper Chehalis root for ‘wet’, the final t of the CJ word can plausibly be interpreted as ɬəw̓ál̓məš =t̓ ‘INSTR’ (cf. Robertson 2014).	page 15, footnote 21
footnote 21	Lower Chehalis	cited form	=t̓	page 15, in italics, ‘INSTR’
Table 10 row 49	David Douglas Robertson	language	“CJ”	page 15, Table 10, language
Table 10 row 49	Chinook Jargon	cited form	<ten-squails>	page 15, Table 10, word
Table 10 row 49	David Douglas Robertson	translation	‘blood’	page 15, Table 10, gloss
Table 10 row 49	David Douglas Robertson	citation	Swan (1857)	page 15, Table 10, source
Table 10 row 50	David Douglas Robertson	language	Chinookan	page 15, Table 10, language
Table 10 row 50	Chinookan	cited form	ɬʔáwilqt	page 15, Table 10, word
Table 10 row 50	David Douglas Robertson	translation	idem	page 15, Table 10, gloss
Table 10 row 50	David Douglas Robertson	citation	Boas (1910:568)	page 15, Table 10, source
Table 10 row 51	David Douglas Robertson	language	ɬəw̓ál̓məš	page 15, Table 10, language
Table 10 row 51	Lower Chehalis	cited form	sqʷíɬ	page 15, Table 10, word
Table 10 row 51	David Douglas Robertson	translation	idem	page 15, Table 10, gloss
Table 10 row 51	David Douglas Robertson	citation	ISmk19780911.111	page 15, Table 10, source
Table 10 row 52	David Douglas Robertson	language	“CJ”	page 15, Table 10, language
Table 10 row 52	Chinook Jargon	cited form	<tens-ho’-mish>	page 15, Table 10, word
Table 10 row 52	David Douglas Robertson	translation	‘arm’	page 15, Table 10, gloss
Table 10 row 52	David Douglas Robertson	citation	Swan (1857)	page 15, Table 10, source
Table 10 row 53	David Douglas Robertson	language	Chinookan	page 15, Table 10, language
Table 10 row 53	Chinookan	cited form	-puti	page 15, Table 10, word
Table 10 row 53	David Douglas Robertson	translation	idem	page 15, Table 10, gloss
Table 10 row 53	David Douglas Robertson	citation	Boas (1910:601)	page 15, Table 10, source
Table 10 row 54	David Douglas Robertson	language	ɬəw̓ál̓məš	page 15, Table 10, language
Table 10 row 54	Lower Chehalis	cited form	sx̣ʷúm̓əč	page 15, Table 10, word
Table 10 row 54	David Douglas Robertson	translation	‘hand’	page 15, Table 10, gloss
Table 10 row 54	David Douglas Robertson	citation	LHcs19670619.132	page 15, Table 10, source
Table 10 row 55	David Douglas Robertson	language	“CJ”	page 15, Table 10, language
Table 10 row 55	Chinook Jargon	cited form	<tah’ness>	page 15, Table 10, word
Table 10 row 55	David Douglas Robertson	translation	‘knee’	page 15, Table 10, gloss
Table 10 row 55	David Douglas Robertson	citation	Swan (1857)	page 15, Table 10, source
Table 10 row 56	David Douglas Robertson	language	Chinookan	page 15, Table 10, language
Table 10 row 56	Chinookan	cited form	úq̓uxƛ	page 15, Table 10, word
Table 10 row 56	David Douglas Robertson	translation	idem	page 15, Table 10, gloss
Table 10 row 56	David Douglas Robertson	citation	Boas (1910:609)	page 15, Table 10, source
Table 10 row 57	David Douglas Robertson	language	ɬəw̓ál̓məš	page 15, Table 10, language
Table 10 row 57	Lower Chehalis	cited form	tán̓əs	page 15, Table 10, word
Table 10 row 57	David Douglas Robertson	translation	idem	page 15, Table 10, gloss
Table 10 row 57	David Douglas Robertson	citation	ISmk19781129.58	page 15, Table 10, source
Table 10 row 58	David Douglas Robertson	language	“CJ”	page 15, Table 10, language
Table 10 row 58	Chinook Jargon	cited form	<ten’-tome>	page 15, Table 10, word
Table 10 row 58	David Douglas Robertson	translation	‘navel’	page 15, Table 10, gloss
Table 10 row 58	David Douglas Robertson	citation	Swan (1857)	page 15, Table 10, source
Table 10 row 59	David Douglas Robertson	language	Chinookan	page 15, Table 10, language
Table 10 row 59	David Douglas Robertson	note	?	page 15, Table 10, word
Table 10 row 60	David Douglas Robertson	language	ɬəw̓ál̓məš	page 15, Table 10, language
Table 10 row 60	Lower Chehalis	cited form	túm	page 15, Table 10, word
Table 10 row 60	David Douglas Robertson	translation	idem	page 15, Table 10, gloss
Table 10 row 60	David Douglas Robertson	citation	ISmk19781015.50	page 15, Table 10, source
Table 10 row 61	David Douglas Robertson	language	“CJ”	page 15, Table 10, language
Table 10 row 61	Chinook Jargon	cited form	<tsole>	page 15, Table 10, word
Table 10 row 61	David Douglas Robertson	translation	‘round’	page 15, Table 10, gloss
Table 10 row 61	David Douglas Robertson	citation	Kinkade et al. (2010)	page 15, Table 10, source, carries footnote 22
footnote 22	David Douglas Robertson	note	The supposed CJ form <tsole> in Kinkade et al. (2010) is a misprint for <tsole-pat> ‘shotpouch’ (Gibbs 1863a; discussed in Table 13 below), and is not found in CJ sources.	page 15, footnote 22
§2.3	David Douglas Robertson	note	The remainder of Gill’s (1909) ɬəw̓ál̓məš-origin mistaken CJ items come from a data source that is unidentified as of this writing.	page 15
Table 11	David Douglas Robertson	note	Table 11 ɬəw̓ál̓məš mistakenly called CJ; data sources unknown	page 16, the caption
Table 11	David Douglas Robertson	note	language word gloss source	page 16, heads the columns
Table 11 row 1	David Douglas Robertson	language	“CJ”	page 16, Table 11, language
Table 11 row 1	Chinook Jargon	cited form	<pa-mas’>	page 16, Table 11, word
Table 11 row 1	David Douglas Robertson	translation	‘cold’	page 16, Table 11, gloss
Table 11 row 1	David Douglas Robertson	citation	?	page 16, Table 11, source
Table 11 row 2	David Douglas Robertson	language	Chinookan	page 16, Table 11, language
Table 11 row 2	Chinookan	cited form	-caca	page 16, Table 11, word
Table 11 row 2	David Douglas Robertson	translation	idem	page 16, Table 11, gloss
Table 11 row 2	David Douglas Robertson	citation	Boas (1910:599)	page 16, Table 11, source
Table 11 row 3	David Douglas Robertson	language	ɬəw̓ál̓məš	page 16, Table 11, language
Table 11 row 3	Lower Chehalis	cited form	pamás	page 16, Table 11, word
Table 11 row 3	David Douglas Robertson	translation	idem	page 16, Table 11, gloss
Table 11 row 3	David Douglas Robertson	citation	ISmk19781130.83	page 16, Table 11, source
Table 11 row 4	David Douglas Robertson	language	“CJ”	page 16, Table 11, language
Table 11 row 4	Chinook Jargon	cited form	<oke>	page 16, Table 11, word
Table 11 row 4	David Douglas Robertson	translation	‘cry’	page 16, Table 11, gloss
Table 11 row 4	David Douglas Robertson	citation	?	page 16, Table 11, source
Table 11 row 5	David Douglas Robertson	language	Chinookan	page 16, Table 11, language
Table 11 row 5	Chinookan	cited form	-qə́cax̣	page 16, Table 11, word
Table 11 row 5	David Douglas Robertson	translation	idem (sg.)	page 16, Table 11, gloss
Table 11 row 5	David Douglas Robertson	citation	Boas (1910:612)	page 16, Table 11, source
Table 11 row 6	David Douglas Robertson	language	ɬəw̓ál̓məš	page 16, Table 11, language
Table 11 row 6	Lower Chehalis	cited form	ʔúkʷ	page 16, Table 11, word
Table 11 row 6	David Douglas Robertson	translation	idem	page 16, Table 11, gloss
Table 11 row 6	David Douglas Robertson	citation	ISmk19781014.225	page 16, Table 11, source
Table 11 row 7	David Douglas Robertson	language	“Chinook Jargon”	page 16, Table 11, language
Table 11 row 7	Chinook Jargon	cited form	<law’-suk>	page 16, Table 11, word
Table 11 row 7	David Douglas Robertson	translation	‘dance’	page 16, Table 11, gloss
Table 11 row 7	David Douglas Robertson	citation	?	page 16, Table 11, source
Table 11 row 8	David Douglas Robertson	language	Chinookan	page 16, Table 11, language
Table 11 row 8	Chinookan	cited form	-wəčk	page 16, Table 11, word
Table 11 row 8	David Douglas Robertson	translation	idem (sg.)	page 16, Table 11, gloss
Table 11 row 8	David Douglas Robertson	citation	Boas (1910:612)	page 16, Table 11, source
Table 11 row 9	David Douglas Robertson	language	ɬəw̓ál̓məš	page 16, Table 11, language
Table 11 row 9	Lower Chehalis	cited form	láq̓ʷsəq	page 16, Table 11, word
Table 11 row 9	David Douglas Robertson	translation	idem	page 16, Table 11, gloss
Table 11 row 9	David Douglas Robertson	citation	ISmk19780912.74	page 16, Table 11, source
Table 11 row 10	David Douglas Robertson	language	“CJ”	page 16, Table 11, language
Table 11 row 10	Chinook Jargon	cited form	<tah-oo>	page 16, Table 11, word
Table 11 row 10	David Douglas Robertson	translation	‘far’	page 16, Table 11, gloss
Table 11 row 10	David Douglas Robertson	citation	?	page 16, Table 11, source
Table 11 row 11	David Douglas Robertson	language	Chinookan	page 16, Table 11, language
Table 11 row 11	Chinookan	cited form	kəlá-(?)	page 16, Table 11, word
Table 11 row 11	David Douglas Robertson	translation	idem	page 16, Table 11, gloss
Table 11 row 11	David Douglas Robertson	citation	Boas (1910:672)	page 16, Table 11, source
Table 11 row 12	David Douglas Robertson	language	ɬəw̓ál̓məš	page 16, Table 11, language
Table 11 row 12	Lower Chehalis	cited form	táʔxʷ	page 16, Table 11, word
Table 11 row 12	David Douglas Robertson	translation	idem	page 16, Table 11, gloss
Table 11 row 12	David Douglas Robertson	citation	ISmk19781014.4	page 16, Table 11, source
Table 11 row 13	David Douglas Robertson	language	“CJ”	page 16, Table 11, language
Table 11 row 13	Chinook Jargon	cited form	<ny-ee’-na>	page 16, Table 11, word
Table 11 row 13	Chinook Jargon	cited form	<my-ee’-na>	page 16, Table 11, word
Table 11 row 13	David Douglas Robertson	translation	‘sing/song’	page 16, Table 11, gloss
Table 11 row 13	David Douglas Robertson	citation	?	page 16, Table 11, source
Table 11 row 14	David Douglas Robertson	language	Chinookan	page 16, Table 11, language
Table 11 row 14	Chinookan	cited form	čx̣əm	page 16, Table 11, word
Table 11 row 14	David Douglas Robertson	translation	‘sing shaman’s song’	page 16, Table 11, gloss
Table 11 row 14	David Douglas Robertson	citation	Boas (1910:588)	page 16, Table 11, source
Table 11 row 15	David Douglas Robertson	language	ɬəw̓ál̓məš	page 16, Table 11, language
Table 11 row 15	Lower Chehalis	cited form	məyín̓atn	page 16, Table 11, word
Table 11 row 15	David Douglas Robertson	translation	‘sing’	page 16, Table 11, gloss
Table 11 row 15	David Douglas Robertson	citation	ISmk19781014.59	page 16, Table 11, source
Table 11 row 16	David Douglas Robertson	language	“CJ”	page 16, Table 11, language
Table 11 row 16	Chinook Jargon	cited form	<skatl>	page 16, Table 11, word
Table 11 row 16	David Douglas Robertson	translation	‘sky’	page 16, Table 11, gloss
Table 11 row 16	David Douglas Robertson	citation	?	page 16, Table 11, source
Table 11 row 17	David Douglas Robertson	language	Chinookan	page 16, Table 11, language
Table 11 row 17	Chinookan	cited form	-gušax̣	page 16, Table 11, word
Table 11 row 17	David Douglas Robertson	translation	idem	page 16, Table 11, gloss
Table 11 row 17	David Douglas Robertson	citation	Boas (1910:601)	page 16, Table 11, source
Table 11 row 18	David Douglas Robertson	language	ɬəw̓ál̓məš	page 16, Table 11, language
Table 11 row 18	Lower Chehalis	cited form	sq̓áƛ̓ʔ	page 16, Table 11, word
Table 11 row 18	David Douglas Robertson	translation	idem	page 16, Table 11, gloss
Table 11 row 18	David Douglas Robertson	citation	ISmk19781130.64	page 16, Table 11, source
Table 11 row 19	David Douglas Robertson	language	“CJ”	page 16, Table 11, language
Table 11 row 19	Chinook Jargon	cited form	<hook>	page 16, Table 11, word
Table 11 row 19	David Douglas Robertson	translation	‘small’	page 16, Table 11, gloss
Table 11 row 19	David Douglas Robertson	citation	?	page 16, Table 11, source
Table 11 row 20	David Douglas Robertson	language	Chinookan	page 16, Table 11, language
Table 11 row 20	Chinookan	cited form	-k̓aic	page 16, Table 11, word
Table 11 row 20	David Douglas Robertson	translation	‘smallness’	page 16, Table 11, gloss
Table 11 row 20	David Douglas Robertson	citation	Boas (1910:641)	page 16, Table 11, source, carries footnote 23
footnote 23	David Douglas Robertson	note	This is among the adjectival concepts that receive expression as abstract nouns in Chinookan (Boas 1910:657).	page 16, footnote 23
Table 11 row 21	David Douglas Robertson	language	ɬəw̓ál̓məš	page 16, Table 11, language
Table 11 row 21	Lower Chehalis	cited form	xʷúʔkʷ	page 16, Table 11, word
Table 11 row 21	David Douglas Robertson	translation	‘small’	page 16, Table 11, gloss
Table 11 row 21	David Douglas Robertson	citation	ISmk19781014.85	page 16, Table 11, source
Table 11 row 22	David Douglas Robertson	language	“CJ”	page 16, Table 11, language
Table 11 row 22	Chinook Jargon	cited form	<clak-oo’>	page 16, Table 11, word
Table 11 row 22	David Douglas Robertson	translation	‘snow’	page 16, Table 11, gloss
Table 11 row 22	David Douglas Robertson	citation	?	page 16, Table 11, source
Table 11 row 23	David Douglas Robertson	language	Chinookan	page 16, Table 11, language
Table 11 row 23	Chinookan	cited form	-utk	page 16, Table 11, word
Table 11 row 23	David Douglas Robertson	translation	‘to snow’	page 16, Table 11, gloss
Table 11 row 23	David Douglas Robertson	citation	Boas (1910:661)	page 16, Table 11, source
Table 11 row 24	David Douglas Robertson	language	ɬəw̓ál̓məš	page 16, Table 11, language
Table 11 row 24	Lower Chehalis	cited form	sƛ̓áq̓ʷ	page 16, Table 11, word
Table 11 row 24	David Douglas Robertson	translation	‘snow (on the ground)’	page 16, Table 11, gloss
Table 11 row 24	David Douglas Robertson	citation	ISmk19781130.65	page 16, Table 11, source
Table 11 row 25	David Douglas Robertson	language	“CJ”	page 16, Table 11, language
Table 11 row 25	Chinook Jargon	cited form	<kais>	page 16, Table 11, word
Table 11 row 25	David Douglas Robertson	translation	‘stone’	page 16, Table 11, gloss
Table 11 row 25	David Douglas Robertson	citation	?	page 16, Table 11, source
Table 11 row 26	David Douglas Robertson	language	Chinookan	page 16, Table 11, language
Table 11 row 26	Chinookan	cited form	-qanakš	page 16, Table 11, word
Table 11 row 26	David Douglas Robertson	translation	idem	page 16, Table 11, gloss
Table 11 row 26	David Douglas Robertson	citation	Boas (1910:604)	page 16, Table 11, source
Table 11 row 27	David Douglas Robertson	language	ɬəw̓ál̓məš	page 16, Table 11, language
Table 11 row 27	Lower Chehalis	cited form	qáys	page 16, Table 11, word
Table 11 row 27	David Douglas Robertson	translation	idem	page 16, Table 11, gloss
Table 11 row 27	David Douglas Robertson	citation	ISmk19780913.92	page 16, Table 11, source
§3	David Douglas Robertson	heading	3 But there is still much more ɬəw̓ál̓məš in CJ than thought	page 16
§3	David Douglas Robertson	note	The remainder of the data increases the number of known reliable ɬəw̓ál̓məš > CJ loans to 80 from the 39, and one mistaken form shown at the end of Table 10, listed by Kinkade et al. (2010). (I do not repeat the items in that 2010 word list here.) Upper Chehalis, Cowlitz and Quinault forms are presented for comparison here, when known.	page 16
§3	David Douglas Robertson	note	Quite a number of these newly identified loans are given by speakers in the community as ɬəw̓ál̓məš, in addition to being identified in the literature as being used in CJ. (CWDP 2012 is the first to suggest ɬəw̓ál̓məš etymologies as a possibility for several of these; my label ‘newly identified’ is intended as confirming those speculations.) Table 12 illustrates these items:	page 17
Table 12	David Douglas Robertson	note	Table 12 CJ < ɬəw̓ál̓məš (newly identified)	page 17, the caption
Table 12	David Douglas Robertson	note	language word gloss source	page 17, heads the columns
Table 12 row 1	David Douglas Robertson	language	Chinook Jargon	page 17, Table 12, language
Table 12 row 1	Chinook Jargon	cited form	áləkš	page 17, Table 12, word
Table 12 row 1	David Douglas Robertson	translation	‘beg’	page 17, Table 12, gloss
Table 12 row 1	David Douglas Robertson	citation	CWDP (2012)	page 17, Table 12, source
Table 12 row 2	David Douglas Robertson	language	Chinookan	page 17, Table 12, language
Table 12 row 2	David Douglas Robertson	note	?	page 17, Table 12, word
Table 12 row 3	David Douglas Robertson	language	Upper Chehalis	page 17, Table 12, language
Table 12 row 3	Upper Chehalis	cited form	ʔó:x̣ʷaš-	page 17, Table 12, word
Table 12 row 3	David Douglas Robertson	translation	idem	page 17, Table 12, gloss
Table 12 row 3	David Douglas Robertson	citation	Kinkade (1991)	page 17, Table 12, source
Table 12 row 4	Upper Chehalis	cited form	natáw-	page 17, Table 12, word
Table 12 row 4	David Douglas Robertson	translation	idem	page 17, Table 12, gloss
Table 12 row 4	David Douglas Robertson	citation	(ibid.)	page 17, Table 12, source
Table 12 row 5	David Douglas Robertson	language	ɬəw̓ál̓məš	page 17, Table 12, language
Table 12 row 5	Lower Chehalis	cited form	ʔál̓əqš	page 17, Table 12, word
Table 12 row 5	David Douglas Robertson	translation	‘bumming for food; stand watching s.o. eat + wanting food’	page 17, Table 12, gloss
Table 12 row 5	David Douglas Robertson	citation	ISmk19781128.12	page 17, Table 12, source
Table 12 row 6	David Douglas Robertson	language	Chinook Jargon	page 17, Table 12, language
Table 12 row 6	Chinook Jargon	cited form	<tsi-ā’-list>	page 17, Table 12, word
Table 12 row 6	David Douglas Robertson	translation	‘branch’	page 17, Table 12, gloss
Table 12 row 6	David Douglas Robertson	citation	(Lionnet 1853)	page 17, Table 12, source
Table 12 row 7	David Douglas Robertson	language	Chinookan	page 17, Table 12, language
Table 12 row 7	David Douglas Robertson	note	?	page 17, Table 12, word
Table 12 row 8	David Douglas Robertson	language	Cowlitz	page 17, Table 12, language
Table 12 row 8	Cowlitz	cited form	k̓ál̓x	page 17, Table 12, word
Table 12 row 8	David Douglas Robertson	translation	idem	page 17, Table 12, gloss
Table 12 row 8	David Douglas Robertson	citation	Kinkade (2004)	page 17, Table 12, source
Table 12 row 9	David Douglas Robertson	language	ɬəw̓ál̓məš	page 17, Table 12, language
Table 12 row 9	Lower Chehalis	cited form	č̓ál̓š	page 17, Table 12, word
Table 12 row 9	David Douglas Robertson	translation	idem	page 17, Table 12, gloss
Table 12 row 9	David Douglas Robertson	citation	ISmk19781130.56	page 17, Table 12, source
Table 12 row 10	David Douglas Robertson	language	Chinook Jargon	page 17, Table 12, language
Table 12 row 10	Chinook Jargon	cited form	číča	page 17, Table 12, word
Table 12 row 10	David Douglas Robertson	translation	‘grandmother’	page 17, Table 12, gloss
Table 12 row 10	David Douglas Robertson	citation	CWDP (2012)	page 17, Table 12, source
Table 12 row 11	David Douglas Robertson	language	Chinookan	page 17, Table 12, language
Table 12 row 11	Chinookan	cited form	<kl-kuk-ké-ke>	page 17, Table 12, word
Table 12 row 11	David Douglas Robertson	translation	idem on father’s side	page 17, Table 12, gloss
Table 12 row 11	David Douglas Robertson	citation	Gibbs (1863b)	page 17, Table 12, source
Table 12 row 12	Chinookan	cited form	<kl-kush-kash’ka>	page 17, Table 12, word
Table 12 row 12	David Douglas Robertson	translation	idem on mother’s side	page 17, Table 12, gloss
Table 12 row 12	David Douglas Robertson	citation	(ibid.)	page 17, Table 12, source
Table 12 row 13	David Douglas Robertson	language	Cowlitz	page 17, Table 12, language
Table 12 row 13	Cowlitz	cited form	káyʔ	page 17, Table 12, word
Table 12 row 13	David Douglas Robertson	translation	idem	page 17, Table 12, gloss
Table 12 row 13	David Douglas Robertson	citation	Kinkade (2004)	page 17, Table 12, source
Table 12 row 14	David Douglas Robertson	language	ɬəw̓ál̓məš	page 17, Table 12, language
Table 12 row 14	Lower Chehalis	cited form	čə́ča	page 17, Table 12, word
Table 12 row 14	David Douglas Robertson	translation	idem	page 17, Table 12, gloss
Table 12 row 14	David Douglas Robertson	citation	EOcs19670720.742	page 17, Table 12, source
Table 12 row 15	David Douglas Robertson	language	Chinook Jargon	page 17, Table 12, language
Table 12 row 15	Chinook Jargon	cited form	íləp	page 17, Table 12, word
Table 12 row 15	David Douglas Robertson	translation	‘first; before’	page 17, Table 12, gloss
Table 12 row 15	David Douglas Robertson	citation	CWDP (2012)	page 17, Table 12, source
Table 12 row 16	David Douglas Robertson	language	Chinookan	page 17, Table 12, language
Table 12 row 16	Chinookan	cited form	q̓astə́n	page 17, Table 12, word
Table 12 row 16	David Douglas Robertson	translation	‘for the first time’	page 17, Table 12, gloss
Table 12 row 16	David Douglas Robertson	citation	Boas (1910:634)	page 17, Table 12, source
Table 12 row 17	Chinookan	cited form	-ániwa	page 17, Table 12, word
Table 12 row 17	David Douglas Robertson	translation	‘first’	page 17, Table 12, gloss
Table 12 row 17	David Douglas Robertson	citation	Boas (1910:659)	page 17, Table 12, source
Table 12 row 18	David Douglas Robertson	language	ɬəw̓ál̓məš	page 17, Table 12, language
Table 12 row 18	Lower Chehalis	cited form	ʔílp	page 17, Table 12, word
Table 12 row 18	David Douglas Robertson	translation	idem	page 17, Table 12, gloss
Table 12 row 18	David Douglas Robertson	citation	ELjh1942.18.229	page 17, Table 12, source
Table 12 row 19	David Douglas Robertson	language	Chinook Jargon	page 17, Table 12, language
Table 12 row 19	Chinook Jargon	cited form	kʰʷiʔím	page 17, Table 12, word
Table 12 row 19	David Douglas Robertson	translation	‘grandchild’	page 17, Table 12, gloss
Table 12 row 19	David Douglas Robertson	citation	CWDP (2012)	page 17, Table 12, source
Table 12 row 20	David Douglas Robertson	language	Chinookan	page 17, Table 12, language
Table 12 row 20	Chinookan	cited form	qaš	page 17, Table 12, word
Table 12 row 20	David Douglas Robertson	translation	idem said by a man	page 17, Table 12, gloss
Table 12 row 20	David Douglas Robertson	citation	Boas (1910:612)	page 17, Table 12, source
Table 12 row 21	Chinookan	cited form	kai	page 17, Table 12, word
Table 12 row 21	David Douglas Robertson	translation	idem said by a woman	page 17, Table 12, gloss
Table 12 row 21	David Douglas Robertson	citation	(ibid.)	page 17, Table 12, source
Table 12 row 22	David Douglas Robertson	language	Upper Chehalis	page 17, Table 12, language
Table 12 row 22	Upper Chehalis	cited form	ʔé∙m̓c	page 17, Table 12, word
Table 12 row 22	David Douglas Robertson	translation	‘grandchild’	page 17, Table 12, gloss
Table 12 row 22	David Douglas Robertson	citation	Kinkade (1991)	page 17, Table 12, source
Table 12 row 23	David Douglas Robertson	language	ɬəw̓ál̓məš	page 17, Table 12, language
Table 12 row 23	Lower Chehalis	cited form	kʷəʔím	page 17, Table 12, word
Table 12 row 23	David Douglas Robertson	translation	idem	page 17, Table 12, gloss
Table 12 row 23	David Douglas Robertson	citation	ISmk19781129.36	page 17, Table 12, source
Table 12 row 24	David Douglas Robertson	language	Chinook Jargon	page 17, Table 12, language
Table 12 row 24	Chinook Jargon	cited form	ɬák̓ʷən	page 17, Table 12, word
Table 12 row 24	David Douglas Robertson	translation	‘wipe’	page 17, Table 12, gloss
Table 12 row 24	David Douglas Robertson	citation	CWDP (2012)	page 17, Table 12, source
Table 12 row 25	David Douglas Robertson	language	Chinookan	page 17, Table 12, language
Table 12 row 25	Chinookan	cited form	-nałx̣	page 17, Table 12, word
Table 12 row 25	David Douglas Robertson	translation	idem	page 17, Table 12, gloss
Table 12 row 25	David Douglas Robertson	citation	Boas (1910:662)	page 17, Table 12, source
Table 12 row 26	David Douglas Robertson	language	Upper Chehalis	page 17, Table 12, language
Table 12 row 26	Upper Chehalis	cited form	-x̣ʷíkʷi	page 17, Table 12, word
Table 12 row 26	David Douglas Robertson	translation	idem	page 17, Table 12, gloss
Table 12 row 26	David Douglas Robertson	citation	Kinkade (1991)	page 17, Table 12, source
Table 12 row 27	David Douglas Robertson	language	ɬəw̓ál̓məš	page 17, Table 12, language
Table 12 row 27	Lower Chehalis	cited form	ɬák̓ʷn	page 17, Table 12, word
Table 12 row 27	David Douglas Robertson	translation	‘wipe it away/off!’	page 17, Table 12, gloss
Table 12 row 27	David Douglas Robertson	citation	ELjh1942.17.284	page 17, Table 12, source
Table 12	David Douglas Robertson	note	language word gloss source	page 18, heads the columns
Table 12 row 28	David Douglas Robertson	language	Chinook Jargon	page 18, Table 12, language
Table 12 row 28	Chinook Jargon	cited form	p̓úx̣ən	page 18, Table 12, word
Table 12 row 28	David Douglas Robertson	translation	‘blow’	page 18, Table 12, gloss
Table 12 row 28	David Douglas Robertson	citation	CWDP (2012)	page 18, Table 12, source
Table 12 row 29	David Douglas Robertson	language	Chinookan	page 18, Table 12, language
Table 12 row 29	Chinookan	cited form	pu	page 18, Table 12, word
Table 12 row 29	David Douglas Robertson	translation	‘to blow once’	page 18, Table 12, gloss
Table 12 row 29	David Douglas Robertson	citation	Boas (1910:628)	page 18, Table 12, source
Table 12 row 30	David Douglas Robertson	language	ɬəw̓ál̓məš	page 18, Table 12, language
Table 12 row 30	Lower Chehalis	cited form	púxʷn	page 18, Table 12, word
Table 12 row 30	David Douglas Robertson	translation	‘blow [on sth., e.g. on fire]’	page 18, Table 12, gloss
Table 12 row 30	David Douglas Robertson	citation	NBcs19670512.291	page 18, Table 12, source
Table 12 row 31	David Douglas Robertson	language	Chinook Jargon	page 18, Table 12, language
Table 12 row 31	Chinook Jargon	cited form	q̓áyax̣	page 18, Table 12, word
Table 12 row 31	David Douglas Robertson	translation	‘entrails’	page 18, Table 12, gloss
Table 12 row 31	David Douglas Robertson	citation	CWDP (2012)	page 18, Table 12, source
Table 12 row 32	David Douglas Robertson	language	Chinookan	page 18, Table 12, language
Table 12 row 32	Chinookan	cited form	-amš	page 18, Table 12, word
Table 12 row 32	David Douglas Robertson	translation	‘guts’	page 18, Table 12, gloss
Table 12 row 32	David Douglas Robertson	citation	Boas (1910:607)	page 18, Table 12, source
Table 12 row 33	David Douglas Robertson	language	ɬəw̓ál̓məš	page 18, Table 12, language
Table 12 row 33	Lower Chehalis	cited form	q̓ə́yx̣	page 18, Table 12, word
Table 12 row 33	David Douglas Robertson	translation	idem	page 18, Table 12, gloss
Table 12 row 33	David Douglas Robertson	citation	ISmk19781130.44	page 18, Table 12, source
Table 12 row 34	David Douglas Robertson	language	Chinook Jargon	page 18, Table 12, language
Table 12 row 34	Chinook Jargon	cited form	skʷíč	page 18, Table 12, word
Table 12 row 34	David Douglas Robertson	translation	‘vagina’	page 18, Table 12, gloss
Table 12 row 34	David Douglas Robertson	citation	CWDP (2012)	page 18, Table 12, source
Table 12 row 35	David Douglas Robertson	language	Chinookan	page 18, Table 12, language
Table 12 row 35	David Douglas Robertson	note	?	page 18, Table 12, word
Table 12 row 36	David Douglas Robertson	language	ɬəw̓ál̓məš	page 18, Table 12, language
Table 12 row 36	Lower Chehalis	cited form	skʷə́č	page 18, Table 12, word
Table 12 row 36	David Douglas Robertson	translation	idem	page 18, Table 12, gloss
Table 12 row 36	David Douglas Robertson	citation	BCmk19670511.19	page 18, Table 12, source
Table 12 row 37	David Douglas Robertson	language	Chinook Jargon	page 18, Table 12, language
Table 12 row 37	Chinook Jargon	cited form	sləhál	page 18, Table 12, word
Table 12 row 37	David Douglas Robertson	translation	‘gambling game’	page 18, Table 12, gloss
Table 12 row 37	David Douglas Robertson	citation	CWDP (2012)	page 18, Table 12, source
Table 12 row 38	David Douglas Robertson	language	Chinookan	page 18, Table 12, language
Table 12 row 38	Chinookan	cited form	<e-tlált-lal>	page 18, Table 12, word
Table 12 row 38	David Douglas Robertson	translation	‘game of disks’	page 18, Table 12, gloss
Table 12 row 38	David Douglas Robertson	citation	Gibbs (1863b)	page 18, Table 12, source
Table 12 row 39	Chinookan	cited form	<it-hlo-kum>	page 18, Table 12, word
Table 12 row 39	David Douglas Robertson	translation	‘game of hand’	page 18, Table 12, gloss
Table 12 row 39	David Douglas Robertson	citation	(ibid.)	page 18, Table 12, source
Table 12 row 40	Chinookan	cited form	kwot-lá-buks	page 18, Table 12, word
Table 12 row 40	David Douglas Robertson	translation	‘game of beaver dice’	page 18, Table 12, gloss
Table 12 row 40	David Douglas Robertson	citation	(ibid.)	page 18, Table 12, source
Table 12 row 41	David Douglas Robertson	language	ɬəw̓ál̓məš	page 18, Table 12, language
Table 12 row 41	Lower Chehalis	cited form	sləhál̓	page 18, Table 12, word
Table 12 row 41	David Douglas Robertson	translation	‘gambling game’	page 18, Table 12, gloss
Table 12 row 41	David Douglas Robertson	citation	ELjh1942.18.229	page 18, Table 12, source
Table 12 row 42	Lower Chehalis	cited form	ləhál	page 18, Table 12, word
Table 12 row 42	David Douglas Robertson	translation	idem	page 18, Table 12, gloss
Table 12 row 42	David Douglas Robertson	citation	ELjh1942.18.649	page 18, Table 12, source, carries footnote 24, set full size
footnote 24	David Douglas Robertson	note	EL says that ləhál is the real ɬəw̓ál̓məš word, and that sləhál̓ is CJ. Note the glottalized resonant in the latter, a phoneme type not documented in other CJ varieties including the phonologically rather conservative Grand Ronde creole (CWDP 2012:25–29).	page 18, footnote 24
footnote 24	Lower Chehalis	cited form	sləhál̓	page 18, in italics
footnote 24	Lower Chehalis	cited form	ləhál	page 18, in italics
Table 12 row 43	David Douglas Robertson	language	Chinook Jargon	page 18, Table 12, language
Table 12 row 43	Chinook Jargon	cited form	tʰə́qsin	page 18, Table 12, word
Table 12 row 43	David Douglas Robertson	translation	‘pursue’	page 18, Table 12, gloss
Table 12 row 43	David Douglas Robertson	citation	CWDP (2012)	page 18, Table 12, source
Table 12 row 44	David Douglas Robertson	language	Chinookan	page 18, Table 12, language
Table 12 row 44	Chinookan	cited form	-wa	page 18, Table 12, word
Table 12 row 44	David Douglas Robertson	translation	idem	page 18, Table 12, gloss
Table 12 row 44	David Douglas Robertson	citation	Boas (1910:659)	page 18, Table 12, source
Table 12 row 45	David Douglas Robertson	language	ɬəw̓ál̓məš	page 18, Table 12, language
Table 12 row 45	Lower Chehalis	cited form	tə́qšn̓	page 18, Table 12, word
Table 12 row 45	David Douglas Robertson	translation	‘follow s.o., chase s.o.’	page 18, Table 12, gloss
Table 12 row 45	David Douglas Robertson	citation	ISmk19781014.3	page 18, Table 12, source
Table 12 row 46	David Douglas Robertson	language	Chinook Jargon	page 18, Table 12, language
Table 12 row 46	Chinook Jargon	cited form	t̓úʔan	page 18, Table 12, word
Table 12 row 46	David Douglas Robertson	translation	‘have’	page 18, Table 12, gloss
Table 12 row 46	David Douglas Robertson	citation	CWDP (2012)	page 18, Table 12, source
Table 12 row 47	David Douglas Robertson	language	Chinookan	page 18, Table 12, language
Table 12 row 47	David Douglas Robertson	note	?	page 18, Table 12, word
Table 12 row 48	David Douglas Robertson	language	ɬəw̓ál̓məš	page 18, Table 12, language
Table 12 row 48	Lower Chehalis	cited form	t̓úʔn	page 18, Table 12, word
Table 12 row 48	David Douglas Robertson	translation	‘put it away’	page 18, Table 12, gloss
Table 12 row 48	David Douglas Robertson	citation	ISmk19781015.109	page 18, Table 12, source, carries footnote 25, set full size
footnote 25	David Douglas Robertson	note	The pronunciation in CWDP (2012), if reflective of etymology, also implies ɬəw̓ál̓məš t̓úʔaʔn ‘put [it] away!’ (On the morphological formation of the imperative, see Robertson 2014:107–108.)	page 18, footnote 25
footnote 25	Lower Chehalis	cited form	t̓úʔaʔn	page 18, in italics, ‘put [it] away!’
Table 12 row 49	David Douglas Robertson	language	Chinook Jargon	page 18, Table 12, language
Table 12 row 49	Chinook Jargon	cited form	x̣úqʰən	page 18, Table 12, word
Table 12 row 49	David Douglas Robertson	translation	‘gather’	page 18, Table 12, gloss
Table 12 row 49	David Douglas Robertson	citation	CWDP (2012)	page 18, Table 12, source
Table 12 row 50	David Douglas Robertson	language	Chinookan	page 18, Table 12, language
Table 12 row 50	Chinookan	cited form	-piáłx̣	page 18, Table 12, word
Table 12 row 50	David Douglas Robertson	translation	idem	page 18, Table 12, gloss
Table 12 row 50	David Douglas Robertson	citation	Boas (1910:660)	page 18, Table 12, source
Table 12 row 51	David Douglas Robertson	language	ɬəw̓ál̓məš	page 18, Table 12, language
Table 12 row 51	Lower Chehalis	cited form	x̣ʷúqʷn	page 18, Table 12, word
Table 12 row 51	David Douglas Robertson	translation	‘pick it up (e.g. from the floor)’	page 18, Table 12, gloss
Table 12 row 51	David Douglas Robertson	citation	ELjh1942.18.481	page 18, Table 12, source
Table 12 row 52	David Douglas Robertson	language	Chinook Jargon	page 18, Table 12, language
Table 12 row 52	Chinook Jargon	cited form	čúmt̓	page 18, Table 12, word
Table 12 row 52	David Douglas Robertson	translation	‘chair’	page 18, Table 12, gloss
Table 12 row 52	David Douglas Robertson	citation	CWDP (2012)	page 18, Table 12, source
Table 12 row 53	David Douglas Robertson	language	Chinookan	page 18, Table 12, language
Table 12 row 53	Chinookan	cited form	-łait	page 18, Table 12, word
Table 12 row 53	David Douglas Robertson	translation	‘sit’	page 18, Table 12, gloss
Table 12 row 53	David Douglas Robertson	citation	Boas (1910:665)	page 18, Table 12, source
Table 12 row 54	David Douglas Robertson	language	ɬəw̓ál̓məš	page 18, Table 12, language
Table 12 row 54	Lower Chehalis	cited form	čə́m̓t̓	page 18, Table 12, word
Table 12 row 54	David Douglas Robertson	translation	idem	page 18, Table 12, gloss
Table 12 row 54	David Douglas Robertson	citation	ISmk19780911.43	page 18, Table 12, source
Table 12 row 55	David Douglas Robertson	language	Chinook Jargon	page 18, Table 12, language
Table 12 row 55	Chinook Jargon	cited form	ɬək̓ʷánuʔ	page 18, Table 12, word
Table 12 row 55	David Douglas Robertson	translation	‘earring’	page 18, Table 12, gloss
Table 12 row 55	David Douglas Robertson	citation	CWDP (2012)	page 18, Table 12, source
Table 12 row 56	David Douglas Robertson	language	Chinookan	page 18, Table 12, language
Table 12 row 56	Chinookan	cited form	<is-ká-lal>	page 18, Table 12, word
Table 12 row 56	David Douglas Robertson	translation	idem	page 18, Table 12, gloss
Table 12 row 56	David Douglas Robertson	citation	Gibbs (1863b)	page 18, Table 12, source
Table 12 row 57	David Douglas Robertson	language	ɬəw̓ál̓məš	page 18, Table 12, language
Table 12 row 57	Lower Chehalis	cited form	ɬək̓ʷán̓uʔ	page 18, Table 12, word
Table 12 row 57	David Douglas Robertson	translation	‘small earring’	page 18, Table 12, gloss
Table 12 row 57	David Douglas Robertson	citation	NBmk19781129.48	page 18, Table 12, source
Table 12	David Douglas Robertson	note	language word gloss source	page 19, heads the columns
Table 12 row 58	David Douglas Robertson	language	Chinook Jargon	page 19, Table 12, language
Table 12 row 58	Chinook Jargon	cited form	p̓ís	page 19, Table 12, word
Table 12 row 58	David Douglas Robertson	translation	‘soul’	page 19, Table 12, gloss
Table 12 row 58	David Douglas Robertson	citation	CWDP (2012)	page 19, Table 12, source
Table 12 row 59	David Douglas Robertson	language	Chinookan	page 19, Table 12, language
Table 12 row 59	Chinookan	cited form	-kanati	page 19, Table 12, word
Table 12 row 59	David Douglas Robertson	translation	idem	page 19, Table 12, gloss
Table 12 row 59	David Douglas Robertson	citation	Boas (1910:622)	page 19, Table 12, source
Table 12 row 60	David Douglas Robertson	language	ɬəw̓ál̓məš	page 19, Table 12, language
Table 12 row 60	Lower Chehalis	cited form	sp̓ís	page 19, Table 12, word
Table 12 row 60	David Douglas Robertson	translation	idem	page 19, Table 12, gloss
Table 12 row 60	David Douglas Robertson	citation	ISNBmk19781129.25	page 19, Table 12, source
Table 12 row 61	David Douglas Robertson	language	Chinook Jargon	page 19, Table 12, language
Table 12 row 61	Chinook Jargon	cited form	q̓áyt	page 19, Table 12, word
Table 12 row 61	David Douglas Robertson	translation	‘fishhook’	page 19, Table 12, gloss
Table 12 row 61	David Douglas Robertson	citation	CWDP (2012)	page 19, Table 12, source
Table 12 row 62	David Douglas Robertson	language	Chinookan	page 19, Table 12, language
Table 12 row 62	Chinookan	cited form	-kik	page 19, Table 12, word
Table 12 row 62	David Douglas Robertson	translation	‘hook’	page 19, Table 12, gloss
Table 12 row 62	David Douglas Robertson	citation	Boas (1910:601)	page 19, Table 12, source
Table 12 row 63	David Douglas Robertson	language	ɬəw̓ál̓məš	page 19, Table 12, language
Table 12 row 63	Lower Chehalis	cited form	q̓ít-	page 19, Table 12, word
Table 12 row 63	David Douglas Robertson	translation	‘fishing with hook & line’	page 19, Table 12, gloss
Table 12 row 63	David Douglas Robertson	citation	LHcs19670619.121	page 19, Table 12, source
Table 12 row 64	David Douglas Robertson	language	Chinook Jargon	page 19, Table 12, language
Table 12 row 64	Chinook Jargon	cited form	k̓ʷík̓ʷiyans	page 19, Table 12, word
Table 12 row 64	David Douglas Robertson	translation	‘straight pin’	page 19, Table 12, gloss
Table 12 row 64	David Douglas Robertson	citation	CWDP (2012)	page 19, Table 12, source
Table 12 row 65	David Douglas Robertson	language	Chinookan	page 19, Table 12, language
Table 12 row 65	Chinookan	cited form	<kwé-kwi-ens>	page 19, Table 12, word
Table 12 row 65	David Douglas Robertson	translation	‘pin’	page 19, Table 12, gloss
Table 12 row 65	David Douglas Robertson	citation	Gibbs (1863b)	page 19, Table 12, source
Table 12 row 66	Chinookan	cited form	<kle-bá-kwo-te>	page 19, Table 12, word
Table 12 row 66	David Douglas Robertson	translation	idem	page 19, Table 12, gloss
Table 12 row 66	David Douglas Robertson	citation	(ibid.)	page 19, Table 12, source
Table 12 row 67	David Douglas Robertson	language	Upper Chehalis	page 19, Table 12, language
Table 12 row 67	Upper Chehalis	cited form	k̓ʷík̓ʷi-	page 19, Table 12, word
Table 12 row 67	David Douglas Robertson	translation	‘sticking in’	page 19, Table 12, gloss
Table 12 row 67	David Douglas Robertson	citation	Kinkade (1991)	page 19, Table 12, source
Table 12 row 68	David Douglas Robertson	language	ɬəw̓ál̓məš	page 19, Table 12, language
Table 12 row 68	Lower Chehalis	cited form	k̓ʷík̓ʷiyan̓st	page 19, Table 12, word
Table 12 row 68	David Douglas Robertson	translation	idem	page 19, Table 12, gloss
Table 12 row 68	David Douglas Robertson	citation	NBcs19670731.1213	page 19, Table 12, source
Table 12 row 69	David Douglas Robertson	language	Chinook Jargon	page 19, Table 12, language
Table 12 row 69	Chinook Jargon	cited form	t̓ə́pšin	page 19, Table 12, word
Table 12 row 69	David Douglas Robertson	translation	‘patch’	page 19, Table 12, gloss
Table 12 row 69	David Douglas Robertson	citation	CWDP (2012)	page 19, Table 12, source
Table 12 row 70	David Douglas Robertson	language	Chinookan	page 19, Table 12, language
Table 12 row 70	Chinookan	cited form	<an-ékh-po>	page 19, Table 12, word
Table 12 row 70	David Douglas Robertson	translation	‘sew’	page 19, Table 12, gloss
Table 12 row 70	David Douglas Robertson	citation	Gibbs (1863b)	page 19, Table 12, source
Table 12 row 71	David Douglas Robertson	language	Upper Chehalis	page 19, Table 12, language
Table 12 row 71	Upper Chehalis	cited form	t̓ə́lpšn	page 19, Table 12, word
Table 12 row 71	David Douglas Robertson	translation	idem	page 19, Table 12, gloss
Table 12 row 71	David Douglas Robertson	citation	Kinkade (1991)	page 19, Table 12, source
Table 12 row 72	David Douglas Robertson	language	Cowlitz	page 19, Table 12, language
Table 12 row 72	David Douglas Robertson	note	idem	page 19, Table 12, word
Table 12 row 72	David Douglas Robertson	translation	idem	page 19, Table 12, gloss
Table 12 row 72	David Douglas Robertson	citation	Kinkade (2004)	page 19, Table 12, source
Table 12 row 73	David Douglas Robertson	language	Quinault	page 19, Table 12, language
Table 12 row 73	Quinault	cited form	t̓ə́pn	page 19, Table 12, word
Table 12 row 73	David Douglas Robertson	translation	‘patching it’	page 19, Table 12, gloss
Table 12 row 73	David Douglas Robertson	citation	Modrow ([1971])	page 19, Table 12, source
Table 12 row 74	David Douglas Robertson	language	ɬəw̓ál̓məš	page 19, Table 12, language
Table 12 row 74	Lower Chehalis	cited form	t̓ə́pšn	page 19, Table 12, word
Table 12 row 74	David Douglas Robertson	translation	‘to patch (a canoe or clothes)’	page 19, Table 12, gloss
Table 12 row 74	David Douglas Robertson	citation	ELjh1942.18.361	page 19, Table 12, source
Table 12 row 75	David Douglas Robertson	language	Chinook Jargon	page 19, Table 12, language
Table 12 row 75	Chinook Jargon	cited form	x̣íləməɬ	page 19, Table 12, word
Table 12 row 75	David Douglas Robertson	translation	‘work’	page 19, Table 12, gloss
Table 12 row 75	David Douglas Robertson	citation	CWDP (2012)	page 19, Table 12, source
Table 12 row 76	David Douglas Robertson	language	Chinookan	page 19, Table 12, language
Table 12 row 76	Chinookan	cited form	-xučkən	page 19, Table 12, word
Table 12 row 76	David Douglas Robertson	translation	idem	page 19, Table 12, gloss
Table 12 row 76	David Douglas Robertson	citation	Boas (1910:600)	page 19, Table 12, source
Table 12 row 77	David Douglas Robertson	language	Upper Chehalis	page 19, Table 12, language
Table 12 row 77	Upper Chehalis	cited form	yús	page 19, Table 12, word
Table 12 row 77	David Douglas Robertson	translation	idem	page 19, Table 12, gloss
Table 12 row 77	David Douglas Robertson	citation	Kinkade (1991)	page 19, Table 12, source
Table 12 row 78	David Douglas Robertson	language	Cowlitz	page 19, Table 12, language
Table 12 row 78	Cowlitz	cited form	yayús	page 19, Table 12, word
Table 12 row 78	David Douglas Robertson	translation	idem	page 19, Table 12, gloss
Table 12 row 78	David Douglas Robertson	citation	Kinkade (2004)	page 19, Table 12, source
Table 12 row 79	David Douglas Robertson	language	ɬəw̓ál̓məš	page 19, Table 12, language
Table 12 row 79	Lower Chehalis	cited form	x̣íl̓məɬ	page 19, Table 12, word
Table 12 row 79	David Douglas Robertson	translation	idem	page 19, Table 12, gloss
Table 12 row 79	David Douglas Robertson	citation	ELjh1942.18.386	page 19, Table 12, source
Table 12 row 80	David Douglas Robertson	language	Quinault	page 19, Table 12, language
Table 12 row 80	David Douglas Robertson	note	idem	page 19, Table 12, word
Table 12 row 80	David Douglas Robertson	translation	idem	page 19, Table 12, gloss
Table 12 row 80	David Douglas Robertson	citation	Modrow ([1971])	page 19, Table 12, source
Table 12 row 81	David Douglas Robertson	language	Chinook Jargon	page 19, Table 12, language
Table 12 row 81	Chinook Jargon	cited form	yə́nəs	page 19, Table 12, word
Table 12 row 81	David Douglas Robertson	translation	‘tooth’	page 19, Table 12, gloss
Table 12 row 81	David Douglas Robertson	citation	CWDP (2012)	page 19, Table 12, source
Table 12 row 82	David Douglas Robertson	language	Chinookan	page 19, Table 12, language
Table 12 row 82	Chinookan	cited form	-ačx̣	page 19, Table 12, word
Table 12 row 82	David Douglas Robertson	translation	idem	page 19, Table 12, gloss
Table 12 row 82	David Douglas Robertson	citation	Boas (1910:601)	page 19, Table 12, source
Table 12 row 83	David Douglas Robertson	language	Upper Chehalis	page 19, Table 12, language
Table 12 row 83	Upper Chehalis	cited form	yə́ns	page 19, Table 12, word
Table 12 row 83	David Douglas Robertson	translation	idem	page 19, Table 12, gloss
Table 12 row 83	David Douglas Robertson	citation	Kinkade (1991)	page 19, Table 12, source
Table 12 row 84	David Douglas Robertson	language	Cowlitz	page 19, Table 12, language
Table 12 row 84	David Douglas Robertson	note	idem	page 19, Table 12, word
Table 12 row 84	David Douglas Robertson	translation	idem	page 19, Table 12, gloss
Table 12 row 84	David Douglas Robertson	citation	Kinkade (2004)	page 19, Table 12, source
Table 12 row 85	David Douglas Robertson	language	Quinault	page 19, Table 12, language
Table 12 row 85	Quinault	cited form	ǰə́ns	page 19, Table 12, word
Table 12 row 85	David Douglas Robertson	translation	idem	page 19, Table 12, gloss
Table 12 row 85	David Douglas Robertson	citation	Modrow ([1971])	page 19, Table 12, source
Table 12 row 86	David Douglas Robertson	language	ɬəw̓ál̓məš	page 19, Table 12, language
Table 12 row 86	Lower Chehalis	cited form	yə́n̓əs	page 19, Table 12, word
Table 12 row 86	David Douglas Robertson	translation	idem	page 19, Table 12, gloss
Table 12 row 86	David Douglas Robertson	citation	NBmk19670405.66	page 19, Table 12, source
Table 12	David Douglas Robertson	note	language word gloss source	page 20, heads the columns
Table 12 row 87	David Douglas Robertson	language	Chinook Jargon	page 20, Table 12, language
Table 12 row 87	Chinook Jargon	cited form	c̓íkʷt	page 20, Table 12, word
Table 12 row 87	David Douglas Robertson	translation	‘light, lamp’	page 20, Table 12, gloss
Table 12 row 87	David Douglas Robertson	citation	ELjh1942.18.370	page 20, Table 12, source
Table 12 row 88	David Douglas Robertson	language	Chinookan	page 20, Table 12, language
Table 12 row 88	Chinookan	cited form	wax̣	page 20, Table 12, word
Table 12 row 88	David Douglas Robertson	translation	‘light, set afire’	page 20, Table 12, gloss
Table 12 row 88	David Douglas Robertson	citation	Boas (1910:631)	page 20, Table 12, source
Table 12 row 89	David Douglas Robertson	language	Upper Chehalis	page 20, Table 12, language
Table 12 row 89	Upper Chehalis	cited form	sqal̓ə́x̣	page 20, Table 12, word
Table 12 row 89	David Douglas Robertson	translation	‘light’	page 20, Table 12, gloss
Table 12 row 89	David Douglas Robertson	citation	Kinkade (1991)	page 20, Table 12, source
Table 12 row 90	Upper Chehalis	cited form	sk̓ʷə́ł	page 20, Table 12, word
Table 12 row 90	David Douglas Robertson	translation	idem	page 20, Table 12, gloss
Table 12 row 90	David Douglas Robertson	citation	(ibid.)	page 20, Table 12, source
Table 12 row 91	Upper Chehalis	cited form	qʷal̓íłtn	page 20, Table 12, word
Table 12 row 91	David Douglas Robertson	translation	‘lamp’	page 20, Table 12, gloss
Table 12 row 91	David Douglas Robertson	citation	(ibid.)	page 20, Table 12, source
Table 12 row 92	David Douglas Robertson	language	Cowlitz	page 20, Table 12, language
Table 12 row 92	Cowlitz	cited form	q̓éx̣am̓łtn̓	page 20, Table 12, word
Table 12 row 92	David Douglas Robertson	translation	‘light, candle, torch’	page 20, Table 12, gloss
Table 12 row 92	David Douglas Robertson	citation	Kinkade (2004)	page 20, Table 12, source
Table 12 row 93	David Douglas Robertson	language	Quinault	page 20, Table 12, language
Table 12 row 93	Quinault	cited form	ǰə́x̣uł	page 20, Table 12, word
Table 12 row 93	David Douglas Robertson	translation	‘light, daylight’	page 20, Table 12, gloss
Table 12 row 93	David Douglas Robertson	citation	Modrow ([1971])	page 20, Table 12, source
Table 12 row 94	David Douglas Robertson	language	ɬəw̓ál̓məš	page 20, Table 12, language
Table 12 row 94	Lower Chehalis	cited form	c̓íkʷt	page 20, Table 12, word
Table 12 row 94	David Douglas Robertson	translation	‘light’	page 20, Table 12, gloss
Table 12 row 94	David Douglas Robertson	citation	NBcs19670512.293	page 20, Table 12, source
Table 12 row 95	David Douglas Robertson	language	Chinook Jargon	page 20, Table 12, language
Table 12 row 95	Chinook Jargon	cited form	ʔápcit	page 20, Table 12, word
Table 12 row 95	David Douglas Robertson	translation	‘rudder’	page 20, Table 12, gloss
Table 12 row 95	David Douglas Robertson	citation	CWDP (2012)	page 20, Table 12, source
Table 12 row 96	David Douglas Robertson	language	Chinookan	page 20, Table 12, language
Table 12 row 96	David Douglas Robertson	note	?	page 20, Table 12, word
Table 12 row 97	David Douglas Robertson	language	Upper Chehalis	page 20, Table 12, language
Table 12 row 97	Upper Chehalis	cited form	ʔápct	page 20, Table 12, word
Table 12 row 97	David Douglas Robertson	translation	‘stern of a canoe, front seat of a car’	page 20, Table 12, gloss
Table 12 row 97	David Douglas Robertson	citation	Kinkade (1991)	page 20, Table 12, source
Table 12 row 98	David Douglas Robertson	language	Quinault	page 20, Table 12, language
Table 12 row 98	Quinault	cited form	łáʔxʷəc	page 20, Table 12, word
Table 12 row 98	David Douglas Robertson	translation	‘stern, the hind part of a canoe’	page 20, Table 12, gloss
Table 12 row 98	David Douglas Robertson	citation	Modrow ([1971])	page 20, Table 12, source
Table 12 row 99	David Douglas Robertson	language	ɬəw̓ál̓məš	page 20, Table 12, language
Table 12 row 99	Lower Chehalis	cited form	ʔácan (?)	page 20, Table 12, word
Table 12 row 99	David Douglas Robertson	translation	‘canoe stern’	page 20, Table 12, gloss
Table 12 row 99	David Douglas Robertson	citation	CCfb1890.6	page 20, Table 12, source
Table 12 row 100	David Douglas Robertson	language	Chinook Jargon	page 20, Table 12, language
Table 12 row 100	Chinook Jargon	cited form	púq̓ʷəl̓əs	page 20, Table 12, word
Table 12 row 100	David Douglas Robertson	translation	‘housefly’	page 20, Table 12, gloss
Table 12 row 100	David Douglas Robertson	citation	ELjh1942.18.398	page 20, Table 12, source
Table 12 row 101	David Douglas Robertson	language	Chinookan	page 20, Table 12, language
Table 12 row 101	Chinookan	cited form	<e-bóts-kun>	page 20, Table 12, word
Table 12 row 101	David Douglas Robertson	translation	idem	page 20, Table 12, gloss
Table 12 row 101	David Douglas Robertson	citation	Gibbs (1863b)	page 20, Table 12, source
Table 12 row 102	David Douglas Robertson	language	Upper Chehalis	page 20, Table 12, language
Table 12 row 102	Upper Chehalis	cited form	x̣ʷay̓úx̣ʷaʔ	page 20, Table 12, word
Table 12 row 102	David Douglas Robertson	translation	idem	page 20, Table 12, gloss
Table 12 row 102	David Douglas Robertson	citation	Kinkade (1991)	page 20, Table 12, source
Table 12 row 103	Upper Chehalis	cited form	púw̓s	page 20, Table 12, word
Table 12 row 103	David Douglas Robertson	translation	‘a fly in mountains’	page 20, Table 12, gloss
Table 12 row 103	David Douglas Robertson	citation	(ibid.)	page 20, Table 12, source
Table 12 row 104	David Douglas Robertson	language	Cowlitz	page 20, Table 12, language
Table 12 row 104	Cowlitz	cited form	cáwłkax̣a	page 20, Table 12, word
Table 12 row 104	David Douglas Robertson	translation	‘fly (n.)’	page 20, Table 12, gloss
Table 12 row 104	David Douglas Robertson	citation	Kinkade (2004)	page 20, Table 12, source
Table 12 row 105	David Douglas Robertson	language	Quinault	page 20, Table 12, language
Table 12 row 105	Quinault	cited form	p̓áhk̓əs	page 20, Table 12, word
Table 12 row 105	David Douglas Robertson	translation	‘fly’	page 20, Table 12, gloss
Table 12 row 105	David Douglas Robertson	citation	Modrow ([1971])	page 20, Table 12, source
Table 12 row 106	David Douglas Robertson	language	ɬəw̓ál̓məš	page 20, Table 12, language
Table 12 row 106	Lower Chehalis	cited form	p̓ə́qʷl̓s	page 20, Table 12, word
Table 12 row 106	David Douglas Robertson	translation	idem	page 20, Table 12, gloss
Table 12 row 106	David Douglas Robertson	citation	ELjh1942.18.294	page 20, Table 12, source
Table 12 row 107	David Douglas Robertson	language	Chinook Jargon	page 20, Table 12, language
Table 12 row 107	Chinook Jargon	cited form	q̓ə́ɬ	page 20, Table 12, word
Table 12 row 107	David Douglas Robertson	translation	‘sugar’	page 20, Table 12, gloss
Table 12 row 107	David Douglas Robertson	citation	ELjh1942.18.445	page 20, Table 12, source
Table 12 row 108	David Douglas Robertson	language	Chinookan	page 20, Table 12, language
Table 12 row 108	Chinookan	cited form	<tsee>	page 20, Table 12, word
Table 12 row 108	David Douglas Robertson	translation	‘sweet’	page 20, Table 12, gloss
Table 12 row 108	David Douglas Robertson	citation	Gibbs (1863b)	page 20, Table 12, source
Table 12 row 109	Chinookan	cited form	<yat-se-bub>	page 20, Table 12, word
Table 12 row 109	David Douglas Robertson	translation	idem	page 20, Table 12, gloss
Table 12 row 109	David Douglas Robertson	citation	(ibid.)	page 20, Table 12, source
Table 12 row 110	David Douglas Robertson	language	ɬəw̓ál̓məš	page 20, Table 12, language
Table 12 row 110	Lower Chehalis	cited form	q̓ə́ɬ	page 20, Table 12, word
Table 12 row 110	David Douglas Robertson	translation	‘sweet’	page 20, Table 12, gloss
Table 12 row 110	David Douglas Robertson	citation	LHcs19670619.841	page 20, Table 12, source
Table 12 row 111	David Douglas Robertson	language	Quinault	page 20, Table 12, language
Table 12 row 111	David Douglas Robertson	note	idem	page 20, Table 12, word
Table 12 row 111	David Douglas Robertson	translation	idem	page 20, Table 12, gloss
Table 12 row 111	David Douglas Robertson	citation	Modrow ([1971])	page 20, Table 12, source
Table 12 row 112	David Douglas Robertson	language	Upper Chehalis	page 20, Table 12, language
Table 12 row 112	David Douglas Robertson	note	idem	page 20, Table 12, word
Table 12 row 112	David Douglas Robertson	translation	idem	page 20, Table 12, gloss
Table 12 row 112	David Douglas Robertson	citation	Kinkade (1991)	page 20, Table 12, source
Table 12 row 113	David Douglas Robertson	language	Cowlitz	page 20, Table 12, language
Table 12 row 113	David Douglas Robertson	note	idem	page 20, Table 12, word
Table 12 row 113	David Douglas Robertson	translation	idem	page 20, Table 12, gloss
Table 12 row 113	David Douglas Robertson	citation	Kinkade (2004)	page 20, Table 12, source
Table 12 row 114	David Douglas Robertson	language	Chinook Jargon	page 20, Table 12, language
Table 12 row 114	Chinook Jargon	cited form	<smet’-ocks>	page 20, Table 12, word
Table 12 row 114	David Douglas Robertson	translation	‘large clam’	page 20, Table 12, gloss
Table 12 row 114	David Douglas Robertson	citation	Gibbs (1863a)	page 20, Table 12, source
Table 12 row 115	David Douglas Robertson	language	Chinookan	page 20, Table 12, language
Table 12 row 115	Chinookan	cited form	-iʔi	page 20, Table 12, word
Table 12 row 115	David Douglas Robertson	translation	‘mud clam’	page 20, Table 12, gloss
Table 12 row 115	David Douglas Robertson	citation	Boas (1910:598)	page 20, Table 12, source
Table 12 row 116	Chinookan	cited form	<kláb-o-wa>	page 20, Table 12, word
Table 12 row 116	David Douglas Robertson	translation	‘clam (lutraria)’	page 20, Table 12, gloss
Table 12 row 116	David Douglas Robertson	citation	Gibbs (1863b)	page 20, Table 12, source
Table 12 row 117	David Douglas Robertson	language	Upper Chehalis	page 20, Table 12, language
Table 12 row 117	Upper Chehalis	cited form	qʷáliqn	page 20, Table 12, word
Table 12 row 117	David Douglas Robertson	translation	‘horseclam’	page 20, Table 12, gloss
Table 12 row 117	David Douglas Robertson	citation	Kinkade (1991)	page 20, Table 12, source
Table 12 row 118	David Douglas Robertson	language	Cowlitz	page 20, Table 12, language
Table 12 row 118	Cowlitz	cited form	sqʷálitn	page 20, Table 12, word
Table 12 row 118	David Douglas Robertson	translation	‘large clam sp.’	page 20, Table 12, gloss
Table 12 row 118	David Douglas Robertson	citation	Kinkade (2004)	page 20, Table 12, source
Table 12 row 119	David Douglas Robertson	language	Quinault	page 20, Table 12, language
Table 12 row 119	Quinault	cited form	mət̓áqs	page 20, Table 12, word
Table 12 row 119	David Douglas Robertson	translation	‘horse clams’	page 20, Table 12, gloss
Table 12 row 119	David Douglas Robertson	citation	Modrow ([1971])	page 20, Table 12, source
Table 12 row 120	David Douglas Robertson	language	ɬəw̓ál̓məš	page 20, Table 12, language
Table 12 row 120	Lower Chehalis	cited form	smət̓áqs	page 20, Table 12, word
Table 12 row 120	David Douglas Robertson	translation	‘clam sp.’	page 20, Table 12, gloss
Table 12 row 120	David Douglas Robertson	citation	ELjh1942.18.465	page 20, Table 12, source
Table 12	David Douglas Robertson	note	language word gloss source	page 21, heads the columns
Table 12 row 121	David Douglas Robertson	language	Chinook Jargon	page 21, Table 12, language
Table 12 row 121	Chinook Jargon	cited form	<essa>	page 21, Table 12, word
Table 12 row 121	David Douglas Robertson	translation	‘to come’	page 21, Table 12, gloss
Table 12 row 121	David Douglas Robertson	citation	Gibbs (1863a)	page 21, Table 12, source
Table 12 row 122	David Douglas Robertson	language	Chinookan	page 21, Table 12, language
Table 12 row 122	Chinookan	cited form	<a-mit-e>	page 21, Table 12, word
Table 12 row 122	David Douglas Robertson	translation	idem	page 21, Table 12, gloss
Table 12 row 122	David Douglas Robertson	citation	Gibbs (1863b)	page 21, Table 12, source
Table 12 row 123	Chinookan	cited form	<bat’te>	page 21, Table 12, word
Table 12 row 123	David Douglas Robertson	translation	‘come, (imp.) to one person’	page 21, Table 12, gloss
Table 12 row 123	David Douglas Robertson	citation	(ibid.)	page 21, Table 12, source
Table 12 row 124	David Douglas Robertson	language	Upper Chehalis	page 21, Table 12, language
Table 12 row 124	Upper Chehalis	cited form	č̓ís-	page 21, Table 12, word
Table 12 row 124	David Douglas Robertson	translation	‘come’	page 21, Table 12, gloss
Table 12 row 124	David Douglas Robertson	citation	Kinkade (1991)	page 21, Table 12, source
Table 12 row 125	Upper Chehalis	cited form	néʔšaʔ	page 21, Table 12, word
Table 12 row 125	David Douglas Robertson	translation	‘come near!’	page 21, Table 12, gloss
Table 12 row 125	David Douglas Robertson	citation	(ibid.)	page 21, Table 12, source
Table 12 row 126	David Douglas Robertson	language	Cowlitz	page 21, Table 12, language
Table 12 row 126	Cowlitz	cited form	ʔís	page 21, Table 12, word
Table 12 row 126	David Douglas Robertson	translation	‘come’	page 21, Table 12, gloss
Table 12 row 126	David Douglas Robertson	citation	Kinkade (2004)	page 21, Table 12, source
Table 12 row 127	David Douglas Robertson	language	Quinault	page 21, Table 12, language
Table 12 row 127	David Douglas Robertson	note	idem	page 21, Table 12, word
Table 12 row 127	David Douglas Robertson	translation	idem	page 21, Table 12, gloss
Table 12 row 127	David Douglas Robertson	citation	Modrow [1971])	page 21, Table 12, source
Table 12 row 128	David Douglas Robertson	language	ɬəw̓ál̓məš	page 21, Table 12, language
Table 12 row 128	Lower Chehalis	cited form	ʔísaʔ	page 21, Table 12, word
Table 12 row 128	David Douglas Robertson	translation	‘come here!’	page 21, Table 12, gloss
Table 12 row 128	David Douglas Robertson	citation	ISmk19780911.108	page 21, Table 12, source
Table 12 row 129	David Douglas Robertson	language	Chinook Jargon	page 21, Table 12, language
Table 12 row 129	Chinook Jargon	cited form	<hachr>	page 21, Table 12, word
Table 12 row 129	David Douglas Robertson	translation	‘house’	page 21, Table 12, gloss
Table 12 row 129	David Douglas Robertson	citation	Swan (1857)	page 21, Table 12, source
Table 12 row 130	David Douglas Robertson	language	Chinookan	page 21, Table 12, language
Table 12 row 130	Chinookan	cited form	tqúƛi	page 21, Table 12, word
Table 12 row 130	David Douglas Robertson	translation	idem	page 21, Table 12, gloss
Table 12 row 130	David Douglas Robertson	citation	Boas (1910:568)	page 21, Table 12, source
Table 12 row 131	David Douglas Robertson	language	Cowlitz	page 21, Table 12, language
Table 12 row 131	Cowlitz	cited form	x̣áx	page 21, Table 12, word
Table 12 row 131	David Douglas Robertson	translation	idem	page 21, Table 12, gloss
Table 12 row 131	David Douglas Robertson	citation	Kinkade (2004)	page 21, Table 12, source
Table 12 row 132	David Douglas Robertson	language	Upper Chehalis	page 21, Table 12, language
Table 12 row 132	Upper Chehalis	cited form	x̣áłta	page 21, Table 12, word
Table 12 row 132	David Douglas Robertson	translation	idem	page 21, Table 12, gloss
Table 12 row 132	David Douglas Robertson	citation	Kinkade (1991)	page 21, Table 12, source
Table 12 row 133	David Douglas Robertson	language	ɬəw̓ál̓məš	page 21, Table 12, language
Table 12 row 133	Lower Chehalis	cited form	x̣áš	page 21, Table 12, word
Table 12 row 133	David Douglas Robertson	translation	idem	page 21, Table 12, gloss
Table 12 row 133	David Douglas Robertson	citation	ISmk19780914.5	page 21, Table 12, source
Table 12 row 134	David Douglas Robertson	language	Upper Chehalis	page 21, Table 12, language
Table 12 row 134	David Douglas Robertson	note	idem	page 21, Table 12, word
Table 12 row 134	David Douglas Robertson	translation	idem	page 21, Table 12, gloss
Table 12 row 134	David Douglas Robertson	citation	Kinkade (1991)	page 21, Table 12, source
Table 12 row 135	David Douglas Robertson	language	Chinook Jargon	page 21, Table 12, language
Table 12 row 135	Chinook Jargon	cited form	<scalʹla-been>	page 21, Table 12, word
Table 12 row 135	David Douglas Robertson	translation	‘rifle’	page 21, Table 12, gloss
Table 12 row 135	David Douglas Robertson	citation	Swan (1857)	page 21, Table 12, source
Table 12 row 136	David Douglas Robertson	language	Chinookan	page 21, Table 12, language
Table 12 row 136	Chinookan	cited form	<shuk-wa-lál-la>	page 21, Table 12, word
Table 12 row 136	David Douglas Robertson	translation	‘gun or musket’	page 21, Table 12, gloss
Table 12 row 136	David Douglas Robertson	citation	Gibbs (1863b)	page 21, Table 12, source
Table 12 row 137	David Douglas Robertson	language	Upper Chehalis	page 21, Table 12, language
Table 12 row 137	Upper Chehalis	cited form	<Sûllaʼipʹ>	page 21, Table 12, word
Table 12 row 137	David Douglas Robertson	translation	‘rifle’	page 21, Table 12, gloss
Table 12 row 137	David Douglas Robertson	citation	Kinkade (1991)	page 21, Table 12, source
Table 12 row 138	David Douglas Robertson	language	Quinault	page 21, Table 12, language
Table 12 row 138	Quinault	cited form	cíʔčłn	page 21, Table 12, word
Table 12 row 138	David Douglas Robertson	translation	‘gun’	page 21, Table 12, gloss
Table 12 row 138	David Douglas Robertson	citation	Modrow ([1971])	page 21, Table 12, source
Table 12 row 139	David Douglas Robertson	language	ɬəw̓ál̓məš	page 21, Table 12, language
Table 12 row 139	Lower Chehalis	cited form	skələpín	page 21, Table 12, word
Table 12 row 139	David Douglas Robertson	translation	‘rifle’	page 21, Table 12, gloss
Table 12 row 139	David Douglas Robertson	citation	ELjh1942.18.490	page 21, Table 12, source, carries footnote 26, set full size
footnote 26	David Douglas Robertson	note	This is a unique nativization of an existing CJ noun into ɬəw̓ál̓məš by the addition of the ɬəw̓ál̓məš nominalizing prefix s- (cf. Robertson 2014:123–124, CWDP 2012, s.v. karapin).	page 21, footnote 26
Table 12 row 140	David Douglas Robertson	language	Chinook Jargon	page 21, Table 12, language
Table 12 row 140	Chinook Jargon	cited form	<swaaʹwa>	page 21, Table 12, word
Table 12 row 140	David Douglas Robertson	translation	‘panther’	page 21, Table 12, gloss
Table 12 row 140	David Douglas Robertson	citation	Swan (1857)	page 21, Table 12, source
Table 12 row 141	David Douglas Robertson	language	Chinookan	page 21, Table 12, language
Table 12 row 141	Chinookan	cited form	<e-kwái-ye-wa>	page 21, Table 12, word
Table 12 row 141	David Douglas Robertson	translation	‘cougar’	page 21, Table 12, gloss
Table 12 row 141	David Douglas Robertson	citation	Gibbs (1863b)	page 21, Table 12, source
Table 12 row 142	Chinookan	cited form	-iqac̓íłak	page 21, Table 12, word
Table 12 row 142	David Douglas Robertson	translation	‘panther’	page 21, Table 12, gloss
Table 12 row 142	David Douglas Robertson	citation	Boas (1910:614)	page 21, Table 12, source
Table 12 row 143	David Douglas Robertson	language	Upper Chehalis	page 21, Table 12, language
Table 12 row 143	Upper Chehalis	cited form	swá∙wa∙	page 21, Table 12, word
Table 12 row 143	David Douglas Robertson	translation	‘cougar’	page 21, Table 12, gloss
Table 12 row 143	David Douglas Robertson	citation	Kinkade (1991)	page 21, Table 12, source
Table 12 row 144	Upper Chehalis	cited form	swáʔwaʔ	page 21, Table 12, word
Table 12 row 144	David Douglas Robertson	translation	idem	page 21, Table 12, gloss
Table 12 row 144	David Douglas Robertson	citation	(ibid.)	page 21, Table 12, source
Table 12 row 145	David Douglas Robertson	language	Cowlitz	page 21, Table 12, language
Table 12 row 145	Cowlitz	cited form	swáwaʔ	page 21, Table 12, word
Table 12 row 145	David Douglas Robertson	translation	idem	page 21, Table 12, gloss
Table 12 row 145	David Douglas Robertson	citation	Kinkade (2004)	page 21, Table 12, source
Table 12 row 146	David Douglas Robertson	language	Quinault	page 21, Table 12, language
Table 12 row 146	Quinault	cited form	gʷáʔa	page 21, Table 12, word
Table 12 row 146	David Douglas Robertson	translation	idem	page 21, Table 12, gloss
Table 12 row 146	David Douglas Robertson	citation	Modrow ([1971])	page 21, Table 12, source
Table 12 row 147	David Douglas Robertson	language	ɬəw̓ál̓məš	page 21, Table 12, language
Table 12 row 147	Lower Chehalis	cited form	swáw̓aʔ	page 21, Table 12, word
Table 12 row 147	David Douglas Robertson	translation	idem	page 21, Table 12, gloss
Table 12 row 147	David Douglas Robertson	citation	ELjh1942.17.441	page 21, Table 12, source
Table 12 row 148	David Douglas Robertson	language	Chinook Jargon	page 21, Table 12, language
Table 12 row 148	Chinook Jargon	cited form	<arts’poe>	page 21, Table 12, word
Table 12 row 148	David Douglas Robertson	translation	‘flea’	page 21, Table 12, gloss
Table 12 row 148	David Douglas Robertson	citation	Swan (1857)	page 21, Table 12, source
Table 12 row 149	David Douglas Robertson	language	Chinookan	page 21, Table 12, language
Table 12 row 149	Chinookan	cited form	<i-na-pu>	page 21, Table 12, word
Table 12 row 149	David Douglas Robertson	translation	idem	page 21, Table 12, gloss
Table 12 row 149	David Douglas Robertson	citation	Gibbs (1863b)	page 21, Table 12, source
Table 12 row 150	David Douglas Robertson	language	Upper Chehalis	page 21, Table 12, language
Table 12 row 150	Upper Chehalis	cited form	máč̓łn̓	page 21, Table 12, word
Table 12 row 150	David Douglas Robertson	translation	idem	page 21, Table 12, gloss
Table 12 row 150	David Douglas Robertson	citation	Kinkade (1991)	page 21, Table 12, source
Table 12 row 151	David Douglas Robertson	language	Cowlitz	page 21, Table 12, language
Table 12 row 151	Cowlitz	cited form	máč̓ił̓aʔ	page 21, Table 12, word
Table 12 row 151	David Douglas Robertson	translation	idem	page 21, Table 12, gloss
Table 12 row 151	David Douglas Robertson	citation	Kinkade (2004)	page 21, Table 12, source
Table 12 row 152	David Douglas Robertson	language	Quinault	page 21, Table 12, language
Table 12 row 152	Quinault	cited form	k̓ʷəšús	page 21, Table 12, word
Table 12 row 152	David Douglas Robertson	translation	idem	page 21, Table 12, gloss
Table 12 row 152	David Douglas Robertson	citation	Modrow ([1971])	page 21, Table 12, source
Table 12 row 153	David Douglas Robertson	language	ɬəw̓ál̓məš	page 21, Table 12, language
Table 12 row 153	Lower Chehalis	cited form	ʔácpuʔ	page 21, Table 12, word
Table 12 row 153	David Douglas Robertson	translation	idem	page 21, Table 12, gloss
Table 12 row 153	David Douglas Robertson	citation	ISmk19780913.85	page 21, Table 12, source
Table 12	David Douglas Robertson	note	language word gloss source	page 22, heads the columns
Table 12 row 154	David Douglas Robertson	language	Chinook Jargon	page 22, Table 12, language
Table 12 row 154	Chinook Jargon	cited form	q̓alə́p	page 22, Table 12, word
Table 12 row 154	David Douglas Robertson	translation	‘deep’	page 22, Table 12, gloss
Table 12 row 154	David Douglas Robertson	citation	CWDP (2012)	page 22, Table 12, source
Table 12 row 155	David Douglas Robertson	language	Chinookan	page 22, Table 12, language
Table 12 row 155	David Douglas Robertson	note	?	page 22, Table 12, word
Table 12 row 156	David Douglas Robertson	language	Quinault	page 22, Table 12, language
Table 12 row 156	Quinault	cited form	łúxʷ	page 22, Table 12, word
Table 12 row 156	David Douglas Robertson	translation	idem	page 22, Table 12, gloss
Table 12 row 156	David Douglas Robertson	citation	Modrow ([1971])	page 22, Table 12, source
Table 12 row 157	David Douglas Robertson	language	ɬəw̓ál̓məš	page 22, Table 12, language
Table 12 row 157	Lower Chehalis	cited form	ƛ̓ə́p	page 22, Table 12, word
Table 12 row 157	David Douglas Robertson	translation	idem	page 22, Table 12, gloss
Table 12 row 157	David Douglas Robertson	citation	Kinkade et al. (2010)	page 22, Table 12, source
Table 12 row 158	David Douglas Robertson	language	Upper Chehalis	page 22, Table 12, language
Table 12 row 158	David Douglas Robertson	note	idem	page 22, Table 12, word
Table 12 row 158	David Douglas Robertson	translation	idem	page 22, Table 12, gloss
Table 12 row 158	David Douglas Robertson	citation	Kinkade (1991)	page 22, Table 12, source
Table 12 row 159	David Douglas Robertson	language	Cowlitz	page 22, Table 12, language
Table 12 row 159	David Douglas Robertson	note	idem	page 22, Table 12, word
Table 12 row 159	David Douglas Robertson	translation	idem	page 22, Table 12, gloss
Table 12 row 159	David Douglas Robertson	citation	Kinkade (2004)	page 22, Table 12, source, carries footnote 27, set full size
footnote 27	David Douglas Robertson	note	A variant of the usual CJ form <klip>/<klep> already etymologized by Kinkade et al. (2010).	page 22, footnote 27
Table 12 row 160	David Douglas Robertson	language	Chinook Jargon	page 22, Table 12, language
Table 12 row 160	Chinook Jargon	cited form	t̓áqʰʷin	page 22, Table 12, word
Table 12 row 160	David Douglas Robertson	translation	‘lick’	page 22, Table 12, gloss
Table 12 row 160	David Douglas Robertson	citation	CWDP (2012)	page 22, Table 12, source
Table 12 row 161	David Douglas Robertson	language	Chinookan	page 22, Table 12, language
Table 12 row 161	Chinookan	cited form	-miqł	page 22, Table 12, word
Table 12 row 161	David Douglas Robertson	translation	idem	page 22, Table 12, gloss
Table 12 row 161	David Douglas Robertson	citation	Boas (1910:660)	page 22, Table 12, source
Table 12 row 162	David Douglas Robertson	language	Upper Chehalis	page 22, Table 12, language
Table 12 row 162	Upper Chehalis	cited form	t̓áqʷn	page 22, Table 12, word
Table 12 row 162	David Douglas Robertson	translation	‘lick (tr.)’	page 22, Table 12, gloss
Table 12 row 162	David Douglas Robertson	citation	Kinkade (1991)	page 22, Table 12, source
Table 12 row 163	David Douglas Robertson	language	Cowlitz	page 22, Table 12, language
Table 12 row 163	Cowlitz	cited form	t̓áqʷn	page 22, Table 12, word
Table 12 row 163	David Douglas Robertson	translation	‘lick, lap’	page 22, Table 12, gloss
Table 12 row 163	David Douglas Robertson	citation	Kinkade (2004)	page 22, Table 12, source
Table 12 row 164	David Douglas Robertson	language	Quinault	page 22, Table 12, language
Table 12 row 164	Quinault	cited form	t̓áqsʔaʔ	page 22, Table 12, word
Table 12 row 164	David Douglas Robertson	translation	‘to lick (off a dish)’	page 22, Table 12, gloss
Table 12 row 164	David Douglas Robertson	citation	Modrow ([1971])	page 22, Table 12, source
Table 12 row 165	David Douglas Robertson	language	ɬəw̓ál̓məš	page 22, Table 12, language
Table 12 row 165	Lower Chehalis	cited form	t̓áqʷn	page 22, Table 12, word
Table 12 row 165	David Douglas Robertson	translation	‘to lick (with tongue)’	page 22, Table 12, gloss
Table 12 row 165	David Douglas Robertson	citation	LHcs19670619.528	page 22, Table 12, source
§3	David Douglas Robertson	note	The remainder are certainly at least Tsamosan and, for multiple reasons, more plausibly from ɬəw̓ál̓məš than from Upper Chehalis, Quinault, or Cowlitz. Of these, typically it is ɬəw̓ál̓məš that provides the closest phonological and semantic match. It is also the language geographically closest to where each word was first documented – Grand Ronde, Oregon, in most cases. As shown in Table 13, minor differences of form from known ɬəw̓ál̓məš words characterize several of these. (Phonological differences observed between the source and pidgin languages – such as q̓~k̓ variability, attrition of labiality in stop codas, and addition or removal of glottality – are typical for the pidgin, as a glance through the etymologies in CWDP 2012 proves.)	page 22
§3	Lower Chehalis	cited form	q̓~k̓	page 22, in italics
Table 13	David Douglas Robertson	note	Table 13 CJ < ɬəw̓ál̓məš (probable, with slight mutations)	page 23, the caption
Table 13	David Douglas Robertson	note	language word gloss source	page 23, heads the columns
Table 13 row 1	David Douglas Robertson	language	Chinook Jargon	page 23, Table 13, language
Table 13 row 1	Chinook Jargon	cited form	k̓wíshən	page 23, Table 13, word
Table 13 row 1	David Douglas Robertson	translation	‘toast’	page 23, Table 13, gloss
Table 13 row 1	David Douglas Robertson	citation	CWDP (2012)	page 23, Table 13, source
Table 13 row 2	David Douglas Robertson	language	Chinookan	page 23, Table 13, language
Table 13 row 2	Chinookan	cited form	-kčkt	page 23, Table 13, word
Table 13 row 2	David Douglas Robertson	translation	‘roast’	page 23, Table 13, gloss
Table 13 row 2	David Douglas Robertson	citation	Boas (1910:569)	page 23, Table 13, source
Table 13 row 3	Chinookan	cited form	-ləkč	page 23, Table 13, word
Table 13 row 3	David Douglas Robertson	translation	idem	page 23, Table 13, gloss
Table 13 row 3	David Douglas Robertson	citation	Boas (1910:650)	page 23, Table 13, source
Table 13 row 4	David Douglas Robertson	language	Upper Chehalis	page 23, Table 13, language
Table 13 row 4	Upper Chehalis	cited form	caqáʔn	page 23, Table 13, word
Table 13 row 4	David Douglas Robertson	translation	‘stick for roasting’	page 23, Table 13, gloss
Table 13 row 4	David Douglas Robertson	citation	Kinkade (1991)	page 23, Table 13, source
Table 13 row 5	Upper Chehalis	cited form	<kʹ lk∙ l>	page 23, Table 13, word
Table 13 row 5	David Douglas Robertson	translation	‘when putting salmon on a roasting stick’	page 23, Table 13, gloss
Table 13 row 5	David Douglas Robertson	citation	Kinkade (1991)	page 23, Table 13, source
Table 13 row 6	David Douglas Robertson	language	Cowlitz	page 23, Table 13, language
Table 13 row 6	Cowlitz	cited form	<tawaʹshweyə>	page 23, Table 13, word
Table 13 row 6	David Douglas Robertson	translation	‘roasting stick’	page 23, Table 13, gloss
Table 13 row 6	David Douglas Robertson	citation	Kinkade (2004)	page 23, Table 13, source
Table 13 row 7	David Douglas Robertson	language	Quinault	page 23, Table 13, language
Table 13 row 7	Quinault	cited form	xʷásatm	page 23, Table 13, word
Table 13 row 7	David Douglas Robertson	translation	‘burning hair (of a seal) or roast’	page 23, Table 13, gloss
Table 13 row 7	David Douglas Robertson	citation	Modrow ([1971])	page 23, Table 13, source
Table 13 row 8	Quinault	cited form	q̓ʷúlim	page 23, Table 13, word
Table 13 row 8	David Douglas Robertson	translation	‘roast by fire’	page 23, Table 13, gloss
Table 13 row 8	David Douglas Robertson	citation	(ibid.)	page 23, Table 13, source
Table 13 row 9	Quinault	cited form	čəlíšstəq	page 23, Table 13, word
Table 13 row 9	David Douglas Robertson	translation	‘roast’	page 23, Table 13, gloss
Table 13 row 9	David Douglas Robertson	citation	(ibid.)	page 23, Table 13, source
Table 13 row 10	David Douglas Robertson	language	ɬəw̓ál̓məš	page 23, Table 13, language
Table 13 row 10	Lower Chehalis	cited form	q̓ʷəšy̓əps	page 23, Table 13, word
Table 13 row 10	David Douglas Robertson	translation	idem	page 23, Table 13, gloss
Table 13 row 10	David Douglas Robertson	citation	LHcs19670619.574	page 23, Table 13, source
Table 13 row 11	David Douglas Robertson	language	Chinook Jargon	page 23, Table 13, language
Table 13 row 11	Chinook Jargon	cited form	pálaks	page 23, Table 13, word
Table 13 row 11	David Douglas Robertson	translation	‘penis’	page 23, Table 13, gloss
Table 13 row 11	David Douglas Robertson	citation	CWDP (2012)	page 23, Table 13, source
Table 13 row 12	David Douglas Robertson	language	Chinookan	page 23, Table 13, language
Table 13 row 12	David Douglas Robertson	note	?	page 23, Table 13, word
Table 13 row 13	David Douglas Robertson	language	Cowlitz	page 23, Table 13, language
Table 13 row 13	Cowlitz	cited form	səxʷáy̓mini	page 23, Table 13, word
Table 13 row 13	David Douglas Robertson	translation	‘his penis’	page 23, Table 13, gloss
Table 13 row 13	David Douglas Robertson	citation	Kinkade (2004)	page 23, Table 13, source
Table 13 row 14	David Douglas Robertson	language	ɬəw̓ál̓məš	page 23, Table 13, language
Table 13 row 14	Lower Chehalis	cited form	spə́lq	page 23, Table 13, word
Table 13 row 14	David Douglas Robertson	translation	idem	page 23, Table 13, gloss
Table 13 row 14	David Douglas Robertson	citation	BCmk19670511.17	page 23, Table 13, source
Table 13 row 15	David Douglas Robertson	language	Upper Chehalis	page 23, Table 13, language
Table 13 row 15	David Douglas Robertson	note	idem	page 23, Table 13, word
Table 13 row 15	David Douglas Robertson	translation	idem	page 23, Table 13, gloss
Table 13 row 15	David Douglas Robertson	citation	Kinkade (1991)	page 23, Table 13, source
Table 13 row 16	David Douglas Robertson	language	Chinook Jargon	page 23, Table 13, language
Table 13 row 16	Chinook Jargon	cited form	q̓óka	page 23, Table 13, word
Table 13 row 16	David Douglas Robertson	translation	‘choke’	page 23, Table 13, gloss
Table 13 row 16	David Douglas Robertson	citation	CWDP (2012)	page 23, Table 13, source
Table 13 row 17	David Douglas Robertson	language	Chinookan	page 23, Table 13, language
Table 13 row 17	Chinookan	cited form	-č̓ikč̓ik	page 23, Table 13, word
Table 13 row 17	David Douglas Robertson	translation	‘almost choked’	page 23, Table 13, gloss
Table 13 row 17	David Douglas Robertson	citation	Boas (1910:632)	page 23, Table 13, source
Table 13 row 18	David Douglas Robertson	language	Upper Chehalis	page 23, Table 13, language
Table 13 row 18	Upper Chehalis	cited form	qə́q-	page 23, Table 13, word
Table 13 row 18	David Douglas Robertson	translation	‘choke’	page 23, Table 13, gloss
Table 13 row 18	David Douglas Robertson	citation	Kinkade (1991)	page 23, Table 13, source
Table 13 row 19	Upper Chehalis	cited form	míc̓łnali-	page 23, Table 13, word
Table 13 row 19	David Douglas Robertson	translation	idem	page 23, Table 13, gloss
Table 13 row 19	David Douglas Robertson	citation	(ibid.)	page 23, Table 13, source
Table 13 row 20	David Douglas Robertson	language	Cowlitz	page 23, Table 13, language
Table 13 row 20	Cowlitz	cited form	qíqłn	page 23, Table 13, word
Table 13 row 20	David Douglas Robertson	translation	‘choke, hang’	page 23, Table 13, gloss
Table 13 row 20	David Douglas Robertson	citation	Kinkade (2004)	page 23, Table 13, source
Table 13 row 21	Cowlitz	cited form	k̓ʷuk̓ʷápsm	page 23, Table 13, word
Table 13 row 21	David Douglas Robertson	translation	‘choke, stick in the throat’	page 23, Table 13, gloss
Table 13 row 21	David Douglas Robertson	citation	(ibid.)	page 23, Table 13, source
Table 13 row 22	David Douglas Robertson	language	Quinault	page 23, Table 13, language
Table 13 row 22	Quinault	cited form	qáq	page 23, Table 13, word
Table 13 row 22	David Douglas Robertson	translation	‘to choke’	page 23, Table 13, gloss
Table 13 row 22	David Douglas Robertson	citation	Modrow ([1971])	page 23, Table 13, source
Table 13 row 23	David Douglas Robertson	language	ɬəw̓ál̓məš	page 23, Table 13, language
Table 13 row 23	Lower Chehalis	cited form	qə́q	page 23, Table 13, word
Table 13 row 23	David Douglas Robertson	translation	‘choke (on s.t.)’	page 23, Table 13, gloss
Table 13 row 23	David Douglas Robertson	citation	ISmk19781015.46	page 23, Table 13, source
Table 13 row 24	David Douglas Robertson	language	Chinook Jargon	page 23, Table 13, language
Table 13 row 24	Chinook Jargon	cited form	t̓ɬáx̣an[-]hæn	page 23, Table 13, word
Table 13 row 24	David Douglas Robertson	translation	‘deadbeat’	page 23, Table 13, gloss
Table 13 row 24	David Douglas Robertson	citation	CWDP (2012)	page 23, Table 13, source
Table 13 row 25	David Douglas Robertson	language	Chinookan	page 23, Table 13, language
Table 13 row 25	Chinookan	cited form	q̓am	page 23, Table 13, word
Table 13 row 25	David Douglas Robertson	translation	‘lazy’	page 23, Table 13, gloss
Table 13 row 25	David Douglas Robertson	citation	Boas (1910:632)	page 23, Table 13, source
Table 13 row 26	David Douglas Robertson	language	Upper Chehalis	page 23, Table 13, language
Table 13 row 26	Upper Chehalis	cited form	ƛ̓á∙x̣an-	page 23, Table 13, word
Table 13 row 26	David Douglas Robertson	translation	‘hunt’	page 23, Table 13, gloss
Table 13 row 26	David Douglas Robertson	citation	Kinkade (1991)	page 23, Table 13, source
Table 13 row 27	David Douglas Robertson	language	Cowlitz	page 23, Table 13, language
Table 13 row 27	Cowlitz	cited form	ƛ̓á∙x̣anm	page 23, Table 13, word
Table 13 row 27	David Douglas Robertson	translation	‘hunt (game), go hunting’	page 23, Table 13, gloss
Table 13 row 27	David Douglas Robertson	citation	Kinkade (2004)	page 23, Table 13, source
Table 13 row 28	David Douglas Robertson	language	Quinault	page 23, Table 13, language
Table 13 row 28	Quinault	cited form	ƛ̓ác̓ym	page 23, Table 13, word
Table 13 row 28	David Douglas Robertson	translation	‘to hunt’	page 23, Table 13, gloss
Table 13 row 28	David Douglas Robertson	citation	Modrow ([1971])	page 23, Table 13, source
Table 13 row 29	David Douglas Robertson	language	ɬəw̓ál̓məš	page 23, Table 13, language
Table 13 row 29	Lower Chehalis	cited form	sƛ̓áʔhnm	page 23, Table 13, word
Table 13 row 29	David Douglas Robertson	translation	‘they went out hunting’	page 23, Table 13, gloss
Table 13 row 29	David Douglas Robertson	citation	ELjh1942.17.46	page 23, Table 13, source, carries footnote 28
footnote 28	David Douglas Robertson	note	CWDP (2012) suggests that the element -hæn here may be from English ‘hand’, as if the CW word connoted ‘hunting for a handout’; compare the semantics of the first group of words in Table 11. For the simplification of coda clusters of nasal + obstruent, compare CW win ‘wind; breath’ (CWDP 2012).	page 23, footnote 28
footnote 28	Chinook Jargon	cited form	-hæn	page 23, in italics
Table 13	David Douglas Robertson	note	language word gloss source	page 24, heads the columns
Table 13 row 30	David Douglas Robertson	language	Chinook Jargon	page 24, Table 13, language
Table 13 row 30	Chinook Jargon	cited form	c̓íq̓šət	page 24, Table 13, word
Table 13 row 30	David Douglas Robertson	translation	‘brass, copper’	page 24, Table 13, gloss
Table 13 row 30	David Douglas Robertson	citation	ELjh1942.18.409	page 24, Table 13, source
Table 13 row 31	David Douglas Robertson	language	Chinookan	page 24, Table 13, language
Table 13 row 31	Chinookan	cited form	iqik̓ə́s	page 24, Table 13, word
Table 13 row 31	David Douglas Robertson	translation	‘brass’	page 24, Table 13, gloss
Table 13 row 31	David Douglas Robertson	citation	Boas (1910:613)	page 24, Table 13, source
Table 13 row 32	Chinookan	cited form	iwax̣úmi	page 24, Table 13, word
Table 13 row 32	David Douglas Robertson	translation	‘copper’	page 24, Table 13, gloss
Table 13 row 32	David Douglas Robertson	citation	Boas (1910:616)	page 24, Table 13, source
Table 13 row 33	David Douglas Robertson	language	Upper Chehalis	page 24, Table 13, language
Table 13 row 33	Upper Chehalis	cited form	<qweʹqᴇtstᴇkan>	page 24, Table 13, word
Table 13 row 33	David Douglas Robertson	translation	idem	page 24, Table 13, gloss
Table 13 row 33	David Douglas Robertson	citation	Kinkade (1991)	page 24, Table 13, source
Table 13 row 34	David Douglas Robertson	language	Cowlitz	page 24, Table 13, language
Table 13 row 34	Cowlitz	cited form	<.tskwe’.kᵘ>	page 24, Table 13, word
Table 13 row 34	David Douglas Robertson	translation	idem	page 24, Table 13, gloss
Table 13 row 34	David Douglas Robertson	citation	Kinkade (2004)	page 24, Table 13, source
Table 13 row 35	David Douglas Robertson	language	ɬəw̓ál̓məš	page 24, Table 13, language
Table 13 row 35	Lower Chehalis	cited form	c̓íq	page 24, Table 13, word
Table 13 row 35	David Douglas Robertson	translation	‘red’	page 24, Table 13, gloss
Table 13 row 35	David Douglas Robertson	citation	ISmk19781014.63̄	page 24, Table 13, source
Table 13 row 36	David Douglas Robertson	language	Quinault	page 24, Table 13, language
Table 13 row 36	Quinault	cited form	ƛ̓ámšət	page 24, Table 13, word
Table 13 row 36	David Douglas Robertson	translation	‘brass’	page 24, Table 13, gloss
Table 13 row 36	David Douglas Robertson	citation	Modrow ([1971])	page 24, Table 13, source
Table 13 row 37	David Douglas Robertson	language	Chinook Jargon	page 24, Table 13, language
Table 13 row 37	Chinook Jargon	cited form	qiwc̓íkʷt	page 24, Table 13, word
Table 13 row 37	David Douglas Robertson	translation	‘candle’	page 24, Table 13, gloss
Table 13 row 37	David Douglas Robertson	citation	ELjh1942.18.430	page 24, Table 13, source
Table 13 row 38	David Douglas Robertson	language	Chinookan	page 24, Table 13, language
Table 13 row 38	David Douglas Robertson	note	?	page 24, Table 13, word
Table 13 row 39	David Douglas Robertson	language	Cowlitz	page 24, Table 13, language
Table 13 row 39	Cowlitz	cited form	q̓éx̣am̓łtn̓	page 24, Table 13, word
Table 13 row 39	David Douglas Robertson	translation	idem	page 24, Table 13, gloss
Table 13 row 39	David Douglas Robertson	citation	Kinkade (2004)	page 24, Table 13, source
Table 13 row 40	David Douglas Robertson	language	Quinault	page 24, Table 13, language
Table 13 row 40	Quinault	cited form	síwqtn	page 24, Table 13, word
Table 13 row 40	David Douglas Robertson	translation	idem	page 24, Table 13, gloss
Table 13 row 40	David Douglas Robertson	citation	Modrow ([1971])	page 24, Table 13, source
Table 13 row 41	David Douglas Robertson	language	ɬəw̓ál̓məš	page 24, Table 13, language
Table 13 row 41	Lower Chehalis	cited form	qíxʷ	page 24, Table 13, word
Table 13 row 41	David Douglas Robertson	translation	‘lard (fat)’	page 24, Table 13, gloss
Table 13 row 41	David Douglas Robertson	citation	NBcs19670405.87	page 24, Table 13, source
Table 13 row 42	Lower Chehalis	cited form	c̓íkʷt	page 24, Table 13, word
Table 13 row 42	David Douglas Robertson	translation	‘light’	page 24, Table 13, gloss
Table 13 row 42	David Douglas Robertson	citation	NBcs19670512.293	page 24, Table 13, source, carries footnote 29
footnote 29	David Douglas Robertson	note	The alternation w>xʷ is not frequent in ɬəw̓ál̓məš, but the semantics here exactly correspond with CJ’s widely documented klís-pʰáya ‘candle’, literally ‘fat-fire/light’ (cf. CWDP 2012 s.v. klis).	page 24, footnote 29
footnote 29	Lower Chehalis	cited form	w>xʷ	page 24, in italics
footnote 29	Chinook Jargon	cited form	klís-pʰáya	page 24, in italics, ‘candle’
Table 13 row 43	David Douglas Robertson	language	Chinook Jargon	page 24, Table 13, language
Table 13 row 43	Chinook Jargon	cited form	<tsole-pat>	page 24, Table 13, word
Table 13 row 43	David Douglas Robertson	translation	‘shot-pouch’	page 24, Table 13, gloss
Table 13 row 43	David Douglas Robertson	citation	Gibbs (1863a)	page 24, Table 13, source
Table 13 row 44	David Douglas Robertson	language	Chinookan	page 24, Table 13, language
Table 13 row 44	Chinookan	cited form	<e-kwald>	page 24, Table 13, word
Table 13 row 44	David Douglas Robertson	translation	idem	page 24, Table 13, gloss
Table 13 row 44	David Douglas Robertson	citation	Gibbs (1863b)	page 24, Table 13, source
Table 13 row 45	Chinookan	cited form	<o-bá-hwai>	page 24, Table 13, word
Table 13 row 45	David Douglas Robertson	translation	idem	page 24, Table 13, gloss
Table 13 row 45	David Douglas Robertson	citation	(ibid.)	page 24, Table 13, source
Table 13 row 46	Chinookan	cited form	-maq	page 24, Table 13, word
Table 13 row 46	David Douglas Robertson	translation	‘the act of shooting’	page 24, Table 13, gloss
Table 13 row 46	David Douglas Robertson	citation	Boas (1910:672)	page 24, Table 13, source
Table 13 row 47	David Douglas Robertson	language	Upper Chehalis	page 24, Table 13, language
Table 13 row 47	Upper Chehalis	cited form	síłtn	page 24, Table 13, word
Table 13 row 47	David Douglas Robertson	translation	‘bullet-bag’	page 24, Table 13, gloss
Table 13 row 47	David Douglas Robertson	citation	Kinkade (1991)	page 24, Table 13, source
Table 13 row 48	Upper Chehalis	cited form	síł	page 24, Table 13, word
Table 13 row 48	David Douglas Robertson	translation	‘bullet, lead, arrow’	page 24, Table 13, gloss
Table 13 row 48	David Douglas Robertson	citation	(ibid.)	page 24, Table 13, source
Table 13 row 49	Upper Chehalis	cited form	<Nauwals>	page 24, Table 13, word
Table 13 row 49	David Douglas Robertson	translation	‘bullet, lead’	page 24, Table 13, gloss
Table 13 row 49	David Douglas Robertson	citation	(ibid.)	page 24, Table 13, source
Table 13 row 50	David Douglas Robertson	language	Cowlitz	page 24, Table 13, language
Table 13 row 50	Cowlitz	cited form	síł	page 24, Table 13, word
Table 13 row 50	David Douglas Robertson	translation	‘bullet, bullets, shell, shells, gunpowder’	page 24, Table 13, gloss
Table 13 row 50	David Douglas Robertson	citation	Kinkade (2004)	page 24, Table 13, source
Table 13 row 51	David Douglas Robertson	language	Quinault	page 24, Table 13, language
Table 13 row 51	Quinault	cited form	séʔič	page 24, Table 13, word
Table 13 row 51	David Douglas Robertson	translation	‘shot (n.)’	page 24, Table 13, gloss
Table 13 row 51	David Douglas Robertson	citation	Modrow ([1971])	page 24, Table 13, source
Table 13 row 52	David Douglas Robertson	language	ɬəw̓ál̓məš	page 24, Table 13, language
Table 13 row 52	Lower Chehalis	cited form	c̓ulə́p	page 24, Table 13, word
Table 13 row 52	David Douglas Robertson	translation	‘round’	page 24, Table 13, gloss
Table 13 row 52	David Douglas Robertson	citation	Kinkade et al. (2010)	page 24, Table 13, source, carries footnote 30
footnote 30	David Douglas Robertson	note	Emma Luscier, in her 1942 reelicitations of Chinook Jargon with J.P. Harrington, did not recognize CJ tsole-pat, but volunteered ɬəw̓ál̓məš ɬən̓ál̓st̓ ‘bullet bag’. This word turns out to be an approximate synonym of the first, cf. Upper Chehalis √ɬə́n ‘receptacle’ (used as the first member in compounds), =ál(=)s ‘round things’, and =tn ‘INSTR’, thus ‘container for holding shot/bullets’. Supporting my interpretation of the first lexical suffix, Upper Chehalis has <Nauwals>, i.e. √nəw=ál(=)s, ‘bullet’, where the root – unglossed by Kinkade – is cognate with ɬəw̓ál̓məš náw ‘big’ (NBcs19670405.207). (Though its Upper Chehalis uses suggest a meaning ‘real; main part’, compare s-√náw=ucn ‘mouth of a man’, √naw=áy̓s ‘top of a tree; end of a road’ and √naw=áps ‘front of a door’, Kinkade 1991.) Employing the same main concepts as in ɬən̓ál̓st̓ but in the reverse order, CJ tsole-pat is almost surely the ɬəw̓ál̓məš morphs c̓ulə́p ‘round’ in a metaphorical meaning (otherwise unattested) ‘round thing; shot, bullet, lead ball’ and =t̓ ‘INSTRUMENT’. This structure in turn parallels its Upper Chehalis synonym √síɬ-tn ‘bullet bag, hunter’s pouch’ (Upper Chehalis and Cowlitz √síɬ ‘bullet, arrow’, Kinkade 1991 and 2004).	page 24, footnote 30
footnote 30	Lower Chehalis	cited form	c̓ulə́p	page 24, in italics, ‘round’
footnote 30	Lower Chehalis	cited form	ɬən̓ál̓st̓	page 24, in italics, ‘bullet bag’
footnote 30	Upper Chehalis	cited form	√ɬə́n	page 24, in italics, ‘receptacle’
footnote 30	Upper Chehalis	cited form	=ál(=)s	page 24, in italics, ‘round things’
footnote 30	Upper Chehalis	cited form	√nəw=ál(=)s	page 24, in italics
footnote 30	Lower Chehalis	cited form	náw	page 24, in italics, ‘big’
footnote 30	Upper Chehalis	cited form	s-√náw=ucn	page 24, in italics, ‘mouth of a man’
footnote 30	Upper Chehalis	cited form	√naw=áy̓s	page 24, in italics, ‘top of a tree; end of a road’
footnote 30	Upper Chehalis	cited form	√naw=áps	page 24, in italics, ‘front of a door’
footnote 30	Lower Chehalis	cited form	√síɬ-tn	page 25, in italics, ‘bullet bag, hunter’s pouch’
footnote 30	Cowlitz	cited form	√síɬ	page 25, in italics, ‘bullet, arrow’
footnote 30	David Douglas Robertson	name	Emma Luscier	the 1942 reelicitations, note 30
Table 13	David Douglas Robertson	note	language word gloss source	page 25, heads the columns
Table 13 row 53	David Douglas Robertson	language	Chinook Jargon	page 25, Table 13, language
Table 13 row 53	Chinook Jargon	cited form	skáləmən	page 25, Table 13, word
Table 13 row 53	David Douglas Robertson	translation	‘sea otter’	page 25, Table 13, gloss
Table 13 row 53	David Douglas Robertson	citation	CWDP (2012)	page 25, Table 13, source
Table 13 row 54	David Douglas Robertson	language	Chinookan	page 25, Table 13, language
Table 13 row 54	Chinookan	cited form	-na(m)námuks	page 25, Table 13, word
Table 13 row 54	David Douglas Robertson	translation	‘otter’	page 25, Table 13, gloss
Table 13 row 54	David Douglas Robertson	citation	Boas (1910:598, 655)	page 25, Table 13, source
Table 13 row 55	Chinookan	cited form	-láki	page 25, Table 13, word
Table 13 row 55	David Douglas Robertson	translation	‘sea-otter’	page 25, Table 13, gloss
Table 13 row 55	David Douglas Robertson	citation	(ibid.)	page 25, Table 13, source
Table 13 row 56	David Douglas Robertson	language	Upper Chehalis	page 25, Table 13, language
Table 13 row 56	Upper Chehalis	cited form	sáxʷiyn̓	page 25, Table 13, word
Table 13 row 56	David Douglas Robertson	translation	‘river otter’	page 25, Table 13, gloss
Table 13 row 56	David Douglas Robertson	citation	Kinkade (1991)	page 25, Table 13, source
Table 13 row 57	Upper Chehalis	cited form	p̓itkʷł	page 25, Table 13, word
Table 13 row 57	David Douglas Robertson	translation	‘sea otter’	page 25, Table 13, gloss
Table 13 row 57	David Douglas Robertson	citation	Kinkade (1991)	page 25, Table 13, source
Table 13 row 58	David Douglas Robertson	language	Cowlitz	page 25, Table 13, language
Table 13 row 58	David Douglas Robertson	note	idem	page 25, Table 13, word
Table 13 row 58	David Douglas Robertson	translation	idem	page 25, Table 13, gloss
Table 13 row 58	David Douglas Robertson	citation	Kinkade (2004)	page 25, Table 13, source
Table 13 row 59	Cowlitz	cited form	skálmn	page 25, Table 13, word
Table 13 row 59	David Douglas Robertson	translation	‘otter’	page 25, Table 13, gloss
Table 13 row 59	David Douglas Robertson	citation	(ibid.)	page 25, Table 13, source
Table 13 row 60	David Douglas Robertson	language	Upper Chehalis	page 25, Table 13, language
Table 13 row 60	David Douglas Robertson	note	idem	page 25, Table 13, word
Table 13 row 60	David Douglas Robertson	translation	idem	page 25, Table 13, gloss
Table 13 row 60	David Douglas Robertson	citation	Kinkade (1991)	page 25, Table 13, source
Table 13 row 61	David Douglas Robertson	language	Quinault	page 25, Table 13, language
Table 13 row 61	Quinault	cited form	ƛ̓əkʷálaqi	page 25, Table 13, word
Table 13 row 61	David Douglas Robertson	translation	‘sea otter’	page 25, Table 13, gloss
Table 13 row 61	David Douglas Robertson	citation	Modrow ([1971])	page 25, Table 13, source
Table 13 row 62	Quinault	cited form	gʷášʔups	page 25, Table 13, word
Table 13 row 62	David Douglas Robertson	translation	‘land otter (long tail)’	page 25, Table 13, gloss
Table 13 row 62	David Douglas Robertson	citation	(ibid.)	page 25, Table 13, source
Table 13 row 63	David Douglas Robertson	language	ɬəw̓ál̓məš	page 25, Table 13, language
Table 13 row 63	Lower Chehalis	cited form	ƛ̓əq̓ʷáləq	page 25, Table 13, word
Table 13 row 63	David Douglas Robertson	translation	‘sea otter’	page 25, Table 13, gloss
Table 13 row 63	David Douglas Robertson	citation	ELjh1942.17.400	page 25, Table 13, source
§4	David Douglas Robertson	heading	4 And now, the best part – these pidgin data help us revitalize ɬəw̓ál̓məš	page 25
§4	David Douglas Robertson	note	Having opted in Section 2 to exclude quite a lot of the potential ɬəw̓ál̓məš > CJ loans from consideration, and ignoring the 39 already established by Kinkade et al. (2010), we have still found the 41 additional items in Section 3 either definitely tracing to ɬəw̓ál̓məš or more likely to it than to any Tsamosan congener. This is already an increase of a little more than 100% in the corpus. (It is probable that more will be discovered, like several in the present data set, unlabeled by the numerous CJ lexicographers as to a source language.) An interesting fact is that many of these represent the sole evidence for lexemes otherwise unknown to us in the somewhat limited documentation of ɬəw̓ál̓məš.	page 25
§4	David Douglas Robertson	note	To continue that theme, 21 more words have their closest known correspondents elsewhere in Tsamosan. But the trend of evidence so far shows that Salish loans in CJ whose sources are clear overwhelmingly trace to ɬəw̓ál̓məš, and these 21 items are documented within the lower Columbia and Shoalwater region. On such grounds, we might infer that these data too (Table 14) represent likely ɬəw̓ál̓məš material – meaning that we have potentially expanded the corpus of such loans into CJ by as much as 150%.	page 25
Table 14	David Douglas Robertson	note	Table 14 CJ < ɬəw̓ál̓məš (likely, but indirect evidence)	page 26, the caption
Table 14	David Douglas Robertson	note	language word gloss source	page 26, heads the columns
Table 14 row 1	David Douglas Robertson	language	Chinook Jargon	page 26, Table 14, language
Table 14 row 1	Chinook Jargon	cited form	q̓áyʔwa	page 26, Table 14, word
Table 14 row 1	David Douglas Robertson	translation	‘crooked’	page 26, Table 14, gloss
Table 14 row 1	David Douglas Robertson	citation	CWDP (2012)	page 26, Table 14, source
Table 14 row 2	David Douglas Robertson	language	Chinookan	page 26, Table 14, language
Table 14 row 2	Chinookan	cited form	-łk̓ik	page 26, Table 14, word
Table 14 row 2	David Douglas Robertson	translation	idem	page 26, Table 14, gloss
Table 14 row 2	David Douglas Robertson	citation	Boas (1910:665)	page 26, Table 14, source
Table 14 row 3	David Douglas Robertson	language	Upper Chehalis	page 26, Table 14, language
Table 14 row 3	Upper Chehalis	cited form	q̓əyúɬ	page 26, Table 14, word
Table 14 row 3	David Douglas Robertson	translation	‘crooked’	page 26, Table 14, gloss
Table 14 row 3	David Douglas Robertson	citation	Kinkade (1991)	page 26, Table 14, source
Table 14 row 4	Upper Chehalis	cited form	q̓ə́lxʷ-	page 26, Table 14, word
Table 14 row 4	David Douglas Robertson	translation	idem	page 26, Table 14, gloss
Table 14 row 4	David Douglas Robertson	citation	(ibid.)	page 26, Table 14, source
Table 14 row 5	Upper Chehalis	cited form	púyi-	page 26, Table 14, word
Table 14 row 5	David Douglas Robertson	translation	idem	page 26, Table 14, gloss
Table 14 row 5	David Douglas Robertson	citation	(ibid.)	page 26, Table 14, source
Table 14 row 6	David Douglas Robertson	language	Cowlitz	page 26, Table 14, language
Table 14 row 6	Cowlitz	cited form	č̓úyuk̓ʷ-	page 26, Table 14, word
Table 14 row 6	David Douglas Robertson	translation	idem	page 26, Table 14, gloss
Table 14 row 6	David Douglas Robertson	citation	Kinkade (2004)	page 26, Table 14, source
Table 14 row 7	David Douglas Robertson	language	Quinault	page 26, Table 14, language
Table 14 row 7	Quinault	cited form	júq	page 26, Table 14, word
Table 14 row 7	David Douglas Robertson	translation	idem	page 26, Table 14, gloss
Table 14 row 7	David Douglas Robertson	citation	Modrow ([1971])	page 26, Table 14, source
Table 14 row 8	David Douglas Robertson	language	ɬəw̓ál̓məš	page 26, Table 14, language
Table 14 row 8	Lower Chehalis	cited form	q̓əmúy̓ɬn̓ɬ	page 26, Table 14, word
Table 14 row 8	David Douglas Robertson	translation	‘trout (crooked-mouth)’	page 26, Table 14, gloss
Table 14 row 8	David Douglas Robertson	citation	ISmk19781130.54	page 26, Table 14, source
Table 14 row 9	David Douglas Robertson	language	Chinook Jargon	page 26, Table 14, language
Table 14 row 9	Chinook Jargon	cited form	máq̓	page 26, Table 14, word
Table 14 row 9	David Douglas Robertson	translation	‘gulp’	page 26, Table 14, gloss
Table 14 row 9	David Douglas Robertson	citation	CWDP (2012)	page 26, Table 14, source
Table 14 row 10	Chinook Jargon	cited form	mə́kʰmək	page 26, Table 14, word
Table 14 row 10	David Douglas Robertson	translation	‘eat’	page 26, Table 14, gloss
Table 14 row 10	David Douglas Robertson	citation	(ibid.)	page 26, Table 14, source
Table 14 row 11	David Douglas Robertson	language	Chinookan	page 26, Table 14, language
Table 14 row 11	Chinookan	cited form	-wulʔ	page 26, Table 14, word
Table 14 row 11	David Douglas Robertson	translation	‘to swallow’	page 26, Table 14, gloss
Table 14 row 11	David Douglas Robertson	citation	Boas (1910:660)	page 26, Table 14, source
Table 14 row 12	David Douglas Robertson	language	Upper Chehalis	page 26, Table 14, language
Table 14 row 12	Upper Chehalis	cited form	mə́q̓ʷ-	page 26, Table 14, word
Table 14 row 12	David Douglas Robertson	translation	‘swallow’	page 26, Table 14, gloss
Table 14 row 12	David Douglas Robertson	citation	Kinkade (1991)	page 26, Table 14, source
Table 14 row 13	David Douglas Robertson	language	Cowlitz	page 26, Table 14, language
Table 14 row 13	Cowlitz	cited form	mə́q̓ʷm	page 26, Table 14, word
Table 14 row 13	David Douglas Robertson	translation	idem	page 26, Table 14, gloss
Table 14 row 13	David Douglas Robertson	citation	Kinkade (2004)	page 26, Table 14, source
Table 14 row 14	David Douglas Robertson	language	Quinault	page 26, Table 14, language
Table 14 row 14	Quinault	cited form	núqʷ	page 26, Table 14, word
Table 14 row 14	David Douglas Robertson	translation	idem	page 26, Table 14, gloss
Table 14 row 14	David Douglas Robertson	citation	Modrow ([1971])	page 26, Table 14, source
Table 14 row 15	David Douglas Robertson	language	Chinook Jargon	page 26, Table 14, language
Table 14 row 15	Chinook Jargon	cited form	p̓íʔns	page 26, Table 14, word
Table 14 row 15	David Douglas Robertson	translation	‘bake’	page 26, Table 14, gloss
Table 14 row 15	David Douglas Robertson	citation	CWDP (2012)	page 26, Table 14, source
Table 14 row 16	David Douglas Robertson	language	Chinookan	page 26, Table 14, language
Table 14 row 16	Chinookan	cited form	-ši	page 26, Table 14, word
Table 14 row 16	David Douglas Robertson	translation	‘to roast in ashes’	page 26, Table 14, gloss
Table 14 row 16	David Douglas Robertson	citation	Boas (1910:662)	page 26, Table 14, source
Table 14 row 17	David Douglas Robertson	language	Upper Chehalis	page 26, Table 14, language
Table 14 row 17	Upper Chehalis	cited form	p̓ə́nstq	page 26, Table 14, word
Table 14 row 17	David Douglas Robertson	translation	‘by the fire’	page 26, Table 14, gloss
Table 14 row 17	David Douglas Robertson	citation	Kinkade (1991)	page 26, Table 14, source
Table 14 row 18	David Douglas Robertson	language	Cowlitz	page 26, Table 14, language
Table 14 row 18	Cowlitz	cited form	p̓ən̓c-	page 26, Table 14, word
Table 14 row 18	David Douglas Robertson	translation	~ ‘prepare (cook) camas’	page 26, Table 14, gloss
Table 14 row 18	David Douglas Robertson	citation	Kinkade (2004)	page 26, Table 14, source, carries footnote 31
footnote 31	David Douglas Robertson	note	Camas is precisely the usual object of p̓íʔns, baking in ashes, in Victoria Howardʹs narrations (cf. text 13.4 in Jacobs 1936). The root seems to descend from PS *p̓ə́n ‘besides, parallel, straight’ (Kuipers 2002), in a distinctly Tsamosan sense ‘beside the fire’.	page 26, footnote 31
footnote 31	Chinook Jargon	cited form	p̓íʔns	page 26, in italics
footnote 31	Proto-Salish	cited form	*p̓ə́n	page 26, in italics, ‘besides, parallel, straight’
footnote 31	David Douglas Robertson	name	Victoria Howard	narrations, note 31
Table 14 row 19	David Douglas Robertson	language	Quinault	page 26, Table 14, language
Table 14 row 19	Quinault	cited form	čəlíšstəq	page 26, Table 14, word
Table 14 row 19	David Douglas Robertson	translation	‘to bake in the oven or to roast’	page 26, Table 14, gloss
Table 14 row 19	David Douglas Robertson	citation	Modrow ([1971])	page 26, Table 14, source
Table 14 row 20	Quinault	cited form	klís	page 26, Table 14, word
Table 14 row 20	David Douglas Robertson	translation	‘to bake (in ashes)’	page 26, Table 14, gloss
Table 14 row 20	David Douglas Robertson	citation	(ibid.)	page 26, Table 14, source
Table 14 row 21	David Douglas Robertson	language	Chinook Jargon	page 26, Table 14, language
Table 14 row 21	Chinook Jargon	cited form	p̓úʔ	page 26, Table 14, word
Table 14 row 21	David Douglas Robertson	translation	‘fart’	page 26, Table 14, gloss
Table 14 row 21	David Douglas Robertson	citation	CWDP (2012)	page 26, Table 14, source
Table 14 row 22	David Douglas Robertson	language	Chinookan	page 26, Table 14, language
Table 14 row 22	Chinookan	cited form	-ʔwəsqʷəs	page 26, Table 14, word
Table 14 row 22	David Douglas Robertson	translation	‘breaking of wind’	page 26, Table 14, gloss
Table 14 row 22	David Douglas Robertson	citation	Boas (1910:601)	page 26, Table 14, source
Table 14 row 23	David Douglas Robertson	language	Upper Chehalis	page 26, Table 14, language
Table 14 row 23	Upper Chehalis	cited form	pó∙ʔ	page 26, Table 14, word
Table 14 row 23	David Douglas Robertson	translation	idem	page 26, Table 14, gloss
Table 14 row 23	David Douglas Robertson	citation	Kinkade (1991)	page 26, Table 14, source
Table 14 row 24	David Douglas Robertson	language	Cowlitz	page 26, Table 14, language
Table 14 row 24	Cowlitz	cited form	p̓óʔ	page 26, Table 14, word
Table 14 row 24	David Douglas Robertson	translation	idem	page 26, Table 14, gloss
Table 14 row 24	David Douglas Robertson	citation	Kinkade (2004)	page 26, Table 14, source
Table 14	David Douglas Robertson	note	language word gloss source	page 27, heads the columns
Table 14 row 25	David Douglas Robertson	language	Chinook Jargon	page 27, Table 14, language
Table 14 row 25	Chinook Jargon	cited form	snás	page 27, Table 14, word
Table 14 row 25	David Douglas Robertson	translation	‘rain’	page 27, Table 14, gloss
Table 14 row 25	David Douglas Robertson	citation	CWDP (2012)	page 27, Table 14, source
Table 14 row 26	David Douglas Robertson	language	Chinookan	page 27, Table 14, language
Table 14 row 26	Chinookan	cited form	<slél-hutst>	page 27, Table 14, word
Table 14 row 26	David Douglas Robertson	translation	idem	page 27, Table 14, gloss
Table 14 row 26	David Douglas Robertson	citation	Gibbs (1863b)	page 27, Table 14, source
Table 14 row 27	Chinookan	cited form	məƛ̓	page 27, Table 14, word
Table 14 row 27	David Douglas Robertson	translation	‘wet’	page 27, Table 14, gloss
Table 14 row 27	David Douglas Robertson	citation	Boas (1910:633)	page 27, Table 14, source
Table 14 row 28	David Douglas Robertson	language	Upper Chehalis	page 27, Table 14, language
Table 14 row 28	Upper Chehalis	cited form	snús	page 27, Table 14, word
Table 14 row 28	David Douglas Robertson	translation	‘moist, moisture’	page 27, Table 14, gloss
Table 14 row 28	David Douglas Robertson	citation	Kinkade (1991)	page 27, Table 14, source
Table 14 row 29	Upper Chehalis	cited form	x̣asíl̓s	page 27, Table 14, word
Table 14 row 29	David Douglas Robertson	translation	‘rain’	page 27, Table 14, gloss
Table 14 row 29	David Douglas Robertson	citation	(ibid.)	page 27, Table 14, source
Table 14 row 30	Upper Chehalis	cited form	sə́k̓ʷ	page 27, Table 14, word
Table 14 row 30	David Douglas Robertson	translation	idem	page 27, Table 14, gloss
Table 14 row 30	David Douglas Robertson	citation	(ibid.)	page 27, Table 14, source
Table 14 row 31	David Douglas Robertson	language	Cowlitz	page 27, Table 14, language
Table 14 row 31	Cowlitz	cited form	sə́xʷa-	page 27, Table 14, word
Table 14 row 31	David Douglas Robertson	translation	idem	page 27, Table 14, gloss
Table 14 row 31	David Douglas Robertson	citation	Kinkade (2004)	page 27, Table 14, source
Table 14 row 32	Cowlitz	cited form	x̣asílʔ	page 27, Table 14, word
Table 14 row 32	David Douglas Robertson	translation	idem	page 27, Table 14, gloss
Table 14 row 32	David Douglas Robertson	citation	(ibid.)	page 27, Table 14, source
Table 14 row 33	David Douglas Robertson	language	Quinault	page 27, Table 14, language
Table 14 row 33	Quinault	cited form	c̓ájəkʷ	page 27, Table 14, word
Table 14 row 33	David Douglas Robertson	translation	idem	page 27, Table 14, gloss
Table 14 row 33	David Douglas Robertson	citation	Modrow ([1971])	page 27, Table 14, source
Table 14 row 34	David Douglas Robertson	language	ɬəw̓ál̓məš	page 27, Table 14, language
Table 14 row 34	Lower Chehalis	cited form	túl̓s	page 27, Table 14, word
Table 14 row 34	David Douglas Robertson	translation	‘to rain’	page 27, Table 14, gloss
Table 14 row 34	David Douglas Robertson	citation	LHcs19670619.196	page 27, Table 14, source, carries footnote 32
footnote 32	David Douglas Robertson	note	The Salish languages north of Upper Chehalis give this root a different sense ‘greasy’, but match CJ in having the vowel /a/ or /ə/ in it (compare PS *nu./a.s ~ ‘greasy; wet’ (Kuipers 2002). One can wonder whether this implies a source for this old CJ word in (a) a Tsamosan variety bordering right on the nas ‘greasy’ / nus ‘wet’ isogloss or (b) Tillamook, little data on which was available to me as I wrote this study. (No Ti cognate was found in searches of Anderson and Harrison 2012.)	page 27, footnote 32
footnote 32	Chinook Jargon	cited form	/ə/	page 27, in italics
Table 14 row 35	David Douglas Robertson	language	Chinook Jargon	page 27, Table 14, language
Table 14 row 35	Chinook Jargon	cited form	t̓síkʰʷən	page 27, Table 14, word
Table 14 row 35	David Douglas Robertson	translation	‘to pinch’	page 27, Table 14, gloss
Table 14 row 35	David Douglas Robertson	citation	CWDP (2012)	page 27, Table 14, source
Table 14 row 36	David Douglas Robertson	language	Chinookan	page 27, Table 14, language
Table 14 row 36	Chinookan	cited form	-ƛk̓úp	page 27, Table 14, word
Table 14 row 36	David Douglas Robertson	translation	‘being squeezed out (one-eyed)’	page 27, Table 14, gloss
Table 14 row 36	David Douglas Robertson	citation	Boas (1910:599)	page 27, Table 14, source
Table 14 row 37	David Douglas Robertson	language	Upper Chehalis	page 27, Table 14, language
Table 14 row 37	Upper Chehalis	cited form	c̓ík̓ʷn	page 27, Table 14, word
Table 14 row 37	David Douglas Robertson	translation	‘pinch’	page 27, Table 14, gloss
Table 14 row 37	David Douglas Robertson	citation	Kinkade (1991)	page 27, Table 14, source
Table 14 row 38	David Douglas Robertson	language	Cowlitz	page 27, Table 14, language
Table 14 row 38	Cowlitz	cited form	c̓ayə́p̓n	page 27, Table 14, word
Table 14 row 38	David Douglas Robertson	translation	idem	page 27, Table 14, gloss
Table 14 row 38	David Douglas Robertson	citation	Kinkade (2004)	page 27, Table 14, source
Table 14 row 39	David Douglas Robertson	language	Quinault	page 27, Table 14, language
Table 14 row 39	Quinault	cited form	míci	page 27, Table 14, word
Table 14 row 39	David Douglas Robertson	translation	idem	page 27, Table 14, gloss
Table 14 row 39	David Douglas Robertson	citation	Modrow ([1971])	page 27, Table 14, source
Table 14 row 40	David Douglas Robertson	language	Chinook Jargon	page 27, Table 14, language
Table 14 row 40	Chinook Jargon	cited form	qʰə́stəkʷ	page 27, Table 14, word
Table 14 row 40	David Douglas Robertson	translation	‘balm’	page 27, Table 14, gloss
Table 14 row 40	David Douglas Robertson	citation	CWDP (2012)	page 27, Table 14, source
Table 14 row 41	David Douglas Robertson	language	Chinookan	page 27, Table 14, language
Table 14 row 41	David Douglas Robertson	note	?	page 27, Table 14, word
Table 14 row 42	David Douglas Robertson	language	Upper Chehalis	page 27, Table 14, language
Table 14 row 42	Upper Chehalis	cited form	qə́stkʷ	page 27, Table 14, word
Table 14 row 42	David Douglas Robertson	translation	‘mint’	page 27, Table 14, gloss
Table 14 row 42	David Douglas Robertson	citation	Kinkade (1991)	page 27, Table 14, source
Table 14 row 43	David Douglas Robertson	language	Chinook Jargon	page 27, Table 14, language
Table 14 row 43	Chinook Jargon	cited form	x̣ax̣áʔ	page 27, Table 14, word
Table 14 row 43	David Douglas Robertson	translation	‘sacred’	page 27, Table 14, gloss
Table 14 row 43	David Douglas Robertson	citation	CWDP (2012)	page 27, Table 14, source
Table 14 row 44	David Douglas Robertson	language	Chinookan	page 27, Table 14, language
Table 14 row 44	Chinookan	cited form	-káwək	page 27, Table 14, word
Table 14 row 44	David Douglas Robertson	translation	‘shaman’s guardian spirit’	page 27, Table 14, gloss
Table 14 row 44	David Douglas Robertson	citation	Boas (1910:601)	page 27, Table 14, source
Table 14 row 45	David Douglas Robertson	language	Upper Chehalis	page 27, Table 14, language
Table 14 row 45	Upper Chehalis	cited form	x̣ax̣á∙ʔ	page 27, Table 14, word
Table 14 row 45	David Douglas Robertson	translation	‘sacred, taboo, forbidden, holy’	page 27, Table 14, gloss
Table 14 row 45	David Douglas Robertson	citation	Kinkade (1991)	page 27, Table 14, source
Table 14 row 46	David Douglas Robertson	language	Quinault	page 27, Table 14, language
Table 14 row 46	Quinault	cited form	x̣ax̣íʔt	page 27, Table 14, word
Table 14 row 46	David Douglas Robertson	translation	‘holy’	page 27, Table 14, gloss
Table 14 row 46	David Douglas Robertson	citation	Modrow ([1971])	page 27, Table 14, source
Table 14 row 47	David Douglas Robertson	language	Chinook Jargon	page 27, Table 14, language
Table 14 row 47	Chinook Jargon	cited form	yáx̣an	page 27, Table 14, word
Table 14 row 47	David Douglas Robertson	translation	‘judge’	page 27, Table 14, gloss
Table 14 row 47	David Douglas Robertson	citation	CWDP (2012)	page 27, Table 14, source
Table 14 row 48	David Douglas Robertson	language	Chinookan	page 27, Table 14, language
Table 14 row 48	David Douglas Robertson	note	?	page 27, Table 14, word
Table 14 row 49	David Douglas Robertson	language	Upper Chehalis	page 27, Table 14, language
Table 14 row 49	Upper Chehalis	cited form	yax̣ə́n	page 27, Table 14, word
Table 14 row 49	David Douglas Robertson	translation	‘make a choice, pick out, sort’	page 27, Table 14, gloss
Table 14 row 49	David Douglas Robertson	citation	Kinkade (1991)	page 27, Table 14, source
Table 14 row 50	David Douglas Robertson	language	Cowlitz	page 27, Table 14, language
Table 14 row 50	Cowlitz	cited form	yə́x̣n	page 27, Table 14, word
Table 14 row 50	David Douglas Robertson	translation	‘make a choice; sort’	page 27, Table 14, gloss
Table 14 row 50	David Douglas Robertson	citation	Kinkade (2004)	page 27, Table 14, source
Table 14 row 51	David Douglas Robertson	language	Quinault	page 27, Table 14, language
Table 14 row 51	Quinault	cited form	čácisx̣ʷu	page 27, Table 14, word
Table 14 row 51	David Douglas Robertson	translation	‘to judge’	page 27, Table 14, gloss
Table 14 row 51	David Douglas Robertson	citation	Modrow ([1971])	page 27, Table 14, source
Table 14 row 52	Quinault	cited form	jáx̣	page 27, Table 14, word
Table 14 row 52	David Douglas Robertson	translation	‘choose’	page 27, Table 14, gloss
Table 14 row 52	David Douglas Robertson	citation	(ibid.)	page 27, Table 14, source
Table 14	David Douglas Robertson	note	language word gloss source	page 28, heads the columns
Table 14 row 53	David Douglas Robertson	language	Chinook Jargon	page 28, Table 14, language
Table 14 row 53	Chinook Jargon	cited form	q̓ʷíc̓	page 28, Table 14, word
Table 14 row 53	David Douglas Robertson	translation	‘hook’	page 28, Table 14, gloss
Table 14 row 53	David Douglas Robertson	citation	ELjh1942.18.394	page 28, Table 14, source
Table 14 row 54	David Douglas Robertson	language	Chinookan	page 28, Table 14, language
Table 14 row 54	Chinookan	cited form	-kik	page 28, Table 14, word
Table 14 row 54	David Douglas Robertson	translation	idem	page 28, Table 14, gloss
Table 14 row 54	David Douglas Robertson	citation	Boas (1910:601)	page 28, Table 14, source
Table 14 row 55	David Douglas Robertson	language	Upper Chehalis	page 28, Table 14, language
Table 14 row 55	Upper Chehalis	cited form	q̓ét̓	page 28, Table 14, word
Table 14 row 55	David Douglas Robertson	translation	‘fishhook’	page 28, Table 14, gloss
Table 14 row 55	David Douglas Robertson	citation	Kinkade (1991)	page 28, Table 14, source
Table 14 row 56	Upper Chehalis	cited form	x̣é∙n̓s	page 28, Table 14, word
Table 14 row 56	David Douglas Robertson	translation	idem	page 28, Table 14, gloss
Table 14 row 56	David Douglas Robertson	citation	(ibid.)	page 28, Table 14, source
Table 14 row 57	Upper Chehalis	cited form	łík̓ʷn	page 28, Table 14, word
Table 14 row 57	David Douglas Robertson	translation	idem	page 28, Table 14, gloss
Table 14 row 57	David Douglas Robertson	citation	(ibid.)	page 28, Table 14, source
Table 14 row 58	David Douglas Robertson	language	Cowlitz	page 28, Table 14, language
Table 14 row 58	Cowlitz	cited form	yasə́n	page 28, Table 14, word
Table 14 row 58	David Douglas Robertson	translation	‘hook, net’	page 28, Table 14, gloss
Table 14 row 58	David Douglas Robertson	citation	Kinkade (2004)	page 28, Table 14, source
Table 14 row 59	Cowlitz	cited form	q̓ét̓am̓łtn̓	page 28, Table 14, word
Table 14 row 59	David Douglas Robertson	translation	‘a hook, bait’	page 28, Table 14, gloss
Table 14 row 59	David Douglas Robertson	citation	(ibid.)	page 28, Table 14, source
Table 14 row 60	Cowlitz	cited form	x̣ə́n̓s	page 28, Table 14, word
Table 14 row 60	David Douglas Robertson	translation	ʹfishhookʹ	page 28, Table 14, gloss
Table 14 row 60	David Douglas Robertson	citation	(ibid.)	page 28, Table 14, source
Table 14 row 61	Cowlitz	cited form	<aiʹkamᴇltᴇn>	page 28, Table 14, word
Table 14 row 61	David Douglas Robertson	translation	idem	page 28, Table 14, gloss
Table 14 row 61	David Douglas Robertson	citation	(ibid.)	page 28, Table 14, source
Table 14 row 62	David Douglas Robertson	language	Quinault	page 28, Table 14, language
Table 14 row 62	Quinault	cited form	q̓ʷíc̓	page 28, Table 14, word
Table 14 row 62	David Douglas Robertson	translation	idem	page 28, Table 14, gloss
Table 14 row 62	David Douglas Robertson	citation	Modrow ([1971])	page 28, Table 14, source
Table 14 row 63	Quinault	cited form	kʷíʔc	page 28, Table 14, word
Table 14 row 63	David Douglas Robertson	translation	‘hook’	page 28, Table 14, gloss
Table 14 row 63	David Douglas Robertson	citation	(ibid.)	page 28, Table 14, source
Table 14 row 64	David Douglas Robertson	language	Chinook Jargon	page 28, Table 14, language
Table 14 row 64	Chinook Jargon	cited form	ʔúʔcəč̓	page 28, Table 14, word
Table 14 row 64	David Douglas Robertson	translation	‘bracelet’	page 28, Table 14, gloss
Table 14 row 64	David Douglas Robertson	citation	ELjh1942.18.408	page 28, Table 14, source
Table 14 row 65	David Douglas Robertson	language	Chinookan	page 28, Table 14, language
Table 14 row 65	Chinookan	cited form	<klik’-wal-li>	page 28, Table 14, word
Table 14 row 65	David Douglas Robertson	translation	idem of brass wire	page 28, Table 14, gloss
Table 14 row 65	David Douglas Robertson	citation	Gibbs (1863b)	page 28, Table 14, source
Table 14 row 66	David Douglas Robertson	language	Upper Chehalis	page 28, Table 14, language
Table 14 row 66	Upper Chehalis	cited form	ʔó∙c̓ač̓a	page 28, Table 14, word
Table 14 row 66	David Douglas Robertson	translation	idem	page 28, Table 14, gloss
Table 14 row 66	David Douglas Robertson	citation	Kinkade (1991)	page 28, Table 14, source
Table 14 row 67	David Douglas Robertson	language	Cowlitz	page 28, Table 14, language
Table 14 row 67	Cowlitz	cited form	sáwc̓	page 28, Table 14, word
Table 14 row 67	David Douglas Robertson	translation	idem	page 28, Table 14, gloss
Table 14 row 67	David Douglas Robertson	citation	Kinkade (2004)	page 28, Table 14, source
Table 14 row 68	Cowlitz	cited form	t̓amákamn	page 28, Table 14, word
Table 14 row 68	David Douglas Robertson	translation	‘bracelet, ring’	page 28, Table 14, gloss
Table 14 row 68	David Douglas Robertson	citation	(ibid.)	page 28, Table 14, source
Table 14 row 69	David Douglas Robertson	language	Quinault	page 28, Table 14, language
Table 14 row 69	Quinault	cited form	ʔuʔcəčəs	page 28, Table 14, word
Table 14 row 69	David Douglas Robertson	translation	idem	page 28, Table 14, gloss
Table 14 row 69	David Douglas Robertson	citation	Modrow ([1971])	page 28, Table 14, source
Table 14 row 70	David Douglas Robertson	language	Chinook Jargon	page 28, Table 14, language
Table 14 row 70	Chinook Jargon	cited form	ƛ̓əč̓íč̓əx̣	page 28, Table 14, word
Table 14 row 70	David Douglas Robertson	translation	‘saw’ (n.)	page 28, Table 14, gloss
Table 14 row 70	David Douglas Robertson	citation	ELjh1942.18.422	page 28, Table 14, source
Table 14 row 71	David Douglas Robertson	language	Chinookan	page 28, Table 14, language
Table 14 row 71	David Douglas Robertson	note	?	page 28, Table 14, word
Table 14 row 72	David Douglas Robertson	language	Upper Chehalis	page 28, Table 14, language
Table 14 row 72	Upper Chehalis	cited form	ƛ̓iƛ̓íč̓x̣n̓	page 28, Table 14, word
Table 14 row 72	David Douglas Robertson	translation	idem	page 28, Table 14, gloss
Table 14 row 72	David Douglas Robertson	citation	Kinkade (1991)	page 28, Table 14, source
Table 14 row 73	David Douglas Robertson	language	Quinault	page 28, Table 14, language
Table 14 row 73	Quinault	cited form	ƛ̓ič̓íč̓ax̣	page 28, Table 14, word
Table 14 row 73	David Douglas Robertson	translation	idem	page 28, Table 14, gloss
Table 14 row 73	David Douglas Robertson	citation	Modrow ([1971])	page 28, Table 14, source
Table 14 row 74	Quinault	cited form	kʷáyaƛ̓i	page 28, Table 14, word
Table 14 row 74	David Douglas Robertson	translation	idem	page 28, Table 14, gloss
Table 14 row 74	David Douglas Robertson	citation	(ibid.)	page 28, Table 14, source
Table 14 row 75	David Douglas Robertson	language	Chinook Jargon	page 28, Table 14, language
Table 14 row 75	Chinook Jargon	cited form	qʷátš	page 28, Table 14, word
Table 14 row 75	David Douglas Robertson	translation	‘trap’	page 28, Table 14, gloss
Table 14 row 75	David Douglas Robertson	citation	ELjh1942.18.425	page 28, Table 14, source
Table 14 row 76	David Douglas Robertson	language	Chinookan	page 28, Table 14, language
Table 14 row 76	Chinookan	cited form	-qšil	page 28, Table 14, word
Table 14 row 76	David Douglas Robertson	translation	‘fish-trap’	page 28, Table 14, gloss
Table 14 row 76	David Douglas Robertson	citation	Boas (1910:601)	page 28, Table 14, source
Table 14 row 77	David Douglas Robertson	language	Upper Chehalis	page 28, Table 14, language
Table 14 row 77	Upper Chehalis	cited form	qʷátš	page 28, Table 14, word
Table 14 row 77	David Douglas Robertson	translation	idem	page 28, Table 14, gloss
Table 14 row 77	David Douglas Robertson	citation	Kinkade (1991)	page 28, Table 14, source
Table 14 row 78	David Douglas Robertson	language	Quinault	page 28, Table 14, language
Table 14 row 78	David Douglas Robertson	note	idem	page 28, Table 14, word
Table 14 row 78	David Douglas Robertson	translation	idem	page 28, Table 14, gloss
Table 14 row 78	David Douglas Robertson	citation	Modrow [1971])	page 28, Table 14, source
Table 14 row 79	David Douglas Robertson	language	Cowlitz	page 28, Table 14, language
Table 14 row 79	Cowlitz	cited form	qʷátx̣ʷ	page 28, Table 14, word
Table 14 row 79	David Douglas Robertson	translation	idem	page 28, Table 14, gloss
Table 14 row 79	David Douglas Robertson	citation	Kinkade (2004)	page 28, Table 14, source
Table 14 row 80	David Douglas Robertson	language	Chinook Jargon	page 28, Table 14, language
Table 14 row 80	Chinook Jargon	cited form	sə́c̓səc̓ɬ(ʔ)	page 28, Table 14, word
Table 14 row 80	David Douglas Robertson	translation	‘fork’	page 28, Table 14, gloss
Table 14 row 80	David Douglas Robertson	citation	ELjh1942.18.426	page 28, Table 14, source
Table 14 row 81	David Douglas Robertson	language	Chinookan	page 28, Table 14, language
Table 14 row 81	David Douglas Robertson	note	?	page 28, Table 14, word
Table 14 row 82	David Douglas Robertson	language	Upper Chehalis	page 28, Table 14, language
Table 14 row 82	Upper Chehalis	cited form	sə́c̓mɬn	page 28, Table 14, word
Table 14 row 82	David Douglas Robertson	translation	idem	page 28, Table 14, gloss
Table 14 row 82	David Douglas Robertson	citation	Kinkade (1991)	page 28, Table 14, source
Table 14 row 83	David Douglas Robertson	language	Cowlitz	page 28, Table 14, language
Table 14 row 83	Cowlitz	cited form	sac̓ə́mn	page 28, Table 14, word
Table 14 row 83	David Douglas Robertson	translation	idem	page 28, Table 14, gloss
Table 14 row 83	David Douglas Robertson	citation	Kinkade (2004)	page 28, Table 14, source
Table 14 row 84	David Douglas Robertson	language	Quinault	page 28, Table 14, language
Table 14 row 84	Quinault	cited form	sə́c̓səc̓łn	page 28, Table 14, word
Table 14 row 84	David Douglas Robertson	translation	idem	page 28, Table 14, gloss
Table 14 row 84	David Douglas Robertson	citation	Modrow ([1971])	page 28, Table 14, source
Table 14	David Douglas Robertson	note	language word gloss source	page 29, heads the columns
Table 14 row 85	David Douglas Robertson	language	Chinook Jargon	page 29, Table 14, language
Table 14 row 85	Chinook Jargon	cited form	t̓əʔqíʔ	page 29, Table 14, word
Table 14 row 85	David Douglas Robertson	translation	‘belt’	page 29, Table 14, gloss
Table 14 row 85	David Douglas Robertson	citation	ELjh1942.18.428	page 29, Table 14, source
Table 14 row 86	David Douglas Robertson	language	Chinookan	page 29, Table 14, language
Table 14 row 86	Chinookan	cited form	-kʷima	page 29, Table 14, word
Table 14 row 86	David Douglas Robertson	translation	idem	page 29, Table 14, gloss
Table 14 row 86	David Douglas Robertson	citation	Boas (1910:604)	page 29, Table 14, source
Table 14 row 87	David Douglas Robertson	language	Upper Chehalis	page 29, Table 14, language
Table 14 row 87	Upper Chehalis	cited form	t̓əqíxʷ	page 29, Table 14, word
Table 14 row 87	David Douglas Robertson	translation	idem	page 29, Table 14, gloss
Table 14 row 87	David Douglas Robertson	citation	Kinkade (1991)	page 29, Table 14, source
Table 14 row 88	David Douglas Robertson	language	Cowlitz	page 29, Table 14, language
Table 14 row 88	David Douglas Robertson	note	idem	page 29, Table 14, word
Table 14 row 88	David Douglas Robertson	translation	idem	page 29, Table 14, gloss
Table 14 row 88	David Douglas Robertson	citation	Kinkade (2004)	page 29, Table 14, source
Table 14 row 89	David Douglas Robertson	language	Quinault	page 29, Table 14, language
Table 14 row 89	Quinault	cited form	t̓íqi	page 29, Table 14, word
Table 14 row 89	David Douglas Robertson	translation	idem	page 29, Table 14, gloss
Table 14 row 89	David Douglas Robertson	citation	Modrow ([1971])	page 29, Table 14, source
Table 14 row 90	David Douglas Robertson	language	Chinook Jargon	page 29, Table 14, language
Table 14 row 90	Chinook Jargon	cited form	q̓əyác̓q̓əyəx̣	page 29, Table 14, word
Table 14 row 90	David Douglas Robertson	translation	‘chain’	page 29, Table 14, gloss
Table 14 row 90	David Douglas Robertson	citation	ELjh1942.18.432	page 29, Table 14, source
Table 14 row 91	David Douglas Robertson	language	Chinookan	page 29, Table 14, language
Table 14 row 91	David Douglas Robertson	note	?	page 29, Table 14, word
Table 14 row 92	David Douglas Robertson	language	Upper Chehalis	page 29, Table 14, language
Table 14 row 92	Upper Chehalis	cited form	q̓áyc̓l̓s	page 29, Table 14, word
Table 14 row 92	David Douglas Robertson	translation	‘braid of hair’	page 29, Table 14, gloss
Table 14 row 92	David Douglas Robertson	citation	Kinkade (1991)	page 29, Table 14, source
Table 14 row 93	David Douglas Robertson	language	Cowlitz	page 29, Table 14, language
Table 14 row 93	Cowlitz	cited form	stə́kʷiʔ	page 29, Table 14, word
Table 14 row 93	David Douglas Robertson	translation	‘braid (n.)’	page 29, Table 14, gloss
Table 14 row 93	David Douglas Robertson	citation	Kinkade (2004)	page 29, Table 14, source
Table 14 row 94	David Douglas Robertson	language	Quinault	page 29, Table 14, language
Table 14 row 94	Quinault	cited form	čanáqa	page 29, Table 14, word
Table 14 row 94	David Douglas Robertson	translation	‘to braid (hair)’	page 29, Table 14, gloss
Table 14 row 94	David Douglas Robertson	citation	Modrow ([1971])	page 29, Table 14, source
Table 14 row 95	David Douglas Robertson	language	Chinook Jargon	page 29, Table 14, language
Table 14 row 95	Chinook Jargon	cited form	caʔə́txʷ	page 29, Table 14, word
Table 14 row 95	David Douglas Robertson	translation	‘roof (with shingles)’	page 29, Table 14, gloss
Table 14 row 95	David Douglas Robertson	citation	ELjh1942.18.435	page 29, Table 14, source
Table 14 row 96	David Douglas Robertson	language	Chinookan	page 29, Table 14, language
Table 14 row 96	Chinookan	cited form	<é-puktl>	page 29, Table 14, word
Table 14 row 96	David Douglas Robertson	translation	‘roof tree’	page 29, Table 14, gloss
Table 14 row 96	David Douglas Robertson	citation	Gibbs (1863b)	page 29, Table 14, source
Table 14 row 97	David Douglas Robertson	language	Upper Chehalis	page 29, Table 14, language
Table 14 row 97	Upper Chehalis	cited form	sƛ̓úk̓ʷaʔxʷ	page 29, Table 14, word
Table 14 row 97	David Douglas Robertson	translation	‘roof’	page 29, Table 14, gloss
Table 14 row 97	David Douglas Robertson	citation	Kinkade (1991)	page 29, Table 14, source
Table 14 row 98	David Douglas Robertson	language	Cowlitz	page 29, Table 14, language
Table 14 row 98	Cowlitz	cited form	x̣ál̓txʷ	page 29, Table 14, word
Table 14 row 98	David Douglas Robertson	translation	idem	page 29, Table 14, gloss
Table 14 row 98	David Douglas Robertson	citation	Kinkade (2004)	page 29, Table 14, source
Table 14 row 99	David Douglas Robertson	language	Quinault	page 29, Table 14, language
Table 14 row 99	Quinault	cited form	cáʔatxʷ	page 29, Table 14, word
Table 14 row 99	David Douglas Robertson	translation	‘shingles’	page 29, Table 14, gloss
Table 14 row 99	David Douglas Robertson	citation	Modrow ([1971])	page 29, Table 14, source
Table 14 row 100	David Douglas Robertson	language	Chinook Jargon	page 29, Table 14, language
Table 14 row 100	Chinook Jargon	cited form	<kush’-is>	page 29, Table 14, word
Table 14 row 100	David Douglas Robertson	translation	‘stockings’	page 29, Table 14, gloss
Table 14 row 100	David Douglas Robertson	citation	Gibbs (1863a)	page 29, Table 14, source
Table 14 row 101	David Douglas Robertson	language	Chinookan	page 29, Table 14, language
Table 14 row 101	Chinookan	cited form	<ta-kétl-pa>	page 29, Table 14, word
Table 14 row 101	David Douglas Robertson	translation	‘shoes’	page 29, Table 14, gloss
Table 14 row 101	David Douglas Robertson	citation	Gibbs (1863b)	page 29, Table 14, source
Table 14 row 102	David Douglas Robertson	language	Upper Chehalis	page 29, Table 14, language
Table 14 row 102	Upper Chehalis	cited form	qʷúpšn	page 29, Table 14, word
Table 14 row 102	David Douglas Robertson	translation	idem	page 29, Table 14, gloss
Table 14 row 102	David Douglas Robertson	citation	Kinkade (1991)	page 29, Table 14, source
Table 14 row 103	David Douglas Robertson	language	Cowlitz	page 29, Table 14, language
Table 14 row 103	David Douglas Robertson	note	idem	page 29, Table 14, word
Table 14 row 103	David Douglas Robertson	translation	idem	page 29, Table 14, gloss
Table 14 row 103	David Douglas Robertson	citation	Kinkade (2004)	page 29, Table 14, source
Table 14 row 104	David Douglas Robertson	language	Quinault	page 29, Table 14, language
Table 14 row 104	Quinault	cited form	sáłšn	page 29, Table 14, word
Table 14 row 104	David Douglas Robertson	translation	‘shoe’	page 29, Table 14, gloss
Table 14 row 104	David Douglas Robertson	citation	Modrow ([1971])	page 29, Table 14, source
Table 14 row 105	David Douglas Robertson	language	Chinook Jargon	page 29, Table 14, language
Table 14 row 105	Chinook Jargon	cited form	<kwetlh>	page 29, Table 14, word
Table 14 row 105	David Douglas Robertson	translation	‘proud’	page 29, Table 14, gloss
Table 14 row 105	David Douglas Robertson	citation	Gibbs (1863a)	page 29, Table 14, source
Table 14 row 106	David Douglas Robertson	language	Chinookan	page 29, Table 14, language
Table 14 row 106	Chinookan	cited form	yuƛ̓l	page 29, Table 14, word
Table 14 row 106	David Douglas Robertson	translation	idem	page 29, Table 14, gloss
Table 14 row 106	David Douglas Robertson	citation	Boas (1910:616)	page 29, Table 14, source
Table 14 row 107	David Douglas Robertson	language	ɬəw̓ál̓məš	page 29, Table 14, language
Table 14 row 107	Lower Chehalis	cited form	múʔɬəɬ	page 29, Table 14, word
Table 14 row 107	David Douglas Robertson	translation	idem	page 29, Table 14, gloss
Table 14 row 107	David Douglas Robertson	citation	ISmk19781128.41	page 29, Table 14, source
Table 14 row 108	David Douglas Robertson	language	Quinault	page 29, Table 14, language
Table 14 row 108	David Douglas Robertson	note	idem	page 29, Table 14, word
Table 14 row 108	David Douglas Robertson	translation	idem	page 29, Table 14, gloss
Table 14 row 108	David Douglas Robertson	citation	Modrow [1971])	page 29, Table 14, source
Table 14 row 109	David Douglas Robertson	language	Upper Chehalis	page 29, Table 14, language
Table 14 row 109	Upper Chehalis	cited form	cépɬ	page 29, Table 14, word
Table 14 row 109	David Douglas Robertson	translation	‘proud, feel happy’	page 29, Table 14, gloss
Table 14 row 109	David Douglas Robertson	citation	Kinkade (1991)	page 29, Table 14, source
Table 14 row 110	David Douglas Robertson	language	Cowlitz	page 29, Table 14, language
Table 14 row 110	David Douglas Robertson	note	idem	page 29, Table 14, word
Table 14 row 110	David Douglas Robertson	translation	‘proud, stuck-up’	page 29, Table 14, gloss
Table 14 row 110	David Douglas Robertson	citation	Kinkade (2004)	page 29, Table 14, source
Table 14 row 111	David Douglas Robertson	language	PS	page 29, Table 14, language
Table 14 row 111	Proto-Salish	cited form	*q̓axʷ	page 29, Table 14, word
Table 14 row 111	David Douglas Robertson	translation	‘stiffen, harden, freeze’	page 29, Table 14, gloss
Table 14 row 111	David Douglas Robertson	citation	(Kuipers 2002)	page 29, Table 14, source
Table 14 row 112	David Douglas Robertson	language	PIS	page 29, Table 14, language
Table 14 row 112	Proto-Interior Salish	cited form	*q̓əxʷ	page 29, Table 14, word
Table 14 row 112	David Douglas Robertson	translation	‘proud’	page 29, Table 14, gloss
Table 14 row 112	David Douglas Robertson	citation	(ibid.)	page 29, Table 14, source, carries footnote 33
footnote 33	David Douglas Robertson	note	In the ɬəw̓ál̓məš, Quinault, Upper Chehalis and Cowlitz forms, (ə)ɬ is a suffix (analyzed as ‘intensifier’ for ɬəw̓ál̓məš by Robertson 2014). The PS root is found in Upper Chehalis meaning ‘freeze’ (Kinkade 1991). The PIS root – perhaps its descendant – is of course not known in the literature on Coast Salish, but its form and semantics support a hypothetical ɬəw̓ál̓məš *q̓(ə)xʷ-(ə)ɬ ‘proud’. See also the footnote at youtl in Section 2.2.	page 29, footnote 33
footnote 33	Lower Chehalis	cited form	(ə)ɬ	page 29, in italics
footnote 33	Lower Chehalis	cited form	*q̓(ə)xʷ-(ə)ɬ	page 29, in italics, ‘proud’
Table 14 row 113	David Douglas Robertson	language	Chinook Jargon	page 29, Table 14, language
Table 14 row 113	Chinook Jargon	cited form	<qui’cer>	page 29, Table 14, word
Table 14 row 113	David Douglas Robertson	translation	‘porpoise’	page 29, Table 14, gloss
Table 14 row 113	David Douglas Robertson	citation	Swan (1857)	page 29, Table 14, source
Table 14 row 114	David Douglas Robertson	language	Chinookan	page 29, Table 14, language
Table 14 row 114	Chinookan	cited form	-kučkuč	page 29, Table 14, word
Table 14 row 114	David Douglas Robertson	translation	idem	page 29, Table 14, gloss
Table 14 row 114	David Douglas Robertson	citation	Boas (1910:599)	page 29, Table 14, source
Table 14 row 115	David Douglas Robertson	language	Upper Chehalis	page 29, Table 14, language
Table 14 row 115	Upper Chehalis	cited form	qʷsíyuʔ	page 29, Table 14, word
Table 14 row 115	David Douglas Robertson	translation	idem	page 29, Table 14, gloss
Table 14 row 115	David Douglas Robertson	citation	Kinkade (1991)	page 29, Table 14, source
Table 14 row 116	David Douglas Robertson	language	Quinault	page 29, Table 14, language
Table 14 row 116	Quinault	cited form	qáʔłənuʔ	page 29, Table 14, word
Table 14 row 116	David Douglas Robertson	translation	idem	page 29, Table 14, gloss
Table 14 row 116	David Douglas Robertson	citation	Modrow ([1971])	page 29, Table 14, source
Table 14	David Douglas Robertson	note	language word gloss source	page 30, heads the columns
Table 14 row 117	David Douglas Robertson	language	Chinook Jargon	page 30, Table 14, language
Table 14 row 117	Chinook Jargon	cited form	<ska-kairk>	page 30, Table 14, word
Table 14 row 117	David Douglas Robertson	translation	‘hawk’	page 30, Table 14, gloss
Table 14 row 117	David Douglas Robertson	citation	Swan (1857)	page 30, Table 14, source
Table 14 row 118	David Douglas Robertson	language	Chinookan	page 30, Table 14, language
Table 14 row 118	Chinookan	cited form	šnqitqít	page 30, Table 14, word
Table 14 row 118	David Douglas Robertson	translation	idem	page 30, Table 14, gloss
Table 14 row 118	David Douglas Robertson	citation	Boas (1910:602)	page 30, Table 14, source
Table 14 row 119	Chinookan	cited form	-t̓ít̓i	page 30, Table 14, word
Table 14 row 119	David Douglas Robertson	translation	idem	page 30, Table 14, gloss
Table 14 row 119	David Douglas Robertson	citation	Boas (1910:598)	page 30, Table 14, source
Table 14 row 120	Chinookan	cited form	-’lčap	page 30, Table 14, word
Table 14 row 120	David Douglas Robertson	translation	‘fish-hawk’	page 30, Table 14, gloss
Table 14 row 120	David Douglas Robertson	citation	(ibid.)	page 30, Table 14, source
Table 14 row 121	Chinookan	cited form	-’npič	page 30, Table 14, word
Table 14 row 121	David Douglas Robertson	translation	‘chicken-hawk’	page 30, Table 14, gloss
Table 14 row 121	David Douglas Robertson	citation	(ibid.)	page 30, Table 14, source
Table 14 row 122	David Douglas Robertson	language	Upper Chehalis	page 30, Table 14, language
Table 14 row 122	Upper Chehalis	cited form	sxʷayát̓	page 30, Table 14, word
Table 14 row 122	David Douglas Robertson	translation	‘hawk’	page 30, Table 14, gloss
Table 14 row 122	David Douglas Robertson	citation	Kinkade (1991)	page 30, Table 14, source
Table 14 row 123	David Douglas Robertson	language	Cowlitz	page 30, Table 14, language
Table 14 row 123	Cowlitz	cited form	<.swai’aʹtok>	page 30, Table 14, word
Table 14 row 123	David Douglas Robertson	translation	‘chicken hawk’	page 30, Table 14, gloss
Table 14 row 123	David Douglas Robertson	citation	Kinkade (2004)	page 30, Table 14, source
Table 14 row 124	David Douglas Robertson	language	ɬəw̓ál̓məš	page 30, Table 14, language
Table 14 row 124	Lower Chehalis	cited form	sx̣ʷiy̓át̓	page 30, Table 14, word
Table 14 row 124	David Douglas Robertson	translation	idem	page 30, Table 14, gloss
Table 14 row 124	David Douglas Robertson	citation	ELjh1942.17.381	page 30, Table 14, source, carries footnote 34
footnote 34	David Douglas Robertson	note	ɬəw̓ál̓məš speakers agree that this is the only word for ‘hawk’ that they have. No Salish or Chinookan comparanda have been found, but the CJ word’s form better matches Salish than other languages: it looks like a typical noun with s- NOM and a root in the form either CVCVC or CVC with commonplace reduplication.	page 30, footnote 34
§4	David Douglas Robertson	note	The data in this table set up the unusual situation of a pidgin language playing an instrumental role in revitalizing its lexifier. This involves a novel sense of the well-established concept of “pidgins (and creoles) in education”; in creolistics, that label implies conducting formal education in the contact-generated language (cf. Migge et al. 2010, Nero 2012).	page 30
§4	David Douglas Robertson	note	The idea at hand should be distinguished as well from the novel proposal to remedy loss of agglutinative/polysynthetic Aboriginal languages by, in effect, teaching only lexical items of the ancestral language and using them in a new, analytical, “pidgin” syntax. That is not an outrageous proposal – Powell has suggested such an approach for Quileute (1973), as have Goodfellow and Alfred for Kwak’wala (2002), and the Aboriginal community of Tasmania, Australia has put this strategy into effect with ‘Palawa Kani’, cf. Crowley (2007:3–5). But our revitalization program operates from the quite different assumption that we will be able to reconstruct ɬəw̓ál̓məš morphosyntax. (Robertson 2014 is a first progress report.)	page 30
§4	David Douglas Robertson	language	Kwak’wala	pidgin syntax teaching
§4	David Douglas Robertson	language	Palawa Kani	Tasmania
§4	David Douglas Robertson	note	Instead, what Chinook Jargon enables us to do is to start filling gaps in the documentary record of ɬəw̓ál̓məš, which is reasonably good but finite since this Salish language has had no native speakers in decades. As we move into the next step of morphologically analyzing the ɬəw̓ál̓məš words now collected from CJ, we will have quite a useful resource at hand when it comes to decisions about strengthening the vocabulary of ɬəw̓ál̓məš for talking about daily life and the local environment. When there is no known ɬəw̓ál̓məš expression for a concept, there will be cases where we can still consider CJ words that are obviously from this language, or those that we feel have a probability of representing the old speech, before being forced into raw coinages, calques on other Tsamosan, or loans. (Given the frequency of mutual borrowing, we can expect that both ɬəw̓ál̓məš and Chinook Jargon will in turn provide the same service in any restoration of Shoalwater Lower Chinook.)	page 30
§4	David Douglas Robertson	note	The field work done by Dale Kinkade and his student Charles Snow provide a great deal of the crucial data that these discoveries are based on. Their research is an irreplaceable foundation for our present efforts under the Lower Chehalis Language Project to ‘repatriate’ and revitalize ɬəw̓ál̓məš. Borrowing one of the tribal elders’ fine words in the language, we raise our hands in appreciation and say “x̣ə́sqəʔ” – thanks!	page 30
§4	David Douglas Robertson	name	Charles Snow	Kinkade's student, the phonology (1969)
references	David Douglas Robertson	heading	References	page 31
references	David Douglas Robertson	reference	Aikhenvald, Alexandra Y. 2010. Imperatives and commands. Oxford: Oxford University Press. (Oxford Studies in Typology and Linguistic Theory.)	page 31
references	David Douglas Robertson	reference	Anderson, Gregory D.S. and K. David Harrison. 2012. Tillamook Talking Dictionary. Living Tongues Institute for Endangered Languages. http://www.talkingdictionary.org/tillamook, accessed May 27, 2015.	page 31
references	David Douglas Robertson	reference	Bates, Dawn, Thom Hess, and Vi Hilbert. 1994. Lushootseed dictionary. Seattle: University of Washington Press.	page 31
references	David Douglas Robertson	reference	Beaumont, Ronald. 2011. Sechelt dictionary. Sechelt, BC: Sechelt Indian Band.	page 31
references	David Douglas Robertson	reference	Boas, Franz. 1892. The Chinook Jargon. Science 19 (474):129.	page 31
references	David Douglas Robertson	reference	Boas, Franz. 1910. Chinook: An illustrative sketch. Washington: Government Printing Office.	page 31
references	David Douglas Robertson	reference	Chinuk Wawa Dictionary Project. 2012. Chinuk Wawa: Kakwa nsayka ulman- tilixam ɬaska munk-kəmtəks nsayka / As our elders teach us to speak it. Grand Ronde, OR: Confederated Tribes of Grand Ronde.	page 31
references	David Douglas Robertson	reference	Cooper, J.G. 1854. [Lower Chehalis vocabulary.] MS 730, National Anthropological Archives, Smithsonian Institution.	page 31
references	David Douglas Robertson	reference	Cox, Ross. 1832. Adventures on the Columbia River. New York: J&J Harper.	page 31
references	David Douglas Robertson	reference	Crowley, Terry. 2007. Field linguistics: A beginner’s guide. Oxford: Oxford University Press.	page 31
references	David Douglas Robertson	reference	Drechsel, Emanuel J. 2014. Language contact in the early colonial Pacific: Maritime Polynesian Pidgin before English. Cambridge: Cambridge University Press.	page 31
references	David Douglas Robertson	reference	Eells, Myron. 1894. The Chinook Jargon. American Anthropologist 7(3):300–312.	page 31
references	David Douglas Robertson	reference	Elmendorf, William. 1951. Word taboo and lexical change in Coast Salish. International Journal of American Linguistics 17 (4):205–208.	page 31
references	David Douglas Robertson	reference	Gibbs, George. 1863a. A dictionary of the Chinook Jargon, or, trade language of Oregon. New York: Cramoisy Press.	page 31
references	David Douglas Robertson	reference	Gibbs, George. 1863b. Alphabetical vocabulary of the Chinook language. New York: Cramoisy Press.	page 31
references	David Douglas Robertson	reference	Gill, John Kaye. 1909. Gill’s dictionary of the Chinook Jargon: Fifteenth edition.	page 31
references	David Douglas Robertson	reference	Portland, OR: J.K. Gill Company.	page 31
references	David Douglas Robertson	reference	Goodfellow, Anne and Pauline Alfred. 2002. Maintaining indigenous languages in North America: What can we learn from studies of pidgins and creoles? Proceedings of the Annual Conference on Stabilizing Indigenous Languages (7th, Toronto, ON, May 11-14, 2000): 21–218.	page 32
references	David Douglas Robertson	reference	Hajda, Yvonne. 1990. Southwestern coast Salish. Pp. 502–517 in Suttles, Wayne (ed.).	page 32
references	David Douglas Robertson	reference	Hale, Horatio. 1846. Ethnography and philology. Vol. 6 of United States Exploring Expedition during the years 1838, 1839, 1840, 1841, 1842. Philadelphia: Lea and Blanchard.	page 32
references	David Douglas Robertson	reference	Harrington, John P. 1942. Field notes on Lower Chehalis, Cowlitz et al. Microfilm reels 17 and 18. National Anthropological Archives.	page 32
references	David Douglas Robertson	reference	Jacobs, Melville. 1936. Texts in Chinook Jargon. Seattle: University of Washington.	page 32
references	David Douglas Robertson	reference	Jahr, Ernst Håkon. 1996. On the pidgin status of Russenorsk. In Jahr, Ernst Håkon and Ingvild Broch (eds.), Language contact in the Arctic: Northern pidgins and contact languages, pp. 107–122. Berlin: Mouton de Gruyter. (Trends in Linguistics. Studies and Monographs; 88.)	page 32
references	David Douglas Robertson	reference	Johnson, Samuel V. 1978. Chinook Jargon: A computer assisted analysis of variation in an American Indian pidgin. PhD dissertation, University of Kansas.	page 32
references	David Douglas Robertson	reference	Kinkade, M. Dale. 1979. Preliminary notes on Lower Chehalis (ɬəw̓ál̓məš) morphology. Papers of the fourteenth International Conference on Salish and Neighboring Languages.	page 32
references	David Douglas Robertson	reference	Kinkade, M. Dale. 1991. Upper Chehalis dictionary. Missoula, MT: University of Montana. (University of Montana Occasional Papers in Linguistics No. 7.)	page 32
references	David Douglas Robertson	reference	Kinkade, M. Dale. 2004. Cowlitz dictionary and grammatical sketch. Missoula, MT: University of Montana. (University of Montana Occasional Papers in Linguistics No. 18.)	page 32
references	David Douglas Robertson	reference	Kinkade, M. Dale. [n.d.]. Notes on early vocabulary of Lower Chehalis [card file]. M. Dale Kinkade Papers box 2, University of Washington Special Collections.	page 32
references	David Douglas Robertson	reference	Kinkade, M. Dale, Jay Powell and William Seaburg. 2010. And now, finally, the last word on the Lower Chehalis loanwords into Chinook Jargon. Pp. 197–203 of Beck, David (ed.), A Festscrift for Thomas M. Hess on the occasion of his seventieth birthday. Bellingham, WA: Whatcom Museum. (Whatcom Museum Publications No. 21.)	page 32
references	David Douglas Robertson	reference	Kroeber, Paul D. 1999. The Salish language family: Reconstructing syntax. Lincoln: University of Nebraska Press. (Studies in the Anthropology of North American Indians Series.)	page 32
references	David Douglas Robertson	reference	Kuipers, Aert. 2002. Salish etymological dictionary. Missoula, MT: University of Montana. (University of Montana Occasional Papers in Linguistics No. 16.)	page 32
references	David Douglas Robertson	reference	Lee, Daniel and Joseph H. Frost. 1846. Ten years in Oregon. New York: J. Collard. Le Jeune, J.M.R. 1924. Chinook rudiments. [Kamloops, BC]: [n.p.].	page 33
references	David Douglas Robertson	reference	Lionnet, Père. 1853. Vocabulary of the jargon or trade language of Oregon. [Washington]: [Smithsonian Institution].	page 33
references	David Douglas Robertson	reference	Meares, John. 1791. Voyages made in the years 1788 and 1789, from China to the N.W. coast of America. London: Sold by J. Walter.	page 33
references	David Douglas Robertson	reference	Migge, Betttina, Isabelle Léglise and Angela Bartens (eds.). 2010. Creoles in education: An appraisal of current programs and projects. Amsterdam: John Benjamins. (Creole Language Library, volume 36.)	page 33
references	David Douglas Robertson	reference	Modrow, Ruth. [1971.] The Quinauult [sic] dictionary. [Taholah, WA]: [Quinault Indian Tribe].	page 33
references	David Douglas Robertson	reference	Montler, Timothy. 2012. Klallam dictionary. Seattle: University of Washington Press.	page 33
references	David Douglas Robertson	reference	Nero, Shondel (ed.). 2012. Dialects, Englishes, creoles, and education. Mahwah, NJ: Lawrence Erlbaum and Associates. (ESL & Applied Linguistics Professional Series.) Oxford Dictionary of English. 2010. Oxford: Oxford University Press.	page 33
references	David Douglas Robertson	reference	Palmer, Joel. 1838. Journal of travels over the Rocky Mountains. Cincinnati: J.A. and U.P. James.	page 33
references	David Douglas Robertson	reference	Powell, Jay V. 1973. Raising pidgins for fun and profit: A new departure in language teaching. Proceedings of the Pacific Northwest Conference on Foreign Languages 17:40–43.	page 33
references	David Douglas Robertson	reference	Powell, Jay V. and Andrew Callicum 1991. Our world – our ways: T’aat̓aaqsapa cultural dictionary. [n.p.]: Nuuchahnulth Tribal Council.	page 33
references	David Douglas Robertson	reference	Powell, Jay V. and Fred Woodruff. 1976. Quileute dictionary. [Moscow]: [University of Idaho]. (Northwest Anthropological Research Notes 10 (1) part 2; Northwest Anthropological Research Notes memoir no. 3.)	page 33
references	David Douglas Robertson	reference	Rath, John. 1981. A practical Heiltsuk-English dictionary with a grammatical introduction. Ottawa: National Museum of Canada. (Canadian Ethnology Service Paper no. 75.)	page 33
references	David Douglas Robertson	reference	Robertson, David. 2011. Kamloops Chinuk Wawa, Chinuk pipa, and the vitality of pidgins. PhD dissertation, University of Victoria.	page 33
references	David Douglas Robertson	reference	Robertson, David. 2014. ɬəw̓ál̓məš (Lower Chehalis) morphosyntax. In Natalie Weber, Emily Sadlier-Brown, and Erin Guntly (eds.), Papers for the International Conference on Salish and Neighboring Languages 49, pp. 89–153. (University of British Columbia Working Papers in Linguistics 37.)	page 33
references	David Douglas Robertson	reference	Scouler, John. 1841. Observations on the indigenous tribes of the N.W. Coast of America. Journal of the Royal Geographical Society of London 11:215–251.	page 33
references	David Douglas Robertson	reference	Snow, Charles. 1969. A Lower Chehalis phonology. MA thesis, University of Kansas.	page 34
references	David Douglas Robertson	reference	Sun, June C.C. 2003. The grammaticalization and lexicalization of the pragmatic marker gei wo in Mandarin. LA CUS Forum XXIX:349.	page 34
references	David Douglas Robertson	reference	Suttles, Wayne (ed.). 1990. Northwest Coast. Washington, DC: Smithsonian Institution. (Handbook of North American Indians, volume 7.)	page 34
references	David Douglas Robertson	reference	Suttles, Wayne and Barbara Lane. 1990. Southern Coast Salish. Pp. 485–502 in Suttles (ed.).	page 34
references	David Douglas Robertson	reference	Swan, James G. 1857. The northwest coast: Or, three years’ residence in Washington Territory. New York: Harper.	page 34
references	David Douglas Robertson	reference	Swanton, John R. 1900. Morphology of the Chinook verb. American Anthropologist 2 (2):199–237.	page 34
references	David Douglas Robertson	reference	Tolmie, William Fraser and George Dawson. 1884. Comparative vocabularies of the Indian tribes of British Columbia with a map illustrating distribution. Montreal: Dawson Bros.	page 34
