where	who	kind	form	gloss
front	Lisa Matthewson	title	Mood and modality in St’át’imcets and beyond	page 1
front	Lisa Matthewson	name	Lisa Matthewson	author
front	Lisa Matthewson	note	University of British Columbia	page 1, under Lisa Matthewson
front	Lisa Matthewson	note	The St’át’imcets (Lillooet Salish) subjunctive mood appears in nine environments, with a range of semantic effects, including weakening an imperative to a polite request, turning a question into an uncertainty statement, and creating a free relative. The St’át’imcets subjunctive also differs from Indo-European subjunctives in that it is not selected by attitude verbs. In this paper I account for the St’át’imcets subjunctive using Portner’s (1997) proposal that moods restrict the conversational background of a governing modal. I argue that the St’át’imcets subjunctive restricts the conversational background in a way which obligatorily weakens the modal’s quantificational force. This obligatory modal weakening – not found with Indo-European moods – correlates with the fact that St’át’imcets modals differ from Indo-European modals along the same dimension. While Indo-European modals lexically encode quantificational force, but not conversational background, St’át’imcets modals encode conversational background, but not quantificational force (Matthewson et al. 2007, Rullmann et al. 2008).	page 1, the abstract
front	Lisa Matthewson	language	St’át’imcets	Northern Interior Salish, the language of the paper, a.k.a. Lillooet
§1	Lisa Matthewson	heading	1 Introduction	page 1
§1	Lisa Matthewson	note	Many Indo-European languages possess both modals – lexical items which quantify over possible worlds – and subjunctive moods – agreement paradigms which usually require a licensing modal element. The contrast is illustrated for Italian in (1-2). (1a,b) contain modal auxiliaries; (2) contains subjunctive mood agreement which is licensed by the matrix attitude verb.	page 1
§1	Lisa Matthewson	language	Italian	Palmer (2001), the Indo-European contrast
(1a) line 1	Italian	transcription	deve essere nell’ ufficio	page 1
(1a) line 2	Italian	gloss	must+3SG+PRES+IND be in.the office	page 1
(1a) line 3	Lisa Matthewson	translation	‘He must be in the office.’	page 1
(1a) line 4	Lisa Matthewson	citation	(Italian; Palmer 2001:102)	page 1, the tag or source at the right of the translation
(1b) line 1	Italian	transcription	puo essere nell’ ufficio	page 1
(1b) line 2	Italian	gloss	may+3SG+PRES+IND be in.the office	page 1
(1b) line 3	Lisa Matthewson	translation	‘He may be in the office.’	page 1
(1b) line 4	Lisa Matthewson	citation	(Italian; Palmer 2001:102)	page 1, the tag or source at the right of the translation
(2) line 1	Italian	transcription	dubito che impari	page 2
(2) line 2	Italian	gloss	I.doubt that learn+3SG+PRES+SBJN	page 2
(2) line 3	Lisa Matthewson	translation	‘I doubt that he’s learning.’	page 2
(2) line 4	Lisa Matthewson	citation	(Italian; Palmer 2001:117)	page 2, the tag or source at the right of the translation
§1	Lisa Matthewson	note	Previous work on the Salish language St’át’imcets (a.k.a. Lillooet; see Matthewson et al. 2007, Rullmann et al. 2008, Davis et al. 2009) has established the existence of a set of modals in this language, which differ in their semantics from those of Indo-European. Indo-European modals typically lexically encode distinctions of quantificational force, but leave conversational background (in the sense of Kratzer 1981, 1991) up to context. (1a), for example, unambiguously expresses necessity, while (1b) unambiguously expresses possibility. However, both modals allow either epistemic or deontic interpretations, depending on context. In contrast, modals in St’át’imcets lexically encode conversational background, but leave quantificational force up to context. (3a), for example, is unambiguously epistemic, but is compatible with either a necessity or a possibility interpretation, depending on context. (3b) is unambiguously deontic, but similarly allows differing quantificational strengths. See Matthewson et al. (2007), Rullmann et al. (2008), Davis et al. (2009) for extensive discussion.1	page 2
footnote 1	Lisa Matthewson	note	All St’át’imcets data are from primary fieldwork unless otherwise noted. Data are presented in the practical orthography of the language developed by Jan van Eijk; see van Eijk and Williams (1986). Abbreviations: ADHORT: adhortative, CAUS: causative, CIRC: circumstantial modal, COL: collective, COMP: complementizer, COND: conditional, CONJ: conjunctive, COUNTER: counter to expectations, DEIC: deictic, DEON: deontic, DEMON: demonstrative, DET: determiner, DIR: directive transitivizer, DS: different subject, EPIS: epistemic, ERG: ergative, EXIS: assertion of existence, FOC: focus, FUT: future, IMPF: imperfective, INCH: inchoative, INDIC: indicative, INFER: inferential evidential, IRR: irrealis, LOC: locative, MID: middle intransitive, NOM: nominalizer, OBJ: object, PRT: particle, PASS: passive, PERC.EVID: perceived evidence, PL: plural, POSS: possessive, PREP: preposition, REAL: realis, RED: redirective applicative, REM.PAST: remote past, SBJN: subjunctive, SG: singular, SIM: simultaneous, STAT: stative, TEMP.DEIC: temporal deictic, YNQ: yes-no question. The symbol - marks an affix boundary and = marks a clitic boundary.	page 2, footnote 1
§1	Lisa Matthewson	name	Kratzer	Angelika Kratzer (1981, 1991, 2009), modal bases and ordering sources
§1	Lisa Matthewson	name	Rullmann	Hotze Rullmann, Rullmann et al. (2008), St’át’imcets modals; thanked
§1	Lisa Matthewson	language	Lillooet	St’át’imcets, its other name
(3a) line 1	St’át’imcets	transcription	wá7=k’a s-t’al l=ti=tsítcw-s=a s=Philomena	page 2
(3a) line 2	St’át’imcets	gloss	be=EPIS STAT-stop in=DET=house-3SG.POSS=EXIS NOM=Philomena	page 2
(3a) line 3	Lisa Matthewson	translation	‘Philomena must / might be in her house.’	page 2
(3a) line 4	Lisa Matthewson	note	ONLY EPISTEMIC	page 2, the category set at the right of the translation
(3b) line 1	St’át’imcets	transcription	lán=lhkacw=ka áts’x-en ti=kwtámts-sw-a	page 2
(3b) line 2	St’át’imcets	gloss	already=2SG.SUBJ=DEON see-DIR DET=husband-2SG.POSS-EXIS	page 2
(3b) line 3	Lisa Matthewson	translation	‘You must / can / may see your husband now.’	page 2
(3b) line 4	Lisa Matthewson	note	ONLY DEONTIC	page 2, the category set at the right of the translation
§1	Lisa Matthewson	note	A simplified table representing the difference between the two types of modal system is given in (4).	page 2
(4) line 1	Lisa Matthewson	note	quantificational force	page 3, a column's head
(4) line 1	Lisa Matthewson	note	conversational background	page 3, a column's head
(4) line 2	Lisa Matthewson	note	Indo-European	page 3, a row's head
(4) line 2	Lisa Matthewson	note	lexical	page 3, Indo-European, quantificational force, in italics
(4) line 2	Lisa Matthewson	note	context	page 3, Indo-European, conversational background, in bold
(4) line 3	Lisa Matthewson	note	St’át’imcets	page 3, a row's head
(4) line 3	Lisa Matthewson	note	context	page 3, St’át’imcets, quantificational force, in bold
(4) line 3	Lisa Matthewson	note	lexical	page 3, St’át’imcets, conversational background, in italics
§1	Lisa Matthewson	note	In this paper I extend the cross-linguistic comparison to the realm of mood. I argue that St’át’imcets possesses a subjunctive mood, and show that it induces a range of apparently disparate semantic effects, depending on the construction in which it appears. One example of the use of the subjunctive is given in (5): it weakens the force of a deontic modal. Other uses include turning imperatives into polite requests, and turning questions into statements of uncertainty (cf. van Eijk 1997, Davis 2006).	page 3
§1	Lisa Matthewson	name	van Eijk	Jan van Eijk (1997), the grammar of Lillooet and the practical orthography
(5a) line 1	St’át’imcets	transcription	gúy’t=Ø=ka ti=sk’úk’wm’it=a	page 3
(5a) line 2	St’át’imcets	gloss	sleep=3INDIC=DEON DET=child=EXIS	page 3
(5a) line 3	Lisa Matthewson	translation	‘The child should sleep.’	page 3
(5b) line 1	St’át’imcets	transcription	guy’t=ás=ka ti=sk’úk’wm’it=a	page 3
(5b) line 2	St’át’imcets	gloss	sleep=3SBJN=DEON DET=child=EXIS	page 3
(5b) line 3	Lisa Matthewson	translation	‘I hope the child sleeps.’	page 3
§1	Lisa Matthewson	note	I will show that the St’át’imcets subjunctive differs markedly from Indo- European subjunctives, both in the environments in which it is licensed, and in its semantic effects. I propose an analysis of the St’át’imcets subjunctive which adopts insights put forward by Portner (1997, 2003). For Portner, moods in various Indo-European languages place restrictions on the conversational background of a governing modal. I argue that the St’át’imcets subjunctive mood can be analyzed within exactly this framework, with the twist that in St’át’imcets, the restriction the subjunctive places on the governing modal obligatorily weakens its quantificational force.	page 3
§1	Lisa Matthewson	name	Portner	Paul Portner (1997, 2003, 2004, 2007, 2009), moods restrict the conversational background
§1	Lisa Matthewson	note	This has an interesting consequence. While we can account for the St’át’imcets subjunctive using the same theoretical tools as for Indo-European, at a functional level the two languages are using their mood systems to achieve quite different effects. In particular, St’át’imcets uses its mood system to restrict modal force – precisely what this language does not restrict via its lexical modals. At a functional level, then, we find the same kind of cross-linguistic variation in the domain of mood as we do with modals. This idea is illustrated in the simplified typology in (6).	page 3
(6) line 1	Lisa Matthewson	note	lexically restrict quantificational force	page 3, a column's head
(6) line 1	Lisa Matthewson	note	lexically restrict conversational background	page 3, a column's head
(6) line 2	Lisa Matthewson	note	Indo-European	page 3, a row's head
(6) line 2	Lisa Matthewson	note	modals	page 3, Indo-European, lexically restrict quantificational force, in italics
(6) line 2	Lisa Matthewson	note	moods	page 3, Indo-European, lexically restrict conversational background, in bold
(6) line 3	Lisa Matthewson	note	St’át’imcets	page 3, a row's head
(6) line 3	Lisa Matthewson	note	moods	page 3, St’át’imcets, lexically restrict quantificational force, in bold
(6) line 3	Lisa Matthewson	note	modals	page 3, St’át’imcets, lexically restrict conversational background, in italics
§1	Lisa Matthewson	note	These results suggest that while individual items in the realm of mood and modality lexically encode different aspects of meaning, the systems as a whole have very similar expressive power.	page 3
§1	Lisa Matthewson	note	The structure of the paper is as follows. Section 2 introduces the St’át’imcets subjunctive data. I first illustrate the nine different uses of the relevant agreement paradigm, and then argue that this agreement paradigm is a subjunctive, rather than an irrealis mood. Section 3 shows that the St’át’imcets subjunctive is not amenable to existing analyses of more familiar languages. Section 4 reviews the basic framework adopted, that of Portner (1997), and section 5 provides initial arguments for adopting a Portner-style approach for St’át’imcets. Section 6 presents the formal analysis, and section 7 applies the analysis to a range of uses of the subjunctive. Section 8 concludes and raises some issues for future research.	page 4
§2	Lisa Matthewson	heading	2 St’át’imcets subjunctive data	page 4
§2	Lisa Matthewson	note	St’át’imcets possesses a complex system of subject and object agreement. There are different subject agreement paradigms for transitive vs. intransitive predicates. For intransitive predicates, there are three distinct subject paradigms, one of which is glossed as ‘subjunctive’ by van Eijk (1997) and Davis (2006).2	page 4
footnote 2	Lisa Matthewson	note	The cognate forms are often called ‘conjunctive’ in other Salish languages, primarily in order to disambiguate the abbreviations for ‘subject’ and ‘subjunctive’. See for example Kroeber (1999).	page 4, footnote 2
footnote 2	Lisa Matthewson	name	Kroeber	Paul Kroeber (1999), the Salish language family
(7) line 1	Lisa Matthewson	note	Subject agreement paradigms for the intransitive predicate tsut ‘to say’:	page 4, the table's caption, tsut in italics
(7) line 2	Lisa Matthewson	note	INDICATIVE3	page 4, the head over the first two columns
footnote 3	Lisa Matthewson	note	The traditional terms for the first two columns are ‘indicative’ and ‘nominalized’ respectively. The nominalized endings are identical to nominal possessive endings, and are glossed as ‘POSS’ in the data. The choice between these first two paradigms is syntactically governed: the so-called ‘indicative’ surfaces in matrix clauses and relative clauses, while the nominalized paradigm appears in subordinate clauses. Both these sets contrast semantically, in all syntactic environments, with the subjunctive, hence my overall categorization of the first two paradigms as ‘indicative’.	page 4, footnote 3
(7) line 3	Lisa Matthewson	note	INDICATIVE	page 4, a column's head
(7) line 3	Lisa Matthewson	note	NOMINALIZED	page 4, a column's head
(7) line 3	Lisa Matthewson	note	SUBJUNCTIVE	page 4, a column's head
(7) line 4	St’át’imcets	gloss	1SG	page 4, a row's head
(7) line 4	St’át’imcets	transcription	tsút=kan	page 4, 1SG, INDICATIVE, the agreement in bold
(7) line 4	St’át’imcets	transcription	n=s=tsut	page 4, 1SG, NOMINALIZED, the agreement in bold
(7) line 4	St’át’imcets	transcription	tsút=an	page 4, 1SG, SUBJUNCTIVE, the agreement in bold
(7) line 5	St’át’imcets	gloss	2SG	page 4, a row's head
(7) line 5	St’át’imcets	transcription	tsút=kacw	page 4, 2SG, INDICATIVE, the agreement in bold
(7) line 5	St’át’imcets	transcription	s=tsút.=su	page 4, 2SG, NOMINALIZED, the agreement in bold
(7) line 5	St’át’imcets	transcription	tsút=acw	page 4, 2SG, SUBJUNCTIVE, the agreement in bold
(7) line 6	St’át’imcets	gloss	3SG	page 4, a row's head
(7) line 6	St’át’imcets	transcription	tsut=Ø	page 4, 3SG, INDICATIVE, the agreement in bold
(7) line 6	St’át’imcets	transcription	s=tsut=s	page 4, 3SG, NOMINALIZED, the agreement in bold
(7) line 6	St’át’imcets	transcription	tsút=as	page 4, 3SG, SUBJUNCTIVE, the agreement in bold
(7) line 7	St’át’imcets	gloss	1PL	page 4, a row's head
(7) line 7	St’át’imcets	transcription	tsút=kalh	page 4, 1PL, INDICATIVE, the agreement in bold
(7) line 7	St’át’imcets	transcription	s=tsút=kalh	page 4, 1PL, NOMINALIZED, the agreement in bold
(7) line 7	St’át’imcets	transcription	tsút=at	page 4, 1PL, SUBJUNCTIVE, the agreement in bold
(7) line 8	St’át’imcets	gloss	2PL	page 4, a row's head
(7) line 8	St’át’imcets	transcription	tsút=kal’ap	page 4, 2PL, INDICATIVE, the agreement in bold
(7) line 8	St’át’imcets	transcription	s=tsút=lap	page 4, 2PL, NOMINALIZED, the agreement in bold
(7) line 8	St’át’imcets	transcription	tsút=al’ap	page 4, 2PL, SUBJUNCTIVE, the agreement in bold
(7) line 9	St’át’imcets	gloss	3PL	page 4, a row's head
(7) line 9	St’át’imcets	transcription	tsút=wit	page 4, 3PL, INDICATIVE, the agreement in bold
(7) line 9	St’át’imcets	transcription	s=tsút=i	page 4, 3PL, NOMINALIZED, the agreement in bold
(7) line 9	St’át’imcets	transcription	tsút=wit=as	page 4, 3PL, SUBJUNCTIVE, the agreement in bold
(7) line 10	Lisa Matthewson	citation	(adapted from van Eijk 1997:146)	page 4, under the table
§2	Lisa Matthewson	note	With transitive predicates, the situation is similar, except that there are four separate paradigms, one of which is subjunctive.4	page 4
footnote 4	Lisa Matthewson	note	See Kroeber (1999) and Davis (2000) for justification of the analysis of subject inflection assumed here. I do not provide the transitive paradigms, as subject markers vary based on the person and number of the object and the table is excessively large. See van Eijk (1997), Davis (2006) for details.	page 4, footnote 4
§2	Lisa Matthewson	note	In section 2.1 I illustrate the uses of the paradigms glossed as subjunctive, and in 2.2 I argue that these paradigms more closely approximate familiar subjunctives, rather than irrealis moods.	page 5
§2.1	Lisa Matthewson	heading	2.1 Uses of the St’át’imcets subjunctive	page 5
§2.1	Lisa Matthewson	note	The mood I am glossing as ‘subjunctive’ has a wide range of uses, which at first glance are not easily unifiable. I illustrate all of them here. First, the subjunctive functions to turns a plain assertion into a wish (Davis 2006: chapter 24).	page 5
(8a) line 1	St’át’imcets	transcription	nilh s=Lémya7 ti=kél7=a	page 5
(8a) line 2	St’át’imcets	gloss	FOC NOM=Lémya7 DET=first=EXIS	page 5
(8a) line 3	Lisa Matthewson	translation	‘Lémya7 is first.’	page 5
(8b) line 1	St’át’imcets	transcription	nílh=as s=Lémya7 ku=kéla75	page 5
footnote 5	Lisa Matthewson	note	The determiner alternation between (8a) and (8b) (ti= … =a vs. ku=) is predictable, but irrelevant for current concerns. See Matthewson (1998, 1999) for discussion.	page 5, footnote 5
(8b) line 2	St’át’imcets	gloss	FOC=3SBJN NOM=Lémya7 DET=first	page 5
(8b) line 3	Lisa Matthewson	translation	‘May Lémya7 be first.’	page 5
(9a) line 1	St’át’imcets	transcription	ámh=as ku=scwétpcen-su!	page 5
(9a) line 2	St’át’imcets	gloss	good=3SBJN DET=birthday-2SG.POSS	page 5
(9a) line 3	Lisa Matthewson	translation	‘May your birthday be good!’	page 5
(9b) line 1	St’át’imcets	transcription	ámh=as ku=s=wá7=su!	page 5
(9b) line 2	St’át’imcets	gloss	good=3SBJN DET=NOM=be-2SG.POSS	page 5
(9b) line 3	Lisa Matthewson	translation	‘Best wishes!’	page 5
(9b) line 4	Lisa Matthewson	citation	[‘May your being be good.’]	page 5, the tag or source at the right of the translation
(9b) line 5	Lisa Matthewson	citation	(Davis 2006: chapter 24)	page 5, the tag or source at the right of the translation
§2.1	Lisa Matthewson	note	This use of the subjunctive is very restricted (see van Eijk 1997:147). Minimal pairs cannot usually be constructed for ordinary assertions, as shown in (10-12).	page 5
(10a) line 1	St’át’imcets	transcription	kwis lhkúnsa	page 5
(10a) line 2	St’át’imcets	segmentation	rain today	page 5
(10a) line 3	Lisa Matthewson	translation	‘It’s raining today.’	page 5
(10b) line 1	St’át’imcets	transcription	* kwís=as lhkúnsa	page 5
(10b) line 2	St’át’imcets	segmentation	rain=3SBJN today	page 5
(10b) line 3	Lisa Matthewson	translation	intended: ‘May it rain today.’	page 5
(11a) line 1	St’át’imcets	transcription	áma ti=sq’ít=a	page 5
(11a) line 2	St’át’imcets	gloss	good DET=day=EXIS	page 5
(11a) line 3	Lisa Matthewson	translation	‘It is a good day.’	page 5
(11b) line 1	St’át’imcets	transcription	* ámh=as ti=sq’ít=a	page 6
(11b) line 2	St’át’imcets	gloss	good=3SBJN DET=day=EXIS	page 6
(11b) line 3	Lisa Matthewson	translation	intended: ‘May it be a good day.’	page 6
(12a) line 1	St’át’imcets	transcription	guy’t ti=sk’úk’wm’ita	page 6
(12a) line 2	St’át’imcets	gloss	sleep DET=child=EXIS	page 6
(12a) line 3	Lisa Matthewson	translation	‘The child is sleeping.’	page 6
(12b) line 1	St’át’imcets	transcription	* guy’t=ás ti=sk’úk’wm’ita	page 6
(12b) line 2	St’át’imcets	gloss	sleep=3SBJN DET=child=EXIS	page 6
(12b) line 3	Lisa Matthewson	translation	intended: ‘I hope the child sleeps.’	page 6
§2.1	Lisa Matthewson	note	In general, the subjunctive seems only to add to a plain assertion either in a cleft structure, as in (8), or in conventionalized wishes, as in (9). I return to this issue below.	page 6
§2.1	Lisa Matthewson	note	The more usual case of the subjunctive creating a wish-statement is when it co-occurs with the deontic modal ka, as in (13-14).	page 6
(13a) line 1	St’át’imcets	transcription	plán=ka=ti7=t’u7 wa7 máys-n-as	page 6
(13a) line 2	St’át’imcets	gloss	already=DEON=DEMON=PRT IMPF fix-DIR-3ERG	page 6
(13a) line 3	Lisa Matthewson	translation	‘He should have fixed that already.’	page 6
(13b) line 1	St’át’imcets	transcription	plan=as=ká=ti7=t’u7 wa7 máys-n-as	page 6
(13b) line 2	St’át’imcets	gloss	already=3SBJN=DEON=DEMON=PRT IMPF fix-DIR-3ERG	page 6
(13b) line 3	Lisa Matthewson	translation	‘I wish he had fixed that already.’	page 6
(14a) line 1	St’át’imcets	transcription	guy’t=ka ti=sk’úk’wm’it=a	page 6
(14a) line 2	St’át’imcets	gloss	sleep=DEON DET=child=EXIS	page 6
(14a) line 3	Lisa Matthewson	translation	‘The child should sleep.’	page 6
(14b) line 1	St’át’imcets	transcription	guy’t=ás=ka ti=sk’úk’wm’it=a	page 6
(14b) line 2	St’át’imcets	gloss	sleep=3SBJN=DEON DET=child=EXIS	page 6
(14b) line 3	Lisa Matthewson	translation	‘I hope the child sleeps.’	page 6
§2.1	Lisa Matthewson	note	When used with the deontic modal ka, in addition to the ‘wish’ interpretation shown in (13-14), the subjunctive can also render a ‘pretend to be ...’ interpretation.6	page 6
footnote 6	Lisa Matthewson	note	The data in (15) are from the Upper St’át’imcets dialect; in Lower St’át’imcets, (15a) is corrected to (i), which has the subjunctive but lacks the deontic modal. This independent pronoun construction is argued by Thoma (2007) to be a concealed cleft. I return to this issue below.	page 6, footnote 6
footnote 6 (i) line 1	St’át’imcets	transcription	nu=hás ku=kalúla7	page 6
footnote 6 (i) line 2	St’át’imcets	gloss	2SG.EMPH=3SBJN DET=owl	page 6
footnote 6 (i) line 3	Lisa Matthewson	translation	‘Pretend to be an owl.’	page 6
(15a) line 1	St’át’imcets	transcription	skalúl7=acw=ka: saq’w knáti7 múta7 em7ímn-em	page 7
(15a) line 2	St’át’imcets	gloss	owl=2SG.SBJN=DEON fly DEIC and animal.noise-MID	page 7
(15a) line 3	Lisa Matthewson	translation	‘Pretend to be an owl: fly around and hoot.’	page 7
(15a) line 4	Lisa Matthewson	citation	(Davis 2006: chapter 24)	page 7, the tag or source at the right of the translation
(15b) line 1	St’át’imcets	transcription	snu=hás=ka ku-skícza7	page 7
(15b) line 2	St’át’imcets	gloss	2SG.EMPH=3SBJN=DEON DET=mother	page 7
(15b) line 3	Lisa Matthewson	translation	‘Pretend to be the mother.’	page 7
(15b) line 4	Lisa Matthewson	citation	(Whitley et al. no date)	page 7, the tag or source at the right of the translation
§2.1	Lisa Matthewson	note	The fourth construction which licenses the subjunctive is the imperative; the subjunctive weakens an imperative to a polite request (Davis 2006: chapter 24). In each of (16-18), the subjunctive imperative in (b) is construed as ‘more polite’ than the plain imperative in (a). The subjunctive is particularly common in negative requests, as in (18).	page 7
(16a) line 1	St’át’imcets	transcription	lts7á=malh lh=kits-in’=ál’ap!	page 7
(16a) line 2	St’át’imcets	gloss	DEIC=ADHORT COMP=put.down-DIR=2PL.SBJN	page 7
(16a) line 3	Lisa Matthewson	translation	‘Just put it over here!’	page 7
(16b) line 1	St’át’imcets	transcription	lts7á=has=malh7 lh=kits-in’=ál’ap	page 7
footnote 7	Lisa Matthewson	note	The third person subjunctive ending appears here because the structure is bi-clausal, involving a third-person impersonal main predicate: ‘It is here that you could put it down.’	page 7, footnote 7
(16b) line 2	St’át’imcets	gloss	DEIC=3SBJN=ADHORT COMP=put.down-DIR=2PL.SBJN	page 7
(16b) line 3	Lisa Matthewson	translation	‘Could you put it down here?’ / ‘You may as well put it down over here.’	page 7
(16b) line 4	Lisa Matthewson	citation	(adapted from Davis 2006: chapter 24)	page 7, the tag or source at the right of the translation
(17a) line 1	St’át’imcets	transcription	nás=malh áku7 pankúph=a	page 7
(17a) line 2	St’át’imcets	gloss	go=ADHORT DEIC Vancouver=EXIS	page 7
(17a) line 3	Lisa Matthewson	translation	‘You’d better go to Vancouver.’	page 7
(17b) line 1	St’át’imcets	transcription	nás=acw=malh áku7 pankúph=a	page 7
(17b) line 2	St’át’imcets	gloss	go=2SG.SBJN=ADHORT DEIC Vancouver=EXIS	page 7
(17b) line 3	Lisa Matthewson	translation	‘You could go to Vancouver.’	page 7
(18a) line 1	St’át’imcets	transcription	cw7aoz kw=s=sek’w-en-ácw ta=nk’wanústen’=a	page 7
(18a) line 2	St’át’imcets	gloss	NEG DET=NOM=break-DIR-2SG.ERG DET=window=EXIS	page 7
(18a) line 3	Lisa Matthewson	translation	‘Don’t break the window.’	page 7
(18b) line 1	St’át’imcets	transcription	cw7áoz=as kw=s=sek’w-en-ácw ta=nk’wanústen’=a	page 7
(18b) line 2	St’át’imcets	gloss	NEG=3SBJN DET=NOM=break-DIR-2SG.ERG DET=window=EXIS	page 7
(18b) line 3	Lisa Matthewson	translation	‘Don’t break the window.’	page 7
§2.1	Lisa Matthewson	note	Fifth, in combination with an evidential or a future modal, the subjunctive helps to turns wh-questions into statements of uncertainty or wondering.	page 7
(19a) line 1	St’át’imcets	transcription	kanem=lhkán=k’a	page 8
(19a) line 2	St’át’imcets	gloss	do.what=1SG.INDIC=INFER	page 8
(19a) line 3	Lisa Matthewson	translation	‘What happened to me?’	page 8
(19b) line 1	St’át’imcets	transcription	kanem=án=k’a	page 8
(19b) line 2	St’át’imcets	gloss	do.what=1SG.SBJN=INFER	page 8
(19b) line 3	Lisa Matthewson	translation	‘I don’t know what happened to me.’ / ‘I wonder what I’m doing.’	page 8
(20a) line 1	St’át’imcets	transcription	kanem=lhkácw=kelh múta7	page 8
(20a) line 2	St’át’imcets	gloss	do.what=2SG.INDIC=FUT again	page 8
(20a) line 3	Lisa Matthewson	translation	‘What are you going to be doing later?’	page 8
(20b) line 1	St’át’imcets	transcription	kanem=ácw=kelh múta7	page 8
(20b) line 2	St’át’imcets	gloss	do.what=2SG.SBJN=FUT again	page 8
(20b) line 3	Lisa Matthewson	translation	‘I wonder what you are going to do again.’	page 8
(20b) line 4	Lisa Matthewson	citation	(van Eijk 1997:215)	page 8, the tag or source at the right of the translation
(21a) line 1	St’át’imcets	transcription	nká7=kelh lh=cúz’=acw nas	page 8
(21a) line 2	St’át’imcets	gloss	where=FUT COMP=going.to=2SG.SBJN go	page 8
(21a) line 3	Lisa Matthewson	translation	‘Where will you go?’	page 8
(21b) line 1	St’át’imcets	transcription	nká7=as=kelh lh=cúz’=acw nas	page 8
(21b) line 2	St’át’imcets	gloss	where=3SBJN=FUT COMP=going.to=2SG.SBJN go	page 8
(21b) line 3	Lisa Matthewson	translation	‘Wherever will you go?’ / ‘I wonder where you are going to go now.’	page 8
(21b) line 4	Lisa Matthewson	citation	(adapted from Davis 2006: chapter 24)	page 8, under the translation
§2.1	Lisa Matthewson	note	The same effect arises with yes-no questions. In combination with the evidential k’a or a future modal, the subjunctive also turns these into statements of uncertainty which are often translated using ‘maybe’ or ‘I wonder’.8	page 8
footnote 8	Lisa Matthewson	note	For expository reasons, k’a was glossed as ‘epistemic’ in (1) above, but from now on will be glossed as ‘inferential’. Matthewson et al. (2007) analyze k’a as an epistemic modal which carries a presupposition that there is inferential evidence for the claim.	page 8, footnote 8
(22a) line 1	St’át’imcets	transcription	lán=ha kwán-ens-as ni=n-s-mets-cál=a	page 8
(22a) line 2	St’át’imcets	gloss	already=YNQ take-DIR-3ERG DET.ABS=1SG.POSS-NOM=write-ACT=EXIS	page 8
(22a) line 3	Lisa Matthewson	translation	‘Has she already got my letter?’	page 8
(22b) line 1	St’át’imcets	transcription	lan=as=há=k’a kwán-ens-as	page 8
(22b) line 2	St’át’imcets	gloss	already=3SBJN=YNQ=INFER take-DIR-3ERG	page 8
(22b) line 3	St’át’imcets	segmentation	ni=n-s-mets-cál=a	page 8
(22b) line 4	St’át’imcets	gloss	DET.ABS=1SG.POSS-NOM=write-ACT=EXIS	page 8
(22b) line 5	Lisa Matthewson	translation	‘I wonder if she’s already got my letter.’/’I don’t know if she got my letter or not.’	page 8
(23) line 1	St’át’imcets	transcription	wa7=as=há=k’a tsicw	page 9
(23) line 2	St’át’imcets	gloss	IMPF=3SBJN=YNQ=INFER get.there	page 9
(23) line 3	St’át’imcets	segmentation	i=n-sésq’wez’=a, cw7aoz kw=en	page 9
(23) line 4	St’át’imcets	gloss	DET.PL=1SG.POSS-younger.sibling=EXIS NEG DET=1SG.POSS	page 9
(23) line 5	St’át’imcets	segmentation	zwát-en	page 9
(23) line 6	St’át’imcets	gloss	know-DIR	page 9
(23) line 7	Lisa Matthewson	translation	‘Perhaps my younger siblings went along, I don’t know.’	page 9
(23) line 8	Lisa Matthewson	citation	(Matthewson 2005:265)	page 9, under the translation
§2.1	Lisa Matthewson	note	In combination with a wh-indefinite and the evidential k’a, the subjunctive creates free relatives with an ‘ignorance/free choice’ reading; see Davis (2007) for discussion.	page 9
(24a) line 1	St’át’imcets	transcription	qwatsáts=t’u7 múta7 súxwast áku7, t’ak aylh áku7, nílh=k’a	page 9
(24a) line 2	St’át’imcets	gloss	leave= PRT again go.downhill DEIC go then DEIC FOC=INFER	page 9
(24a) line 3	St’át’imcets	segmentation	s=npzán-as k’a=lh=swát=as=k’a káti7	page 9
(24a) line 4	St’át’imcets	gloss	NOM=meet(DIR)-3ERG INFER=COMP=who=3SBJN=INFER DEIC	page 9
(24a) line 5	St’át’imcets	segmentation	ku=npzán-as	page 9
(24a) line 6	St’át’imcets	gloss	DET=meet(DIR)-3ERG	page 9
(24a) line 7	Lisa Matthewson	translation	‘So he set off downhill again, went down, and then he met whoever he met.’	page 9
(24a) line 8	Lisa Matthewson	citation	(van Eijk and Williams 1981:66, cited in Davis 2007)	page 9, the tag or source at the right of the translation
(24b) line 1	St’át’imcets	transcription	o, púpen’=lhkan [ta=stam’=as=á=k’a]	page 9
(24b) line 2	St’át’imcets	gloss	oh find=1SG.INDIC [DET=what=3SBJN=EXIS=INFER]	page 9
(24b) line 3	Lisa Matthewson	translation	‘Oh, I’ve found something or other.’	page 9
(24b) line 4	Lisa Matthewson	citation	(Unpublished story by “Bill” (Francis) Edwards, cited in Davis 2007)	page 9, under the translation
§2.1	Lisa Matthewson	note	When used in combination with the scalar particle t’u7, the subjunctive creates a statement translated as ‘might as well’ or ‘may as well’.	page 9
(25a) line 1	St’át’imcets	transcription	wá7=lhkan=t’u7 wa7 k’wzús-em	page 9
(25a) line 2	St’át’imcets	gloss	IMPF=1SG.INDIC=PRT IMPF work-MID	page 9
(25a) line 3	Lisa Matthewson	translation	‘I am just working.’	page 9
(25b) line 1	St’át’imcets	transcription	wá7=an=t’u7 wa7 k’wzús-em	page 9
(25b) line 2	St’át’imcets	gloss	IMPF=1SG.SBJN=PRT IMPF work-MID	page 9
(25b) line 3	Lisa Matthewson	translation	‘I might as well stay and work.’	page 9
(26a) line 1	St’át’imcets	transcription	wá7=lhkacw=t’u7 lts7a lhkúnsa ku=sgáp	page 9
(26a) line 2	St’át’imcets	gloss	be=2SG.INDIC=PRT DEIC now DET=evening	page 9
(26a) line 3	Lisa Matthewson	translation	‘You are staying here for the night.’	page 9
(26b) line 1	St’át’imcets	transcription	wá7=acw=t’u7 lts7a lhkúnsa ku=sgáp	page 9
(26b) line 2	St’át’imcets	gloss	be=2SG.SBJN=PRT DEIC now DET=evening	page 9
(26b) line 3	Lisa Matthewson	translation	‘You may as well stay here for the night.’	page 9
§2.1	Lisa Matthewson	note	And finally, in combination with a wh-word and the scalar particle t’u7, the subjunctive creates free relatives with a universal / indifference reading.	page 9
(27a) line 1	St’át’imcets	transcription	wa7 táw-em ki=smán’c=a, ns7á7z’-em	page 10
(27a) line 2	St’át’imcets	gloss	IMPF sell-MID DET.COL=tobacco=EXIS trade-MID	page 10
(27a) line 3	St’át’imcets	segmentation	ku=stám’=as=t’u7	page 10
(27a) line 4	St’át’imcets	gloss	DET=what=3SBJN=PRT	page 10
(27a) line 5	Lisa Matthewson	translation	‘He was selling tobacco, trading it for whatever…’	page 10
(27a) line 6	Lisa Matthewson	citation	(van Eijk and Williams 1981:74, cited in Davis 2007)	page 10, under the translation
(27b) line 1	St’át’imcets	transcription	wa7 kwám=wit ku=káopi, ku=súkwa, ku=saplín,	page 10
(27b) line 2	St’át’imcets	gloss	IMPF take(MID)=3PL DET=coffee DET=sugar DET=flour	page 10
(27b) line 3	St’át’imcets	segmentation	stám’=as=t’u7 cw7aoz	page 10
(27b) line 4	St’át’imcets	gloss	what=3SBJN=PRT NEG	page 10
(27b) line 5	St’át’imcets	segmentation	kw=s=ka-ríp-s-tum’-a	page 10
(27b) line 6	St’át’imcets	gloss	DET=NOM=CIRC-grow-CAUS-1PL.ERG-CIRC	page 10
(27b) line 7	St’át’imcets	segmentation	l=ti=tmícw-lhkalh=a]	page 10
(27b) line 8	St’át’imcets	gloss	on=DET=land-1PL.POSS=EXIS]	page 10
(27b) line 9	Lisa Matthewson	translation	‘They got coffee, sugar, flour, whatever we couldn’t grow on our land…’	page 10
(27b) line 10	Lisa Matthewson	citation	(Matthewson 2005:105, cited in Davis 2007)	page 10, the tag or source at the right of the translation
(27c) line 1	St’át’imcets	transcription	[stám’=as=t’u7 káti7 i=wá7 ka-k’ac-s-twítas-a	page 10
(27c) line 2	St’át’imcets	gloss	[what=3SBJN=PRT DEIC DET.PL=IMPF CIRC-dry-CAUS-3PL.ERG-CIRC	page 10
(27c) line 3	St’át’imcets	segmentation	i=n-slalíl’tem=a] wa7 ts’áqw-an’-em	page 10
(27c) line 4	St’át’imcets	gloss	DET.PL=1SG.POSS-parents=EXIS] IMPF eat-DIR-1PL.ERG	page 10
(27c) line 5	St’át’imcets	segmentation	lh=as sútik	page 10
(27c) line 6	St’át’imcets	gloss	COMP(IMPF)=3SBJN winter	page 10
(27c) line 7	Lisa Matthewson	translation	‘Whatever my parents could dry, we ate in wintertime.’	page 10
(27c) line 8	Lisa Matthewson	citation	(Matthewson 2005:141, cited in Davis 2007)	page 10, under the translation
§2.1	Lisa Matthewson	note	The nine uses of the St’át’imcets subjunctive are summarized in (28).	page 10
(28) line 1	Lisa Matthewson	note	ENVIRONMENT	page 11, a column's head
(28) line 1	Lisa Matthewson	note	INDICATIVE MEANING	page 11, a column's head
(28) line 1	Lisa Matthewson	note	SUBJUNCTIVE MEANING	page 11, a column's head
(28) line 2	Lisa Matthewson	note	plain assertion	page 11, ENVIRONMENT
(28) line 2	Lisa Matthewson	note	assertion	page 11, INDICATIVE MEANING
(28) line 2	Lisa Matthewson	note	wish	page 11, SUBJUNCTIVE MEANING
(28) line 3	Lisa Matthewson	note	deontic modal	page 11, ENVIRONMENT
(28) line 3	Lisa Matthewson	note	deontic necessity/ possibility	page 11, INDICATIVE MEANING
(28) line 3	Lisa Matthewson	note	wish	page 11, SUBJUNCTIVE MEANING
(28) line 4	Lisa Matthewson	note	deontic modal	page 11, ENVIRONMENT
(28) line 4	Lisa Matthewson	note	deontic necessity/ possibility	page 11, INDICATIVE MEANING
(28) line 4	Lisa Matthewson	note	‘pretend’	page 11, SUBJUNCTIVE MEANING
(28) line 5	Lisa Matthewson	note	imperative	page 11, ENVIRONMENT
(28) line 5	Lisa Matthewson	note	command	page 11, INDICATIVE MEANING
(28) line 5	Lisa Matthewson	note	polite request	page 11, SUBJUNCTIVE MEANING
(28) line 6	Lisa Matthewson	note	wh-question + evidential/future	page 11, ENVIRONMENT
(28) line 6	Lisa Matthewson	note	question	page 11, INDICATIVE MEANING
(28) line 6	Lisa Matthewson	note	uncertainty/ wondering	page 11, SUBJUNCTIVE MEANING
(28) line 7	Lisa Matthewson	note	yes-no question + evidential/future	page 11, ENVIRONMENT
(28) line 7	Lisa Matthewson	note	question	page 11, INDICATIVE MEANING
(28) line 7	Lisa Matthewson	note	uncertainty/ wondering	page 11, SUBJUNCTIVE MEANING
(28) line 8	Lisa Matthewson	note	wh-word + evidential	page 11, ENVIRONMENT
(28) line 8	Lisa Matthewson	note	question	page 11, INDICATIVE MEANING
(28) line 8	Lisa Matthewson	note	ignorance free relative	page 11, SUBJUNCTIVE MEANING
(28) line 9	Lisa Matthewson	note	scalar particle t’u7	page 11, ENVIRONMENT, t’u7 in italics
(28) line 9	Lisa Matthewson	note	‘just/still’	page 11, INDICATIVE MEANING
(28) line 9	Lisa Matthewson	note	‘might as well’	page 11, SUBJUNCTIVE MEANING
(28) line 10	Lisa Matthewson	note	wh-word + scalar particle t’u7	page 11, ENVIRONMENT, t’u7 in italics
(28) line 10	Lisa Matthewson	note	N/A	page 11, INDICATIVE MEANING
(28) line 10	Lisa Matthewson	note	indifference free relative	page 11, SUBJUNCTIVE MEANING
§2.1	Lisa Matthewson	note	These are all the cases where the subjunctive has a semantic effect; in the next sub-section we will also see some cases where the subjunctive is obligatory and semantically redundant. I will not aim to account for the entire panoply of subjunctive effects in one paper. However, the analysis I offer will explain the first seven uses, setting aside for future research only the two uses which involve the particle t’u7. See section 8 for some speculative comments about the subjunctive in combination with t’u7.	page 11
§2.2	Lisa Matthewson	heading	2.2 This is a subjunctive mood	page 11
§2.2	Lisa Matthewson	note	In this sub-section I justify the use of the term ‘subjunctive’ for the subject agreements being investigated. The choice of terminology is intended to reflect the fact that this St’át’imcets mood patterns with Indo-European subjunctives, rather than with Amerindian irrealis moods, in several respects. However, we will see below that the St’át’imcets subjunctive also differs semantically in important ways from Indo-European subjunctives.9	page 11
footnote 9	Lisa Matthewson	note	This raises a terminological issue which arises in many areas of grammar. Should we apply terms which were invented for, and largely applied to, European languages, to similar – but not identical – categories in other languages? For example, should we say ‘The perfect / definite determiner / subjunctive in language X differs semantically from its English counterpart’, or should we say ‘Language X lacks a perfect / definite determiner / subjunctive’, because it lacks an element with the exact semantics of the English categories? I adopt the former approach here, as I think it leads to productive cross-linguistic comparison, and because it suggests that the traditional terms do not represent primitive sets of properties, but rather potentially decomposable ones.	page 11, footnote 9
§2.2	Lisa Matthewson	note	Palmer (2001) observes that there is a broad geographical typology, such that European languages often encode an indicative/subjunctive distinction, while Amerindian and Papuan languages often encode a realis/irrealis distinction. A typical irrealis-marking system is illustrated in (29).	page 11
§2.2	Lisa Matthewson	name	Palmer	F. R. Palmer (2001), Mood and Modality, the Indo-European and Amele data
(29a) line 1	Amele	transcription	ho bu-busal-en age qo-in	page 12
(29a) line 2	Amele	gloss	pig SIM-run.out-3SG+DS+REAL 3PL hit-3PL+REM.PAST	page 12
(29a) line 3	Lisa Matthewson	translation	‘They killed the pig as it ran out.’	page 12
(29a) line 4	Lisa Matthewson	citation	(Amele; Palmer 2001:5)	page 12, the tag or source at the right of the translation
(29b) line 1	Amele	transcription	ho bu-busal-eb age qo-qag-an	page 12
(29b) line 2	Amele	gloss	pig SIM-run.out-3SG+DS+IRR 3PL hit-3PL-FUT	page 12
(29b) line 3	Lisa Matthewson	translation	‘They will kill the pig as it runs out.’	page 12
(29b) line 4	Lisa Matthewson	citation	(Amele; Palmer 2001:5)	page 12, the tag or source at the right of the translation
§2.2	Lisa Matthewson	note	According to Palmer (2001:145), the indicative/subjunctive distinction and the realis/irrealis distinction are ‘basically the same’. The core function of both a subjunctive and an irrealis is to encode ‘non-assertion’.10 However, there are differences in distribution and in syntactic functions.	page 12
footnote 10	Lisa Matthewson	note	Palmer does not provide a definition of ‘non-assertion’. He observes that common reasons why a proposition is not asserted are because the speaker doubts its veracity, because the proposition is unrealized, or because it is presupposed (Palmer 2001:3). See section 3 below for discussion.	page 12, footnote 10
§2.2	Lisa Matthewson	note	First, Palmer observes that subjunctive is not marked independently of other inflectional categories such as person and number. Instead, there is typically a full subjunctive paradigm. On the other hand, irrealis is often marked by a single element. In this respect, the St’át’imcets mood patterns like a subjunctive; see the table in (7) above.	page 12
§2.2	Lisa Matthewson	note	Second, in main clauses, irrealis marking is often used for questions, futures and denials; this is not the case for main clause subjunctives. In this respect also, the St’át’imcets mood patterns like a subjunctive. It is not used to mark questions, futures or denials. (30-32) all have indicative marking.	page 12
(30) line 1	St’át’imcets	transcription	t’íq=Ø=ha kw=s=Josie?	page 12
(30) line 2	St’át’imcets	gloss	arrive=3INDIC=YNQ DET=NOM=Josie	page 12
(30) line 3	Lisa Matthewson	translation	‘Did Josie arrive?’	page 12
(31) line 1	St’át’imcets	transcription	t’íq=Ø=kelh kw=s=Josie	page 12
(31) line 2	St’át’imcets	gloss	arrive=3INDIC=FUT DET=NOM=Josie	page 12
(31) line 3	Lisa Matthewson	translation	‘Josie will arrive.’	page 12
(32) line 1	St’át’imcets	transcription	cw7aoz kw=s=t’iq=s s=Josie	page 12
(32) line 2	St’át’imcets	gloss	NEG DET=NOM=arrive=3POSS NOM=Josie	page 12
(32) line 3	Lisa Matthewson	translation	‘Josie didn’t arrive.’	page 12
§2.2	Lisa Matthewson	note	Third, Palmer notes that subjunctive marking is obligatory and redundant only in subordinate clauses, while irrealis marking is often obligatory and redundant in main clauses. Here again, the St’át’imcets mood patterns like a subjunctive. It is obligatory and redundant only in three cases. The first is when embedded under the complementizer lh=. lh= is glossed by van Eijk (1997) as ‘hypothetical’, and analyzed by Davis (2006) as a complementizer which introduces subjunctive clauses, including if-clauses (33a,b), temporal adjuncts (33b), locative adjuncts (33c), and complements to the evidential k’a when this is used as a (focused) adverb (33d).	page 12
(33a) line 1	St’át’imcets	transcription	lh=cw7áoz*(=as)=ka kw=s=gúy’t=su,	page 13
(33a) line 2	St’át’imcets	gloss	COMP=NEG*(=3SBJN)=IRR DET=NOM=sleep=2SG.POSS	page 13
(33a) line 3	St’át’imcets	segmentation	lán=ka=tu7 wa7 xzum i=n’wt’ústen-sw=a	page 13
(33a) line 4	St’át’imcets	gloss	already=IRR=then IMPF big DET.PL=eye-2SG.POSS=EXIS	page 13
(33a) line 5	Lisa Matthewson	translation	‘If you hadn’t slept, your eyes would have been big already.’	page 13
(33a) line 6	Lisa Matthewson	citation	(van Eijk and Williams 1981:12)	page 13, under the translation
(33b) line 1	St’át’imcets	transcription	xwáyt=wit=ka lh=wa7=wit*(=ás)=t’u7 qyax	page 13
(33b) line 2	St’át’imcets	gloss	many.people.die=3PL=IRR COMP=be=3PL*(=3SBJN)=PRT drunk	page 13
(33b) line 3	St’át’imcets	segmentation	múta7 tqálk’-em lh=w*(=as) qyáx=wit	page 13
(33b) line 4	St’át’imcets	gloss	and drive-MID COMP=IMPF*(=3SBJN) drunk=3PL	page 13
(33b) line 5	Lisa Matthewson	translation	‘They would die if they got drunk and drove when they were drunk.’	page 13
(33b) line 6	Lisa Matthewson	citation	(Matthewson 2005:367)	page 13, under the translation
(33c) line 1	St’át’imcets	transcription	lts7a lh=wa7*(=as) qwál’qwel’t	page 13
(33c) line 2	St’át’imcets	gloss	DEIC COMP=IMPF*(=3SBJN) hurt	page 13
(33c) line 3	Lisa Matthewson	translation	‘It is here that it is hurting.’	page 13
(33d) line 1	St’át’imcets	transcription	k’a lh=7án’was(=as) sq’it, ka-láx-s-as-a	page 13
(33d) line 2	St’át’imcets	gloss	maybe COMP=two*(=3SBJN) day CIRC-remember-CAUS-3ERG-CIRC	page 13
(33d) line 3	St’át’imcets	segmentation	n-skícez7=a na=s-7ílacw-em-s=a	page 13
(33d) line 4	St’át’imcets	gloss	1SG.POSS-mother=EXIS DET=NOM=soak-MID-3POSS=EXIS	page 13
(33d) line 5	St’át’imcets	segmentation	ta=n=qéqtsek=a	page 13
(33d) line 6	St’át’imcets	gloss	DET=1SG.POSS-older.brother=EXIS	page 13
(33d) line 7	Lisa Matthewson	translation	‘Maybe two days later, my mother remembered the fish my brother had been soaking.’	page 13
§2.2	Lisa Matthewson	note	(Matthewson 2005:152, glosses adjusted; cited in Davis 2006: ch. 23)11	page 13
footnote 11	Lisa Matthewson	note	Incidentally, Davis (2006: chapter 23) observes that ‘two or more k’a lh= clauses strung together form the closest equivalent in [St’át’imcets] of [English] “either...or”.’ An example is given in (i).	page 13, footnote 11
footnote 11 (i) line 1	St’át’imcets	transcription	k’a lh=xw7utsin-qín’=as, k’a lh=tsilkst-qín’=as=kelh	page 13
footnote 11 (i) line 2	St’át’imcets	gloss	maybe COMP=four-animal=3SBJN maybe COMP=five-animal=3SBJN=FUT	page 13
footnote 11 (i) line 3	Lisa Matthewson	translation	‘It’ll either be a four point or a five point buck.’	page 13
footnote 11 (i) line 4	Lisa Matthewson	citation	(Davis 2006: chapter 23)	page 13, the tag or source at the right of the translation
footnote 11	Lisa Matthewson	note	As Davis implies, St’át’imcets lacks any lexical item which renders logical disjunction, and constructions like (i), although used to translate English ‘or’, are literally two ‘maybe’-clauses strung together.	page 13, footnote 11
§2.2	Lisa Matthewson	note	The second case where the St’át’imcets subjunctive is obligatory and redundant is when embedded under the complementizer i= ‘when’, as in (34). i= has a similar distribution to lh=, but is restricted to past-time contexts. See van Eijk (1997:235-6), Davis (2006: chapter 27) for discussion.	page 13
(34a) line 1	St’át’imcets	transcription	i=kél7=at tsicw, áts’x-en-em	page 14
(34a) line 2	St’át’imcets	gloss	when.PAST=first =1PL.SBJN get.there see-DIR-1PL.ERG	page 14
(34a) line 3	St’át’imcets	segmentation	i=cw7ít=a tsitcw	page 14
(34a) line 4	St’át’imcets	gloss	DET=many=EXIS house	page 14
(34a) line 5	Lisa Matthewson	translation	‘When we first got there, we saw lots of houses.’	page 14
(34a) line 6	Lisa Matthewson	citation	(Matthewson 2005:74)	page 14, the tag or source at the right of the translation
(34b) line 1	St’át’imcets	transcription	wá7=lhkan lexláx-s i=kwís*(=as)	page 14
(34b) line 2	St’át’imcets	gloss	IMPF=1SG.INDIC remember-CAUS when.PAST=fall*(=3SBJN)	page 14
(34b) line 3	St’át’imcets	segmentation	na=n-sésq’wez’=a, s=Harold Peter	page 14
(34b) line 4	St’át’imcets	gloss	DET.ABS=1SG.POSS-younger.sibling=EXIS NOM=Harold Peter	page 14
(34b) line 5	Lisa Matthewson	translation	‘I remember when my little brother was born, Harold Peters.’	page 14
(34b) line 6	Lisa Matthewson	citation	(Matthewson 2005:354-5)	page 14, under the translation
§2.2	Lisa Matthewson	note	Finally, the subjunctive is obligatory and seems to lack semantic import when it appears in combination with the perceived-evidence evidential =an’. =an’ is analyzed by Matthewson et al. (2007) as an epistemic modal which is defined only if the speaker has perceived indirect evidence for the prejacent proposition.	page 14
(35a) line 1	St’át’imcets	transcription	* táyt=kacw=an’	page 14
(35a) line 2	St’át’imcets	gloss	hungry=2SG.INDIC=PERC.EVID	page 14
(35a) line 3	Lisa Matthewson	translation	‘You must be hungry.’	page 14
(35b) line 1	St’át’imcets	transcription	táyt=acw=an’	page 14
(35b) line 2	St’át’imcets	gloss	hungry=2SG.SBJN=PERC.EVID	page 14
(35b) line 3	Lisa Matthewson	translation	‘You must be hungry.’	page 14
(36a) line 1	St’át’imcets	transcription	* nílh=Ø=an’ s=Sylvia ku=xílh-tal’i	page 14
(36a) line 2	St’át’imcets	gloss	FOC=3INDIC=PERC.EVID NOM=Sylvia DET=do(CAUS)-TOP	page 14
(36a) line 3	Lisa Matthewson	translation	‘Apparently it was Sylvia who did it.’	page 14
(36b) line 1	St’át’imcets	transcription	nílh=as=an’ s=Sylvia ku=xílh-tal’i	page 14
(36b) line 2	St’át’imcets	gloss	FOC=3SBJN=PERC.EVID NOM=Sylvia DET=do(CAUS)-TOP	page 14
(36b) line 3	Lisa Matthewson	translation	‘Apparently it was Sylvia who did it.’	page 14
(36b) line 4	Lisa Matthewson	citation	(Matthewson et al. 2007:208)	page 14, the tag or source at the right of the translation
§2.2	Lisa Matthewson	note	The perceived-evidence evidential is the only environment in the language where the subjunctive is obligatory in a matrix clause.	page 14
§2.2	Lisa Matthewson	note	The conclusion is that St’át’imcets, in spite of being an Amerindian language, has a mood which patterns, at least morpho-syntactically, like a subjunctive rather than an irrealis. This fits with how van Eijk (1997) and Davis (2000, 2006) gloss the relevant forms. However, we will see in the next section that the St’át’imcets subjunctive differs semantically in interesting ways from European subjunctives.	page 14
§3	Lisa Matthewson	heading	3 Why previous analyses do not work for St’át’imcets	page 15
§3	Lisa Matthewson	note	The vast majority of formal research on the subjunctive deals with Indo-European. In languages such as the Romance languages, the subjunctive mood is used for wishes, fears, speculations, doubts, obligations, reports, unrealized events, or presupposed propositions. Some examples are provided in (37-38).	page 15
(37a) line 1	Spanish	transcription	creo que aprende	page 15
(37a) line 2	Spanish	gloss	I.believe that learn+3SG+PRES+INDIC	page 15
(37a) line 3	Lisa Matthewson	translation	‘I believe that he is learning.’	page 15
(37a) line 4	Lisa Matthewson	citation	(Spanish; Palmer 2001:5)	page 15, the tag or source at the right of the translation
(37b) line 1	Spanish	transcription	dudo que aprenda	page 15
(37b) line 2	Spanish	gloss	I.doubt that learn+3SG+PRES+SBJN	page 15
(37b) line 3	Lisa Matthewson	translation	‘I doubt that he’s learning.’	page 15
(37b) line 4	Lisa Matthewson	citation	(Spanish; Palmer 2001:5)	page 15, the tag or source at the right of the translation
(38) line 1	Italian	transcription	potessi venire anch’ io	page 15
(38) line 2	Italian	gloss	can+1SG+PRES+SBJN come also I	page 15
(38) line 3	Lisa Matthewson	translation	‘If only I could come too.’	page 15
(38) line 4	Lisa Matthewson	citation	(Italian; Palmer 2001:109)	page 15, the tag or source at the right of the translation
§3	Lisa Matthewson	note	In this section I briefly discuss some of the main approaches to the subjunctive. I cannot do justice to the full array of proposals in the literature; the goal is to provide enough background to establish that the St’át’imcets subjunctive is not amenable to a range of existing approaches.	page 15
§3	Lisa Matthewson	note	One pervasive line of thought is that subjunctive encodes a general semantic contribution of ‘non-assertion’ (Bolinger 1968, Terrell and Hooper 1974, Hooper 1975, Klein 1975, Farkas 1992, Lunn 1995, Palmer 2001, Haverkate 2002, Panzeri 2003, among others). One recent formal proposal in this line is that of Farkas (2003). Farkas argues that there is a correlation between indicative mood and complements which have assertive context change potential relative to the embedded environment. Assertive context change for a matrix clause is defined as in (39); the context set of worlds Wc is narrowed.	page 15
§3	Lisa Matthewson	name	Farkas	Donka Farkas (1992, 2003), assertion and mood choice
(39) line 1	Lisa Matthewson	note	Assertive context change	page 15, set as an example
(39) line 2	Lisa Matthewson	note	c + φ is assertive iff Wc’ = Wc ∩ p, where c’ is the output context.	page 15, set as an example
(39) line 3	Lisa Matthewson	citation	(Farkas 2003:5)	page 15, the source
§3	Lisa Matthewson	note	Farkas provides an analysis of assertion in embedded contexts which predicts that positive epistemic predicates like believe or know take indicative complements, as these complements are asserted relative to the matrix subject’s epistemic state.12	page 15
footnote 12	Lisa Matthewson	note	Predicates like believe take subjunctive complements in Italian; see Giorgi and Pianesi (1997), among many others, for discussion.	page 15, footnote 12
(40) line 1	Romanian	transcription	Maria crede/ştie cã Ion i-a scris	page 16
(40) line 2	Romanian	gloss	Maria believes/knows that Ion CL-has.INDIC written	page 16
(40) line 3	Lisa Matthewson	translation	‘Maria believes/knows that Ion has written to her.’	page 16
(40) line 4	Lisa Matthewson	citation	(Romanian; Farkas 2003:1)	page 16, under the translation
§3	Lisa Matthewson	note	Predicates of assertion (‘say’, ‘assert’) and of fiction (‘dream’, ‘imagine’) similarly introduce complements which are assertively added to the embedded speech context, and also take indicative complements. On the other hand, complements to desideratives (‘want’, ‘wish’, ‘desire’) and directives (‘command’, ‘direct’, ‘request’) are not assertive. Rather than eliminating worlds in the context set where the complement is false, these predicates eliminate worlds in the context set which are low on an evaluative ranking.13 Thus, these predicates take the subjunctive:	page 16
footnote 13	Lisa Matthewson	note	The complements of desideratives are also not ‘decided’ relative to their context set, which is what is actually crucial here for Farkas (2003). Farkas proposes an Optimality Theory account involving the two constraints in (i):	page 16, footnote 13
footnote 13 (i) line 1	Lisa Matthewson	note	*SUBJ/+Decided *IND/-Assert	page 16
footnote 13	Lisa Matthewson	note	Different rankings of these two constraints give rise to different mood choices in Romanian vs. French for emotive factive predicates like ‘be sorry/happy’, ‘regret’. Emotive factives are +Decided but -Assertive, and take the indicative in Romanian and the subjunctive in French.	page 16, footnote 13
footnote 13	Lisa Matthewson	language	Romanian	Farkas (2003), mood choice under believe and want
(41) line 1	Romanian	transcription	Maria vrea sã-i rãspundã	page 16
(41) line 2	Romanian	gloss	Maria wants SUBJ-CL answer.SBJN	page 16
(41) line 3	Lisa Matthewson	translation	‘Maria wants to answer him.’	page 16
(41) line 4	Lisa Matthewson	citation	(Romanian; Farkas 2003:2)	page 16, the tag or source at the right of the translation
§3	Lisa Matthewson	note	Giannakidou (1997, 1998, 2009) offers an alternative characterization of the distribution of the subjunctive, according to which it appears in nonveridical contexts, while indicative appears in veridical contexts. The relevant definition is given in (42).	page 16
§3	Lisa Matthewson	name	Giannakidou	Anastasia Giannakidou (1997, 1998, 2009), veridicality
(42) line 1	Lisa Matthewson	note	A propositional operator F is veridical iff from the truth of Fp we can infer that p is true relative to some individual x (i.e., in some individual x’s epistemic model) … If inference to the truth of p under F is not possible, F is nonveridical.	page 16, set as an example
(42) line 2	Lisa Matthewson	citation	(Giannakidou 2009:1889)	page 16, the source
§3	Lisa Matthewson	note	According to this analysis, the division between indicative-taking and subjunctive-taking predicates relies on whether at least one epistemic agent is committed to the truth of the embedded proposition. Giannakidou’s approach predicts a similar division between indicative- and subjunctive-taking predicates to Farkas’s. In Modern Greek, the indicative is found in complements to predicates of assertion or fiction, epistemics, factives and semi-factives. The subjunctive is found in complements to volitionals, directives, modals, permissives, negatives, and verbs of fear (Giannakidou 2007:9).14	page 16
footnote 14	Lisa Matthewson	note	Giannakidou (2007) proposes that the Modern Greek subjunctive complementizer na contributes temporal semantics (introducing a ‘now’ variable). The generalization is still that subjunctive appears in non-veridical contexts; see Giannakidou (2007) for details.	page 17, footnote 14
§3	Lisa Matthewson	language	Modern Greek	Giannakidou, the subjunctive under nonveridical operators
§3	Lisa Matthewson	note	An approach which aims to derive mood selection directly from the semantics of subordinating predicates is that of Villalta (2009). Villalta argues that subjunctive-selecting predicates are those whose embedded propositions are compared to contextual alternatives on a scale encoded by the predicate. The contribution of the subjunctive is to evaluate the contextual alternatives.	page 17
§3	Lisa Matthewson	note	Quer (1998, 2001), looking mainly at Catalan and Spanish, argues that the subjunctive signals a shift in the model of the evaluation of the truth of the proposition. For unembedded assertions, the anchor is the Speaker and the model is the epistemic model of the Speaker. Operators which introduce subjunctive introduce buletic models, or other models which create comparative relations among worlds. This predicts we will find subjunctive in purpose clauses, and predicts indicative/subjunctive alternations in restrictive relative clauses, concessives, and free relatives. Quer (2009) also discusses indicative/subjunctive alternations in conditionals, claiming that indicative appears in protases that are ‘realistic in the sense that they quantify over worlds which are close enough to the actual one’ (2009:1780). Subjunctive is used when the worlds are further away from the actual one or even disjoint from it.	page 17
§3	Lisa Matthewson	name	Quer	Josep Quer (1998, 2001, 2009), mood
§3	Lisa Matthewson	language	Spanish	Palmer (2001) and Quer, subjunctive complements
§3	Lisa Matthewson	language	Catalan	Quer, subjunctive relative clauses
§3	Lisa Matthewson	note	An approach to mood which draws on notions from noun phrase semantics is offered by Baker and Travis (1997). Baker and Travis argue that in Mohawk, mood marks a division between ‘verbal specificity’ (‘factive’ mood) and Kamp/Heim-style indefiniteness (two variants of non-factive mood, previously called the ‘future’ and the ‘optative’). Indefinite/non-factive mood appears in future contexts, in past habituals, in negative clauses, under the verbs ‘promise’ and ‘want’, and in free relatives with a non-specific reading. What links all these indefinite-mood environments, according to Baker and Travis, is the same feature that characterizes indefinite noun phrases in the Kamp/Heim system: a free variable (in the Mohawk case, an event variable) which undergoes existential closure in the scope of various operators.	page 17
§3	Lisa Matthewson	name	Heim	Irene Heim, with von Fintel (2007)
§3	Lisa Matthewson	note	This ends our brief tour through some major formal approaches to the subjunctive.15 The reader is referred to Portner (2003) for further overview and discussion. In the next sub-section I show that the St’át’imcets subjunctive does not behave like the Indo-European or Mohawk subjunctives, and that a new approach is required.	page 17
footnote 15	Lisa Matthewson	note	I defer discussion of Portner’s (1997) analysis to section 5, since I will be adapting Portner’s approach for St’át’imcets.	page 17, footnote 15
§3.1	Lisa Matthewson	heading	3.1. The St’át’imcets subjunctive is not amenable to existing	page 17
§3.1	Lisa Matthewson	note	approaches The St’át’imcets subjunctive differs from familiar subjunctives in both its distribution and semantic effects. Although there are some initial similarities, such as the fact that both St’át’imcets and Indo-European subjunctives can be used to express wishes and hopes, St’át’imcets mood displays no sensitivity to the choice of matrix predicate. Thus, unlike in Romance or Greek, predicates of assertion, belief and fiction are not differentiated from desideratives or directives. All attitude verbs in St’át’imcets take the indicative, as illustrated for a representative range in (43).16,17	page 17
footnote 16	Lisa Matthewson	note	Interestingly, the same is not true of the related language Skwxwú7mesh (Squamish). In Skwxwú7mesh, the subjunctive (glossed as ‘conjunctive’; see fn 2) is obligatory under ‘tell someone to do something’ (as in (i)), but is optional under ‘I think’, depending on whether the speaker knows that the event did not take place (ii-iii) (all data from Peter Jacobs, p.c.).	page 18, footnote 16
footnote 16	Lisa Matthewson	language	Skwxwú7mesh	Squamish, footnote 16
footnote 16	Lisa Matthewson	language	Squamish	Skwxwú7mesh, footnote 16
footnote 16 (i) line 1	Skwxwú7mesh	transcription	chen tsu-n-Ø-Ø mi as uys	page 18
footnote 16 (i) line 2	Skwxwú7mesh	gloss	I tell-DIR-DAT-3OBJ come 3CONJ come.inside	page 18
footnote 16 (i) line 3	Lisa Matthewson	translation	‘I told him to come inside.’	page 18
footnote 16 (ii) line 1	Skwxwú7mesh	transcription	chen ta7aw’n kwi s-Ø-s mi uys	page 18
footnote 16 (ii) line 2	Skwxwú7mesh	gloss	I think DET NOM-REAL-3POSS come come.inside	page 18
footnote 16 (ii) line 3	Lisa Matthewson	translation	‘I think he came inside.’	page 18
footnote 16 (iii) line 1	Skwxwú7mesh	transcription	chen ta7aw’n k’-as mi uys	page 18
footnote 16 (iii) line 2	Skwxwú7mesh	gloss	I think IRR-3CONJ come come.inside	page 18
footnote 16 (iii) line 3	Lisa Matthewson	translation	‘I thought he came inside (but then I found out that he’s still outside playing).’	page 18
footnote 16	Lisa Matthewson	note	Jacobs (1992) analyzes the mood distinction in Skwxwú7mesh as encoding speaker certainty, which suggests that it differs from the St’át’imcets mood system.	page 18, footnote 16
footnote 17	Lisa Matthewson	note	The expected subject inflection in the embedded clauses in (43) would actually be possessive =s; see van Eijk (1997), Davis (2006). However, many modern speakers prefer to omit the possessive ending and to use matrix indicative =Ø in these contexts. This does not affect the point at hand, as the variation is between two forms of indicative marking.	page 18, footnote 17
footnote 17	St’át’imcets	cited form	=Ø	page 18, in italics
footnote 17	St’át’imcets	cited form	=Ø	page 18, in italics
(43a) line 1	St’át’imcets	transcription	tsut k=Laura kw=s=t’iq=Ø k=John	page 18
(43a) line 2	St’át’imcets	gloss	say DET=Laura DET=NOM=arrive=3INDIC DET=John	page 18
(43a) line 3	Lisa Matthewson	translation	‘Laura said that John came.’	page 18
(43b) line 1	St’át’imcets	transcription	tsut-ánwas k=Laura kw=s=t’iq=Ø k=John	page 18
(43b) line 2	St’át’imcets	gloss	say-inside DET=Laura DET=NOM=arrive=3INDIC DET=John	page 18
(43b) line 3	Lisa Matthewson	translation	‘Laura thought that John came.’	page 18
(43c) line 1	St’át’imcets	transcription	zwát-en-as k=Laura kw=s=t’iq=Ø k=John	page 18
(43c) line 2	St’át’imcets	gloss	know-DIR-3ERG DET=Laura DET=NOM=arrive=3INDIC DET=John	page 18
(43c) line 3	Lisa Matthewson	translation	‘Laura knew that John came.’	page 18
(43d) line 1	St’át’imcets	transcription	kw7íkwl’acw k=Laura kw=s= t’iq=Ø k=John	page 18
(43d) line 2	St’át’imcets	gloss	dream DET=Laura DET=NOM=leave=3INDIC DET=John	page 18
(43d) line 3	Lisa Matthewson	translation	‘Laura dreamt that John came.’	page 18
(43e) line 1	St’át’imcets	transcription	xát’-min’-as k=Laura kw=s=t’iq=Ø k=John	page 18
(43e) line 2	St’át’imcets	gloss	want-RED-3ERG DET=Laura DET=NOM=arrive=3INDIC DET=John	page 18
(43e) line 3	Lisa Matthewson	translation	‘Laura wanted John to come.’	page 18
(43f) line 1	St’át’imcets	transcription	tsa7cw k=Laura kw=s=t’iq=Ø k=John	page 19
(43f) line 2	St’át’imcets	gloss	glad DET=Laura DET=NOM=arrive=3INDIC DET=John	page 19
(43f) line 3	Lisa Matthewson	translation	‘Laura was happy that John came.’	page 19
(43g) line 1	St’át’imcets	transcription	tsún-as k=Laura k=John kw=s=ts7as=Ø18	page 19
footnote 18	Lisa Matthewson	note	The predicate in (43g) differs from that in (43a-f) because the ‘ordering’ environment in (43g) requires an unergative embedded verb.	page 19, footnote 18
(43g) line 2	St’át’imcets	gloss	say(DIR)-3ERG DET=Laura DET=John DET=NOM=come=3INDIC	page 19
(43g) line 3	Lisa Matthewson	translation	‘Laura told John to come.’	page 19
§3.1	Lisa Matthewson	note	The St’át’imcets subjunctive is also not used under negated verbs of belief or report, as it is in many European languages (cf. Palmer 2001:116). Compare Spanish (44a) with St’át’imcets (44b-c).	page 19
(44a) line 1	Spanish	transcription	no creo que aprenda	page 19
(44a) line 2	Spanish	gloss	not I.think that learn+3SG+PRES+SBJN	page 19
(44a) line 3	Lisa Matthewson	translation	‘I don’t think that he is learning.’	page 19
(44a) line 4	Lisa Matthewson	citation	(Spanish; Palmer 2001:117)	page 19, the tag or source at the right of the translation
(44b) line 1	St’át’imcets	transcription	cw7aoz kw=en=tsut-ánwas kw=s=zwátet-cal=s	page 19
(44b) line 2	St’át’imcets	gloss	NEG DET=1SG.POSS=say-inside DET=NOM=know-ACT=3POSS	page 19
(44b) line 3	Lisa Matthewson	translation	‘I don’t think that he is learning.’	page 19
(44c) line 1	St’át’imcets	transcription	cw7aoz kw=s=tsut=s kw=s=Aggie	page 19
(44c) line 2	St’át’imcets	gloss	NEG DET=NOM=say=3POSS DET=NOM=Aggie	page 19
(44c) line 3	St’át’imcets	segmentation	kw=s=t’cum=s i=gáp=as	page 19
(44c) line 4	St’át’imcets	gloss	DET=NOM=win=3POSS when.PAST=evening=3SBJN	page 19
(44c) line 5	Lisa Matthewson	translation	‘Aggie didn’t say she won last night.’	page 19
§3.1	Lisa Matthewson	note	Nor does the St’át’imcets subjunctive give rise to interpretive differences inside relative clauses. In some Indo-European languages, an indicative/subjunctive contrast in restrictive relatives gives rise to a distinction which has variously been analyzed as referential/attributive, specific/non-specific, or wide- scope/narrow-scope (see Rivero 1975, Farkas 1992, Giannakidou 1997, Beghelli 1997, Quer 2001, among many others). This is illustrated in (45) for Catalan. Quer’s analysis of these examples involves a shifting of the model in which the descriptive condition in the relative clause is interpreted; the effect is one of apparent ‘wide-scope’ for the object noun phrase in the indicative (45a), as opposed to in the subjunctive (45b).	page 19
(45a) line 1	Catalan	transcription	necessiten un alcalde [que fa grans inversions]	page 19
(45a) line 2	Catalan	gloss	need.3PL a mayor that make.INDIC.PRS.3SG big investments	page 19
(45a) line 3	Lisa Matthewson	translation	‘They need a mayor that makes big investments.’	page 19
(45a) line 4	Lisa Matthewson	citation	(Catalan; Quer 2001:90)	page 19, under the translation
(45b) line 1	Catalan	transcription	necessiten un alcalde [que faci grans inversions]	page 20
(45b) line 2	Catalan	gloss	need.3PL a mayor that make.SBJN.PRS.3SG big investments	page 20
(45b) line 3	Lisa Matthewson	translation	‘They need a mayor that makes big investments.’	page 20
(45b) line 4	Lisa Matthewson	citation	(Catalan; Quer 2001:90)	page 20, under the translation
§3.1	Lisa Matthewson	note	In St’át’imcets, nominal restrictive relatives uniformly take indicative marking, as shown in (46). The distinction which is in Catalan is encoded by mood, is achieved by means of determiner choice in St’át’imcets (see Matthewson 1998, 1999 for analysis).	page 20
(46a) line 1	St’át’imcets	transcription	wa7 xat’-min’-ítas ti=kúkwpi7=a wa7	page 20
(46a) line 2	St’át’imcets	gloss	IMPF want-RED-3PL.ERG DET=chief=EXIS IMPF	page 20
(46a) line 3	St’át’imcets	segmentation	ka-nuk’wa7-s-tanemwít-a k=wa=s mays	page 20
(46a) line 4	St’át’imcets	gloss	CIRC-help-CAUS-3PL.PASS-CIRC DET=IMPF=3POSS fix	page 20
(46a) line 5	St’át’imcets	segmentation	ku=tsetsítcw	page 20
(46a) line 6	St’át’imcets	gloss	DET=houses	page 20
(46a) line 7	Lisa Matthewson	note	[WIDE-SCOPE INDEFINITE]	page 20, the reading set at the right of the gloss
(46a) line 8	Lisa Matthewson	translation	‘They need a (particular) chief who can help them build houses.’	page 20
(46b) line 1	St’át’imcets	transcription	wa7 xat’-min’-ítas ku=kúkwpi7 wa7	page 20
(46b) line 2	St’át’imcets	gloss	IMPF want-RED-3PL.ERG DET=chief IMPF	page 20
(46b) line 3	St’át’imcets	segmentation	ka-nuk’wa7-s-tanemwít-a k=wa=s mays	page 20
(46b) line 4	St’át’imcets	gloss	CIRC-help-CAUS-3PL.PASS-CIRC DET=IMPF=3POSS fix	page 20
(46b) line 5	St’át’imcets	segmentation	ku=tsetsítcw	page 20
(46b) line 6	St’át’imcets	gloss	DET=houses	page 20
(46b) line 7	Lisa Matthewson	note	[NARROW-SCOPE INDEFINITE]	page 20, the reading set at the right of the gloss
(46b) line 8	Lisa Matthewson	translation	‘They need a(ny) chief who can help them build houses.’	page 20
§3.1	Lisa Matthewson	note	The mood effects seen in conditionals in some Indo-European languages are also absent in St’át’imcets. The antecedents of both notionally indicative and subjunctive conditionals are obligatorily marked with the subjunctive, as shown in (47), a paradigm borrowed from Quer (2009:1780). Although there are ways to distinguish the different types of subjunctive, they do not involve a mood alternation.	page 20
(47a) line 1	Lisa Matthewson	note	Context: I’m looking for John. You say:	page 20, over the example
(47a) line 2	St’át’imcets	transcription	lh=7áts’x-en=an, nílh=t’u7 s=qwál’-en-tsin	page 20
(47a) line 3	St’át’imcets	gloss	COMP=see-DIR=1SG.SBJN FOC=PRT NOM=tell-DIR-2SG.OBJ	page 20
(47a) line 4	Lisa Matthewson	translation	‘If I see him, I’ll tell you.’	page 20
(47b) line 1	Lisa Matthewson	note	Context: I’m looking for John, and I suspect you know where he is but you haven’t been telling me. You say:	page 20, over the example
(47b) line 2	St’át’imcets	transcription	lh=7ats’x-en=án=ka, sqwal’-en-tsín=lhkan=kelh	page 20
(47b) line 3	St’át’imcets	gloss	COMP=see-DIR=1SG.SBJN=IRR tell-DIR-2SG.OBJ=1SG.INDIC=FUT	page 20
(47b) line 4	Lisa Matthewson	translation	‘If I saw him, I would tell you.’	page 20
(47c) line 1	Lisa Matthewson	note	Context: I was looking for John, but he left town before I could find him. You say:	page 21, over the example
(47c) line 2	St’át’imcets	transcription	lh=7ats’x-en=án=ka=tu7 qwal’-en-tsín=lhan=ka	page 21
(47c) line 3	St’át’imcets	gloss	COMP=see-DIR=1SG.SBJN=IRR=then tell-DIR-2SG.OBJ=1SG.INDIC=IRR	page 21
(47c) line 4	Lisa Matthewson	translation	If I had seen him, I would have told you.’	page 21, printed without its opening quote
§3.1	Lisa Matthewson	note	The St’át’imcets subjunctive is also not like the Mohawk one. Unlike in Mohawk, St’át’imcets futures take the indicative, as shown in (48); so do past habituals, as shown in (49), and plain negatives, as in (50).	page 21
(48a) line 1	St’át’imcets	transcription	ats’x-en-tsí=lhkan=kelh lh-nátcw=as	page 21
(48a) line 2	St’át’imcets	gloss	see-DIR-2SG.OBJ=1SG.INDIC=FUT COMP-one.day.away=3SBJN	page 21
(48a) line 3	Lisa Matthewson	translation	‘I’ll see you tomorrow.’	page 21
(48b) line 1	St’át’imcets	transcription	* ats’x-en-tsín=an=kelh lh-nátcw=as	page 21
(48b) line 2	St’át’imcets	gloss	see-DIR-2SG.OBJ=1SG.SBJN=FUT COMP-one.day.away=3SBJN	page 21
(48b) line 3	Lisa Matthewson	translation	‘I’ll see you tomorrow.’	page 21
(49a) line 1	St’át’imcets	transcription	wa7=lhkalh=wí7=tu7 n-záw’-em ku=qú7	page 21
(49a) line 2	St’át’imcets	gloss	IMPF=1PL.INDIC=EMPH=then LOC-get.water-MID DET=water	page 21
(49a) line 3	St’át’imcets	segmentation	lhél=ta=qú7qu7=a múta7 lhel=ta=tswáw’cw=a	page 21
(49a) line 4	St’át’imcets	gloss	from=DET=water=EXIS and from=DET=creek=EXIS	page 21
(49a) line 5	Lisa Matthewson	translation	‘We used to fetch water from the spring and the creek.’	page 21
(49a) line 6	Lisa Matthewson	citation	(Matthewson 2005:370)	page 21, under the translation
(49b) line 1	St’át’imcets	transcription	* wa7=at=wí7=tu7 n-záw’-em ku=qú7	page 21
(49b) line 2	St’át’imcets	gloss	IMPF=1PL.SBJN=EMPH=then LOC-get.water-MID DET=water	page 21
(49b) line 3	St’át’imcets	segmentation	lhél=ta=qú7qu7=a múta7 lhel=ta=tswáw’cw=a	page 21
(49b) line 4	St’át’imcets	gloss	from=DET=water=EXIS and from=DET=creek=EXIS	page 21
(49b) line 5	Lisa Matthewson	translation	‘We used to fetch water from the spring and the creek.’	page 21
(50a) line 1	St’át’imcets	transcription	áy=t’u7 kw=en=gúy’t ku=pála7 sgap	page 21
(50a) line 2	St’át’imcets	gloss	NEG=PRT DET=1SG.POSS=sleep DET=one evening	page 21
(50a) line 3	Lisa Matthewson	translation	‘I didn’t sleep one night.’	page 21
(50a) line 4	Lisa Matthewson	citation	(Matthewson 2005:267)	page 21, the tag or source at the right of the translation
(50b) line 1	St’át’imcets	transcription	* áy=t’u7 kw=s=gúy’t=an ku=pála7 sgap	page 21
(50b) line 2	St’át’imcets	gloss	NEG=PRT DET=NOM=sleep=1SG.SBJN DET=one evening	page 21
(50b) line 3	Lisa Matthewson	translation	‘I didn’t sleep one night.’	page 21
§3.1	Lisa Matthewson	note	Finally, there are the cases where the St’át’imcets subjunctive does appear, with a predictable meaning difference, which are not attested in other languages. These include the use of the St’át’imcets subjunctive to weaken an imperative to a polite request, or to help turn a question into a statement of uncertainty (see examples in (16-18) and (19-23) above).	page 21
§3.1	Lisa Matthewson	note	I will argue below that in spite of these major empirical differences between the St’át’imcets subjunctive and that of familiar languages, the basic framework for mood semantics advanced by Portner (1997) can be adapted to capture all the St’át’imcets facts. This will support Portner’s proposal that moods are dependent on modals and place restrictions on the modal environments in which they appear.	page 21
§4	Lisa Matthewson	heading	4 Basic framework: Portner (1997)	page 22
§4	Lisa Matthewson	note	Portner’s (1997) leading idea is that moods place presuppositions on the modal environment in which they appear. More precisely, moods typically restrict properties of the accessibility relation associated with a governing modal operator (see also Portner 2003:64). The modal operator may be provided by a higher attitude verb or modal; it may also, in unembedded situations, be provided by context.	page 22
§4	Lisa Matthewson	note	For illustration, let us first see how Portner analyzes English ‘mood- indicating may’. In each of (51a-c), the may is not the ordinary modal may; it is not asserting possibility. (51b), for example, does not mean ‘it is possible that it is possible that Sue wins the race.’	page 22
§4	Lisa Matthewson	language	English	the translations
(51a) line 1	Lisa Matthewson	note	Jack wishes that you may be happy.	page 22, set as an example
(51b) line 1	Lisa Matthewson	note	It is possible that Sue may win the race.	page 22, set as an example
(51c) line 1	Lisa Matthewson	note	May you have a pleasant journey!	page 22, set as an example
(51c) line 2	Lisa Matthewson	citation	(Portner 1997:190)	page 22, the source
§4	Lisa Matthewson	note	Portner argues that mood-indicating may presupposes that p is doxastically possible (possible according to someone’s beliefs). For example, (51a) presupposes that Jack believes it is possible for you to be happy. He provides the analysis in (52).	page 22
(52) line 1	Lisa Matthewson	note	For any reference situation r, modal force F, and modal context R, [[maydep(φ)]]r,F,R is only defined if φ is possible with respect to Doxα(r), where α is the denotation of the matrix subject.	page 22, set as an example
(52) line 2	Lisa Matthewson	note	When defined, [[maydepφ]]r,F,R = [[φ]]r,F,R	page 22, set as an example
(52) line 3	Lisa Matthewson	citation	(Portner 1997:201)	page 22, the source
§4	Lisa Matthewson	note	Portner further argues that there are actually two mood-indicating may’s, with slightly different properties. Mood-indicating may under wish, pray, etc. (as in (51a)) or in unembedded clauses (as in (51c)) has an extra requirement: it presupposes that the accessibility relation R is buletic (deals with somebody’s wishes or desires).	page 22
§4	Lisa Matthewson	note	The analysis of mood-indicating may illustrates an important aspect of Portner’s analysis, namely that moods place presuppositions on the modal accessibility relation (a type of conversational background). With English mood- indicating may, there is a doxastic and sometimes a buletic restriction. For the English mandative subjunctive, which appears in imperatives as well as in embedded contexts as in (53), R must be deontic, as shown in (54).	page 22
(53) line 1	Lisa Matthewson	note	Mary demands that you join us downstairs at 3pm.	page 22, set as an example
(53) line 2	Lisa Matthewson	citation	(Portner 1997:202)	page 22, the source
(54) line 1	Lisa Matthewson	note	For any reference situation r, modal force F, and modal context R, [[m-subj(φ)]]r,F,R is only defined if R is a deontic accessibility relation.	page 23, set as an example
(54) line 2	Lisa Matthewson	note	When defined, [[m-subj(φ)]]r,F,R = [[φ]]r,F,R	page 23, set as an example
(54) line 3	Lisa Matthewson	citation	(Portner 1997:201)	page 23, the source
§4	Lisa Matthewson	note	For Italian moods, Portner claims that R is restricted to being (non-)factive.19 The idea that moods restrict modal conversational backgrounds is common to several other modal-based analyses of mood (e.g., Farkas 1992, Giorgi and Pianesi 199720), and is also found in James (1986). What James calls ‘manners of representation’ are root vs. epistemic conversational backgrounds:	page 23
footnote 19	Lisa Matthewson	note	Interestingly, the Italian indicative imposes a modal force restriction as well as a conversational background restriction; it is only used with a force of necessity (Portner 1997:197).	page 23, footnote 19
footnote 20	Lisa Matthewson	note	According to Giorgi and Pianesi, the subjunctive indicates that the ordering source is non-empty; this is a restriction on a conversational background.	page 23, footnote 20
§4	Lisa Matthewson	name	Giorgi	Alessandra Giorgi, with Pianesi (1997)
§4	Lisa Matthewson	name	Pianesi	Fabio Pianesi, with Giorgi (1997)
§4	Lisa Matthewson	name	James	Frances James (1986), the English subjunctive
§4	Lisa Matthewson	note	The ambiguity of the modal auxiliaries … supports the	page 23
§4	Lisa Matthewson	note	hypothesis that there are two separate manners of	page 23
§4	Lisa Matthewson	note	representation. Moods … signify manners of representation.	page 23
§4	Lisa Matthewson	note	They are not ambiguous, however; they signify one modality	page 23
§4	Lisa Matthewson	note	or the other (James 1986:15). In the analysis to follow, I will adopt Portner’s idea that moods place restrictions on a governing modal operator. I will argue that the empirical differences between the St’át’imcets subjunctive and Indo-European subjunctives derive from the fact that the former restricts the conversational background of the modal operator in such a way that the modal force is weakened.	page 23
§5	Lisa Matthewson	heading	5 Adapting Portner’s approach for the St’át’imcets subjunctive	page 23
§5	Lisa Matthewson	note	I deal here only with the constructions where the subjunctive has a semantic effect; I will not address the cases of obligatory subjunctive agreement which were presented in section 2.2.21 My analysis will account for all meaningful uses of the St’át’imcets subjunctive except the two uses which contain the particle t’u7. See section 8 for some discussion of the t’u7- constructions.	page 23
footnote 21	Lisa Matthewson	note	The analysis presented below is actually compatible with the obligatory presence of the subjunctive in if-clauses introduced by lh=, and may even help to explain why lh= obligatorily selects the subjunctive when it means ‘if’, but selects indicative when it means ‘before’. Thanks to Henry Davis for discussion of this point, and see Davis (2006: chapter 26). (See also van Eijk 1997:217, although van Eijk analyzes the subjunctive- inducing lh= as distinct from (e)lh= ‘before’.) As for the other obligatory cases of subjunctive, these may be grammaticized, semantically bleached relics of original meaningful uses, aided by the fact that subjunctive marking is intertwined with person agreement.	page 23, footnote 21
§5	St’át’imcets	cited form	t’u7-	page 23, in italics
§5.1	Lisa Matthewson	heading	5.1 The St’át’imcets subjunctive presupposes rather than asserts a	page 24
§5.1	Lisa Matthewson	note	modal semantics	page 24
§5.1	Lisa Matthewson	note	The first thing to establish is that like Portner’s moods, the St’át’imcets subjunctive does not itself assert a modal semantics, but is dependent on a governing modal operator. One piece of evidence for this is that the St’át’imcets subjunctive must co-occur with an overt modal in almost all its uses. Of the seven uses of the subjunctive being analyzed here, five of them have an overt modal (the deontics, ‘pretend’, wh-questions, yes-no questions, ignorance free relatives), one of them is plausibly analyzed as containing a covert modal (imperatives), and only one is non-modal (plain assertions). As noted above, the addition of the subjunctive to plain assertions is extremely restricted and at least semi-conventionalized. If the subjunctive were itself independently modal, it would be difficult to explain the minimal contrasts in (55-56).22	page 24
footnote 22	Lisa Matthewson	note	As noted above, Portner’s analysis does allow for unembedded uses of non-indicative moods, with the modal accessibility relation being provided by context. So there is no problem with the cases where the St’át’imcets subjunctive can appear without a c- commanding modal (as in (8-9)). Of course, we would eventually like to explain when these unembedded subjunctives can and cannot appear. Portner (1997:201) notes for mood-indicating may and the mandative subjunctive that ‘Neither of these have a completely predictable distribution, in that neither occurs in every context in which a purely semantic account would predict that it could … it must be admitted that lexical and syntactic idiosyncracies come into play.’	page 24, footnote 22
(55a) line 1	St’át’imcets	transcription	* gúy’t=as ti=sk’úk’wm’it=a	page 24
(55a) line 2	St’át’imcets	gloss	sleep=3SBJN DET=child=EXIS	page 24
(55a) line 3	Lisa Matthewson	translation	Attempted: ‘I hope the child sleeps.’	page 24
(55b) line 1	St’át’imcets	transcription	gúy’t=as=ka ti= sk’úk’wm’it=a	page 24
(55b) line 2	St’át’imcets	gloss	sleep=3SBJN=DEON DET=child=EXIS	page 24
(55b) line 3	Lisa Matthewson	translation	‘I hope the baby sleeps.’	page 24
(56a) line 1	St’át’imcets	transcription	* skalúl7=acw: saq’w knáti7 múta7 em7ímnem	page 24
(56a) line 2	St’át’imcets	gloss	owl=2SG.SBJN fly DEIC and make.animal.noise	page 24
(56a) line 3	Lisa Matthewson	translation	‘Pretend to be an owl: fly around and hoot.’	page 24
(56b) line 1	St’át’imcets	transcription	skalúl7=acw=ka: saq’w knáti7 múta7 em7ímnem	page 24
(56b) line 2	St’át’imcets	gloss	owl=2SG.SBJN=DEON fly DEIC and make.animal.noise	page 24
(56b) line 3	Lisa Matthewson	translation	‘Pretend to be an owl: fly around and hoot.’	page 24
§5.1	Lisa Matthewson	note	Furthermore, just like with English mood-indicating may, the interpretation of St’át’imcets subjunctive clauses indicates that the mood does not itself contribute modal semantics. For example, (55b) does not mean ‘It should be the case that the child should sleep’.	page 24
§5.1	Lisa Matthewson	note	The St’át’imcets subjunctive also patterns morphosyntactically like a mood rather than like real modals in the language. As shown above, the subjunctive is obligatorily selected by some complementizers, unlike modals. The subjunctive is also fused with subject marking into a full paradigm, unlike the modals, which are independent second-position clitics.23 I therefore conclude that the St’át’imcets subjunctive does not itself introduce a modal operator, but requires one in its environment.	page 24
footnote 23	Lisa Matthewson	note	Or in one case, a circumfix on the verb; see Davis et al. (2009).	page 25, footnote 23
§5.2	Lisa Matthewson	heading	5.2 The St’át’imcets subjunctive does not presuppose a particular	page 25
§5.2	Lisa Matthewson	note	conversational background	page 25
§5.2	Lisa Matthewson	note	The St’át’imcets subjunctive differs from most Indo-European moods in that it cannot be analyzed as being restricted to a certain type of	page 25
§5.2	Lisa Matthewson	note	conversational background. This is illustrated by the fact that it allows deontic, buletic or epistemic uses. Deontic conversational backgrounds arise with imperatives, as in (57), or (17b), repeated here:	page 25
(57) line 1	St’át’imcets	transcription	ets7á=has=(malh) lh=xílh-ts=al’ap	page 25
(57) line 2	St’át’imcets	gloss	DEIC=3SBJN=(ADHORT) COMP=do-CAUS=2PL.SBJN	page 25
(57) line 3	Lisa Matthewson	translation	‘Could you do it like this, you folks?’	page 25
(17b) line 1	St’át’imcets	transcription	nás=acw=malh áku7 pankúph=a	page 25
(17b) line 2	St’át’imcets	gloss	go=2SG.SBJN=ADHORT DEIC Vancouver=EXIS	page 25
(17b) line 3	Lisa Matthewson	translation	‘You could go to Vancouver.’	page 25
§5.2	Lisa Matthewson	note	Buletic conversational backgrounds arise with the modal ka:	page 25
(13b) line 1	St’át’imcets	transcription	plán=as=ka ti7 t’u7 wa7 máys-n-as	page 25
(13b) line 2	St’át’imcets	gloss	already=3SBJN=DEON DEMON PRT IMPF fix-DIR-3ERG	page 25
(13b) line 3	Lisa Matthewson	translation	‘I wish he had fixed that already.’	page 25
(14b) line 1	St’át’imcets	transcription	guy’t=ás=ka ti=sk’úk’wm’it=ha	page 25
(14b) line 2	St’át’imcets	gloss	sleep=3SBJN=DEON DET=child=EXIS	page 25
(14b) line 3	Lisa Matthewson	translation	‘I hope the child sleeps.’	page 25
§5.2	Lisa Matthewson	note	And epistemic conversational backgrounds arise with questions.	page 25
(21b) line 1	St’át’imcets	transcription	nká7=as=kelh lh=cúz’=acw nas?	page 25
(21b) line 2	St’át’imcets	gloss	where=3SBJN=FUT COMP=going.to=2SG.SBJN go	page 25
(21b) line 3	Lisa Matthewson	translation	‘Wherever will you go?’ / ‘I wonder where you are going to go now.’	page 25
(21b) line 4	Lisa Matthewson	citation	(cf. Davis 2006: chapter 24)	page 25, under the translation
(22b) line 1	St’át’imcets	transcription	lan=as=há=k’a kwán-ens-as	page 26
(22b) line 2	St’át’imcets	gloss	already=3SBJN=YNQ=INFER take-DIR-3ERG	page 26
(22b) line 3	St’át’imcets	segmentation	ni=n-s-mets-cál=a	page 26
(22b) line 4	St’át’imcets	gloss	DET.ABS=1SG.POSS-NOM=write-ACT=EXIS	page 26
(22b) line 5	Lisa Matthewson	translation	‘I wonder if she’s already got my letter.’/’I don’t know if she got my letter or not.’	page 26
§5.2	Lisa Matthewson	note	These data suggest that the St’át’imcets subjunctive is not analyzable in the same way as the European moods discussed by Portner (1997), which hardwire a restriction to a particular type of conversational background.	page 26
§5.3	Lisa Matthewson	heading	5.3 Instead, the St’át’imcets subjunctive functions to weaken the	page 26
§5.3	Lisa Matthewson	note	modal force	page 26
§5.3	Lisa Matthewson	note	The core idea of my proposal is that the St’át’imcets subjunctive restricts its governing modal only in such a way as to weaken its quantificational force. The intuition that the St’át’imcets subjunctive weakens the force of the proposition it adds to was already expressed by Davis (2006: chapter 24):	page 26
§5.3	Lisa Matthewson	note	The best way to characterize this meaning difference is in	page 26
§5.3	Lisa Matthewson	note	terms of the ‘force’ of a sentence. With ordinary indicative	page 26
§5.3	Lisa Matthewson	note	subjects, a sentence expresses a straightforward assertion,	page 26
§5.3	Lisa Matthewson	note	question or command; but with subjunctive subjects, the effect	page 26
§5.3	Lisa Matthewson	note	is to weaken the force of the sentence, so that an assertion	page 26
§5.3	Lisa Matthewson	note	becomes a wish, a question becomes a conjecture, and a	page 26
§5.3	Lisa Matthewson	note	command becomes a request. The important question is what exactly is meant by ‘weakening’ in this context, and how to derive the various effects of the subjunctive in a unified way. I will claim that the St’át’imcets subjunctive restricts the conversational background of a governing modal in such a way that the modal has a force no stronger than weak necessity. Since there are no modals which lexically encode quantificational force in St’át’imcets, this will mean that the subjunctive must appear in the scope of a variable-force modal, and will restrict it to a weakened interpretation.	page 26
§6	Lisa Matthewson	heading	6 Analysis24	page 26
footnote 24	Lisa Matthewson	note	I would like to thank David Beaver and three anonymous reviewers for helping me clarify aspects of the analysis and its presentation.	page 26, footnote 24
§6	Lisa Matthewson	note	The idea to be pursued is that the St’át’imcets subjunctive restricts a c- commanding modal such that its quantificational force is weaker than pure necessity. Rullmann et al. (2008) argue that St’át’imcets possesses no modals which are lexically restricted for quantificational force (see also Matthewson et al. 2007, Davis et al. 2009). Instead, all St’át’imcets modals seem to allow any kind of force (see (3) above, and see the references cited for many more examples). So, what we need to say is that the subjunctive forces an already potentially weak c-commanding modal to have a weak reading. In order to see how this will work, I first very briefly review the basics of a Kratzerian analysis of modals, and then outline how modals in St’át’imcets are analyzed. We will then add the subjunctive.	page 26
§6	Lisa Matthewson	note	Modals in a standard analysis introduce quantifiers over possible worlds. The set of worlds quantified over is narrowed down by two conversational backgrounds. First, it is narrowed down by the modal base, and then it is ordered and further narrowed down by the ordering source. The modal base and the ordering source are both usually provided by context in English, although there are systematic contributions of tense and aspect to the conversational background (see e.g., Condoravdi 2001 for discussion). A simple example is given in (58).	page 27
§6	Lisa Matthewson	name	Condoravdi	Cleo Condoravdi (2001), the temporal interpretation of modals
(58) line 1	Lisa Matthewson	note	Chris must do his homework.	page 27, set as an example
(58) line 2	Lisa Matthewson	note	Modal base (circumstantial): The set of worlds in which the relevant facts are the same as in the actual world (e.g., we ignore worlds where Chris is not in school).	page 27, set as an example
(58) line 3	Lisa Matthewson	note	Ordering source (normative): Orders worlds in the modal base so that the best worlds are those which come closest to the ideal represented by the school’s homework regulations.	page 27, set as an example
(58) line 4	Lisa Matthewson	note	Universal quantification: In all the best worlds, Chris does his homework.	page 27, set as an example
§6	Lisa Matthewson	note	Rullmann et al. (2008) argue that there are two differences between English universal modals like must and St’át’imcets modals. First, the St’át’imcets modals place presuppositions on the conversational backgrounds. Second, the set of best worlds is further narrowed down by a choice function which picks out a potentially proper subset of the best worlds to be quantified over. This can lead to a weaker reading, depending on context. The idea is illustrated informally in (59).25	page 27
footnote 25	Lisa Matthewson	note	A very sensible suggestion that we should replace Rullmann et al.’s choice function with an(other) ordering source has been made independently by Kratzer (2009), Portner (2009), and Peterson (2009a,b). I will in fact do this below when I compare the current analysis to that of von Fintel and Iatridou (2008).	page 27, footnote 25
(59) line 1	St’át’imcets	transcription	guy’t=ka ti=sk’úk’wm’it=a	page 27
(59) line 2	St’át’imcets	gloss	sleep=DEON DET=child=EXIS	page 27
(59) line 3	Lisa Matthewson	translation	‘The child must/should/can sleep.’	page 27
§6	Lisa Matthewson	note	Modal base (presupposed to be circumstantial): Worlds in which the	page 27
§6	Lisa Matthewson	note	relevant facts about our family are the same as in the actual world.	page 27
§6	Lisa Matthewson	note	Ordering source (presupposed to be normative): The best worlds are	page 27
§6	Lisa Matthewson	note	those in which my desire for an early night is fulfilled.	page 27
§6	Lisa Matthewson	note	Choice function: Picks out a potentially proper subset of the best	page 28
§6	Lisa Matthewson	note	worlds.	page 28
§6	Lisa Matthewson	note	Universal quantification: In all worlds in the subset of the best worlds	page 28
§6	Lisa Matthewson	note	picked out by the choice function, the child sleeps. Since the quantification is over a potentially proper subset of the best worlds, sentences like (59) can be interpreted with any strength ranging from a pure possibility (‘The child can/may sleep’) to a strong necessity (‘The child must sleep’). The apparent variable quantificational force of St’át’imcets modals is thus derived not by ambiguity in the quantifier itself, but by restricting the size of the set of worlds quantified over by the universal quantifier. The larger the subset of the best worlds selected by the choice function, the stronger the proposition expressed. As a limiting case, the choice function may be the identity function. This results in a reading that is equivalent to the standard analysis of strong modals like must in English.	page 28
§6	Lisa Matthewson	note	Now we turn to the subjunctive. In order to capture the idea that the subjunctive weakens the c-commanding modal, I analyze the subjunctive as presupposing that at least one world in the set of best worlds is a world in which the embedded proposition is false. This will prevent the choice function from being the identity function.26 This is illustrated informally for a deontic case in (60).	page 28
footnote 26	Lisa Matthewson	note	Thanks to Hotze Rullmann (p.c.) for discussion of this point. The requirement that p be false in at least one of the best worlds appears reminiscent of a nonveridicality-style analysis, and there may be some deep significance to this. However, the analyses are different. For Giannakidou, the issue is always epistemic, as veridicality is defined in terms of a truth entailment in an individual’s epistemic model; see (42). Thus, subjunctive is predicted under verbs like ‘want’, as propositions under ‘want’ are not entailed to be true in any individual’s epistemic model. Under my analysis, the subjunctive has an anaphoric modal base and ordering source. I will show in section 7.5 that my analysis correctly predicts the indicative under verbs like ‘want’ in St’át’imcets.	page 28, footnote 26
(60) line 1	St’át’imcets	transcription	guy’t=ás=ka ti=sk’úk’wm’it=a	page 28
(60) line 2	St’át’imcets	gloss	sleep=3SBJN=DEON DET=child=EXIS	page 28
(60) line 3	Lisa Matthewson	translation	‘I hope the child sleeps.’	page 28
§6	Lisa Matthewson	note	Modal base (presupposed to be circumstantial): Worlds in which the	page 28
§6	Lisa Matthewson	note	relevant facts about our family are the same as in the actual world.	page 28
§6	Lisa Matthewson	note	Ordering source (presupposed to be normative): The best worlds are	page 28
§6	Lisa Matthewson	note	those in which my desire for an early night is fulfilled.	page 28
§6	Lisa Matthewson	note	Choice function (must pick out a proper subset of the best worlds, to	page 28
§6	Lisa Matthewson	note	avoid a contradiction with the presupposition of the subjunctive): The	page 28
§6	Lisa Matthewson	note	very best worlds are those in which my spouse’s desire for an early	page 28
§6	Lisa Matthewson	note	night is also fulfilled.	page 28
§6	Lisa Matthewson	note	Universal quantification: All the very best worlds are worlds in which	page 28
§6	Lisa Matthewson	note	the child sleeps. (59) allows a strong interpretation which (60) disallows. If the choice function in (59) is the identity function, the speaker will be satisfied only if the child sleeps (‘in all the worlds where my desire for an early night is fulfilled, the child sleeps’). In (60), the speaker will certainly be satisfied if the child sleeps, but there are also other ways to make him/her happy. (60) asserts only that ‘in all the worlds where my spouse’s and my desires for an early night are fulfilled, the child sleeps’ – so the speaker’s desires may be satisfied if the speaker’s spouse looks after the child while the speaker goes to sleep. The requirement that (60) places on the child is thus weaker than a strong necessity.	page 28
§6	Lisa Matthewson	note	In the remainder of this section I provide a more formal implementation of this idea, and in section 7 I show how the analysis accounts for a wide range of uses of the St’át’imcets subjunctive, including imperative-weakening, question-weakening, and ignorance free relatives.	page 29
§6	Lisa Matthewson	note	I adopt the following basic definitions from von Fintel and Heim (2007). (61) shows the ordering of worlds according to how well they satisfy the set of propositions in the ordering source.	page 29
§6	Lisa Matthewson	name	von Fintel	Kai von Fintel (2000), with Heim (2007) and with Iatridou (2007, 2008)
(61) line 1	Lisa Matthewson	note	Given a set of worlds X and a set of propositions P, define the strict partial order <P as follows:	page 29, set as an example
(61) line 2	Lisa Matthewson	note	∀w1, w2 ∈ X: w1 <P w2 iff {p ∈ P: p(w2) = 1} ⊂ {p ∈ P: p(w1) = 1}	page 29, set as an example
(61) line 3	Lisa Matthewson	citation	(von Fintel and Heim 2007:55)	page 29, the source
§6	Lisa Matthewson	note	For any worlds w1 and w2, w1 comes closer to the ideal set up by the	page 29
§6	Lisa Matthewson	note	ordering source than w2 does iff the set of propositions in the ordering	page 29
§6	Lisa Matthewson	note	source which are true in w2 is a proper subset of the set of propositions	page 29
§6	Lisa Matthewson	note	in the ordering source which are true in w1.	page 29
§6	Lisa Matthewson	note	(62) shows how the best worlds are selected.	page 29
(62) line 1	Lisa Matthewson	note	For a given strict partial order <P on worlds, define the selection function maxP that selects the set of <P-best worlds from any set X of worlds:	page 29, set as an example
(62) line 2	Lisa Matthewson	note	∀X ⊆ W: maxP(X) = {w ∈ X: ¬ ∃w’ ∈ X: w’ <P w}	page 29, set as an example
(62) line 3	Lisa Matthewson	citation	(von Fintel and Heim 2007:55)	page 29, the source
§6	Lisa Matthewson	note	The best worlds are those for which there are no worlds closer to the	page 29
§6	Lisa Matthewson	note	ideal than they are. The analysis of English must is given in (63). must takes as arguments a modal base, an ordering source and a proposition, and asserts that in all the best worlds in the modal base, as defined by the ordering source, the proposition is true.	page 29
(63) line 1	Lisa Matthewson	note	[[must]] c,w = λh<s,<st,t>>. λg<s,<st,t>>. λq<st>.∀w’ ∈ maxg(w)(∩h(w)) [q(w’) = 1]	page 29, set as an example
(63) line 2	Lisa Matthewson	citation	(von Fintel and Heim 2007:55)	page 29, the source
§6	Lisa Matthewson	note	The analysis of St’át’imcets normative ka is given in (64). ka takes as arguments a modal base, an ordering source, and a proposition. 27	page 30
footnote 27	Lisa Matthewson	note	Nothing crucial hinges on having the conversational backgrounds present in the syntax (as in von Fintel and Heim 2007) rather than being parameters of interpretation (as in Portner 1997). However, the syntactic version may have a potential advantage in enforcing the required anaphoricity of the conversational backgrounds once we bring in the subjunctive. In Rullmann et al.’s analysis of St’át’imcets modals, the choice function is also a syntactic argument of the modal. Following the suggestion of an anonymous reviewer, I have changed this here, but again, nothing crucial hinges on the decision.	page 30, footnote 27
(64) line 1	Lisa Matthewson	note	[[ka(h)(g)]] c,w is only defined if h is a circumstantial modal base and g is a normative ordering source.	page 30, set as an example
(64) line 2	Lisa Matthewson	note	If defined, [[ka(h)(g)]] c,w = λq<s,t>. ∀w’ ∈ fc(maxg(w)(∩h(w))) [q(w’) = 1]	page 30, set as an example
(64) line 3	Lisa Matthewson	citation	(adapted from Rullmann et al. 2008:340)	page 30, the source
§6	Lisa Matthewson	note	Now for the subjunctive. As shown in (65), the subjunctive does not affect truth conditions but merely enforces a weaker-than-necessity reading of a modal in the environment. The subjunctive does not itself introduce any conversational backgrounds; h and g in (65) are free variables. I assume that this enforces anaphoricity: the mood must be c-commanded by a modal which introduces values for h and g.28	page 30
footnote 28	Lisa Matthewson	note	Thanks to an anonymous reviewer for pointing out an inconsistency in an earlier version of (65).	page 30, footnote 28
(65) line 1	Lisa Matthewson	note	[[SBJN (φ)]] c,w is only defined if ∃w’ ∈ maxg(’w)(∩h(w)) [φ(w’) = 0].	page 30, set as an example
(65) line 2	Lisa Matthewson	note	When defined, [[SBJN (φ)]] c,w = λw’. [[φ]] c,w	page 30, set as an example
§6	Lisa Matthewson	note	According to (65), the subjunctive is only defined if there is at least one world w’ in the set of best worlds in the modal base, as defined by the ordering source, such that φ is false in w’. The analysis is applied to a normative subjunctive case in (66).	page 30
(66) line 1	St’át’imcets	transcription	guy’t=ás=ka ti=sk’úk’wm’it=a	page 30
(66) line 2	St’át’imcets	gloss	sleep=3SBJN=DEON DET=child=EXIS	page 30
(66) line 3	Lisa Matthewson	translation	‘I hope the child sleeps.’	page 30
(66) line 4	Lisa Matthewson	note	[[ka(h)(g)(as(guy’t ti sk’úk’wm’ita))]] c,w is only defined if	page 30, the analysis set under the example
(66) line 5	Lisa Matthewson	note	i. h is a circumstantial modal base and g is a normative ordering source	page 30, the analysis set under the example
(66) line 6	Lisa Matthewson	note	ii. ∃w’ ∈ maxg(w)(∩h(w)) [the child doesn’t sleep in w’]	page 30, the analysis set under the example
(66) line 7	Lisa Matthewson	note	When defined, [[ka(h)(g)(as(guy’t ti sk’úk’wm’ita))]] c,w = 1 iff ∀w’ ∈ fc (maxg(w)(∩h(w))) [the child sleeps in w’]	page 30, the analysis set under the example
§6	Lisa Matthewson	note	As above, maxg(w)(∩h(w)) picks out the best worlds in the modal base, as defined by the normative ordering source. The contextually determined choice function fc picks out a subset of maxg(w)(∩h(w)), and the modal universally quantifies over the set picked out by the choice function. Because the subjunctive mood presupposes that there is at least one world in maxg(w)(∩h(w)) in which the proposition is false, the choice function must pick out a proper subset of the worlds provided by the modal base and ordering source. This forces a weaker-than-universal reading. We in fact predict gradient readings with the subjunctive – anything from pure possibility to weak necessity. This seems to fit with the facts about when the subjunctive is felicitous.	page 31
§6	Lisa Matthewson	note	I have so far been simply following Portner (1997) in modeling the mood restriction as a presupposition, rather than as ordinary asserted content, or some other kind of inference. The question arises of whether there is any St’át’imcets-internal justification for the assumption that presupposition is involved.29	page 31
footnote 29	Lisa Matthewson	note	Thanks to David Beaver and an anonymous reviewer for asking for clarification of this issue.	page 31, footnote 29
§6	Lisa Matthewson	note	If the subjunctive contributed ordinary asserted content, we would predict that it would fail to project through presupposition holes such as negation or conditionals, and that it could be directly affirmed or denied by the hearer. The issue of projection through presupposition holes is not testable for most of the relevant constructions in St’át’imcets. For example, negation in St’át’imcets is a predicate which embeds an obligatorily nominalized (i.e., indicative) subordinate clause. When a subjunctive clitic does co-occur with negation, it attaches to the negation itself, as shown in (67). Thus, while (67) is not interpretable in a way which would show that the subjunctive contributed asserted content, the results are not conclusive because the subjunctive is probably not scoping under negation syntactically.	page 31
(67) line 1	St’át’imcets	transcription	cw7aoz=as=ká=t’u7 kw=s=nas=ts	page 31
(67) line 2	St’át’imcets	gloss	NEG=3SBJN=DEON=PRT DET=NOM=go=3POSS	page 31
(67) line 3	Lisa Matthewson	translation	‘I wish he wouldn’t go.’	page 31
(67) line 4	Lisa Matthewson	citation	(van Eijk 1997:214)	page 31, under the translation
§6	Lisa Matthewson	note	≠ ‘It is not the case that [in at least one of the best worlds in the modal	page 31
§6	Lisa Matthewson	note	base, he doesn’t go, and in all of the set of worlds selected by the	page 31
§6	Lisa Matthewson	note	choice function, he goes].’ i.e., ≠ ‘It is not the case that [it’s good if he goes, and I can still be happy if he	page 31
§6	Lisa Matthewson	note	doesn’t].’ Nor can we test projection through ‘if’, as ‘if’-clauses obligatorily and redundantly select the subjunctive in St’át’imcets (see section 2.2). However, questions provide evidence that the subjunctive does not contribute ordinary asserted content. Recall that the subjunctive plus an inferential evidential when added to a question results in a statement of uncertainty (19-23). The question in (68) cannot be interpreted as if the subjunctive contributed asserted content which scopes below the question. (See section 7.2 for analysis of questions like (68).)	page 31
(68) line 1	St’át’imcets	transcription	nilh=as=há=k’a s=Lémya7 ku=kúkwpi7	page 32
(68) line 2	St’át’imcets	gloss	FOC=3SBJN=YNQ=INFER NOM=Lémya7 DET=chief	page 32
(68) line 3	Lisa Matthewson	translation	‘I think maybe Lémya7 is the chief / I wonder if Lémya7 is the chief.’	page 32
§6	Lisa Matthewson	note	≠ ‘Is it the case that [in at least one of the best worlds compatible with the	page 32
§6	Lisa Matthewson	note	inferential evidence, Lémya7 is not the chief and in all of the set of	page 32
§6	Lisa Matthewson	note	worlds selected by the choice function, Lémya7 is the chief]?’ i.e., ≠ ‘Is it the case that [Lém7ya7 is possibly but not necessarily the chief]?’	page 32
§6	Lisa Matthewson	note	Further evidence that the subjunctive does not contribute ordinary asserted content comes from the impossibility of directly affirming or denying its contribution. This is shown in (69), where B and B’ try to deny A’s subjunctive claim that in at least one world compatible with A’s knowledge and desires, the children don’t sleep. The consultant absolutely rejects the replies in B and B’.	page 32
(69) line 1	Lisa Matthewson	note	A:	page 32, the speaker
(69) line 2	St’át’imcets	transcription	guy’t=ás=ka i=sk’wemk’úk’wm’it=a	page 32
(69) line 3	St’át’imcets	gloss	sleep=3SBJN=DEON DET.PL=child(PL)=EXIS	page 32
(69) line 4	Lisa Matthewson	translation	‘I hope the children sleep.’	page 32
(69) line 5	Lisa Matthewson	note	B:	page 32, the speaker
(69) line 6	St’át’imcets	transcription	# cw7aoz kw=s=wenácw. plán=lhkacw zewát-en	page 32
(69) line 7	St’át’imcets	gloss	NEG DET=NOM=true already=2SG.SUBJ know-DIR	page 32
(69) line 8	St’át’imcets	segmentation	kw=s=cuz’ gúy’t=wit	page 32
(69) line 9	St’át’imcets	gloss	DET=NOM=going.to sleep=3PL	page 32
(69) line 10	Lisa Matthewson	translation	‘That’s not true. You already know they will sleep.’	page 32
(69) line 11	Lisa Matthewson	note	B’:	page 32, the speaker
(69) line 12	St’át’imcets	transcription	# cw7aoz kw=s=wenácw. lh=cw7áoz=as kw=s=guy’t=wit	page 32
(69) line 13	St’át’imcets	gloss	NEG DET=NOM=true COMP=NEG=3SBJN DET=NOM=sleep=3PL	page 32
(69) line 14	St’át’imcets	segmentation	i=sk’wemk’úk’wm’it=a, áoz=kelh kw=a=s áma	page 32
(69) line 15	St’át’imcets	gloss	DET.PL=child(PL)=EXIS NEG=FUT DET=IMPF=3POSS good	page 32
(69) line 16	St’át’imcets	segmentation	ta=scwákwekw-sw=a	page 32
(69) line 17	St’át’imcets	gloss	DET=heart-2SG.POSS=EXIS	page 32
(69) line 18	Lisa Matthewson	translation	‘That’s not true. If the children don’t sleep, you won’t be happy.’	page 32
§6	Lisa Matthewson	note	Having established that the weakening contribution of the subjunctive is not ordinary asserted content, the question now is whether it contributes a presupposition per se, or some other not-at-issue content, such as a Potts (2005)- style conventional implicature. One major empirical difference between a traditional understanding of presuppositions (e.g., Stalnaker 1974) and conventional implicatures is that only the former impose constraints on the state of the common ground. Conventional implicatures, in contrast, standardly contribute information which is new to the hearer (Potts 2005). I have argued elsewhere (Matthewson 2006, 2008b) that St’át’imcets entirely lacks presuppositions of the common ground type; all not-at-issue content in this language is treated as potentially new to the hearer.30 In those earlier works I argued that the St’át’imcets facts necessitate an alternative analysis of presupposition (for example that of Gauker 1998). However, another way to look at things is to say that out of the class of non-at-issue meanings (which according to Roberts et al. 2009 equate with the set of projective meanings), St’át’imcets lacks one sub-type, namely common ground presuppositions. What I have modeled as a presupposition of the St’át’imcets subjunctive would then be some other kind of not-at-issue content, perhaps a conventional implicature. However, these issues go beyond the scope of the present paper and do not affect the main points being made here, so with these caveats I will continue to model the subjunctive as introducing a presupposition.	page 32
footnote 30	Lisa Matthewson	note	For example, attempts to elicit ‘Hey, wait a minute!’ responses to presupposition failures for a wide range of standard presupposition triggers have all failed (Matthewson 2006, 2008b). We are therefore unable to decide the presupposition issue for the subjunctive by using the ‘Hey, wait a minute!’ test (as was suggested by an anonymous reviewer).	page 33, footnote 30
§6	Lisa Matthewson	name	Stalnaker	Robert Stalnaker (1974), pragmatic presuppositions
§6	Lisa Matthewson	note	Before turning to more complex constructions involving the subjunctive, it is interesting to consider the similarity between the analysis of the St’át’imcets subjunctive provided here and von Fintel and Iatridou’s (2008) ideas about weak necessity modals. von Fintel and Iatridou are concerned with the difference in quantificational strength between ought and have to/must. In (70), we see that the restriction on employees is stronger than that on everyone else.	page 33
§6	Lisa Matthewson	name	Iatridou	Sabine Iatridou, with von Fintel (2007, 2008)
(70) line 1	Lisa Matthewson	note	After using the bathroom, everybody ought to wash their hands; employees have to.	page 33, set as an example
(70) line 2	Lisa Matthewson	citation	(von Fintel and Iatridou 2008:116)	page 33, the source
§6	Lisa Matthewson	note	(71) also illustrates the contrast between the different modal strengths. In (71a), taking Route 2 is the only option, if you want to get to Ashfield: all the worlds in which you get to Ashfield are Route 2-worlds. In (71b), there are other getting-to-Ashfield worlds apart from only Route 2-worlds. But the Route-2 worlds are the best, taking into consideration some other factors (such as a scenic route).	page 33
(71a) line 1	Lisa Matthewson	note	To go to Ashfield, you have to / must take Route 2.	page 33, set as an example
(71b) line 1	Lisa Matthewson	note	To go to Ashfield, you ought to take Route 2.	page 33, set as an example
(71b) line 2	Lisa Matthewson	citation	(von F. & I. 2008:118)	page 33, the source
§6	Lisa Matthewson	note	von Fintel and Iatridou argue that ought is a weak necessity modal, and that weak necessity modals signal the existence of a secondary ordering source. This is illustrated informally in (72-73). (72) contains a strong necessity modal, and gives a strong reading, as usual. In (73), a secondary ordering source further restricts the set of worlds which are universally quantified over, leading to a weaker reading.	page 33
(72) line 1	Lisa Matthewson	note	To go to Ashfield, you have to / must take Route 2.	page 34, set as an example
(72) line 2	Lisa Matthewson	note	Modal base: Restricts worlds considered to those in which the same facts about roads hold as in the actual world.	page 34, set as an example
(72) line 3	Lisa Matthewson	note	Ordering source: Orders worlds in the modal base so that the best worlds are those in which you attain your goal of getting to Ashfield.	page 34, set as an example
(72) line 4	Lisa Matthewson	note	Universal quantification: In all the best worlds, you take Route 2.	page 34, set as an example
(73) line 1	Lisa Matthewson	note	To go to Ashfield, you ought to take Route 2.	page 34, set as an example
(73) line 2	Lisa Matthewson	note	Modal base: Restricts worlds considered to those in which the same facts about roads hold as in the actual world.	page 34, set as an example
(73) line 3	Lisa Matthewson	note	Ordering source 1: Orders worlds in the modal base so that the best worlds are those in which you attain your goal of getting to Ashfield.	page 34, set as an example
(73) line 4	Lisa Matthewson	note	Ordering source 2: Further orders the best worlds picked out by ordering source 1, so that the very best worlds are those in which you not only attain your goal of getting to Ashfield, but also attain an additional goal of going via a scenic route.	page 34, set as an example
(73) line 5	Lisa Matthewson	note	Universal quantification: In all the very best worlds, you take Route 2.	page 34, set as an example
§6	Lisa Matthewson	note	As von Fintel and Iatridou (2008:137) put it: ‘The idea is that saying that to go to Ashfield you ought to take Route 2, because it’s the most scenic way, is the same as saying that to go to Ashfield in the most scenic way, you have to take Route 2.’ This is very parallel in spirit to Rullmann et al.’s (2008) analysis of St’át’imcets modals, where a weak reading is obtained by a universal quantifier with a restriction provided by a choice function. And just like Rullmann et al.’s analysis, von Fintel and Iatridou’s actually predicts gradience: how ‘weak’ a weak necessity modal is can vary, depending on which secondary ordering source you pick. In fact, given that the motivation for using a choice function rather than an ordering source was weak anyway (cf. Kratzer 2009, Peterson 2009a,b and Portner 2009), the Rullmann et al.-style analysis is better implemented using a double ordering source, exactly as in von Fintel and Iatridou (2008).31	page 34
footnote 31	Lisa Matthewson	note	Like von Fintel and Iatridou, I omit a formal definition of a modal with a double ordering source; see von Fintel and Iatridou (2008:138) for some suggestions on how to do this.	page 34, footnote 31
§6	Lisa Matthewson	name	Peterson	Tyler Peterson (2009a, b), Gitksan evidentials; thanked
§6	Lisa Matthewson	note	So what is the difference between English and St’át’imcets? Simply that in English, we lexically encode the weak necessity (ought vs. have to/must). In St’át’imcets, no differences in quantificational force are lexically encoded by modals, but what English modals do, St’át’imcets does via mood. Another way of describing the analysis offered here would be to say that the St’át’imcets subjunctive enforces weak necessity: it forces there to be two (non-vacuous) restrictions on the set of worlds in the modal base.	page 34
§6	Lisa Matthewson	note	While further cross-linguistic investigation goes beyond the scope of this paper, it is worth pointing out a connection to another intriguing observation of von Fintel and Iatridou’s, namely that in many languages, weak necessity modals are created transparently from a strong necessity modal plus counterfactual morphology. This is illustrated in (74) for French, where the modal appears in the conditional mood, the mood which occurs in counterfactual conditionals.	page 34
§6	Lisa Matthewson	language	French	the conditional as a weak necessity modal, (74)
(74) line 1	St’át’imcets	transcription	tout le monde devrait se laver les mains	page 35
(74) line 2	St’át’imcets	gloss	everybody must/COND REFL wash the hands	page 35
(74) line 3	St’át’imcets	segmentation	mais les serveurs sont obligés	page 35
(74) line 4	St’át’imcets	gloss	but the waiters are obliged	page 35
(74) line 5	Lisa Matthewson	translation	‘Everybody ought to wash their hands but the waiters have to.’	page 35
(74) line 6	Lisa Matthewson	citation	(von Fintel and Iatridou 2008:121)	page 35, under the translation
§6	Lisa Matthewson	note	This is very reminiscent of St’át’imcets, where a modal which allows strong necessity readings is turned into a weak necessity modal by the addition of the subjunctive. In St’át’imcets, I have analyzed the weakening effect as the sole contribution of the subjunctive mood. Of course, ‘counterfactual’ and ‘subjunctive’ are not the same thing, and I am not in a position to claim that the current analysis of the subjunctive can extend to counterfactual morphology in the languages discussed by von Fintel and Iatridou. However, the present analysis at the very least supports von Fintel and Iatridou’s cross-linguistic generalization that mood morphology can derive weak necessity modals, and may offer a potential new avenue for looking at languages like French.	page 35
§7	Lisa Matthewson	heading	7 Applying the analysis to other subjunctive constructions	page 35
§7	Lisa Matthewson	note	In the previous section I presented an analysis of the St’át’imcets subjunctive and applied it to cases involving a normative modal. In this section I aim to establish that the analysis of the subjunctive as restricting the quantificational force of a co-occurring modal can extend to the other uses of the subjunctive. I deal in turn with imperatives (section 7.1), questions (7.2), ignorance free relatives (7.3), the ‘pretend’ cases (7.4), and finally I return to the fact that in St’át’imcets, the subjunctive is not licensed by any attitude verbs (7.5).	page 35
§7.1	Lisa Matthewson	heading	7.1 Imperatives	page 35
§7.1	Lisa Matthewson	note	Recall that the subjunctive, when added to an imperative, makes the command more polite. An example is repeated here:	page 35
(16a) line 1	St’át’imcets	transcription	lts7á=malh lh=kits-in’=ál’ap!	page 35
(16a) line 2	St’át’imcets	gloss	here=ADHORT COMP=put.down-DIR=2PL.SBJN	page 35
(16a) line 3	Lisa Matthewson	translation	‘Just put it over here!’	page 35
(16b) line 1	St’át’imcets	transcription	lts7á=has=malh lh=kits-in’=ál’ap	page 36
(16b) line 2	St’át’imcets	gloss	here=3SBJN=ADHORT COMP=put.down-DIR=2PL.SBJN	page 36
(16b) line 3	Lisa Matthewson	translation	‘Could you put it down here?’/‘You may as well put it down over here.’	page 36
§7.1	Lisa Matthewson	note	The easiest way to analyze the imperatives would be as subcases of the deontic cases already analyzed above. We could say that the imperative introduces a deontic necessity modal, and the subjunctive weakens the modal. That is what I will in fact say, adopting Schwager’s (2005, 2006) analysis of imperatives.	page 36
§7.1	Lisa Matthewson	name	Schwager	Magdalena Schwager (2005, 2006, 2008), imperatives as modals
§7.1	Lisa Matthewson	note	Schwager (2005, 2006) claims that imperatives introduce a modal operator, which is a more restricted version of a deontic necessity modal.32 Normally, the imperative modal expresses necessity, with the Common Ground serving as the modal base, and a contextually given set of preferences giving the ordering source. In addition, imperatives carry presuppositions, as shown in (75). The presuppositions restrict an imperative to situations where a performative use of a deontic modal would be possible, namely those in which the speaker is an authority on the matter.33	page 36
footnote 32	Lisa Matthewson	note	See Han (1997,1999) for an earlier proposal of a similar idea. Han’s modal analysis shares many of the advantages for St’át’imcets of Schwager’s approach. However, since Han models the modal claim of the imperative as a presupposition rather than part of the assertion, extra assumptions would be required to apply it to St’át’imcets subjunctive imperatives.	page 36, footnote 32
footnote 33	Lisa Matthewson	note	The descriptive vs. performative use of a deontic modal is shown in (i), from Schwager 2008:26).	page 36, footnote 33
footnote 33 (ia) line 1	Lisa Matthewson	note	Peter may come tomorrow. (The hostess said it was no problem.)	page 36
footnote 33 (ia) line 2	Lisa Matthewson	note	DESCRIPTIVE	page 36, the use set at the right
footnote 33 (ib) line 1	Lisa Matthewson	note	Okay, you may come at 11. (Are you content now?)	page 36
footnote 33 (ib) line 2	Lisa Matthewson	note	PERFORMATIVE	page 36, the use set at the right
(75) line 1	Lisa Matthewson	note	Presuppositions of an imperative:	page 36, set as an example
(75) line 2	Lisa Matthewson	note	1. The speaker is an authority on the parameters. [modal base and ordering source]	page 36, set as an example
(75) line 3	Lisa Matthewson	note	2. The ordering source is preference-related.34	page 36, set as an example
footnote 34	Lisa Matthewson	note	The preferences may relate to the addressee’s wishes, as in the case of advice or suggestions.	page 36, footnote 34
(75) line 4	Lisa Matthewson	note	3. The speaker affirms the ordering source as a good maxim for acting in the given scenario.	page 36, set as an example
(75) line 5	Lisa Matthewson	citation	(Schwager 2006:248-249)	page 36, the source
§7.1	Lisa Matthewson	note	A simple case is illustrated in (76).	page 36
(76) line 1	Lisa Matthewson	note	Get up!	page 36, set as an example
(76) line 2	Lisa Matthewson	note	Modal base: What the speaker and hearer jointly take to be possible	page 36, set as an example
(76) line 3	Lisa Matthewson	note	Ordering source: The speaker’s commands	page 36, set as an example
§7.1	Lisa Matthewson	note	(76) is true iff all worlds in the Common Ground that make true as much as possible of what the speaker commands at the world and time of utterance make it true that the addressee gets up within a certain event frame t (Schwager 2005: chapter 6). The difference between (76) and the plain modal statement ‘You must get up’ is that with the imperative, the speaker is presupposed to be an authority. This has the consequence that whenever an imperative is defined, it is necessarily true.	page 36
§7.1	Lisa Matthewson	note	Adopting Schwager’s analysis enables us to treat the St’át’imcets subjunctive imperatives the same way we treated the weakened normative ka- statements above. We have to assume that the deontic modal in a St’át’imcets imperative is, like the overt ka, a variable-quantificational-force modal which introduces a choice function or secondary ordering source. While a normal imperative roughly says that in all the best worlds (the worlds where you obey my commands), you do P, a subjunctive imperative presupposes that at least one world in which you obey my commands is a world in which you do not do P. This predicts that a weakened imperative means that in the very best worlds, you do P, but there are other ways to satisfy me. The requirement on the addressee becomes weaker, just as the requirement on the child to sleep becomes weaker in the examples discussed above.	page 37
§7.1	Lisa Matthewson	note	An advantage of Schwager’s analysis for St’át’imcets is that it makes the correct predictions for ‘permission imperatives’ like ‘Have a cookie!’ These do not perform a speech act of ordering, but rather of invitation. It might be natural to think that permission imperatives involve a possibility modal, but Schwager argues that imperatives always introduce a necessity operator. For Schwager, the permission effect arises due to the contextual parameters; this is shown in (77).	page 37
(77) line 1	Lisa Matthewson	note	Take an apple if you like!	page 37, set as an example
(77) line 2	Lisa Matthewson	note	Given what we know the world to be like and given what you want, it is necessary that you take an apple.	page 37, set as an example
(77) line 3	Lisa Matthewson	citation	(cf. Schwager 2008:49)	page 37, the source
§7.1	Lisa Matthewson	note	Under Schwager’s analysis, then, the difference between an order and an invitation consists not in a difference in quantificational force, but in ordering source. This correctly predicts that in St’át’imcets, permission imperatives do not take the subjunctive:35	page 37
footnote 35	Lisa Matthewson	note	(78b) is marked as infelicitous in this context, which is how the consultant judges it. (79b) appears to be ungrammatical. The difference probably relates to the presence in (78b) of the adhortative particle malh, an interesting element whose analysis must await future research.	page 37, footnote 35
(78) line 1	Lisa Matthewson	note	Context: Your friend comes over and is visiting with you. You hear her stomach rumbling. You give her a plate and say ‘Have some cake!’	page 37, over the example
(78a) line 1	St’át’imcets	transcription	wá7=malh kiks-tsín-em	page 37
(78a) line 2	St’át’imcets	gloss	be=ADHORT cake-eat-MID	page 37
(78a) line 3	Lisa Matthewson	translation	‘Have some cake!’	page 37
(78b) line 1	St’át’imcets	transcription	# wá7=acw=malh kiks-tsín-em	page 38
(78b) line 2	St’át’imcets	gloss	be=2SG.SBJN=ADHORT cake-eat-MID	page 38
(78b) line 3	Lisa Matthewson	translation	‘You may as well have some cake.’	page 38
(79) line 1	Lisa Matthewson	note	Context: You are at a gathering and they are almost running out of food. You take the last piece of fish and then you see an elder is behind you and is looking disappointed and has no fish on her plate. You say ‘Take mine!’	page 38, over the example
(79a) line 1	St’át’imcets	transcription	kwan ts7a ti=n-tsúw7=a	page 38
(79a) line 2	St’át’imcets	gloss	take(DIR) DEIC DET=1SG.POSS-own=EXIS	page 38
(79a) line 3	Lisa Matthewson	translation	‘Take mine!’	page 38
(79b) line 1	St’át’imcets	transcription	* kwán=acw ts7a ti=n-tsúw7=a	page 38
(79b) line 2	St’át’imcets	gloss	take(DIR)=2SG.SBJN DEIC DET=1SG.POSS-own=EXIS	page 38
(79b) line 3	Lisa Matthewson	translation	intended: ‘Take mine!’	page 38
§7.1	Lisa Matthewson	note	We have seen that an analysis of imperatives as containing a concealed necessity modal works for St’át’imcets. In the remainder of this section I briefly discuss the alternative analysis of Portner (2004, 2007).	page 38
§7.1	Lisa Matthewson	note	Portner’s (2004, 2007) analysis of imperatives relies on the notion of a ‘To-Do List’. The idea is that each participant in a conversation has a To-Do List, a set of properties which they are committed to satisfying. The To-Do list Function (which maps each participant to their own To-Do List) is a component of the Discourse Context (along with the Common Ground and the Question Set). An imperative, as in (80), denotes a property whose subject is the addressee. This causes the property to be added to the addressee’s To-Do List.	page 38
(80) line 1	Lisa Matthewson	note	[[Leave!]]w*,c = [λw λx: x = addressee (c). x leaves in w]	page 38, set as an example
§7.1	Lisa Matthewson	note	The important feature of this analysis for current purposes is that under the To- Do List approach, imperatives do not contain modal operators. While for Portner, imperatives and root modals are closely linked – for example, the successful utterance of an imperative leads to the truth of a corresponding sentence containing a root modal – imperatives do not themselves contain modals.36 My analysis of the St’át’imcets subjunctive, however, requires the presence of a modal, whose quantificational force is weakened via a restriction on the conversational background. A unified analysis of the St’át’imcets subjunctive across all its uses would therefore seem to require a modal in the imperative.	page 38
footnote 36	Lisa Matthewson	note	See Portner (2007:363ff) for arguments against Han’s (1999) and Schwager’s (2005,2007) analysis of imperatives as containing concealed modals.	page 38, footnote 36
§7.1	Lisa Matthewson	note	However, a slight modification of Portner’s analysis of imperatives will work for St’át’imcets.37 We simply analyze the imperative morpheme in a parallel way to a normative modal. The imperative morpheme takes three arguments: the Common Ground (which corresponds to the modal base), and two To-Do Lists (which correspond to ordering sources). The subjunctive then presupposes that there is a world among the best worlds in which the imperative is not satisfied. Assuming that the second To-Do List is ‘more ignorable’ than the first (cf. also von Fintel and Iatridou 2008 on the primacy of the first ordering source), then a hearer can decide to be bound either by both To-Do Lists, or only by the first. If the speaker has set up her own desires as the secondary To-Do List, we obtain a politeness reading.	page 38
footnote 37	Lisa Matthewson	note	Thanks to an anonymous reviewer for the suggestion which follows.	page 38, footnote 37
§7.1	Lisa Matthewson	note	In summary, we have seen that our analysis of the St’át’imcets subjunctive extends to the weakened imperatives, as long as we assume that imperatives are concealed deontic modal statements. This idea can be implemented within either the approaches of Schwager (2005, 2006, 2008) or Portner (2004, 2007).	page 39
§7.2	Lisa Matthewson	heading	7.2 Questions	page 39
§7.2	Lisa Matthewson	note	The subjunctive appears, in combination with an evidential or future modal, in both yes-no and wh questions in St’át’imcets, in each case turning the question into a statement of uncertainty. Some examples are repeated here. Following Littell et al. (2009), I use the term ‘conjectural questions’ for this construction.	page 39
§7.2	Lisa Matthewson	name	Littell	Patrick Littell (2009), conjectural questions; thanked
(22a) line 1	St’át’imcets	transcription	lán=ha kwán-ens-as ni=n-s-mets-cál=a	page 39
(22a) line 2	St’át’imcets	gloss	already=YNQ take-DIR-3ERG DET.ABS=1SG.POSS-NOM=write-ACT=EXIS	page 39
(22a) line 3	Lisa Matthewson	translation	‘Has she already got my letter?’	page 39
(22b) line 1	St’át’imcets	transcription	lan=as=há=k’a kwán-ens-as	page 39
(22b) line 2	St’át’imcets	gloss	already=3SBJN=YNQ=INFER take-DIR-3ERG	page 39
(22b) line 3	St’át’imcets	segmentation	ni=n-s-mets-cál=a	page 39
(22b) line 4	St’át’imcets	gloss	DET.ABS=1SG.POSS-NOM=write-ACT=EXIS	page 39
(22b) line 5	Lisa Matthewson	translation	‘I wonder if she’s already got my letter.’/’I don’t know if she got my letter or not.’	page 39
(21a) line 1	St’át’imcets	transcription	nká7=kelh lh=cúz’=acw nas	page 39
(21a) line 2	St’át’imcets	gloss	where=FUT COMP=going.to=2SG.SBJN go	page 39
(21a) line 3	Lisa Matthewson	translation	‘Where will you go?’	page 39
(21b) line 1	St’át’imcets	transcription	nká7=as=kelh lh=cúz’=acw nas?	page 39
(21b) line 2	St’át’imcets	gloss	where=3SBJN=FUT COMP=going.to=2SG.SBJN go	page 39
(21b) line 3	Lisa Matthewson	translation	‘Wherever will you go?’ / ‘I wonder where you are going to go now.’	page 39
(21b) line 4	Lisa Matthewson	citation	(cf. Davis 2006: chapter 24)	page 39, under the translation
§7.2	Lisa Matthewson	note	Previous discussion of conjectural questions in Salish includes Matthewson (2008a), Littell et al. (2009) and Littell (2009).38 The analysis given here will essentially be that of Littell (2009), with the addition of an account of the role of the subjunctive (which Littell does not discuss), and an extension to cases where the subjunctive in a conjectural question is licensed by a future modal, rather than an evidential.	page 40
footnote 38	Lisa Matthewson	note	Littell et al. (2009) investigate conjectural questions in three languages: St’át’imcets, Nɬeʔkepmxcín (Thompson Salish) and Gitksan, while Littell (2009) focuses mainly on Nɬeʔkepmxcín.	page 40, footnote 38
footnote 38	Lisa Matthewson	language	Nɬeʔkepmxcín	Thompson Salish, conjectural questions, footnote 38
footnote 38	Lisa Matthewson	language	Gitksan	conjectural questions, footnote 38
§7.2	Lisa Matthewson	note	The paradigms in (81) and (82) illustrate the distributional facts for conjectural questions which contain an evidential (as opposed to a future modal). We see that the evidential is obligatory (the (b) examples), but the subjunctive – while strongly preferred – is not quite obligatory (the (c) examples).39	page 40
footnote 39	Lisa Matthewson	note	While subjunctive evidential questions (as in (81d), (82d)) are obligatorily interpreted as statements of uncertainty rather than questions, indicative evidential questions (as in (81c), (82c)) can optionally be interpreted as ordinary questions. I return to this below.	page 40, footnote 39
(81a) line 1	St’át’imcets	transcription	t’íq=Ø=ha k=Bill	page 40
(81a) line 2	St’át’imcets	gloss	arrive=INDIC=YNQ DET=Bill	page 40
(81a) line 3	Lisa Matthewson	translation	‘Did Bill arrive?’	page 40
(81a) line 4	Lisa Matthewson	note	INDIC	page 40, the category set at the right of the translation
(81b) line 1	St’át’imcets	transcription	* t’íq=as=ha k=Bill	page 40
(81b) line 2	St’át’imcets	gloss	arrive=3SBJN=YNQ DET=Bill	page 40
(81b) line 3	Lisa Matthewson	note	SBJN	page 40, the category set at the right of the gloss
(81c) line 1	St’át’imcets	transcription	? t’íq=ha=k’a k=Bill	page 40
(81c) line 2	St’át’imcets	gloss	arrive=YNQ=INFER DET=Bill	page 40
(81c) line 3	Lisa Matthewson	translation	‘I wonder if Bill arrived.’	page 40
(81c) line 4	Lisa Matthewson	note	EVID + INDIC	page 40, the category set at the right of the translation
(81d) line 1	St’át’imcets	transcription	t’iq=as=há=k’a k=Bill	page 40
(81d) line 2	St’át’imcets	gloss	arrive=3SBJN=YNQ=INFER DET=Bill	page 40
(81d) line 3	Lisa Matthewson	translation	‘I wonder if Bill arrived.’	page 40
(81d) line 4	Lisa Matthewson	note	EVID + SBJN	page 40, the category set at the right of the translation
(82a) line 1	St’át’imcets	transcription	ínwat=wit	page 40
(82a) line 2	St’át’imcets	gloss	say.what =3PL	page 40
(82a) line 3	Lisa Matthewson	translation	‘What did they say?’	page 40
(82a) line 4	Lisa Matthewson	note	INDIC	page 40, the category set at the right of the translation
(82b) line 1	St’át’imcets	transcription	* ínwat=wit=as	page 40
(82b) line 2	St’át’imcets	gloss	say.what=3PL=3SBJN	page 40
(82b) line 3	Lisa Matthewson	note	SBJN	page 40, the category set at the right of the gloss
(82c) line 1	St’át’imcets	transcription	? inwat=wít=k’a	page 40
(82c) line 2	St’át’imcets	gloss	say.what=3PL=INFER	page 40
(82c) line 3	Lisa Matthewson	translation	‘I wonder what they said.’	page 40
(82c) line 4	Lisa Matthewson	note	EVID + INDIC	page 40, the category set at the right of the translation
(82d) line 1	St’át’imcets	transcription	inwatwít=as=k’a	page 41
(82d) line 2	St’át’imcets	gloss	say.what=3PL=3SBJN=INFER	page 41
(82d) line 3	Lisa Matthewson	translation	‘I wonder what they said.’	page 41
(82d) line 4	Lisa Matthewson	note	EVID + SBJN	page 41, the category set at the right of the translation
§7.2	Lisa Matthewson	note	As argued in the above-mentioned references, conjectural questions have the syntax and the semantics of a question, but the pragmatics of an assertion (as they do not require an answer in discourse). With respect to syntax, conjectural questions clearly pattern with ordinary questions. Littell et al. (2009) point out that not only do conjectural questions contain the normal yes-no question particle or sentence-initial wh-phrase plus extraction morphology, they embed under the same predicates as ordinary questions do. This is shown in (83), where (83a) contains an ordinary question and (83) a conjectural question.	page 41
(83a) line 1	St’át’imcets	transcription	aoz kw=s=zwát-en-as k=Lisa	page 41
(83a) line 2	St’át’imcets	gloss	NEG DET=NOM=know-DIR-3ERG DET=Lisa	page 41
(83a) line 3	St’át’imcets	segmentation	lh=wa7=as áma-s-as k=Rose ku-tíh	page 41
(83a) line 4	St’át’imcets	gloss	COMP=IMPF=3SBJN good-CAUS-3ERG DET=Rose DET=tea	page 41
(83a) line 5	Lisa Matthewson	translation	‘Lisa doesn’t know whether Rose likes tea.’	page 41
(83b) line 1	St’át’imcets	transcription	aoz kw=s=zwát-en-as k=Lisa	page 41
(83b) line 2	St’át’imcets	gloss	NEG DET=NOM=know-DIR-3ERG DET=Lisa	page 41
(83b) line 3	St’át’imcets	segmentation	lh=wa7=as=há=k’a áma-s-as k=Rose	page 41
(83b) line 4	St’át’imcets	gloss	COMP=IMPF=3SBJN=YNQ=INFER good-CAUS-3ERG DET=Rose	page 41
(83b) line 5	St’át’imcets	segmentation	ku-tíh	page 41
(83b) line 6	St’át’imcets	gloss	DET=tea	page 41
(83b) line 7	Lisa Matthewson	translation	‘Lisa doesn’t know whether Rose likes tea.’	page 41
§7.2	Lisa Matthewson	note	The ability to embed under question-taking predicates is also prima facie evidence that conjectural questions have the same semantic type as ordinary questions.	page 41
§7.2	Lisa Matthewson	note	Pragmatically, however, conjectural questions do not behave like ordinary questions, because conjectural questions do not require an answer from the addressee. In fact, conjectural questions are infelicitous in any situation where the hearer can be assumed to know the answer. This is illustrated in (84).40	page 41
footnote 40	Lisa Matthewson	note	See Rocci (2007:147) for the same claim for an Italian construction with similar semantics to St’át’imcets conjectural questions.	page 41, footnote 40
(84a) line 1	St’át’imcets	transcription	?? lan=acw=há=k’a q’a7	page 41
(84a) line 2	St’át’imcets	gloss	already=2SG.SBJN=YNQ=INFER eat	page 41
(84a) line 3	Lisa Matthewson	translation	‘I wonder if you’ve already eaten.’	page 41
(84b) line 1	Lisa Matthewson	note	Context: You see your friend wearing a watch and you say:	page 41, over the example
(84b) line 2	St’át’imcets	transcription	?? zwat-en=ácw=ha=k’a lh=k’wín=as=t’elh	page 42
(84b) line 3	St’át’imcets	gloss	know-DIR=2SG.SBJN=YNQ=INFER COMP=how.many=3SBJN=now	page 42
(84b) line 4	Lisa Matthewson	translation	‘Would you know what the time was?’	page 42
(84b) line 5	Lisa Matthewson	speaker comment	Consultant’s comment: “You wouldn’t have seen the watch if you say this.”	page 42, under the example, the consultant not named
§7.2	Lisa Matthewson	note	Nor are conjectural questions a type of rhetorical question. Han (2002) argues that rhetorical questions have the force of a negative assertion, as in (85).	page 42
(85) line 1	Lisa Matthewson	note	Did I tell you it would be easy? ≈ I didn’t tell you it would be easy.	page 42, set as an example
§7.2	Lisa Matthewson	note	But this is not the meaning we get in St’át’imcets for conjectural questions. In order to express a true rhetorical question, St’át’imcets speakers use something which is string-identical to an ordinary question, just as in English. This is illustrated in (86-87). (87b) shows that adding a subjunctive plus an evidential to a rhetorical question results in rejection of the utterance.	page 42
(86) line 1	Lisa Matthewson	note	Context: Your daughter is complaining that learning how to cut fish is hard. You say:	page 42, over the example
(86a) line 1	St’át’imcets	transcription	tsun-tsi=lhkán=ha k=wa=s lil’q	page 42
(86a) line 2	St’át’imcets	gloss	say(DIR)-2SG.OBJ=1SG.INDIC=YNQ DET=IMPF=3POSS easy	page 42
(86a) line 3	Lisa Matthewson	translation	‘Did I tell you it would be easy?’	page 42
(86b) line 1	St’át’imcets	transcription	swat ku=tsút k=wa=s lil’q	page 42
(86b) line 2	St’át’imcets	gloss	who DET=say DET=IMPF=3POSS easy	page 42
(86b) line 3	Lisa Matthewson	translation	‘Who said it would be easy?’	page 42
(87) line 1	Lisa Matthewson	note	Context: You are at the PNE (a fair) and there is this very scary ride which looks really dangerous. Your friend asks you if you are going to go on it. You say:	page 42, over the example
(87a) line 1	St’át’imcets	transcription	tsut-anwas=kácw=ha kw=en=klíisi	page 42
(87a) line 2	St’át’imcets	gloss	say-inside=2SG.INDIC=YNQ DET=1SG.POSS=crazy	page 42
(87a) line 3	Lisa Matthewson	translation	‘Do you think I’m crazy?’	page 42
(87b) line 1	St’át’imcets	transcription	* tsut-anwas=ácw=ha=k’a kw=en=klíisi	page 42
(87b) line 2	St’át’imcets	gloss	say-inside=2SG.SBJN=YNQ=INFER DET=1SG.POSS=crazy	page 42
(87b) line 3	Lisa Matthewson	translation	‘Do you think I’m crazy?’	page 42
§7.2	Lisa Matthewson	note	The status of speaker and addressee knowledge also differs between rhetorical questions and conjectural questions. In rhetorical questions, the speaker knows the true answer to the question, and typically assumes that the hearer does as well (e.g., Caponigro and Sprouse 2007). Subjunctive questions are the exact opposite: neither the speaker nor the addressee typically knows the answer.	page 42
§7.2	Lisa Matthewson	note	In the remainder of this section I will first present the analysis of conjectural questions which contain evidentials, and then explain an interesting difference between the evidential and the future with respect to subjunctive licensing.	page 43
§7.2	Lisa Matthewson	note	First, we need an analysis of questions. I adopt a fairly standard approach, according to which a question denotes a set of propositions, each of which is a (partial, true or false) answer to the question (Hamblin 1973).41 This is illustrated in (88-89).	page 43
footnote 41	Lisa Matthewson	note	As far as I am aware, this choice is not critical and a different approach to questions would work just as well. This differs from the situation with imperatives seen in section 7.1, where the St’át’imcets subjunctive seems to offer some insights into what an adequate analysis of imperatives must look like.	page 43, footnote 41
§7.2	Lisa Matthewson	name	Hamblin	C. L. Hamblin (1973), questions
(88) line 1	Lisa Matthewson	note	[[does Hotze smoke]]w = {that Hotze smokes, that Hotze does not smoke}	page 43, set as an example
(89) line 1	Lisa Matthewson	note	[[who left me this fish]]w = {that Ryan left me this fish, that Meagan left me this fish, that Ileana left me this fish, …}	page 43, set as an example
(89) line 2	Lisa Matthewson	note	= {p: ∃x[p = that x left me this fish]}	page 43, set as an example
§7.2	Lisa Matthewson	note	Next, we need an analysis for the inferential evidential k’a. I adopt Matthewson et al.’s (2007) and Rullmann et al.’s (2008) analysis of k’a as an epistemic modal with a presupposition about evidence source.	page 43
(90) line 1	Lisa Matthewson	note	[[k’a(h)(g)]] c,w is only defined if h is a modal base, g is an ordering source, and for all worlds w’, ∩h(w’) is the set of worlds in which the inferential evidence in w holds.	page 43, set as an example
(90) line 2	Lisa Matthewson	note	If defined, [[k’a(h)(g)]] c,w = λq<s,t>. ∀w’ ∈ fc(maxg(w)(∩h(w))) [q(w’) = 1]	page 43, set as an example
(90) line 3	Lisa Matthewson	citation	(adapted from Matthewson et al. 2007: 245)	page 43, the source
§7.2	Lisa Matthewson	note	I assume that the evidential modal scopes under the question operator, so that each proposition in the question denotation contains the evidential. This is shown in (91). A conjectural question thus bears some similarity to an English question containing a possibility modal (e.g., ‘Could Bill have (possibly) arrived?’).	page 43
(91) line 1	St’át’imcets	transcription	t’iq=as=há=k’a k=Bill	page 43
(91) line 2	St’át’imcets	gloss	arrive=3SBJN=YNQ=INFER DET=Bill	page 43
(91) line 3	Lisa Matthewson	translation	‘I wonder if Bill arrived.’	page 43
§7.2	Lisa Matthewson	note	[[(91)]]w = {that Bill possibly arrived [presupposing there is inferential evidence that Bill arrived], that Bill possibly did not arrive [presupposing there is inferential evidence that Bill did not arrive]} Notice that the evidence presuppositions of the two propositions in (91) conflict with each other – there is presupposed to be evidence both that Bill did arrive, and that Bill did not arrive. In previous work (Matthewson 2008a, Littell et al. 2009), I assumed that the mixed-evidence presuppositions which result if we conjoin the presuppositions of all the propositions in the question set could derive the reduced interrogative force of conjectural questions. The idea was that a speaker who utters a question while presupposing that there is mixed or even contradictory evidence about the true answer cannot be taken to be requiring that the hearer provide the true answer to the question. That is, the mixed presuppositions about evidence signal that the speaker does not believe the question is easily answerable, and this lets the hearer off the hook with respect to providing an answer. 42	page 44
footnote 42	Lisa Matthewson	note	Rocci (2007) analyzes a construction in Italian with strikingly similar semantics and pragmatics: the che-subjunctive construction. According to Rocci, che-subjunctives, which are formed from questions, are interpreted as statements of doubt. He argues that they involve epistemic modality and inferential evidentiality, and induce the following presuppositions:	page 44, footnote 42
footnote 42 (i) line 1	Lisa Matthewson	note	p is not in the Common Ground and ¬ p is not in the Common Ground	page 44
footnote 42 (ii) line 1	Lisa Matthewson	note	There is no sign that either Speaker or Hearer knows whether p or ¬ p	page 44
footnote 42 (iii) line 1	Lisa Matthewson	note	There is some set of facts E in CG, such that E is non-conclusive evidence in favor of p	page 44
footnote 42	Lisa Matthewson	note	These are very similar to the effects of the St’át’imcets conjectural questions. However, Rocci does not give a compositional analysis, perhaps partly because the che- subjunctives have no overt evidentials or epistemic modals in the structure.	page 44
§7.2	Lisa Matthewson	note	However, there are various problems with this analysis, as pointed out by Littell (2009). One is that the evidence presuppositions are not always contradictory. For example, a conjectural question such as ‘Who likes ice cream?’ would presuppose for each contextually salient individual x that there is inferential evidence that x likes ice cream. But it is perfectly possible that everyone likes ice cream, and the evidence presuppositions in this case do not rule out the possibility that the hearer knows the true answer. A second problem is seemingly incorrect predictions about questions which contain other evidentials, such as reportative or direct evidentials. Littell argues that an analysis of conjectural questions which relies on conjoined evidence presuppositions should predict reduced interrogative force for any evidential question – yet cross-linguistically it is overwhelmingly only inferential or conjectural evidentials which result in reduced interrogative force. This is certainly true of St’át’imcets, as shown in the minimal pair in (92).43	page 44
footnote 43	Lisa Matthewson	note	Cheyenne is an exception; reportatives in questions in Cheyenne allow non- interrogative readings (Murray 2009).	page 44, footnote 43
footnote 43	Lisa Matthewson	language	Cheyenne	reportatives in questions, footnote 43, after Murray (2009)
(92a) line 1	St’át’imcets	transcription	stám’=as=k’a ts7a	page 45
(92a) line 2	St’át’imcets	gloss	what=3SBJN=INFER here	page 45
(92a) line 3	Lisa Matthewson	translation	‘I wonder what these are.’	page 45
(92b) line 1	St’át’imcets	transcription	# stám’=as=ku7 ts7a	page 45
(92b) line 2	St’át’imcets	gloss	what=3SBJN=REPORT here	page 45
(92b) line 3	St’át’imcets	segmentation	≠ ‘I wonder what these are.’	page 45
§7.2	Lisa Matthewson	note	For these reasons, I instead adopt and extend an alternative analysis proposed by Littell (2009). Two assumptions are required. First, the evidence source requirement of an evidential in a question can or must undergo ‘interrogative flip’ (or ‘origo shift’; Garrett 2001, Faller 2002, 2006, Aikhenvald 2004, Tenny and Speas 2004, Tenny 2006, Davis et al. 2007, Murray 2009, among others). Thus, a question containing an evidential expects that the hearer, rather than the speaker, has the relevant type of evidence for the answer. For example, (93) is not appropriate if directed to your mother, if she is the one who always cooks dinner. However, it is acceptable when directed to a third person, who might have heard from your mother what you are going to eat.	page 45
§7.2	Lisa Matthewson	name	Faller	Martina Faller (2002, 2006), evidentials in Cuzco Quechua
(93) line 1	St’át’imcets	transcription	stám’=ku7 ku=cuz’=s-q’á7-lhkalh	page 45
(93) line 2	St’át’imcets	gloss	what=REPORT DET=going.to=NOM-eat-1PL.POSS	page 45
(93) line 3	Lisa Matthewson	translation	‘What are we going to eat?’	page 45
§7.2	Lisa Matthewson	note	The second assumption is that a speaker who uses an evidential which is low on a hierarchy of evidence strength implicates that there is no available evidence of a stronger type (Faller 2002, among others). This also seems to be correct in St’át’imcets; the use of an inferential evidential, for example, leads a hearer to infer that the speaker did not have reportative or direct evidence.44	page 45
footnote 44	Lisa Matthewson	note	Evidential hierarchies are a topic of some debate and there are many interesting questions to be investigated (see Faller 2002 for an overview). It is also an interesting question how evidence-type hierarchies interact with the variable modal strength of all evidentials in St’át’imcets (Matthewson et al. 2007, Rullmann et al. 2008). Although all quantificational strengths are possible for all evidentials in St’át’imcets, k’a is more likely to have weaker quantificational force, while the reportative ku7 and the perceived- evidence =an’ are much more likely to have strong quantificational force.	page 45, footnote 44
§7.2	Lisa Matthewson	note	These two assumptions together lead to the following result: a question containing an evidential which is low on the scale of evidence strength will lead to an implicature that the hearer does not have evidence of any stronger type. This is illustrated in (94).	page 45
(94) line 1	St’át’imcets	transcription	man’c-em=há=k’a k=Hotze	page 45
(94) line 2	St’át’imcets	gloss	smoke-MID=YNQ=INFER DET=Hotze	page 45
(94) line 3	Lisa Matthewson	translation	‘I wonder if Hotze smokes.’	page 45
§7.2	Lisa Matthewson	note	= {that Hotze might smoke [presupposing the hearer has inferential	page 46
§7.2	Lisa Matthewson	note	evidence that Hotze smokes], that Hotze might not smoke	page 46
§7.2	Lisa Matthewson	note	[presupposing the hearer has inferential evidence that Hotze does not	page 46
§7.2	Lisa Matthewson	note	smoke]}	page 46
§7.2	Lisa Matthewson	note	Implicature: The hearer does not have any stronger type of evidence	page 46
§7.2	Lisa Matthewson	note	than inferential about the correct answer. According to Littell (2009), this analysis accounts for the reduced interrogative force of conjectural questions. The idea is that inferential evidence is a fairly weak type of evidence, and a speaker who asks a question while implicating that the hearer only has inferential evidence about the true answer is letting the hearer off the hook with respect to answering. This is intended to account for (a) the judgments of St’át’imcets consultants that conjectural questions do not require an answer, (b) the fact that conjectural questions are infelicitous when the addressee is likely to know the answer (cf. (84)), and (c) the fact that conjectural questions are translated as ‘I wonder’ or ‘maybe’-statements (although they do not literally have the semantics of ‘wonder’). ‘I wonder’ is simply a typical method in English of raising a question without demanding an answer.	page 46
§7.2	Lisa Matthewson	note	However, this account does not seem to predict a complete absence of interrogative force. After all, the inferential evidence the hearer is assumed to possess is better than no evidence at all. In line with this, an English question like ‘According to the weak evidence you have, could Hotze smoke?’ still functions pragmatically as an interrogative. I conclude, therefore, that interrogative flip plus implicatures about the absence of stronger evidence are not sufficient in and of themselves to completely let the hearer off the hook with respect to answering. This is actually a welcome result, since questions containing k’a in the indicative mood are sometimes translated by speakers into English using ordinary questions (rather than as statements of doubt; see footnote 39). However, conjectural questions containing the subjunctive are never translated as ordinary questions. I therefore assume that while a question containing an evidential is already somewhat ‘weakened’ in terms of its interrogative force, the subjunctive performs a further weakening. The task now is to see whether this falls out from the analysis of the subjunctive proposed above.	page 46
§7.2	Lisa Matthewson	note	Recall that in the context of a governing modal, the subjunctive adds the presupposition that in at least one of the best worlds in the modal base, the proposition is false. The best worlds here (as the modal is epistemic) are those which conform to the propositions known to be true, and in which things happen as normal. Since the evidential has undergone interrogative flip, the epistemically accessible worlds must also be flipped to be the worlds compatible with the hearer’s knowledge. The results are shown in (95).	page 46
(95) line 1	St’át’imcets	transcription	cúz’=as=ha=k’a ts7as s=Bill	page 47
(95) line 2	St’át’imcets	gloss	going.to=3SBJN=YNQ=INFER come NOM=Bill	page 47
(95) line 3	Lisa Matthewson	translation	‘I wonder if Bill is going to come.’	page 47
§7.2	Lisa Matthewson	note	{that Bill is going to come [presupposes the hearer has inferential	page 47
§7.2	Lisa Matthewson	note	evidence that Bill is going to come, presupposes that he doesn’t come	page 47
§7.2	Lisa Matthewson	note	in at least one normal world compatible with the hearer’s knowledge],	page 47
§7.2	Lisa Matthewson	note	that Bill is not going to come [presupposes the hearer has inferential	page 47
§7.2	Lisa Matthewson	note	evidence that Bill is not going to come, presupposes that he comes in at	page 47
§7.2	Lisa Matthewson	note	least one normal world compatible with the hearer’s knowledge]}	page 47
§7.2	Lisa Matthewson	note	Implicature: The hearer does not have any stronger type of evidence	page 47
§7.2	Lisa Matthewson	note	than inferential about the correct answer. As before, the implicature that the hearer does not have strong evidence about the true answer, combined with the mixed-evidence effect of the evidential presuppositions, will partially reduce the expectation that the hearer is able to answer the question. In addition, thanks to the subjunctive, the question now presupposes not only that the evidence about Bill’s possible arrival is mixed, but also that there are worlds compatible with the hearer’s knowledge in which Bill does come, and worlds compatible with the hearer’s knowledge in which he does not come. In other words, the hearer does not know whether he will come or not. The result is that a subjunctive conjectural question has a significantly reduced expectation on the hearer to provide an answer.45	page 47
footnote 45	Lisa Matthewson	note	As noted above, conjectural questions also imply that the speaker does not know the answer. I assume that this follows, by Gricean reasoning, from the fact that the speaker uttered a question, rather than having simply asserted the true answer.	page 47, footnote 45
§7.2	Lisa Matthewson	note	The account just given, which incorporates the analysis of the St’át’imcets subjunctive as a modal weakener, successfully accounts for the distributional and interpretive facts illustrated in (81-82) above. The fact that the subjunctive requires a modal licenser in a question follows from the analysis of the subjunctive as requiring a governing modal. The fact that an evidential in a question always licenses at least slightly reduced interrogative force, regardless of mood, falls out from the fact that the evidential plays a part in reducing interrogative force. However, the added contribution of the subjunctive accounts for the preferred presence of the subjunctive in conjectural questions, as well as for the fact that questions containing an evidential plus the subjunctive, in contrast to indicative evidential questions, can only be interpreted with reduced interrogative force.	page 47
§7.2	Lisa Matthewson	note	In the final part of this section I extend the discussion to conjectural questions which contain a future morpheme rather than an evidential. We have already seen some examples of this ((20b, 21b) above). In contrast to the evidential k’a, the future modal obligatorily requires the subjunctive mood if it is to be interpreted as a statement of doubt. This is shown in (96-97), where the (a) examples are only interpretable as ordinary questions which expect an answer.	page 47
(96a) line 1	St’át’imcets	transcription	t’íq=ha=kelh k=Bill	page 48
(96a) line 2	St’át’imcets	gloss	arrive=YNQ=FUT DET=Bill	page 48
(96a) line 3	Lisa Matthewson	translation	‘Is Bill going to come?’	page 48
(96a) line 4	Lisa Matthewson	note	FUT + INDIC	page 48, the category set at the right of the translation
(96b) line 1	St’át’imcets	transcription	t’iq=as=há=kelh k=Bill	page 48
(96b) line 2	St’át’imcets	gloss	arrive=3SBJN=YNQ=FUT DET=Bill	page 48
(96b) line 3	Lisa Matthewson	translation	‘I wonder if Bill will come.’	page 48
(96b) line 4	Lisa Matthewson	note	FUT + SBJN	page 48, the category set at the right of the translation
(97a) line 1	St’át’imcets	transcription	inwat=wít=kelh	page 48
(97a) line 2	St’át’imcets	gloss	say.what=3PL=FUT	page 48
(97a) line 3	Lisa Matthewson	translation	‘What will they say?’	page 48
(97a) line 4	Lisa Matthewson	note	FUT + INDIC	page 48, the category set at the right of the translation
(97b) line 1	St’át’imcets	transcription	inwatwít=as=kelh	page 48
(97b) line 2	St’át’imcets	gloss	say.what=3PL=3SBJN=FUT	page 48
(97b) line 3	Lisa Matthewson	translation	‘I wonder what they will say.’	page 48
(97b) line 4	Lisa Matthewson	note	FUT + SBJN	page 48, the category set at the right of the translation
§7.2	Lisa Matthewson	note	The contrast between the evidential and the future with respect to whether the subjunctive is required to create a conjectural question is striking. So far, I have argued that the evidential k’a contributes to reduced interrogative force by means of an implicature that the hearer has no better than inferential evidence for the true answer, and that the subjunctive contributes to further reduced interrogative force by presupposing that it is compatible with the hearer’s knowledge state that each possible answer is false. Now unlike k’a, the future modal kelh has not been analyzed as an epistemic modal, and it does not introduce any evidence presuppositions. The denotation for kelh is given in (98).	page 48
(98) line 1	Lisa Matthewson	note	[[kelh(h)(g)]] c,w,t is only defined if h is a circumstantial modal base and g is a stereotypical ordering source.	page 48, set as an example
(98) line 2	Lisa Matthewson	note	If defined, [[kelh(h)(g)]] c,w,t = λq<s,<i,t>>. ∀w’ ∈ fc(maxg(w)(∩h(w))(t)) [∃t’[t<t’ ∧ q(w’)(t’) = 1]]	page 48, set as an example
(98) line 3	Lisa Matthewson	citation	(adapted from Rullmann et al. 2008)46	page 48, the source
footnote 46	Lisa Matthewson	note	I have altered Rullmann et al.’s formula to incorporate the ordering source and to make the format parallel to that of other formulas above. The modal base in (98) is a function from world-time pairs to sets of worlds.	page 48, footnote 46
§7.2	Lisa Matthewson	note	Applying this analysis of kelh to questions containing a subjunctive gives (99).	page 48
(99) line 1	St’át’imcets	transcription	nká7=as=kelh lh=cúz’=as nas k=Gloria	page 48
(99) line 2	St’át’imcets	gloss	where=3SBJN=FUT COMP=going.to=2SG.SBJN go DET=Gloria	page 48
(99) line 3	Lisa Matthewson	translation	‘I wonder where Gloria will go.’	page 48
§7.2	Lisa Matthewson	note	{that Gloria will go home [presupposes that the future claim is made on	page 48
§7.2	Lisa Matthewson	note	the basis of the facts, presupposes that Gloria won’t go home in at least	page 48
§7.2	Lisa Matthewson	note	one stereotypical world compatible with the facts], that Gloria will go	page 48
§7.2	Lisa Matthewson	note	to her mother’s house [presupposes that the future claim is made on the	page 49
§7.2	Lisa Matthewson	note	basis of the facts, presupposes that Gloria will not go to her mother’s	page 49
§7.2	Lisa Matthewson	note	house in at least one stereotypical world compatible with the facts], …} There are no implicatures about evidence types this time, but interestingly, we still predict reduced interrogative force. And this time, the contribution of the subjunctive is absolutely critical to deriving the effect. Due to the subjunctive, the question as a whole presupposes for each contextually salient place that Gloria might go, that there is at least one stereotypical world compatible with the facts in which she doesn’t go there. This means that the facts underdetermine where she might go – and thus, that the addressee may not know where she will go. Given that the subjunctive is crucial in deriving the reduced interrogative force, we correctly predict that the subjunctive is obligatory in conjectural questions like (99).	page 49
§7.3	Lisa Matthewson	heading	7.3 Ignorance free relatives47	page 49
footnote 47	Lisa Matthewson	note	Thanks to Henry Davis (p.c.) for helpful discussions of free relatives in St’át’imcets.	page 49, footnote 47
§7.3	Lisa Matthewson	note	Ignorance free relatives in St’át’imcets are formed by the combination of a wh- word, the subjunctive, and the inferential evidential k’a. Some examples are repeated here.	page 49
(24a) line 1	St’át’imcets	transcription	qwatsáts=t’u7 múta7 súxwast áku7, t’ak aylh áku7, nílh=k’a	page 49
(24a) line 2	St’át’imcets	gloss	leave= PRT again go.downhill DEIC go then DEIC FOC=INFER	page 49
(24a) line 3	St’át’imcets	segmentation	s=npzán-as k’a=lh=swát=as=k’a káti7	page 49
(24a) line 4	St’át’imcets	gloss	NOM=meet(DIR)-3ERG INFER=COMP=who=3SBJN=INFER DEIC	page 49
(24a) line 5	St’át’imcets	segmentation	ku=npzán-as	page 49
(24a) line 6	St’át’imcets	gloss	DET=meet(DIR)-3ERG	page 49
(24a) line 7	Lisa Matthewson	translation	‘So he set off downhill again, went down, and then he met whoever he met.’	page 49
(24a) line 8	Lisa Matthewson	citation	(van Eijk and Williams 1981:66, cited in Davis 2009)	page 49, the tag or source at the right of the translation
(24b) line 1	St’át’imcets	transcription	o, púpen’=lhkan [ta=stam’=as=á=k’a]	page 49
(24b) line 2	St’át’imcets	gloss	oh find=1SG.INDIC [DET=what=3SBJN=EXIS=INFER]	page 49
(24b) line 3	Lisa Matthewson	translation	‘Oh, I’ve found something or other.’	page 49
(24b) line 4	Lisa Matthewson	citation	(Unpublished story by “Bill” (Francis) Edwards, cited in Davis 2009)	page 49, under the translation
§7.3	Lisa Matthewson	note	There is a large literature on free relatives, concentrating mainly on English (although see Dayal 1997 for discussion of Hindi and Davis 2009 for discussion of St’át’imcets). Here I adopt von Fintel’s (2000) analysis; as far as I know, nothing crucial hinges on the differences between von Fintel’s analysis and those of, for example, Jacobson (1995) or Dayal (1997). I will argue that the St’át’imcets ignorance free relatives are compatible with von Fintel’s proposals, and that their interpretation relies on the independently-attested semantics of the subjunctive and the evidential.	page 49
§7.3	Lisa Matthewson	note	According to von Fintel, both ignorance and indifference free relatives presuppose that there is variation among the worlds in the modal base with respect to the identity of the referent. The free relative denotes a definite description, and the sentence as a whole asserts that the definite description satisfies the relevant property.	page 49
(100) line 1	Lisa Matthewson	note	(whatever) (w) (F) (P) (Q)	page 50, set as an example
(100a) line 1	Lisa Matthewson	note	presupposes: ∀w’ ∈ minw [F ∩ (λw’. ιx. P(w’)(x) ≠ P(w)(x))]: Q(w’)(ιx. P(w’)(x)) = Q(w)(ιx. P(w’)(x))	page 50, set as an example
(100b) line 1	Lisa Matthewson	note	asserts: Q(w) (ιx. P(w)(x))	page 50, set as an example
(100b) line 2	Lisa Matthewson	citation	(von Fintel 2000:34)	page 50, the source
§7.3	Lisa Matthewson	note	With ignorance free relatives, the modal base F is the epistemic alternatives of the speaker.48 Consider (101), for example.	page 50
footnote 48	Lisa Matthewson	note	With indifference free relatives, the modal base includes counterfactual alternatives.	page 50, footnote 48
(101) line 1	Lisa Matthewson	note	There’s a lot of garlic in whatever (it is that) Arlo is cooking.	page 50, set as an example
(101) line 2	Lisa Matthewson	citation	(von Fintel 2000:27)	page 50, the source
§7.3	Lisa Matthewson	note	(101) presupposes that in all the speaker’s epistemically accessible worlds which are minimally different from the actual world and in which Arlo is cooking something different from what he is actually cooking, there is the same amount of garlic in what he is cooking. As the min-operator introduces an existential presupposition, (101) presupposes that there are epistemically accessible worlds in which Arlo is cooking something different from what he is actually cooking. This amounts to a presupposition that the speaker is ignorant about the identity of what Arlo is cooking. (101) then asserts that the unique thing which Arlo is cooking has a lot of garlic in it.	page 50
§7.3	Lisa Matthewson	note	Turning to St’át’imcets, we see that von Fintel’s semantics captures the required meanings accurately. (24a) presupposes that the speaker does not know who ‘he’ (the man being talked about) met, and asserts that he met whoever he met. Moreover, it seems that we can account for the presence of the subjunctive in free relatives, and also for the presence of the inferential evidential. In particular, I would like to suggest that the presupposition of speaker ignorance about the denotation of the free relative actually derives from the evidential k’a and the subjunctive.	page 50
§7.3	Lisa Matthewson	note	The basic idea is that an ignorance free relative is formed from a conjectural question (see Davis 2009 for this insight, although Davis does not word it in this way). The free relative in (24a), for example, is formed from the conjectural question in (102).	page 50
(102) line 1	St’át’imcets	transcription	swát=as=k’a káti7 ku=npzán-as	page 50
(102) line 2	St’át’imcets	gloss	who=3SBJN=INFER DEIC DET=meet(DIR)-3ERG	page 50
(102) line 3	Lisa Matthewson	translation	‘I wonder who he met.’	page 50
§7.3	Lisa Matthewson	note	Following the analysis of conjectural questions given in section 7.2, (102) denotes the set of propositions of the form ‘he met x’. The evidential in (102) would normally undergo interrogative flip, giving rise to the inference that the hearer is not in a position to answer the question of who he met. When (102) is embedded in a non-matrix environment as in (24a), however, I assume that interrogative flip does not take place. The free relative based on (102) will therefore carry a conjoined presupposition that the speaker has inferential evidence for each alternative, and an implicature that the speaker has no stronger evidence about who he met. And due to the subjunctive, it will presuppose that for each alternative, there is at least one best world in the modal base in which that alternative is false. Thus, the free relative formed from (102) will presuppose that there is mixed evidence about who he met, and that for each person x, it’s compatible with the speaker’s knowledge that he did not meet x. This derives the desired ‘speaker ignorance’ presupposition. Moreover, we can regard the subjunctive as an overt spell-out of the existential presupposition of the min-operator, namely that there are epistemically accessible worlds in which the person he met is not who he met in the actual world.	page 50
§7.3	Lisa Matthewson	note	A final advantage of this approach is that we correctly capture the fact that the modal base contains epistemic alternatives, as k’a lexically encodes an epistemic conversational background. This accounts for the fact that only ignorance free relatives, and not indifference free relatives, contain k’a in St’át’imcets (Davis 2007).49	page 51
footnote 49	Lisa Matthewson	note	Free relatives in St’át’imcets are far from solved. For example, Davis (2007) points out a problem with free relatives which surface as DPs, as in (24b) above. Davis shows that syntactically, this wh-word acts like the head noun of a relative clause. This poses a challenge for the claim that (24b) is formed from a conjectural question. Moreover, if the wh-word is functioning as a head noun in (24b), the evidential k’a should not be able to attach to it, as k’a attaches only to predicates. This is a peculiarity of k’a; Davis shows that other second-position evidentials, such as reportative ku7 or perceived-evidence =an’, are ungrammatical in free relatives. Further research is required.	page 51, footnote 49
§7.4	Lisa Matthewson	heading	7.4 ‘Pretend’	page 51
§7.4	Lisa Matthewson	note	There are two patterns to account for with the ‘pretend’ cases, depending on the dialect. In Upper St’át’imcets, the subjunctive plus the normative modal ka frequently renders a ‘pretend to be ...’ interpretation. In Whitley et al. (no date), a native-speaker-produced St’át’imcets teaching manual, the standard construction when the teacher is asking the students to pretend something is that in (15b).	page 51
(15a) line 1	St’át’imcets	transcription	skalúl7=acw=ka: saq’w knáti7 múta7 em7ímn-em	page 51
(15a) line 2	St’át’imcets	gloss	owl=2SG.SBJN=DEON fly DEIC and make.animal.noise-MID	page 51
(15a) line 3	Lisa Matthewson	translation	‘Pretend to be an owl: fly around and hoot.’	page 51
(15b) line 1	St’át’imcets	transcription	snu=hás=ka ku-skícza7	page 52
(15b) line 2	St’át’imcets	gloss	2SG.EMPH=3SBJN=DEON DET=mother	page 52
(15b) line 3	Lisa Matthewson	translation	‘Pretend to be the mother.’	page 52
(15b) line 4	Lisa Matthewson	citation	(Whitley et al. no date)	page 52, the tag or source at the right of the translation
§7.4	Lisa Matthewson	note	In Lower St’át’imcets, however, examples like (15a,b) are rejected in ‘pretend’ contexts. Lower St’át’imcets uses either an emphatic pronoun in a cleft, as in (103a), or the adhortative particle malh, as in (103b). In each case, the subjunctive is present, but ka is absent.	page 52
(103a) line 1	St’át’imcets	transcription	nu=hás ku=skalúla7: sáq’w=kacw knáti7	page 52
(103a) line 2	St’át’imcets	gloss	2SG.EMPH=3SBJN DET=owl fly=2SG.INDIC DEIC	page 52
(103a) line 3	Lisa Matthewson	translation	‘Pretend to be an owl.’	page 52
(103b) line 1	St’át’imcets	transcription	skalúl7=acw=malh: sáq’w=kacw knáti7	page 52
(103b) line 2	St’át’imcets	gloss	owl=2SG.SBJN=ADHORT fly=2SG.INDIC DEIC	page 52
(103b) line 3	Lisa Matthewson	translation	‘Pretend to be an owl: fly around.’	page 52
§7.4	Lisa Matthewson	note	In each of the dialectal variants, the apparent ‘pretend’ construction seems to reduce to another usage, rather than really meaning ‘pretend’. (15a,b) are merely instances of the subjunctive adding to a normative modal assertion. (15a) thus really means something like ‘I wish you were an owl’, and (15b) means ‘I wish you were the mother.’ In (103a), the subjunctive adds to a plain assertion to create a wish, something which is possible with clefts; cf. (8) above. As for (103a), the consultant spontaneously translates this into English as ‘You may as well be an owl’. The presence of adhortative malh here is a matter for future research; see comments in section 8 below.	page 52
§7.4	Lisa Matthewson	note	Support for the idea that (15) and (103) are not really ‘pretend’ constructions comes from the fact that exactly parallel structures are used when the wish is not that someone pretend to be something, but rather is a wish which has a chance of coming true. This is shown in (104). While the consultant accepts a ‘pretend’ translation for (104a,b), she spontaneously translates them into English using simply ‘you be …’. She judges that the St’át’imcets sentences do not really mean ‘pretend’.	page 52
(104a) line 1	St’át’imcets	transcription	nu=hás ku=kúkwpi7	page 52
(104a) line 2	St’át’imcets	gloss	2SG.EMPH=3SBJN DET=chief	page 52
(104a) line 3	Lisa Matthewson	translation	‘Pretend to be the chief.’	page 52
(104a) line 4	Lisa Matthewson	note	[accepted]	page 52, the tag or source at the right of the translation
(104a) line 5	Lisa Matthewson	translation	‘You be the chief.’	page 52
(104a) line 6	Lisa Matthewson	note	[spontaneously given]	page 52, the tag or source at the right of the translation
(104b) line 1	St’át’imcets	transcription	nu=hás ku=kúkw	page 52
(104b) line 2	St’át’imcets	gloss	2SG.EMPH=3SBJN DET=chief	page 52
(104b) line 3	Lisa Matthewson	translation	‘Pretend to cook.’	page 52
(104b) line 4	Lisa Matthewson	note	[accepted]	page 52, the tag or source at the right of the translation
(104b) line 5	Lisa Matthewson	translation	‘You be the cook.’	page 52
(104b) line 6	Lisa Matthewson	note	[spontaneously given]	page 52, the tag or source at the right of the translation
§7.5	Lisa Matthewson	heading	7.5 Why St’át’imcets is not like Romance	page 53
§7.5	Lisa Matthewson	note	In this final sub-section I return to a major cross-linguistic difference between the St’át’imcets subjunctive and more familiar, Indo-European subjunctives, namely that in St’át’imcets the subjunctive is never selected by a matrix predicate, and in fact is ungrammatical under all attitude verbs (as shown in (43) above).	page 53
§7.5	Lisa Matthewson	note	It turns out that this falls out from the current analysis. The St’át’imcets subjunctive is parasitic on a modal, and introduces the presupposition that in at least one of the best worlds in the modal base according to the ordering source, the embedded proposition is false. This presupposition is incompatible with the semantics of attitude verbs, which are standardly analyzed as introducing universal quantification over a set of worlds. This is illustrated in (105) for English believe.	page 53
(105) line 1	Lisa Matthewson	note	[[believe]]w,g = λp<s,t>. λx. ∀w’ compatible with what x believes in w: p(w’) = 1	page 53, set as an example
(105) line 2	Lisa Matthewson	citation	(von Fintel and Heim 2007:18)	page 53, the source
§7.5	Lisa Matthewson	note	There is no reason to assume that attitude verbs like ‘believe’ have different semantics in St’át’imcets than they do in English. On the contrary, the St’át’imcets verb tsutánwas ‘think, believe’ must involve universal quantification over belief-worlds, and not variable-force quantification over belief-worlds. That is, (106), just like its English gloss, requires that in all Laura’s belief-worlds, John has left. It cannot mean that Laura’s beliefs allow, but do not require, that John has left.	page 53
§7.5	St’át’imcets	cited form	tsutánwas	page 53, in italics, ‘think, believe’
(106) line 1	St’át’imcets	transcription	tsut-ánwas k=Laura kw=s=qwatsáts=s k=John	page 53
(106) line 2	St’át’imcets	gloss	say-inside DET=Laura DET=nom=leave=3POSS DET=John	page 53
(106) line 3	Lisa Matthewson	translation	‘Laura thinks that John left.’	page 53
§7.5	Lisa Matthewson	note	Given this, adding the subjunctive under the verb ‘believe’ in St’át’imcets leads to the following contradictory result.	page 53
(107) line 1	St’át’imcets	transcription	* tsut-ánwas k=Laura kw=s=qwatsáts=as k=John	page 53
(107) line 2	St’át’imcets	gloss	say-inside DET=Laura DET=nom=leave=3SBJN DET=John	page 53
(107) line 3	Lisa Matthewson	translation	‘Laura thinks that John left.’	page 53
§7.5	Lisa Matthewson	note	[[(107)]]w is only defined if ∃w’ compatible with Laura’s beliefs in w:	page 53
§7.5	Lisa Matthewson	note	John didn’t leave in w’ If defined, [[(107)]]w = 1 iff ∀w’ compatible with Laura’s beliefs in w:	page 53
§7.5	Lisa Matthewson	note	John left in w’ The presupposition of the subjunctive contradicts the assertion. This explains why the subjunctive is not used under verbs like ‘believe’ in St’át’imcets, unlike in Romance.	page 53
§7.5	Lisa Matthewson	note	We need to separately discuss the absence of subjunctive under desire verbs in St’át’imcets. An example was given in (43e), repeated here.50	page 53
footnote 50	Lisa Matthewson	note	Thanks to an anonymous reviewer for discussion of this issue.	page 54, footnote 50
(43e) line 1	St’át’imcets	transcription	xát’-min’-as k=Laura kw=s=t’iq=Ø k=John	page 54
(43e) line 2	St’át’imcets	gloss	want-RED-3ERG DET=Laura DET=NOM=arrive=3INDIC DET=John	page 54
(43e) line 3	Lisa Matthewson	translation	‘Laura wanted John to come.’	page 54
§7.5	Lisa Matthewson	note	Desire verbs are widely treated as involving comparison between alternative worlds (e.g., Stalnaker 1984, Heim 1992 and much subsequent work). The intuition is that John wants you to leave means that John thinks that if you leave he will be in a more desirable world than if you don’t leave’ (Heim 1992:193). Here I adopt Portner’s (1997) analysis of desire verbs, and in particular we will see that the St’át’imcets verb xát’min’ is more successfully analyzed as similar to English hope, than to English want.	page 54
§7.5	St’át’imcets	cited form	xát’min’	page 54, in italics
§7.5	Lisa Matthewson	note	Portner analyzes hope in terms of a buletic accessibility relation Bulα(s,b). For any situation s and belief situation b of an agent α, Bulα(s,b) is the set of buletic alternatives for α in s – i.e., ‘the worlds in which the most of α’s plans in s (relative to his or her beliefs in b) are carried out’ (Portner 1997:178). The number of an agent’s plans which are carried out is taken to correlate with how desirable a world is for that agent. The agent’s buletic alternatives are thus those worlds which are more desirable than other worlds in a certain belief situation. The sentence in (108) receives the interpretation shown: it is true just in case in all James’s buletic alternatives, Joan arrives in Richmond soon.	page 54
(108) line 1	Lisa Matthewson	note	James hopes that Joan arrives in Richmond soon.	page 54, set as an example
(108) line 2	Lisa Matthewson	note	{s: BulJames(s,b) ⊆ [[Joan arrives in Richmond soon]] s}	page 54, set as an example
(108) line 3	Lisa Matthewson	citation	(Portner 1997:188)	page 54, the source
§7.5	Lisa Matthewson	note	If we apply this analysis to St’át’imcets xát’min’, and attempt to use the subjunctive in the embedded clause, we get the result in (109).	page 54
(109) line 1	St’át’imcets	transcription	* xát’-min’-as k=Laura kw=s=t’iq=as k=John	page 54
(109) line 2	St’át’imcets	gloss	want-RED-3ERG DET=Laura DET=NOM=arrive=3SBJN DET=John	page 54
(109) line 3	Lisa Matthewson	translation	‘Laura wanted John to come.’	page 54
(109) line 4	Lisa Matthewson	note	[[(109)]] s is only defined if ∃s ∈ BulLaura(s,b): John does not come in s	page 54, the analysis set under the example
(109) line 5	Lisa Matthewson	note	If defined, [[(109)]] s = 1 iff {s: BulLaura(s,b) ⊆ [[John comes]] s}	page 54, the analysis set under the example
§7.5	Lisa Matthewson	note	(109) is defined only if there is at least one situation in Laura’s buletic alternatives in which John does not come, but it asserts that in all Laura’s buletic alternatives, John comes. The contradiction between the presupposition and the assertion leads to the unacceptability of the sentence.	page 54
§7.5	Lisa Matthewson	note	As a final note, the reason I have analyzed xát’min’ as parallel to English hope rather than want is because of a difference between these two verbs with respect to whether the modal contexts they induce are expandable or not.51 In brief, Portner (1997) argues that the English indicative requires an expandable modal context, and this explains why want, which does not introduce an expandable context, cannot embed an indicative clause. Hope, on the other hand, allows the semantics in (108), which involves an expandable modal context and therefore allows the indicative. The reader is referred to Portner (1997) for further discussion and details.	page 54
footnote 51	Lisa Matthewson	note	An expandable proposition contains only whole worlds (Portner 1997:175).	page 55, footnote 51
§8	Lisa Matthewson	heading	8 Conclusions and questions for future research	page 55
§8	Lisa Matthewson	note	The goal of this paper was to extend the formal cross-linguistic study of modality to the related domain of mood. Prior work on St’át’imcets has proposed that languages vary in whether their modals encode quantificational force (as in English), or conversational background (as in St’át’imcets) (Matthewson et al. 2007, Rullmann et al. 2008, Davis et al. 2009). Here, I have argued that languages vary in their mood systems along the same dimension. While some languages use moods to encode distinctions of conversational background (buletic, deontic, etc.), St’át’imcets functionally uses mood to achieve a restriction on modal quantificational force.52 If this view is correct, then each language-type draws on its moods and its modals together to allow the full range of specifications. In other words, what modals don’t encode, moods do. The simplified typological table is repeated here.	page 55
footnote 52	Lisa Matthewson	note	Although technically, with both modals and moods in St’át’imcets, it is conversational backgrounds which are restricted: the modal force is always universal.	page 55, footnote 52
(6) line 1	Lisa Matthewson	note	lexically encode quantificational force	page 55, a column's head
(6) line 1	Lisa Matthewson	note	lexically encode conversational background	page 55, a column's head
(6) line 2	Lisa Matthewson	note	Indo-European	page 55, a row's head
(6) line 2	Lisa Matthewson	note	modals	page 55, Indo-European, lexically encode quantificational force, in italics
(6) line 2	Lisa Matthewson	note	moods	page 55, Indo-European, lexically encode conversational background, in bold
(6) line 3	Lisa Matthewson	note	St’át’imcets	page 55, a row's head
(6) line 3	Lisa Matthewson	note	moods	page 55, St’át’imcets, lexically encode quantificational force, in bold
(6) line 3	Lisa Matthewson	note	modals	page 55, St’át’imcets, lexically encode conversational background, in italics
§8	Lisa Matthewson	note	The analysis presented here raises some questions for future research. One outstanding issue is the status of subjunctives with no overt licenser at all, as in (8-9). As noted earlier, these appear to be productive only in clefts, as in (8). It is not immediately obvious that a cleft contains a modal operator which would license the subjunctive, so further investigation is required (although see fn. 22).	page 55
§8	Lisa Matthewson	note	A second interesting puzzle relates to subjunctive imperatives (see section 7.1). These seem to strongly prefer the presence of the adhortative particle malh, which is normally optional in imperatives. Perhaps malh (which has not previously been analyzed) is a modal, and perhaps its obligatoriness reflects the licensing requirement of the subjunctive. But what consequence would this have for the analysis provided above, which assumes that even imperatives with no adhortative particle contain a concealed deontic modal? This question cannot be answered without a real investigation of malh, something which goes beyond the bounds of the current paper.	page 55
§8	Lisa Matthewson	note	An even trickier element is the particle t’u7. t’u7 is the culprit in the two uses of the subjunctive I have declined to analyze here, the ‘might as well’ cases and the indifference free relatives. Like malh, t’u7 has not yet been formally analyzed, but for t’u7 there are not even any clear descriptive generalizations about its usage. It is often translated as ‘just’ or ‘still’, but also occurs where there is no obvious English translation, or even any detectable semantic contribution. t’u7 frequently appears with strong quantifiers, as in (110a), is almost obligatory if one wants to express ‘only’, as in (110b), and is also a common St’át’imcets way to express ‘but’, as in (110c) (although here, unlike in its other uses, it is not a second-position enclitic, and this may therefore be a case of homophony).	page 56
(110a) line 1	St’át’imcets	transcription	tákem=t’u7 swat áolsvm l=ti=tsítcw=a	page 56
(110a) line 2	St’át’imcets	gloss	all=PRT who sick in=DET=house=EXIS	page 56
(110a) line 3	Lisa Matthewson	translation	‘Everyone in the house was sick.’	page 56
(110a) line 4	Lisa Matthewson	citation	(Matthewson 2005:311)	page 56, the tag or source at the right of the translation
(110b) line 1	St’át’imcets	transcription	tsúkw=t’u7 snilh ti=tsícw=a aolsvm-áolhcw	page 56
(110b) line 2	St’át’imcets	gloss	finish=PRT 3SG.EMPH DET=get.there=EXIS sick-house	page 56
(110b) line 3	Lisa Matthewson	translation	‘It was only him who went to the hospital.’	page 56
(110b) line 4	Lisa Matthewson	citation	(Matthewson 2005:324)	page 56, the tag or source at the right of the translation
(110c) line 1	St’át’imcets	transcription	plan aylh láku7 wa7 cw7it i=tsetsítcw=a,	page 56
(110c) line 2	St’át’imcets	gloss	already then DEIC IMPF many DET.PL=houses=EXIS	page 56
(110c) line 3	St’át’imcets	segmentation	t’u7 pináni7 cw7aoz láti7 ku=wá7 tsitcw	page 56
(110c) line 4	St’át’imcets	gloss	but TEMP.DEIC NEG DEIC DET=IMPF house	page 56
(110c) line 5	Lisa Matthewson	translation	‘Now there are lots of houses there, but then there were no houses.’	page 56
(110c) line 6	Lisa Matthewson	citation	(Matthewson 2005:54)	page 56, under the translation
§8	Lisa Matthewson	note	As noted above, t’u7 is present in the ‘might as well’ uses of the subjunctive, and in indifference free relatives. Examples are repeated here.	page 56
(26a) line 1	St’át’imcets	transcription	wá7=lhkacw=t’u7 lts7a lhkúnsa ku=sgáp	page 56
(26a) line 2	St’át’imcets	gloss	be=2SG.INDIC=PRT DEIC now DET=evening	page 56
(26a) line 3	Lisa Matthewson	translation	‘You are staying here for the night.’	page 56
(26b) line 1	St’át’imcets	transcription	wá7=acw=t’u7 lts7a lhkúnsa ku=sgáp	page 56
(26b) line 2	St’át’imcets	gloss	be=2SG.SBJN=PRT DEIC now DET=evening	page 56
(26b) line 3	Lisa Matthewson	translation	‘You may as well stay here for the night.’	page 56
(27c) line 1	St’át’imcets	transcription	[stám’=as=t’u7 káti7 i=wá7 ka-k’ac-s-twítas-a	page 56
(27c) line 2	St’át’imcets	gloss	[what=3SBJN=PRT DEIC DET.PL=IMPF CIRC-dry-CAUS-3PL.ERG-CIRC	page 56
(27c) line 3	St’át’imcets	segmentation	i=n-slalíl’tem=a] wa7 ts’áqw-an’-em	page 56
(27c) line 4	St’át’imcets	gloss	DET.PL=1SG.POSS-parents=EXIS] IMPF eat-DIR-1PL.ERG	page 56
(27c) line 5	St’át’imcets	segmentation	lh=as sútik	page 56
(27c) line 6	St’át’imcets	gloss	COMP(IMPF)=3SBJN winter	page 56
(27c) line 7	Lisa Matthewson	translation	‘Whatever my parents could dry, we ate in wintertime.’	page 56
(27c) line 8	Lisa Matthewson	citation	(Matthewson 2005:141, cited in Davis 2007)	page 56, under the translation
§8	Lisa Matthewson	note	Given the analysis above, we expect there to be a modal present in any structure where the subjunctive is licensed. The interpretation of subjunctive + t’u7 in (16) is plausibly modal – the consultants are remarkably consistent with the ‘might as well’ translation. There is also a certain similarity between the ‘might as well’ construction and the Sufficiency Modal Construction (Krasikova and Zchechev 2005, von Fintel and Iatridou 2007), illustrated in (111).	page 57
§8	Lisa Matthewson	name	Krasikova	Sveta Krasikova, with Zchechev (2005), the Sufficiency Modal Construction
§8	Lisa Matthewson	name	Zchechev	Ventsislave Zchechev, with Krasikova (2005)
(111) line 1	Lisa Matthewson	note	To get good cheese, you only have to go to the North End!	page 57, set as an example
(111) line 2	Lisa Matthewson	citation	(von Fintel and Iatridou 2007:445)	page 57, the source
§8	Lisa Matthewson	note	The crucial elements of the Sufficiency Modal Construction are (a) a necessity modal and (b) an exclusive operator such as ‘only’.53 The possible connection between (26) and (111) may be fruitful to investigate in future work.54	page 57
footnote 53	Lisa Matthewson	note	For von Fintel and Iatridou, the ‘only’ is decomposed into ‘NEG … except’ (and shows up overtly as this in some languages).	page 57, footnote 53
footnote 54	Lisa Matthewson	note	See also Mitchell (2003) on ‘might as well’ in English.	page 57, footnote 54
footnote 54	Lisa Matthewson	name	Mitchell	Keith Mitchell (2003), had better and might as well
§8	Lisa Matthewson	note	As for indifference free relatives as in (27c), these also very plausibly contain a covert modal, presumably a necessity one. The important question will be whether the subjunctive can be analyzed as a weakener in the indifference free relatives. Ideally, the future analysis of (26-27) will also elucidate the semantic connection between the two t’u7-subjunctives, both of which somehow express the notion of ‘indifference’ (although perhaps in different senses of the word). (26b), for example, conveys that you can stay here for the night or not, I don’t really care.	page 57
§8	Lisa Matthewson	note	In spite of these outstanding questions, I believe that the empirical coverage of the analysis presented here is encouraging. Out of the nine meaningful uses of the St’át’imcets subjunctive, we set aside two which rely on the poorly-understood particle t’u7, but have managed to unify the remaining seven. The analysis accounts for such seemingly disparate effects as the weakening of imperatives, the reduction in interrogative force of questions, and the non-appearance of the subjunctive under any attitude verb. The analysis, if correct, supports the modal approach to mood advocated by Portner (1997), and suggests that languages have a certain amount of freedom in how they divide up the various functional tasks required of moods and modals.	page 57
§8	Lisa Matthewson	note	Finally, the research reported on here opens up broader questions about the nature of mood cross-linguistically, for example about the relation between subjunctive and irrealis. In section 2, I showed that the St’át’imcets subjunctive patterns morpho-syntactically, as well as in some of its semantic properties, like a subjunctive rather than an irrealis. However, we also saw that the St’át’imcets subjunctive differs semantically from Indo-European subjunctives. I argued above (see fn. 9) that the use of the term ‘subjunctive’ was justified, even in the face of such non-trivial cross-linguistic variation. However, there is much more work to be done on the formal semantics of mood cross-linguistically. Once a wider range of systems are investigated in depth, we may find that the traditional terminology does not correlate with the cross-linguistically interesting divisions. Topics for future inquiry include whether there is a minimal semantic change which would turn a subjunctive morpheme into an irrealis one, or vice versa, and in general what the semantic building blocks are from which moods are composed. Acknowledgments I am very grateful to St’át’imcets consultants Carl Alexander, Gertrude Ned, Laura Thevarge, Rose Agnes Whitley and the late Beverley Frank. Thanks to David Beaver, Henry Davis, Peter Jacobs, the members of the UBC Pragmatics Research Group (Patrick Littell, Meagan Louie, Scott Mackie, Tyler Peterson, Amélia Reis Silva, Hotze Rullmann and Ryan Waldie), three anonymous reviewers, and audiences at New York University, the University of British Columbia and the 44th International Conference on Salish and Neighbouring Languages for helpful feedback and discussion. This research is supported by SSHRC grants #410-2005-0875 and #410-2007-1046.	page 57
§8	Lisa Matthewson	name	Carl Alexander	St’át’imcets consultant, the acknowledgments
§8	Lisa Matthewson	name	Gertrude Ned	St’át’imcets consultant, the acknowledgments
§8	Lisa Matthewson	name	Laura Thevarge	St’át’imcets consultant, the acknowledgments
§8	Lisa Matthewson	name	Rose Agnes Whitley	St’át’imcets consultant, the acknowledgments
§8	Lisa Matthewson	name	Beverley Frank	the late St’át’imcets consultant, the acknowledgments
§8	Lisa Matthewson	name	David Beaver	thanked, footnotes 24 and 29 and the acknowledgments
§8	Lisa Matthewson	name	Henry Davis	thanked; Davis (2000, 2006, 2009), the grammar of Upper St’át’imcets
§8	Lisa Matthewson	name	Peter Jacobs	thanked, the acknowledgments; Jacobs (1992), Squamish subordinate clauses
§8	Lisa Matthewson	name	Meagan Louie	the UBC Pragmatics Research Group, the acknowledgments
§8	Lisa Matthewson	name	Scott Mackie	the UBC Pragmatics Research Group, the acknowledgments
§8	Lisa Matthewson	name	Amélia Reis Silva	the UBC Pragmatics Research Group, the acknowledgments
§8	Lisa Matthewson	name	Ryan Waldie	the UBC Pragmatics Research Group, the acknowledgments
references	Lisa Matthewson	heading	References	page 58
references	Lisa Matthewson	reference	Aikhenvald, A. 2004. Evidentiality. Oxford: Oxford University Press.	page 58
references	Lisa Matthewson	reference	Baker, Mark and Lisa Travis. Mood as verbal definiteness in a tenseless language. Natural Language Semantics 5:213-269.	page 58
references	Lisa Matthewson	reference	Beghelli, Filippo 1997. Mood and the interpretation of indefinites. Ms., University of Pennsylvania.	page 58
references	Lisa Matthewson	reference	Bolinger, Dwight 1968. Postposed main phrases: an English rule for the Romance subjunctive. Canadian Journal of Linguistics 14:3-33.	page 58
references	Lisa Matthewson	reference	Caponigro, Ivano and Jon Sprouse. Rhetorical questions as questions. Proceedings of Sinn und Bedeutung 11:121-133.	page 58
references	Lisa Matthewson	reference	Condoravdi, Cleo 2001. Temporal interpretation of modals: Modals for the present and the past. In David Beaver, Stefan Kaufmann, Brady Clark and Luis Casillas (eds.), Stanford Papers on Semantics. Stanford: CSLI Publications, 59-88.	page 58
references	Lisa Matthewson	reference	Davis, Christopher, Christopher Potts and Margaret Speas 2007. The pragmatic values of evidential sentences. Proceedings of SALT XVII. Ithaca, NY: Cornell University, 71-88.	page 58
references	Lisa Matthewson	reference	Davis, Henry 2000. Remarks on Proto-Salish subject inflection. International Journal of American Linguistics 66: 499-520.	page 58
references	Lisa Matthewson	reference	Davis, Henry 2006. A Grammar of Upper St’át’imcets. Ms., University of British Columbia.	page 58
references	Lisa Matthewson	reference	Davis, Henry 2009. Free relatives in St’át’imcets (Lillooet Salish). Ms., UBC.	page 58
references	Lisa Matthewson	reference	Davis, Henry, Lisa Matthewson and Hotze Rullmann 2009. ‘Out of control’ marking as circumstantial modality in St’át’imcets. In Lotte Hogeweg, Helen de Hoop and Andrey Malchukov (eds.), Cross-Linguistic Semantics of Tense, Aspect and Modality. Oxford: John Benjamins, pp. 205-244.	page 58
references	Lisa Matthewson	reference	Dayal, Veneeta 1997. Free relatives and ever: Identity and free choice readings. Proceedings of SALT VII, 99-116. van Eijk, Jan 1997. The Lillooet Language: Phonology, Morphology, Syntax.	page 59
references	Lisa Matthewson	reference	Vancouver, BC: UBC Press. van Eijk, Jan and Lorna Williams 1981. Lillooet Legends and Stories. Mt.	page 59
references	Lisa Matthewson	reference	Currie, BC: Ts’zil Publishing House.	page 59
references	Lisa Matthewson	reference	Faller, Martina 2002. Semantics and pragmatics of evidentials in Cuzco Quechua. Ph.D. dissertation, Stanford University.	page 59
references	Lisa Matthewson	reference	Faller, Martina 2006. Evidentiality and epistemic modality at the semantics/pragmatics interface.	page 59
references	Lisa Matthewson	reference	Farkas, Donka 1992. On the semantics of subjunctive complements. In P.	page 59
references	Lisa Matthewson	reference	Hirschbueler and K. Koerner (eds.), Romance Languages and Modern Linguistic Theory. Amsterdam and Philadelphia: Benjamins, 69-104.	page 59
references	Lisa Matthewson	reference	Farkas, Donka 2003. Assertion, belief, and mood choice. Paper presented at the Workshop on Conditional and Unconditional Modality, ESSLLI, Vienna. von Fintel, Kai 2000. Whatever. Proceedings of SALT X, 27-40. von Fintel, Kai and Irene Heim 2007. Intensional semantics lecture notes. Ms., MIT. von Fintel, Kai and Sabine Iatridou 2007. Anatomy of a modal construction. Linguistic Inquiry 38:445-483. von Fintel, Kai and Sabine Iatridou 2008. How to say ought in foreign: The composition of weak necessity modals. In Jacqueline Guéron and Jacqueline Lecarme (eds.), Time and Modality. Dordrecht: Springer, 115-141.	page 59
references	Lisa Matthewson	reference	Garrett, Edward 2001. Evidentiality and assertion in Tibetan. Ph.D. dissertation, UCLA.	page 59
references	Lisa Matthewson	reference	Gauker, Christopher 1998. What is a context of utterance? Philosophical Studies 91:149-172.	page 59
references	Lisa Matthewson	reference	Giannakidou, Anastasia 1997. The Landscape of Polarity Items. Ph.D. dissertation, University of Groningen.	page 59
references	Lisa Matthewson	reference	Giannakidou, Anastasia 1998. Polarity Sensitivity as (Non)veridical Dependency. Amsterdam and Philadelphia: John Benjamins.	page 59
references	Lisa Matthewson	reference	Giannakidou, Anastasia 2009. The dependency of the subjunctive revisited: Temporal semantics and polarity. Lingua 119:1883-1908.	page 59
references	Lisa Matthewson	reference	Giorgi, Alessandra and Fabio Pianesi 1997. Tense and Aspect: From Semantics to Morpho-Syntax. Oxford: Oxford University Press.	page 59
references	Lisa Matthewson	reference	Guerzoni, Elena 2003. Why ‘Even’ Ask? On the Pragmatics of Questions and the Semantics of Answers. Ph.D. dissertation, MIT.	page 59
references	Lisa Matthewson	reference	Hamblin, C. L. 1973. Questions in Montague grammar. Foundations of Language 10.	page 59
references	Lisa Matthewson	reference	Han, Chung-hye 1997. Deontic modality of imperatives. Language and Information 1:107-136.	page 59
references	Lisa Matthewson	reference	Han, Chung-hye 1999. Deontic modality, lexical aspect and the semantics of imperatives. Linguistics in the Morning Calm 4. Seoul: Hanshin Publications.	page 59
references	Lisa Matthewson	reference	Han, Chung-hye 2002. Interpreting interrogatives as rhetorical questions. Lingua 112:201-229.	page 60
references	Lisa Matthewson	reference	Haverkate, Henk 2002. The Syntax, Semantics and Pragmatics of Spanish Mood.	page 60
references	Lisa Matthewson	reference	Amsterdam and Philadelphia: John Benjamins.	page 60
references	Lisa Matthewson	reference	Hooper, J.B. 1975. On assertive predicates. In P. Kimball (ed.), Syntax and Semantics 4. New York: Academic Press, 91-124.	page 60
references	Lisa Matthewson	reference	Jacobs, Peter 1992. Subordinate clauses in Squamish: A Coast Salish language. MA thesis, University of Oregon.	page 60
references	Lisa Matthewson	reference	Jacobson, Pauline 1995. On the quantificational force of English free relatives. In Emmon Bach, Eloise Jelinek, Angelika Kratzer and Barbara Partee (eds.), Quantification in Natural Language. Dordrecht: Kluwer, 451-486.	page 60
references	Lisa Matthewson	reference	James, Frances 1986. Semantics of the English Subjunctive. Vancouver, BC: UBC Press.	page 60
references	Lisa Matthewson	reference	Klein, F. 1975. Pragmatic constraints in distribution: the Spanish subjunctive. Papers from the 11th CLS: 353-365.	page 60
references	Lisa Matthewson	reference	Krasikova, Sveta and Ventsislave Zchechev 2005. Scalar uses of only in conditionals. Proceedings of the Fifteenth Amsterdam Colloquium. University of Amsterdam. 137-142.	page 60
references	Lisa Matthewson	reference	Kratzer, Angelika 1981. The notional category of modality. In H.-J. Eikemeyer and H. Rieser (eds.), Words, Worlds, and Contexts. Berlin: de Gruyter, 38-74.	page 60
references	Lisa Matthewson	reference	Kratzer, Angelika 1991. Modality. In Dieter Wunderlich and Arnim von Stechow (eds.), Semantics: An International Handbook of Contemporary Research. Berlin: de Gruyter, 639-650.	page 60
references	Lisa Matthewson	reference	Kratzer, Angelika 2009. Modals and conditionals again, chapter 3. To be published by Oxford Unviersity Press.	page 60
references	Lisa Matthewson	reference	Kroeber, Paul D. 1999. The Salish Language Family: Reconstructing Syntax. The University of Nebraska Press, Lincoln, NE.	page 60
references	Lisa Matthewson	reference	Littell, Patrick 2009. Conjectural questions and the wonder effect. Or: What could conjectural questions possibly be? Ms., University of British Columbia.	page 60
references	Lisa Matthewson	reference	Littell, Patrick, Lisa Matthewson and Tyler Peterson 2009. On the semantics of conjectural questions. Paper presented at the MOSAIC Workshop (Meeting of Semanticists Active in Canada), Ottawa.	page 60
references	Lisa Matthewson	reference	Lunn, Patricia 1995. The evaluative function of the Spanish subjunctive. In Bybee, Joan and Suzanne Fleischman (eds.), Modality and Grammar in Discourse. Amsterdam and Philadelphia: John Benjamins, 419-449.	page 60
references	Lisa Matthewson	reference	Mastop, Rosja 2005. What Can You Do? Ph.D. dissertation, ILLC Amsterdam.	page 60
references	Lisa Matthewson	reference	Matthewson, Lisa 1998. Determiner Systems and Quantificational Strategies: Evidence from Salish. The Hague: Holland Academic Graphics.	page 60
references	Lisa Matthewson	reference	Matthewson, Lisa 1999. On the Interpretation of Wide-Scope Indefinites. Natural Language Semantics 7:79-134.	page 60
references	Lisa Matthewson	reference	Matthewson, Lisa 2005. When I Was Small – I Wan Kwikws: Grammatical Analysis of St’át’imc Oral Narratives. Vancouver, BC: UBC Press.	page 60
references	Lisa Matthewson	reference	Matthewson, Lisa 2006. Presuppositions and Cross-Linguistic Variation. Proceedings of the North East Linguistics Society 36. Amherst, MA: GLSA.	page 61
references	Lisa Matthewson	reference	Matthewson, Lisa 2008a. Moods vs. modals in St’át’imcets and beyond. Paper presented at New York University.	page 61
references	Lisa Matthewson	reference	Matthewson, Lisa 2008b. Pronouns, presuppositions, and semantic variation. Proceedings of SALT XVIII. Cornell University: CLC Publications, 527-550.	page 61
references	Lisa Matthewson	reference	Matthewson, Lisa, Davis, Henry and Hotze Rullmann 2007. Evidentials as epistemic modals: Evidence from St’át’imcets. Linguistic Variation Yearbook 7:201-254.	page 61
references	Lisa Matthewson	reference	Mitchell, Keith 2003. Had better and might as well: On the margins of modality? In R. Facchinetti, M. Krug and F. Palmer (eds.), Modality in Contemporary English. Berlin: Mouton de Gruyter, 129-149. Murray 2009. Evidentials and questions in Cheyenne. Paper presented at Semantics of Under-represented Languages in the Americas 5, Harvard/MIT.	page 61
references	Lisa Matthewson	reference	Palmer, F.R. 2001. Mood and Modality, Second Edition. Cambridge: Cambridge University Press.	page 61
references	Lisa Matthewson	reference	Panzeri, Francesca 2003. In the (indicative or subjunctive) mood. In Proceedings of Sinn und Bedeutung 7.	page 61
references	Lisa Matthewson	reference	Peterson, Tyler 2009a. Epistemic Modality and Evidentiality in Gitksan at the Semantics-Pragmaics Interface. Ph.D. dissertation, University of British Columbia.	page 61
references	Lisa Matthewson	reference	Peterson, Tyler 2009b. The ordering source and graded modality in Gitskan epistemic modals. Paper presented at Sinn und Bedeutung 13; Ms., University of British Columbia.	page 61
references	Lisa Matthewson	reference	Portner, Paul 1997. The semantics of mood, complementation, and conversational force. Natural Language Semantics 5:167-212.	page 61
references	Lisa Matthewson	reference	Portner, Paul 2003. The semantics of mood. In Lisa Cheng and Rint Sybesma (ed.), The Second Glot International State-of-the-Article Book. Berlin: Mouton de Gruyter, 47-77.	page 61
references	Lisa Matthewson	reference	Portner, Paul 2004. The semantics of imperatives within a theory of clause types. Proceedings of SALT XIV. Cornell University: CLC Publications.	page 61
references	Lisa Matthewson	reference	Portner, Paul 2007. Imperatives and modals. Natural Language Semantics 15:351-383.	page 61
references	Lisa Matthewson	reference	Portner, Paul 2009. Modality. Oxford: Oxford University Press.	page 61
references	Lisa Matthewson	reference	Potts, Christopher 2005. The Logic of Conventional Implicatures. Oxford: Oxford University Press.	page 61
references	Lisa Matthewson	reference	Quer, Josep 1998. Mood at the Interface. Ph.D. dissertation, UiL OTS / Universiteit Utrecht. Published by Holland Academic Graphics, The Hague.	page 61
references	Lisa Matthewson	reference	Quer, Josep 2001. Interpreting mood. Probus 13:81-111.	page 61
references	Lisa Matthewson	reference	Quer, Josep 2009. Twists of mood: The distribution and interpretation of indicative and subjunctive. Lingua 119:1779-1787.	page 61
references	Lisa Matthewson	reference	Rivero, María 1975. Referential properties of Spanish noun phrases. Language 51:32-48.	page 62
references	Lisa Matthewson	reference	Roberts, Craige, Mandy Simons, David Beaver and Judith Tonhauser 2009.	page 62
references	Lisa Matthewson	reference	Presupposition, conventional implicature, and beyond: A unified account of projection. In N. Klinedinst and D. Rothschild (eds.), Proceedings of New Directions in the Theory of Presupposition, ESLLI, Toulouse.	page 62
references	Lisa Matthewson	reference	Rocci, Andrea 2007. Epistemic modality and questions in dialogue. The case of Italian interrogative constructions in the subjunctive mood. In L. de Saussure, J. Moeschler and G. Puska (eds.), Tense, Mood and Aspect: Theoretical and Descriptive Issues. Amsterdam and New York: Rodopi, 129-153.	page 62
references	Lisa Matthewson	reference	Rullmann, Hotze, Lisa Matthewson and Henry Davis 2008. Modals as distributive indefinites. Natural Language Semantics 16:317-357.	page 62
references	Lisa Matthewson	reference	Schwager, Magdalena 2005. Interpreting Imperatives. Ph.D. dissertation, University of Frankfurt/Main.	page 62
references	Lisa Matthewson	reference	Schwager, Magdalena 2006. Conditionalized imperatives. Proceedings of SALT XVI. Cornell University: CLC Publications, 241-258.	page 62
references	Lisa Matthewson	reference	Schwager, Magdalena 2008. Optimizing the future - Imperatives between form and function. Course notes, ESLLI 2008.	page 62
references	Lisa Matthewson	reference	Stalnaker, Robert. 1974. Pragmatic presuppositions. In Semantics and Philosophy, ed. M.K. Munitz and P.K. Unger, 197-213. New York: New York University.	page 62
references	Lisa Matthewson	reference	Tenny, Carol 2006. Evidentiality, experiencers, and the syntax of sentience in Japanese. Journal of East Asian Linguistics 15:245-288.	page 62
references	Lisa Matthewson	reference	Tenny, Carol and Margaret Speas 2004. The interaction of clausal syntax, discourse roles, and information structure in questions. Paper presented at the Workshop on Syntax, Semantics and Pragmatics of Questions.	page 62
references	Lisa Matthewson	reference	ESLLI, Université Henri Poincaré, Nancy.	page 62
references	Lisa Matthewson	reference	Terrell, Tracy and Joan Hooper 1974. A semantically based analysis of mood in Spanish. Hispania 57:484-494.	page 62
references	Lisa Matthewson	reference	Thoma, Sonja 2007. The categorical status of independent pronouns in St’át’imcets. Ms., University of British Columbia. Villalta 2009. Mood and gradability: an investigation of the subjunctive mood in Spanish. Linguistics and Philosophy 31:467-522.	page 62
references	Lisa Matthewson	reference	Whitley, Rose (translator), Henry Davis, Lisa Matthewson and Beveley Frank (editors) no date. Teaching St’át’imcets Through Action. Translation of Bertha Segal Cook Teaching English Through Action. Upper St’át’imc Language, Culture and Education Society.	page 62
