where	who	kind	form	gloss
front	Hank Nater	title	How Salish is Bella Coola?	page 1
front	Hank Nater	name	Hank Nater	author
front	Hank Nater	note	Bella Coola is, structurally considered, a Salish language, affiliated – in terms of certain deictic and phonemic features (grammatical gender (feminine vs. neutral), absence of velar + pharyngeal sonorants and retracted vowels) – closely with Coastal Salish, but differing on other levels profoundly from all non-Bella Coola Salish, in particular where the genetic makeup of its lexicon is concerned. A sixfold partition, based on etymological criteria, of the verbo-nominal portion of the Bella Coola lexicon can be made: 7.4% Coastal Salish, 4.9% Interior Salish, 16.4% proto-Salish, 16.8% non-Salish (mainly North Wakash), 2.7% areal, 51.8% unknown. As such a lexical structure may seem unusual within Salish, it is appropriate to make the data that underlie these numbers available here for further evaluation and comparison.	page 1, the abstract
front	Hank Nater	language	Bella Coola	the language of the paper, Nuxalk
§1	Hank Nater	heading	1 Introduction	page 1
§1	Hank Nater	note	In this paper, I present Bella Coola etymo-numerical data in order to help determine the status of this language regarding its Coastal vs. Interior Salish characteristics, and make an appeal to other Salishists to assist in finding more lexical cognates.	page 1
§1	Hank Nater	language	Salish	the family Bella Coola belongs to
§1	Hank Nater	language	Interior Salish	IS, a branch of Salish
§1	Hank Nater	note	Two noteworthy publications pertaining to lexical-diachronic aspects of this intriguing language inspired me to write this article: Newman 1973 (on North Wakash influence) and Kuipers 2002 (Salish etymologies). However, I will dispute (1) Newman’s claim that Bella Coola ecological vocabulary “shows a larger proportion of loanwords than of forms retained from the parent language” (p. 201) (while Bella Coola “borrowed almost nothing of its basic stock of words from Wakashan, in contrast to its heavy borrowing of ecological terms” (p. 207)), and (2) Kuipers’ statement that “words with cognates in the rest of CS and unattested for IS are three times as numerous as those with cognates in IS only” (p. 9, where CS = Coast Salish, IS = Interior Salish).	page 1
§1	Hank Nater	name	Newman	Stanley Newman (1973), retention and diffusion in Bella Coola
§1	Hank Nater	name	Kuipers	Aert H. Kuipers (1967, 1969, 1974, 1998, 2002), the Salish etymological dictionary
§1	Hank Nater	language	Coast Salish	CS, Kuipers's name for Coastal Salish
§1	Hank Nater	language	North Wakash	NW, the Wakashan languages north of Bella Coola
§1	Hank Nater	language	Wakashan	the family of NW
§1.1	Hank Nater	heading	1.1 Symbols and abbreviations used in this paper	page 1
§1.1	Hank Nater	note	BC = Bella Coola, CS = Coastal Salish, Ha = Haisla, He = Heiltsuk, IS = Interior Salish, Kw = Kwakiutl, Li = Lillooet, No = Nootka, NS = non-Salish, NW = North Wakash, Oo = Oowekyala, PA = Proto-Athabascan, PS = proto- Salish, Se = Sechelt, Sh = Shuswap, Sq = Squamish; “:” separates reduplicated and metathetic sequences, “=” marks telescoping; sb = somebody, sth = something; Bl03 = Blevins 2003, Ca74 = Carrier Dictionary Committee 1974, Da02 = Davidson 2002, DE12 = Davis & Van Eijk 2012, Go75 = Goddard 1975, Ku67 = Kuipers 1967, Ku69 = Kuipers 1969, Ku74 = Kuipers 1974, Ku98 = Kuipers 1998, Ku02 = Kuipers 2002, LR80 = Lincoln & Rath 1980, LR86 = Lincoln & Rath 1986, Mo32 = Morice 1932, Na74 = Nater 1973-4, Na84 = Nater 1984, Na90 = Nater 1990, Na94 = Nater 1994, Na10 = Nater 2010, Ra10 = Rath 2010, Ti77 = Timmers 1977, VE85 = Van Eijk 1985.	page 1
§1.1	Hank Nater	name	Blevins	Juliette Blevins (2003), Yurok syllable weight
§1.1	Hank Nater	name	Carrier Dictionary Committee	the Central Carrier Bilingual Dictionary (1974)
§1.1	Hank Nater	name	Davidson	Matthew Davidson (2002), Southern Wakashan grammar
§1.1	Hank Nater	name	Davis	Henry Davis, with Van Eijk (2012), Lillooet bird terminology
§1.1	Hank Nater	name	Van Eijk	Jan P. van Eijk (1985), the Lillooet language; with Davis (2012)
§1.1	Hank Nater	name	Goddard	Ives Goddard (1975), Algonquian, Wiyot and Yurok
§1.1	Hank Nater	name	Lincoln	Neville J. Lincoln, with Rath (1980, 1986), North Wakashan roots and Haisla
§1.1	Hank Nater	name	Rath	John C. Rath (2010), the Heiltsuk-English dictionary; with Lincoln (1980, 1986)
§1.1	Hank Nater	name	Morice	A. G. Morice (1932), the Carrier language
§1.1	Hank Nater	name	Timmers	J. A. Timmers (1977), the English-Sechelt word list
§1.1	Hank Nater	language	Coastal Salish	CS, a branch of Salish
§1.1	Hank Nater	language	Haisla	North Wakash
§1.1	Hank Nater	language	Heiltsuk	North Wakash
§1.1	Hank Nater	language	Kwakiutl	North Wakash
§1.1	Hank Nater	language	Oowekyala	North Wakash
§1.1	Hank Nater	language	Nootka	South Wakashan
§1.1	Hank Nater	language	Lillooet	Interior Salish
§1.1	Hank Nater	language	Shuswap	Interior Salish
§1.1	Hank Nater	language	Sechelt	Coastal Salish
§1.1	Hank Nater	language	Squamish	Coastal Salish
§1.1	Hank Nater	language	Proto-Athabascan	PA
§1.1	Hank Nater	language	Athabascan	a northern neighbor
§1.1	Hank Nater	language	Carrier	Athabascan
§2	Hank Nater	heading	2 The database	page 2
§2	Hank Nater	note	The data, copied from an Excel (.xls) file derived from Na90, represent all BC morphemes known to me minus clitics (the majority of which have no known cognates) and affixes (most of which are of PS descent), most allomorphs and derivations, adverbs, personal and geographical names, and loans from Chinook Jargon and English.	page 2
§2	Hank Nater	language	Chinook	a southern areal source
§2	Hank Nater	language	Chinook Jargon	whose loans are left out
§2	Hank Nater	language	English	the glosses and loans left out
§2.1	Hank Nater	heading	2.1 Etymological classes, numbering, alphabetical order	page 2
§2.1	Hank Nater	note	94 items are linked with CS, 63 with IS, 209 with PS, 214 with NS, 34 are areal in nature, and 661 have no known origin. Line numbering is erased where items (certain allomorphs and derivations) are not counted. BC entries are listed in the BC (Na90) alphabetical order, where /ʷ/ is rendered as w (except immediately before u, where it is omitted), /c/ as ts, /ƛ’/ as tl’, /ɬ/ as lh, /x/ as c, /χ/ as x, /’/ is the last “letter” of the alphabet, and /ʔ/ (rendered as 7) is ignored. The Na90 syllabic sonorants m, n, l are not marked as such in this paper.	page 2
§2.2	Hank Nater	heading	2.2 Salish, areal and non-Salish etymologies: ecological lexicon	page 2
§2.2	Hank Nater	note	I list ecological terms (landscape, flora & fauna) separately from non- ecological vocabulary in consideration of the high percentage of NW cognates in this lexical category.	page 2
§2.2.1	Hank Nater	heading	2.2.1 CS and IS cognates	page 2
§2.2.1	Hank Nater	note	Line	page 2, a column's head
§2.2.1	Hank Nater	note	Gloss	page 2, a column's head
§2.2.1	Hank Nater	note	BC	page 2, a column's head
§2.2.1	Hank Nater	note	CS Cognates	page 2, a column's head
line 1	Hank Nater	note	1	page 2, the line's number
line 1	Hank Nater	translation	flea	page 2, the gloss
line 1	Bella Coola	transcription	ʔiɬt’mɬ	page 2, the Bella Coola form
line 1	Hank Nater	note	*t’mɬ/t’ɬm, Sq t’ú:t’ɬm (Ku67:271)	page 2, under CS Cognates
line 2	Hank Nater	note	2	page 2, the line's number
line 2	Hank Nater	translation	pool, pond	page 2, the gloss
line 2	Bella Coola	transcription	nu-s-ƛ’p	page 2, the Bella Coola form
line 2	Hank Nater	note	*ƛ’ǝp ‘deep (water)’ (Ku02:143)	page 2, under CS Cognates
line 3	Hank Nater	note	3	page 2, the line's number
line 3	Hank Nater	translation	mosquito	page 2, the gloss
line 3	Bella Coola	transcription	pk’m	page 2, the Bella Coola form
line 3	Hank Nater	note	*pk’/p’k (Ku02:147)	page 2, under CS Cognates
line 4	Hank Nater	note	4	page 2, the line's number
line 4	Hank Nater	translation	fresh water	page 2, the gloss
line 4	Bella Coola	transcription	qla	page 2, the Bella Coola form
line 4	Hank Nater	note	*qal (Ku02:148)	page 2, under CS Cognates
line 5	Hank Nater	note	5	page 2, the line's number
line 5	Hank Nater	translation	mountain ash	page 2, the gloss
line 5	Bella Coola	transcription	qʷaaχ(ʷ):qʷ-ik-ɬp	page 2, the Bella Coola form
line 5	Hank Nater	note	*qʷu/aχʷ ‘grey’ (Ku02:150)	page 2, under CS Cognates
line 6	Hank Nater	note	6	page 2, the line's number
line 6	Hank Nater	translation	mountain goat wool	page 2, the gloss
line 6	Bella Coola	transcription	q’ʷasta	page 2, the Bella Coola form
line 6	Hank Nater	note	*q’ʷastan (Ku02:151)	page 2, under CS Cognates
line 7	Hank Nater	note	7	page 2, the line's number
line 7	Hank Nater	translation	old mountain goat	page 2, the gloss
line 7	Bella Coola	transcription	q’ʷwaaχ	page 2, the Bella Coola form
line 7	Hank Nater	note	*q’ʷuy ‘wilt’, *-aq(’) ‘crotch’ (Ku02:151,212)	page 2, under CS Cognates
line 8	Hank Nater	note	8	page 2, the line's number
line 8	Hank Nater	translation	mountain	page 2, the gloss
line 8	Bella Coola	transcription	smt	page 2, the Bella Coola form
line 8	Hank Nater	note	*sman((i)t) (Ku02:145)	page 2, under CS Cognates
§2.2.1	Hank Nater	note	Line	page 3, a column's head
§2.2.1	Hank Nater	note	Gloss	page 3, a column's head
§2.2.1	Hank Nater	note	BC	page 3, a column's head
§2.2.1	Hank Nater	note	CS Cognates	page 3, a column's head
line 9	Hank Nater	note	9	page 3, the line's number
line 9	Hank Nater	translation	red huckleberry	page 3, the gloss
line 9	Bella Coola	transcription	sqala	page 3, the Bella Coola form
line 9	Hank Nater	note	Halkomelem sqeˑle (Na10:73)	page 3, under CS Cognates
line 10	Hank Nater	translation	any fruit	page 3, the gloss, its number erased, a derivation or allomorph not counted
line 10	Bella Coola	transcription	sqal-uc	page 3, the Bella Coola form
line 10	Hank Nater	note	*sqal(a)-uc	page 3, under CS Cognates
line 11	Hank Nater	note	11	page 3, the line's number
line 11	Hank Nater	translation	sand, gravel	page 3, the gloss
line 11	Bella Coola	transcription	s-c’iχ	page 3, the Bella Coola form
line 11	Hank Nater	note	*c’iχ (Ku02:139)	page 3, under CS Cognates
line 12	Hank Nater	note	12	page 3, the line's number
line 12	Hank Nater	translation	Indian paint	page 3, the gloss
line 12	Bella Coola	transcription	tɬm(-)as	page 3, the Bella Coola form
line 12	Hank Nater	note	*təmɬ ‘red paint’ (Ku02:152)	page 3, under CS Cognates
line 13	Hank Nater	note	13	page 3, the line's number
line 13	Hank Nater	translation	bird (large)	page 3, the gloss
line 13	Bella Coola	transcription	ci:c:cip	page 3, the Bella Coola form
line 13	Hank Nater	note	Sq cip:cpíʔɬ-tn ‘nest’ (Ku67:275)	page 3, under CS Cognates
line 14	Hank Nater	note	14	page 3, the line's number
line 14	Hank Nater	translation	cockle	page 3, the gloss
line 14	Bella Coola	transcription	t’amas	page 3, the Bella Coola form
line 14	Hank Nater	note	*t’am... ‘clam’ (Ku02:152)	page 3, under CS Cognates
line 15	Hank Nater	note	15	page 3, the line's number
line 15	Hank Nater	translation	fern	page 3, the gloss
line 15	Bella Coola	transcription	χala	page 3, the Bella Coola form
line 15	Hank Nater	note	*(s-)χal-m (Ku02:138)	page 3, under CS Cognates
§2.2.1	Hank Nater	note	Line	page 3, a column's head
§2.2.1	Hank Nater	note	Gloss	page 3, a column's head
§2.2.1	Hank Nater	note	BC	page 3, a column's head
§2.2.1	Hank Nater	note	IS Cognates	page 3, a column's head
line 16	Hank Nater	note	16	page 3, the line's number
line 16	Hank Nater	translation	small timber, underbrush	page 3, the gloss
line 16	Bella Coola	transcription	ʔas-ik-aaχ	page 3, the Bella Coola form
line 16	Hank Nater	note	*yik ‘fall (as tree)’ (Ku02:130)	page 3, under IS Cognates
line 17	Hank Nater	note	17	page 3, the line's number
line 17	Hank Nater	translation	mission bells, Indian rice	page 3, the gloss
line 17	Bella Coola	transcription	ʔilk	page 3, the Bella Coola form
line 17	Hank Nater	note	*ʔi/alk (Ku02:16)	page 3, under IS Cognates
line 18	Hank Nater	note	18	page 3, the line's number
line 18	Hank Nater	translation	whirlpool	page 3, the gloss
line 18	Bella Coola	transcription	nu-χʷan-i-cut	page 3, the Bella Coola form
line 18	Hank Nater	note	nu- ‘water’, *χʷǝn-t ‘fast’ (Ku02:199)	page 3, under IS Cognates
line 19	Hank Nater	note	19	page 3, the line's number
line 19	Hank Nater	translation	bark of bitter cherry tree	page 3, the gloss
line 19	Bella Coola	transcription	pɬt(-)kn *‘thick skin/bark’	page 3, the Bella Coola form
line 19	Hank Nater	note	reshaped from *pəkɬan ‘bitter cherry’ (Ku02:176)	page 3, under IS Cognates
line 20	Hank Nater	note	20	page 3, the line's number
line 20	Hank Nater	translation	skunk	page 3, the gloss
line 20	Bella Coola	transcription	qʷul-uci	page 3, the Bella Coola form
line 20	Hank Nater	note	*‘with marked edges’, cf. qʷuɬ (line 304 below)	page 3, under IS Cognates
line 21	Hank Nater	note	21	page 3, the line's number
line 21	Hank Nater	translation	porpoise	page 3, the gloss
line 21	Bella Coola	transcription	qʷu:qʷuul-ikn	page 3, the Bella Coola form
line 21	Hank Nater	note	*‘with marked back’, cf. qʷuɬ (line 304 below)	page 3, under IS Cognates
line 22	Hank Nater	note	22	page 3, the line's number
line 22	Hank Nater	translation	balsam fir	page 3, the gloss
line 22	Bella Coola	transcription	q’-ɬp	page 3, the Bella Coola form
line 22	Hank Nater	note	*c’q’-əɬp ‘fir’ (Ku02:162)	page 3, under IS Cognates
line 23	Hank Nater	note	23	page 3, the line's number
line 23	Hank Nater	translation	whitetail deer	page 3, the gloss
line 23	Bella Coola	transcription	s-xʷp-an-iɬ	page 3, the Bella Coola form
line 23	Hank Nater	note	‘unfolded groin’, cf. xʷp (line 282 below)	page 3, under IS Cognates
line 24	Hank Nater	note	24	page 3, the line's number
line 24	Hank Nater	translation	ptarmigan	page 3, the gloss
line 24	Bella Coola	transcription	s-kʷlatn	page 3, the Bella Coola form
line 24	Hank Nater	note	Li (s)kʷlátən ‘woodpecker’ (DE12:21)	page 3, under IS Cognates
line 25	Hank Nater	note	25	page 3, the line's number
line 25	Hank Nater	translation	sand, gravel	page 3, the gloss
line 25	Bella Coola	transcription	s-qc’	page 3, the Bella Coola form
line 25	Hank Nater	note	*q’ic’(-)qn ‘gizzard’ (Ku02:180)	page 3, under IS Cognates
line 26	Hank Nater	note	26	page 3, the line's number
line 26	Hank Nater	translation	bee, wasp	page 3, the gloss
line 26	Bella Coola	transcription	s-qʷuɬ	page 3, the Bella Coola form
line 26	Hank Nater	note	*s-qʷuɬ (Ku02:92)	page 3, under IS Cognates
line 27	Hank Nater	note	27	page 3, the line's number
line 27	Hank Nater	translation	fisher (animal)	page 3, the gloss
line 27	Bella Coola	transcription	cipsx	page 3, the Bella Coola form
line 27	Hank Nater	note	*cix-(u)ps (Ku02:26)	page 3, under IS Cognates
§2.2.1	Hank Nater	note	Whereas the 14 BC-CS pairs appear to have a pre-CS origin, I infer – in view of the vast geographic divide between BC and IS – that the 12 BC words with IS cognates have a PS origin.	page 3
§2.2.1	Hank Nater	note	The difference in number between CS - and IS-related words is much smaller than implied by Kuipers’ statement “words with cognates in the rest of CS and unattested for IS are three times as numerous as those with cognates in Interior Salish only” (p. 9). Note that BC skʷlatn refers to a different bird than does Lillooet skʷlátǝn.	page 3
§2.2.1	Bella Coola	cited form	skʷlatn	page 3, in italics
§2.2.1	Bella Coola	cited form	skʷlátǝn	page 3, in italics
§2.2.2	Hank Nater	heading	2.2.2 PS cognates	page 4
§2.2.2	Hank Nater	note	Only 40 words can, along with the ones listed in 2.2.1 (IS), 2.3.1 (IS) and 2.3.2, be considered as having been inherited from PS. For item 45 see 3.	page 4
§2.2.2	Hank Nater	note	Line	page 4, a column's head
§2.2.2	Hank Nater	note	Gloss	page 4, a column's head
§2.2.2	Hank Nater	note	BC	page 4, a column's head
§2.2.2	Hank Nater	note	PS Cognates	page 4, a column's head
line 28	Hank Nater	note	28	page 4, the line's number
line 28	Hank Nater	translation	mouse	page 4, the gloss
line 28	Bella Coola	transcription	ʔan:k’pc	page 4, the Bella Coola form
line 28	Hank Nater	note	*k’anp’-c ‘chiseling- mouth’ (Ku02:42,203)	page 4, under PS Cognates
line 29	Hank Nater	note	29	page 4, the line's number
line 29	Hank Nater	translation	ice	page 4, the gloss
line 29	Bella Coola	transcription	xʷu(-)m	page 4, the Bella Coola form
line 29	Hank Nater	note	*xʷu, ʔuxʷ ‘freeze’ (Ku02:21)	page 4, under PS Cognates
line 30	Hank Nater	note	30	page 4, the line's number
line 30	Hank Nater	translation	bird’s nest	page 4, the gloss
line 30	Bella Coola	transcription	ʔiman-ta	page 4, the Bella Coola form
line 30	Hank Nater	note	*yman (Ku02:131)	page 4, under PS Cognates
line 31	Hank Nater	note	31	page 4, the line's number
line 31	Hank Nater	translation	sucker fish	page 4, the gloss
line 31	Bella Coola	transcription	k’ap-uc	page 4, the Bella Coola form
line 31	Hank Nater	note	*k’ap’-uc ‘grasping-mouth’ (Ku02:42,203)	page 4, under PS Cognates
line 32	Hank Nater	note	32	page 4, the line's number
line 32	Hank Nater	translation	snow	page 4, the gloss
line 32	Bella Coola	transcription	k’ay	page 4, the Bella Coola form
line 32	Hank Nater	note	*k’ay ‘cold’ (Ku02:43)	page 4, under PS Cognates
line 33	Hank Nater	note	33	page 4, the line's number
line 33	Hank Nater	translation	bark of western birch	page 4, the gloss
line 33	Bella Coola	transcription	k’lay	page 4, the Bella Coola form
line 33	Hank Nater	note	*k’əl-ay’ ‘treebark’ (Ku02:40)	page 4, under PS Cognates
line 34	Bella Coola	transcription	’	page 4, the Bella Coola form
line 34	Hank Nater	note	*k’ʷǝc’-xən ‘twisting-foot’	page 4, under PS Cognates
line 34	Hank Nater	note	34	page 4, the line's number
line 34	Hank Nater	translation	maggot	page 4, the gloss
line 34	Bella Coola	transcription	kʷucxi	page 4, the Bella Coola form
line 34	Hank Nater	note	(Ku02:48,211)	page 4, under PS Cognates
line 35	Hank Nater	note	35	page 4, the line's number
line 35	Hank Nater	translation	weasel	page 4, the gloss
line 35	Bella Coola	transcription	ɬm:k’m-ani	page 4, the Bella Coola form
line 35	Hank Nater	note	*ɬk’(a)m (Ku02:57)	page 4, under PS Cognates
line 36	Hank Nater	note	36	page 4, the line's number
line 36	Hank Nater	translation	kinnikinnick (dried leaves were smoked)	page 4, the gloss
line 36	Bella Coola	transcription	milixʷ	page 4, the Bella Coola form
line 36	Hank Nater	note	*maləx(ʷ), manəx(ʷ) ‘to smoke (tobacco)’ (Ku02:69)	page 4, under PS Cognates
line 37	Hank Nater	note	37	page 4, the line's number
line 37	Hank Nater	translation	eel, lamprey	page 4, the gloss
line 37	Bella Coola	transcription	pilik’t	page 4, the Bella Coola form
line 37	Hank Nater	note	*p’ǝl(i)k’-t ‘turner, twister’ (Ku02:79)	page 4, under PS Cognates
line 38	Hank Nater	note	38	page 4, the line's number
line 38	Hank Nater	translation	powdery snow	page 4, the gloss
line 38	Bella Coola	transcription	√pq’ʷ	page 4, the Bella Coola form
line 38	Hank Nater	note	*p(’)ǝq’ʷ ‘scatter, powder’ (Ku02:75)	page 4, under PS Cognates
line 39	Hank Nater	note	39	page 4, the line's number
line 39	Hank Nater	translation	mountain alder	page 4, the gloss
line 39	Bella Coola	transcription	p’ani-ɬp	page 4, the Bella Coola form
line 39	Hank Nater	note	*p’an(i) ‘misc. trees/plants’ (Ku02:81)	page 4, under PS Cognates
line 40	Hank Nater	note	40	page 4, the line's number
line 40	Hank Nater	translation	bunchberries	page 4, the gloss
line 40	Bella Coola	transcription	p’χʷ-ɬt	page 4, the Bella Coola form
line 40	Hank Nater	note	*p’u/əqʷ- ‘non-spec. berry’ (Ku02:81)	page 4, under PS Cognates
line 41	Hank Nater	note	41	page 4, the line's number
line 41	Hank Nater	translation	wolverine	page 4, the gloss
line 41	Bella Coola	transcription	qʷuc’-ik	page 4, the Bella Coola form
line 41	Hank Nater	note	*q’ʷuc(’)-ik ‘fat-skinned’ (Ku02:95,204)	page 4, under PS Cognates
line 42	Hank Nater	note	42	page 4, the line's number
line 42	Hank Nater	translation	hemlock needles	page 4, the gloss
line 42	Bella Coola	transcription	qʷals	page 4, the Bella Coola form
line 42	Hank Nater	note	*qʷalc ‘conifer bough’ (Ku02:92)	page 4, under PS Cognates
line 43	Hank Nater	note	43	page 4, the line's number
line 43	Hank Nater	translation	bushtail rat	page 4, the gloss
line 43	Bella Coola	transcription	s-ʔix-k’ʷxʷ	page 4, the Bella Coola form
line 43	Hank Nater	note	*k’ʷa/əxʷ ‘rat, mouse’ (Ku02:51)	page 4, under PS Cognates
line 44	Hank Nater	note	44	page 4, the line's number
line 44	Hank Nater	translation	rosehip	page 4, the gloss
line 44	Bella Coola	transcription	s-kʷupik	page 4, the Bella Coola form
line 44	Hank Nater	note	*s-kʷup-ik ‘stuffed center’ (Ku02:46,204)	page 4, under PS Cognates
line 45	Hank Nater	note	45	page 4, the line's number
line 45	Hank Nater	translation	imaginary monster	page 4, the gloss
line 45	Bella Coola	transcription	s-kʷatiwa	page 4, the Bella Coola form
line 45	Hank Nater	note	*kʷu/atwan ‘eel’ (Ku02:47)	page 4, under PS Cognates
line 46	Hank Nater	note	46	page 4, the line's number
line 46	Hank Nater	translation	dead alder tree	page 4, the gloss
line 46	Bella Coola	transcription	s-k’aw-ɬt	page 4, the Bella Coola form
line 46	Hank Nater	note	*k’aw ‘old, decrepit’ (Ku02:43)	page 4, under PS Cognates
line 47	Hank Nater	note	47	page 4, the line's number
line 47	Hank Nater	translation	goldeneye duck	page 4, the gloss
line 47	Bella Coola	transcription	s-k’ilxc	page 4, the Bella Coola form
line 47	Hank Nater	note	*s-k’il=lx-c ‘cut away- beak’ (cf. Ku02:40,203)	page 4, under PS Cognates
line 48	Bella Coola	transcription	’	page 4, the Bella Coola form
line 48	Hank Nater	note	*k’ǝɬ/l ‘drip, rain’	page 4, under PS Cognates
line 48	Hank Nater	note	48	page 4, the line's number
line 48	Hank Nater	translation	cloud	page 4, the gloss
line 48	Bella Coola	transcription	s-ki-nwas	page 4, the Bella Coola form
line 48	Hank Nater	note	(Ku02:41)	page 4, under PS Cognates
line 49	Hank Nater	note	49	page 4, the line's number
line 49	Hank Nater	translation	porcupine quill	page 4, the gloss
line 49	Bella Coola	transcription	s-k’ʷul-t	page 4, the Bella Coola form
line 49	Hank Nater	note	*k’ʷəl’ (Ku02:48)	page 4, under PS Cognates
§2.2.2	Hank Nater	note	Line	page 5, a column's head
§2.2.2	Hank Nater	note	Gloss	page 5, a column's head
§2.2.2	Hank Nater	note	BC	page 5, a column's head
§2.2.2	Hank Nater	note	PS Cognates	page 5, a column's head
line 50	Hank Nater	note	50	page 5, the line's number
line 50	Hank Nater	translation	branch	page 5, the gloss
line 50	Bella Coola	transcription	s-ɬip’-n-ak-t	page 5, the Bella Coola form
line 50	Hank Nater	note	*ɬǝp’ ‘hang bent/folded’ (Ku02:59)	page 5, under PS Cognates
line 51	Hank Nater	note	51	page 5, the line's number
line 51	Hank Nater	translation	auklet	page 5, the gloss
line 51	Bella Coola	transcription	s-pyu	page 5, the Bella Coola form
line 51	Hank Nater	note	*s-pyuʔ ‘bird’ (Ku02:78)	page 5, under PS Cognates
line 52	Hank Nater	note	52	page 5, the line's number
line 52	Hank Nater	translation	green type of rock	page 5, the gloss
line 52	Bella Coola	transcription	s-qʷal=lst	page 5, the Bella Coola form
line 52	Hank Nater	note	*kʷǝl ‘green’ (Ku02:44)	page 5, under PS Cognates
line 53	Hank Nater	note	53	page 5, the line's number
line 53	Hank Nater	translation	nits	page 5, the gloss
line 53	Bella Coola	transcription	st’n	page 5, the Bella Coola form
line 53	Hank Nater	note	*(k’ə)st’an’ (Ku02:43)	page 5, under PS Cognates
line 54	Hank Nater	note	54	page 5, the line's number
line 54	Hank Nater	translation	tadpole	page 5, the gloss
line 54	Bella Coola	transcription	su:q’ʷuuχin	page 5, the Bella Coola form
line 54	Hank Nater	note	*s-u:q’ʷu(m)-qin ‘large head’ (Ku02:97,208)	page 5, under PS Cognates
line 55	Hank Nater	note	55	page 5, the line's number
line 55	Hank Nater	translation	mud	page 5, the gloss
line 55	Bella Coola	transcription	sχʷa:χʷa	page 5, the Bella Coola form
line 55	Hank Nater	note	*sǝʕʷ ‘flow, wetness’ (Ku02:102)	page 5, under PS Cognates
line 56	Hank Nater	note	56	page 5, the line's number
line 56	Hank Nater	translation	willow grouse	page 5, the gloss
line 56	Bella Coola	transcription	takʷs	page 5, the Bella Coola form
line 56	Hank Nater	note	*takʷ (Ku02:103)	page 5, under PS Cognates
line 57	Hank Nater	note	57	page 5, the line's number
line 57	Hank Nater	translation	snail	page 5, the gloss
line 57	Bella Coola	transcription	ƛ’aq’an	page 5, the Bella Coola form
line 57	Hank Nater	note	*q’aƛ’an/ƛ’aq’an (Ku02:90,144)	page 5, under PS Cognates
line 58	Hank Nater	note	58	page 5, the line's number
line 58	Hank Nater	translation	river	page 5, the gloss
line 58	Bella Coola	transcription	tmxʷ	page 5, the Bella Coola form
line 58	Hank Nater	note	*tmixʷ ‘nature, earth, river’ (Ku02:105)	page 5, under PS Cognates
line 59	Hank Nater	note	59	page 5, the line's number
line 59	Hank Nater	translation	red cedar	page 5, the gloss
line 59	Bella Coola	transcription	ca:ctaw-ɬp	page 5, the Bella Coola form
line 59	Hank Nater	note	*cataw (Ku02:138)	page 5, under PS Cognates
line 60	Hank Nater	note	60	page 5, the line's number
line 60	Hank Nater	translation	bald eagle	page 5, the gloss
line 60	Bella Coola	transcription	c’lkt	page 5, the Bella Coola form
line 60	Hank Nater	note	*c’ǝl=l-ik-t ‘shaded body’ (cf. Ku02:29)	page 5, under PS Cognates
line 61	Hank Nater	note	61	page 5, the line's number
line 61	Hank Nater	translation	flicker (bird)	page 5, the gloss
line 61	Bella Coola	transcription	c’yaaχʷ	page 5, the Bella Coola form
line 61	Hank Nater	note	*c’yaqʷ (Ku02:34)	page 5, under PS Cognates
line 62	Hank Nater	note	62	page 5, the line's number
line 62	Hank Nater	translation	yellow pond lily	page 5, the gloss
line 62	Bella Coola	transcription	t’a:t’k-ana-ɬp	page 5, the Bella Coola form
line 62	Hank Nater	note	*t’ək-ana- ‘supported (by water, i.e. floating) ear’ (Ku02:109,206)	page 5, under PS Cognates
line 63	Hank Nater	note	*wǝl ‘shiny, bright’	page 5, under PS Cognates
line 63	Hank Nater	note	63	page 5, the line's number
line 63	Hank Nater	translation	mica	page 5, the gloss
line 63	Bella Coola	transcription	wiɬ:wiɬ	page 5, the Bella Coola form
line 63	Hank Nater	note	(Ku02:114)	page 5, under PS Cognates
line 64	Hank Nater	note	64	page 5, the line's number
line 64	Hank Nater	translation	animal’s den	page 5, the gloss
line 64	Bella Coola	transcription	χlam-an-ta	page 5, the Bella Coola form
line 64	Hank Nater	note	Sh χl-em ‘build a log cabin’ (Ku74:253)	page 5, under PS Cognates
line 65	Hank Nater	note	65	page 5, the line's number
line 65	Hank Nater	translation	eggs of housefly	page 5, the gloss
line 65	Bella Coola	transcription	χʷa:χʷi	page 5, the Bella Coola form
line 65	Hank Nater	note	*χʷay(-aʔ) ‘fly, maggot’ (Ku02:122)	page 5, under PS Cognates
line 66	Hank Nater	note	66	page 5, the line's number
line 66	Hank Nater	translation	hummingbird	page 5, the gloss
line 66	Bella Coola	transcription	χʷn:χʷnm	page 5, the Bella Coola form
line 66	Hank Nater	note	*χʷən ‘buzz, hum’ (Ku02:128)	page 5, under PS Cognates
line 67	Hank Nater	note	67	page 5, the line's number
line 67	Hank Nater	translation	driftwood	page 5, the gloss
line 67	Bella Coola	transcription	yanc	page 5, the Bella Coola form
line 67	Hank Nater	note	*yan(u)c (Ku02:131)	page 5, under PS Cognates
§2.2.2	Hank Nater	note	The length of some of the BC floral and faunal terms exceeds the Salish /CV(R(V))C/ maximal root structure, which is an indication that these words consist of a fossilized root or stem combined with one or more suffixes. When we separate such hypothetical roots from the, equally hypothetical, suffixes that follow them, and then consider their possible etymologies, it becomes clear that these formations are epithetical in origin: ‘with a ... part, feature, characteristic or behaviour’: BC Gloss Pre-BC Epithet 28 ʔan:k’pc mouse *k’anp’-c with chiseling mouth 31 k’apuc sucker fish *k’ap’-uc with grasping mouth BC Gloss Pre-BC Epithet 34 k’ʷucxi maggot *k’ʷuc’-xǝn with twisting “foot” (lower body) 37 pilik’t eel *p’ǝlik’-t with twisting demeanour 20 qʷuluci skunk *qʷul-ucin with marked edges (stripes) 21 qʷu:qʷuulikn porpoise *qʷul-ikǝn with marked back 41 qʷuc’ik wolverine *q’ʷuc(’)-ik with stout/solid surface (skin) 05 qʷaaχ:qʷ-ik-ɬp mountain ash *qʷaχʷ-ik-ɬp plant with grey surface (bark) 07 q’ʷwaaχ old mountain *q’ʷu(y)-aʔq with weakening “crotch” goat (stamina) 23 sxʷpaniɬ whitetail deer *s-xʷǝp-an-iɬ with “unfolded” (exposed) genital area 44 skʷupik rosehip *s-kʷup-ik with stuffed center 47 sk’ilxc goldeneye *s-k’il=lx-c with strip cut away (white mark) duck behind beak 54 su:q’ʷuuχin tadpole *s-q’ʷu(m)-qin with large head 60 c’lkt bald eagle *c’ǝl=l-ik-t with shaded body 62 t’a:t’kana-ɬp yellow pond *t’ǝk-ana-ɬp plant with supported “ear” lily (floating leaf) While k’ʷult (item 75 in 2.2.3) may mean ‘any type of porpoise’, qʷu:qʷuulikn possibly refers specifically to the common Dall’s porpoise, whose brightly marked dorsal fin contrasts with its dark back. PS *qʷul ‘to mark’ < ‘(to use) powder (for marking)’ also underlies qʷuɬ ‘to write’ (item 304 in 2.3.1).	page 5
§2.2.2	Bella Coola	cited form	ʔan:k’pc	page 5, in italics
§2.2.2	Bella Coola	cited form	k’ʷucxi	page 6, in italics
§2.2.2	Bella Coola	cited form	*k’ʷuc’-xǝn	page 6, in italics
§2.2.2	Bella Coola	cited form	*p’ǝlik’-t	page 6, in italics
§2.2.2	Bella Coola	cited form	qʷuluci	page 6, in italics
§2.2.2	Bella Coola	cited form	*qʷul-ucin	page 6, in italics
§2.2.2	Bella Coola	cited form	qʷu:qʷuulikn	page 6, in italics
§2.2.2	Bella Coola	cited form	*qʷul-ikǝn	page 6, in italics
§2.2.2	Bella Coola	cited form	qʷuc’ik	page 6, in italics
§2.2.2	Bella Coola	cited form	*q’ʷuc(’)-ik	page 6, in italics
§2.2.2	Bella Coola	cited form	qʷaaχ:qʷ-ik-ɬp	page 6, in italics
§2.2.2	Bella Coola	cited form	*qʷaχʷ-ik-ɬp	page 6, in italics
§2.2.2	Bella Coola	cited form	q’ʷwaaχ	page 6, in italics
§2.2.2	Bella Coola	cited form	*q’ʷu(y)-aʔq	page 6, in italics
§2.2.2	Bella Coola	cited form	sxʷpaniɬ	page 6, in italics
§2.2.2	Bella Coola	cited form	*s-xʷǝp-an-iɬ	page 6, in italics
§2.2.2	Bella Coola	cited form	skʷupik	page 6, in italics
§2.2.2	Bella Coola	cited form	*s-kʷup-ik	page 6, in italics
§2.2.2	Bella Coola	cited form	su:q’ʷuuχin	page 6, in italics
§2.2.2	Bella Coola	cited form	*s-q’ʷu(m)-qin	page 6, in italics
§2.2.2	Bella Coola	cited form	*c’ǝl=l-ik-t	page 6, in italics
§2.2.2	Bella Coola	cited form	t’a:t’kana-ɬp	page 6, in italics
§2.2.2	Bella Coola	cited form	*t’ǝk-ana-ɬp	page 6, in italics
§2.2.2	Bella Coola	cited form	k’ʷult	page 6, in italics
§2.2.2	Bella Coola	cited form	*qʷul	page 6, in italics, ‘to mark’
§2.2.2	Bella Coola	cited form	qʷuɬ	page 6, in italics, ‘to write’
§2.2.3	Hank Nater	heading	2.2.3 Areal cognates	page 6
§2.2.3	Hank Nater	note	21 BC ecological terms are connected with both Salish and NS, and are considered as areal. It is difficult to determine whether they have been borrowed from NS or inherited from CS/IS/PS.	page 6
§2.2.3	Hank Nater	note	Line	page 6, a column's head
§2.2.3	Hank Nater	note	Gloss	page 6, a column's head
§2.2.3	Hank Nater	note	BC	page 6, a column's head
§2.2.3	Hank Nater	note	Areal Cognates	page 6, a column's head
line 68	Hank Nater	note	68	page 6, the line's number
line 68	Hank Nater	translation	seal	page 6, the gloss
line 68	Bella Coola	transcription	ʔasxʷ	page 6, the Bella Coola form
line 68	Hank Nater	note	CS *ʔasxʷ (Ku02:136), NW √sa(ʔ)kʷ (LR80:175)	page 6, under Areal Cognates
line 69	Hank Nater	note	69	page 6, the line's number
line 69	Hank Nater	translation	pigeon	page 6, the gloss
line 69	Bella Coola	transcription	haʔm	page 6, the Bella Coola form
line 69	Hank Nater	note	He haʔḿ (Ra10:9284), No hiʔíˑb (Da02:408), Yurok heʔmiʔ (Bl03:12), Li hámiwaz’ (DE12:23)	page 6, under Areal Cognates
line 70	Hank Nater	note	70	page 6, the line's number
line 70	Hank Nater	translation	muskrat	page 6, the gloss
line 70	Bella Coola	transcription	klaxʷ	page 6, the Bella Coola form
line 70	Hank Nater	note	*PS kəlaxʷ, Kw kεlákw(Ku02:36)	page 6, under Areal Cognates
line 71	Hank Nater	note	71	page 6, the line's number
line 71	Hank Nater	translation	small type of owl	page 6, the gloss
line 71	Bella Coola	transcription	kʷa:kʷas	page 6, the Bella Coola form
line 71	Hank Nater	note	Li s-kʷákʷakʷ (DE12:20), He gʷágʷúmá (Ra10:5765)	page 6, under Areal Cognates
line 72	Hank Nater	note	72	page 6, the line's number
line 72	Hank Nater	translation	young beaver	page 6, the gloss
line 72	Bella Coola	transcription	k’am-was, k’m-anwas	page 6, the Bella Coola form
line 72	Hank Nater	note	*CS k’am ‘beaver’, Kw k’m-iwa ‘young land otter’ (Ku02:140)	page 6, under Areal Cognates
line 73	Hank Nater	note	73	page 6, the line's number
line 73	Hank Nater	translation	red elderberry	page 6, the gloss
line 73	Bella Coola	transcription	k’ipt	page 6, the Bella Coola form
line 73	Hank Nater	note	*CS k’ipt, NW √k’ip (Ku02:140)	page 6, under Areal Cognates
§2.2.3	Hank Nater	note	Line	page 7, a column's head
§2.2.3	Hank Nater	note	Gloss	page 7, a column's head
§2.2.3	Hank Nater	note	BC	page 7, a column's head
§2.2.3	Hank Nater	note	Areal Cognates	page 7, a column's head
line 74	Hank Nater	note	74	page 7, the line's number
line 74	Hank Nater	translation	butter clam	page 7, the gloss
line 74	Bella Coola	transcription	k’ʷuxani	page 7, the Bella Coola form
line 74	Hank Nater	note	*CS k’ʷuxʷaniʔ (Ku02:142), He k’ʷúxʷání (Ra10:6032)	page 7, under Areal Cognates
line 75	Hank Nater	note	75	page 7, the line's number
line 75	Hank Nater	translation	porpoise	page 7, the gloss
line 75	Bella Coola	transcription	k’ʷult	page 7, the Bella Coola form
line 75	Hank Nater	note	Sq & Se k’ʷúnut’ (Ku67:346, Ti77:10), Kw √k’uɬ (LR80:250)	page 7, under Areal Cognates
line 76	Hank Nater	note	76	page 7, the line's number
line 76	Hank Nater	translation	heron	page 7, the gloss
line 76	Bella Coola	transcription	maq’ʷanc	page 7, the Bella Coola form
line 76	Hank Nater	note	PS *(s-)məq’ʷaʔ, Kw maq’ʷns (Ku02:69)	page 7, under Areal Cognates
line 77	Hank Nater	note	77	page 7, the line's number
line 77	Hank Nater	translation	raccoon	page 7, the gloss
line 77	Bella Coola	transcription	mayas	page 7, the Bella Coola form
line 77	Hank Nater	note	He máyás, CS *məlus (Ku02:144)	page 7, under Areal Cognates
line 78	Hank Nater	note	78	page 7, the line's number
line 78	Hank Nater	translation	salalberry	page 7, the gloss
line 78	Bella Coola	transcription	mik’ʷɬ	page 7, the Bella Coola form
line 78	Hank Nater	note	CS *mik’ʷəɬ (Ku02:144), Ha nk’ʷɬ (LR86:277)	page 7, under Areal Cognates
line 79	Hank Nater	note	79	page 7, the line's number
line 79	Hank Nater	translation	soapberries	page 7, the gloss
line 79	Bella Coola	transcription	nuχʷski	page 7, the Bella Coola form
line 79	Hank Nater	note	*nu-χʷəs-(i)kən ‘being foamy inside’ (Ku02:129,204), Kw nχʷskn (LR80:124), Southern Carrier nowəs (Na74)	page 7, under Areal Cognates
line 80	Hank Nater	note	80	page 7, the line's number
line 80	Hank Nater	translation	halibut	page 7, the gloss
line 80	Bella Coola	transcription	p’wi	page 7, the Bella Coola form
line 80	Hank Nater	note	He p’uái, No p’oˑʔi, CS *p’əway’ (Ku02:148)	page 7, under Areal Cognates
line 81	Hank Nater	note	81	page 7, the line's number
line 81	Hank Nater	translation	beaver	page 7, the gloss
line 81	Bella Coola	transcription	qʷulun	page 7, the Bella Coola form
line 81	Hank Nater	note	He qʷúlúnn (Ra10:7357), PS *s-qəlaw’ (Ku02:83)	page 7, under Areal Cognates
line 82	Hank Nater	note	82	page 7, the line's number
line 82	Hank Nater	translation	seagull	page 7, the gloss
line 82	Bella Coola	transcription	q’ʷlitq	page 7, the Bella Coola form
line 82	Hank Nater	note	CS *q’ʷəlitəq (cf. Ku67:365), No qʷalit-q- (Da02:437)	page 7, under Areal Cognates
line 83	Hank Nater	note	83	page 7, the line's number
line 83	Hank Nater	translation	fish, salmon	page 7, the gloss
line 83	Bella Coola	transcription	s-mɬk	page 7, the Bella Coola form
line 83	Hank Nater	note	PS *s-mɬik, Oo mɬik ‘sockeye’ (Ku02:68), Wiyot boɬàk ‘salmon’ (Go75:11)	page 7, under Areal Cognates
line 84	Hank Nater	note	84	page 7, the line's number
line 84	Hank Nater	translation	old springsalmon	page 7, the gloss
line 84	Bella Coola	transcription	s-qapc	page 7, the Bella Coola form
line 84	Hank Nater	note	PS *qap(c/s), He qáps (Ku02:85)	page 7, under Areal Cognates
line 85	Hank Nater	note	85	page 7, the line's number
line 85	Hank Nater	translation	highbush cranberry	page 7, the gloss
line 85	Bella Coola	transcription	s-t’ls	page 7, the Bella Coola form
line 85	Hank Nater	note	PS *t’əls, NW √t’ls (Ku02:110)	page 7, under Areal Cognates
line 86	Hank Nater	note	86	page 7, the line's number
line 86	Hank Nater	translation	lake	page 7, the gloss
line 86	Bella Coola	transcription	caɬ	page 7, the Bella Coola form
line 86	Hank Nater	note	CS *cal’aɬ (Ku02:137), Kw ʒl’aɬ (LR80:135)	page 7, under Areal Cognates
line 87	Hank Nater	note	87	page 7, the line's number
line 87	Hank Nater	translation	fireweed	page 7, the gloss
line 87	Bella Coola	transcription	c’ayχ	page 7, the Bella Coola form
line 87	Hank Nater	note	PS *c’ayχ, Ha c’aχm̀ (Ku02:34)	page 7, under Areal Cognates
line 88	Hank Nater	note	88	page 7, the line's number
line 88	Hank Nater	translation	skunk cabbage	page 7, the gloss
line 88	Bella Coola	transcription	ʔu:k’ʷuk’	page 7, the Bella Coola form
line 88	Hank Nater	note	CS *k’ʷuk’ʷ, He k’ʷk’ʷúk’ʷ (Ku02:141)	page 7, under Areal Cognates
§2.2.4	Hank Nater	heading	2.2.4 NS cognates	page 7
§2.2.4	Hank Nater	note	There are 93 BC ecological terms that are linked exclusively with NS: 83 with NW, 9 with (pre-)PA, and 1 with Chinook. Ha data are from LR86, other (and common) NW data from LR80, and He data from LR80 and Ra10. The borrowing direction appears to be NS → BC, since (1) the BC forms (with /CVCCV/, /CVCVC/, /CCVCV/, etc. structures) generally have an un-Salish appearance, (2) the NS forms are as a rule phonemically more complex than the BC cognates, (3) most NW forms are analyzable within NW, (4) the (pre-)PA forms are too intrinsically Na-Dene to have been borrowed from BC (while 177 ‘squirrel’ and 178 ‘rabbit’ are widely diffused terms far north of BC).	page 7
§2.2.4	Hank Nater	note	Line	page 7, a column's head
§2.2.4	Hank Nater	note	Gloss	page 7, a column's head
§2.2.4	Hank Nater	note	BC	page 7, a column's head
§2.2.4	Hank Nater	note	NW Cognates	page 7, a column's head
line 89	Hank Nater	note	89	page 7, the line's number
line 89	Hank Nater	translation	hooded merganser	page 7, the gloss
line 89	Bella Coola	transcription	ʔaʔnna	page 7, the Bella Coola form
line 89	Hank Nater	note	Ha ʔaʔahnà ‘kind of seabird’	page 7, under NW Cognates
line 90	Hank Nater	note	90	page 7, the line's number
line 90	Hank Nater	translation	cottonwood	page 7, the gloss
line 90	Bella Coola	transcription	ʔa:qʼmiiχa-ɬp	page 7, the Bella Coola form
line 90	Hank Nater	note	Ha qʼàmiqʼas (√q’a)	page 7, under NW Cognates
§2.2.4	Hank Nater	note	Line	page 8, a column's head
§2.2.4	Hank Nater	note	Gloss	page 8, a column's head
§2.2.4	Hank Nater	note	BC	page 8, a column's head
§2.2.4	Hank Nater	note	NW Cognates	page 8, a column's head
line 91	Hank Nater	note	91	page 8, the line's number
line 91	Hank Nater	translation	herring eggs	page 8, the gloss
line 91	Bella Coola	transcription	ʔat	page 8, the Bella Coola form
line 91	Hank Nater	note	NW √ʔnt, ʔaʔnt	page 8, under NW Cognates
line 92	Hank Nater	note	92	page 8, the line's number
line 92	Hank Nater	translation	gooseberry	page 8, the gloss
line 92	Bella Coola	transcription	ʔa:ƛ’anuɬ	page 8, the Bella Coola form
line 92	Hank Nater	note	Ha ƛ’à:ƛ’anuɬ (√ƛ’x)	page 8, under NW Cognates
line 93	Hank Nater	note	93	page 8, the line's number
line 93	Hank Nater	translation	fox	page 8, the gloss
line 93	Bella Coola	transcription	ʔacaya	page 8, the Bella Coola form
line 93	Hank Nater	note	He áˑcaʔya (N73:209)	page 8, under NW Cognates
line 94	Hank Nater	note	94	page 8, the line's number
line 94	Hank Nater	translation	kingfisher	page 8, the gloss
line 94	Bella Coola	transcription	ʔa:t’maakʷ	page 8, the Bella Coola form
line 94	Hank Nater	note	Ha t’as:t’màk’ʷ (√t’m)	page 8, under NW Cognates
line 95	Hank Nater	note	95	page 8, the line's number
line 95	Hank Nater	translation	thrush	page 8, the gloss
line 95	Bella Coola	transcription	ʔaχʷni	page 8, the Bella Coola form
line 95	Hank Nater	note	He hχʷ:hχʷní (√hχʷ)	page 8, under NW Cognates
line 96	Hank Nater	note	96	page 8, the line's number
line 96	Hank Nater	translation	type of kelp	page 8, the gloss
line 96	Bella Coola	transcription	ʔay:c’aym	page 8, the Bella Coola form
line 96	Hank Nater	note	He c’á:c’áyḿ ‘eelgrass’	page 8, under NW Cognates
line 97	Hank Nater	note	97	page 8, the line's number
line 97	Hank Nater	translation	well, spring	page 8, the gloss
line 97	Bella Coola	transcription	xʷnaɬ	page 8, the Bella Coola form
line 97	Hank Nater	note	NW xʷnis (√xʷn)	page 8, under NW Cognates
line 98	Hank Nater	note	98	page 8, the line's number
line 98	Hank Nater	translation	snow goose	page 8, the gloss
line 98	Bella Coola	transcription	ʔiχ:iχi	page 8, the Bella Coola form
line 98	Hank Nater	note	He χíχiχi ‘northern goose’ (√χi)	page 8, under NW Cognates
line 99	Hank Nater	note	99	page 8, the line's number
line 99	Hank Nater	translation	bracket fungus	page 8, the gloss
line 99	Bella Coola	transcription	kan:ani	page 8, the Bella Coola form
line 99	Hank Nater	note	He kánán’a (√kn)	page 8, under NW Cognates
line 100	Hank Nater	note	100	page 8, the line's number
line 100	Hank Nater	translation	humpback salmon	page 8, the gloss
line 100	Bella Coola	transcription	kap’ay	page 8, the Bella Coola form
line 100	Hank Nater	note	He k’áp’i (√k’ap)	page 8, under NW Cognates
line 101	Hank Nater	note	101	page 8, the line's number
line 101	Hank Nater	translation	bluejay	page 8, the gloss
line 101	Bella Coola	transcription	kʷaʔyalaqs	page 8, the Bella Coola form
line 101	Hank Nater	note	He kʷáy’alaqs	page 8, under NW Cognates
line 102	Hank Nater	note	102	page 8, the line's number
line 102	Hank Nater	translation	fish gills	page 8, the gloss
line 102	Bella Coola	transcription	k’ʷlsi	page 8, the Bella Coola form
line 102	Hank Nater	note	He k’ʷńʒí (√k’ʷnc)	page 8, under NW Cognates
line 103	Hank Nater	note	103	page 8, the line's number
line 103	Hank Nater	translation	crow	page 8, the gloss
line 103	Bella Coola	transcription	k’aqas	page 8, the Bella Coola form
line 103	Hank Nater	note	He k’áqa	page 8, under NW Cognates
line 104	Hank Nater	note	104	page 8, the line's number
line 104	Hank Nater	translation	crab	page 8, the gloss
line 104	Bella Coola	transcription	k’inaxʷ	page 8, the Bella Coola form
line 104	Hank Nater	note	He k’ínáxʷ	page 8, under NW Cognates
line 105	Hank Nater	note	105	page 8, the line's number
line 105	Hank Nater	translation	smelt (fish)	page 8, the gloss
line 105	Bella Coola	transcription	k’mani	page 8, the Bella Coola form
line 105	Hank Nater	note	Ha k’màn’i ‘young herring’ (√k’ma)	page 8, under NW Cognates
line 106	Hank Nater	note	106	page 8, the line's number
line 106	Hank Nater	translation	dried clams	page 8, the gloss
line 106	Bella Coola	transcription	k’ʷumc’	page 8, the Bella Coola form
line 106	Hank Nater	note	Oo k’ʷum’asa ‘to dry clams’	page 8, under NW Cognates
line 107	Hank Nater	note	107	page 8, the line's number
line 107	Hank Nater	translation	sea cucumber	page 8, the gloss
line 107	Bella Coola	transcription	ʔlac	page 8, the Bella Coola form
line 107	Hank Nater	note	He ʔl’ás	page 8, under NW Cognates
line 108	Hank Nater	note	108	page 8, the line's number
line 108	Hank Nater	translation	basking shark	page 8, the gloss
line 108	Bella Coola	transcription	ɬaqa	page 8, the Bella Coola form
line 108	Hank Nater	note	He λáɢa	page 8, under NW Cognates
line 109	Hank Nater	note	109	page 8, the line's number
line 109	Hank Nater	translation	edible seaweed	page 8, the gloss
line 109	Bella Coola	transcription	ɬaq’s	page 8, the Bella Coola form
line 109	Hank Nater	note	He ɬq’st (√ɬq)	page 8, under NW Cognates
line 110	Hank Nater	note	110	page 8, the line's number
line 110	Hank Nater	translation	kelp with herring spawn	page 8, the gloss
line 110	Bella Coola	transcription	ʔl:q’llis	page 8, the Bella Coola form
line 110	Hank Nater	note	He q’á:q’l’ís ‘type of kelp’	page 8, under NW Cognates
line 111	Hank Nater	note	111	page 8, the line's number
line 111	Hank Nater	translation	butterfly	page 8, the gloss
line 111	Bella Coola	transcription	ma:mayu	page 8, the Bella Coola form
line 111	Hank Nater	note	Oo hmu:mu	page 8, under NW Cognates
line 112	Hank Nater	note	112	page 8, the line's number
line 112	Hank Nater	translation	water hemlock	page 8, the gloss
line 112	Bella Coola	transcription	maxʷuuli	page 8, the Bella Coola form
line 112	Hank Nater	note	Ha wàx(ʷ)uali (√waxʷ)	page 8, under NW Cognates
line 113	Hank Nater	note	113	page 8, the line's number
line 113	Hank Nater	translation	salmon heart	page 8, the gloss
line 113	Bella Coola	transcription	mackin	page 8, the Bella Coola form
line 113	Hank Nater	note	He mcgn’í (√ms)	page 8, under NW Cognates
line 114	Hank Nater	note	114	page 8, the line's number
line 114	Hank Nater	translation	dipper (bird)	page 8, the gloss
line 114	Bella Coola	transcription	maχʷat’alaqa	page 8, the Bella Coola form
line 114	Hank Nater	note	Ha maχʷadài (√maχʷ)	page 8, under NW Cognates
line 115	Hank Nater	note	115	page 8, the line's number
line 115	Hank Nater	translation	sea urchin	page 8, the gloss
line 115	Bella Coola	transcription	ʔmtm	page 8, the Bella Coola form
line 115	Hank Nater	note	He ʔmdḿ	page 8, under NW Cognates
line 116	Hank Nater	note	116	page 8, the line's number
line 116	Hank Nater	translation	ling cod	page 8, the gloss
line 116	Bella Coola	transcription	naɬm	page 8, the Bella Coola form
line 116	Hank Nater	note	He náɬm	page 8, under NW Cognates
line 117	Hank Nater	note	117	page 8, the line's number
line 117	Hank Nater	translation	grizzly bear	page 8, the gloss
line 117	Bella Coola	transcription	nan	page 8, the Bella Coola form
line 117	Hank Nater	note	He nán	page 8, under NW Cognates
line 118	Hank Nater	note	118	page 8, the line's number
line 118	Hank Nater	translation	mallard duck	page 8, the gloss
line 118	Bella Coola	transcription	naχ:nχ	page 8, the Bella Coola form
line 118	Hank Nater	note	He n(i)snáq	page 8, under NW Cognates
line 119	Hank Nater	note	119	page 8, the line's number
line 119	Hank Nater	translation	sea otter	page 8, the gloss
line 119	Bella Coola	transcription	nukʷi	page 8, the Bella Coola form
line 119	Hank Nater	note	Ha nùkʷi (√nukʷ)	page 8, under NW Cognates
line 120	Hank Nater	note	120	page 8, the line's number
line 120	Hank Nater	translation	flounder	page 8, the gloss
line 120	Bella Coola	transcription	pays	page 8, the Bella Coola form
line 120	Hank Nater	note	He páis	page 8, under NW Cognates
§2.2.4	Hank Nater	note	Line	page 9, a column's head
§2.2.4	Hank Nater	note	Gloss	page 9, a column's head
§2.2.4	Hank Nater	note	BC	page 9, a column's head
§2.2.4	Hank Nater	note	NW Cognates	page 9, a column's head
line 121	Hank Nater	note	121	page 9, the line's number
line 121	Hank Nater	translation	abalone shell	page 9, the gloss
line 121	Bella Coola	transcription	plχani	page 9, the Bella Coola form
line 121	Hank Nater	note	Ha plχʔà (√plχ)	page 9, under NW Cognates
line 122	Hank Nater	note	122	page 9, the line's number
line 122	Hank Nater	translation	Indian tea	page 9, the gloss
line 122	Bella Coola	transcription	puʔyaas	page 9, the Bella Coola form
line 122	Hank Nater	note	He púy’ás (√pus)	page 9, under NW Cognates
line 123	Hank Nater	note	123	page 9, the line's number
line 123	Hank Nater	translation	starfish	page 9, the gloss
line 123	Bella Coola	transcription	qacχ	page 9, the Bella Coola form
line 123	Hank Nater	note	He ɢáʒaχ (√ɢas)	page 9, under NW Cognates
line 124	Hank Nater	note	124	page 9, the line's number
line 124	Hank Nater	translation	strawberry	page 9, the gloss
line 124	Bella Coola	transcription	qʷulu:luuχʷu	page 9, the Bella Coola form
line 124	Hank Nater	note	Ha ɢʷulàli ‘any berry’ (√ɢʷuɬ)	page 9, under NW Cognates
line 125	Hank Nater	note	125	page 9, the line's number
line 125	Hank Nater	translation	swan	page 9, the gloss
line 125	Bella Coola	transcription	qʷuuχʷ:uuχ	page 9, the Bella Coola form
line 125	Hank Nater	note	He qʷɢʷúqʷ	page 9, under NW Cognates
line 126	Hank Nater	note	126	page 9, the line's number
line 126	Hank Nater	translation	lizard	page 9, the gloss
line 126	Bella Coola	transcription	qʷalas	page 9, the Bella Coola form
line 126	Hank Nater	note	He ɢʷálás (√ɢʷaɬ)	page 9, under NW Cognates
line 127	Hank Nater	note	127	page 9, the line's number
line 127	Hank Nater	translation	sawbill duck	page 9, the gloss
line 127	Bella Coola	transcription	qʷa:qʷaws	page 9, the Bella Coola form
line 127	Hank Nater	note	He qʷɢʷáus	page 9, under NW Cognates
line 128	Hank Nater	note	128	page 9, the line's number
line 128	Hank Nater	translation	raven	page 9, the gloss
line 128	Bella Coola	transcription	qʷaχʷ	page 9, the Bella Coola form
line 128	Hank Nater	note	He/Oo √ɢʷaχʷ ‘raven croaks’	page 9, under NW Cognates
line 129	Hank Nater	note	129	page 9, the line's number
line 129	Hank Nater	translation	dogfish	page 9, the gloss
line 129	Bella Coola	transcription	q’ʷaqʷina	page 9, the Bella Coola form
line 129	Hank Nater	note	He q’ʷáɢʷíná (√q’ʷaqʷ)	page 9, under NW Cognates
line 130	Hank Nater	note	130	page 9, the line's number
line 130	Hank Nater	translation	chiton, periwinkle	page 9, the gloss
line 130	Bella Coola	transcription	q’anas	page 9, the Bella Coola form
line 130	Hank Nater	note	He q’ánás	page 9, under NW Cognates
line 131	Hank Nater	note	131	page 9, the line's number
line 131	Hank Nater	translation	grebe, helldiver	page 9, the gloss
line 131	Bella Coola	transcription	q’awɬt-aqs	page 9, the Bella Coola form
line 131	Hank Nater	note	Ha q’àuɬt’a ‘straight out to the water’ (√q’a)	page 9, under NW Cognates
line 132	Hank Nater	note	132	page 9, the line's number
line 132	Hank Nater	translation	stink currant	page 9, the gloss
line 132	Bella Coola	transcription	q’is	page 9, the Bella Coola form
line 132	Hank Nater	note	He/Oo/Ha √q’is	page 9, under NW Cognates
line 133	Hank Nater	note	133	page 9, the line's number
line 133	Hank Nater	translation	tidal flats (grass-like at low tide)	page 9, the gloss
line 133	Bella Coola	transcription	saaχʷan	page 9, the Bella Coola form
line 133	Hank Nater	note	Ha sàɢʷan ‘grass’ (√saqʷ)	page 9, under NW Cognates
line 134	Hank Nater	note	134	page 9, the line's number
line 134	Hank Nater	translation	old springsalmon	page 9, the gloss
line 134	Bella Coola	transcription	sac’m	page 9, the Bella Coola form
line 134	Hank Nater	note	Ha sàc’m (√sas)	page 9, under NW Cognates
line 135	Hank Nater	note	135	page 9, the line's number
line 135	Hank Nater	translation	bracken fern	page 9, the gloss
line 135	Bella Coola	transcription	sakʷm	page 9, the Bella Coola form
line 135	Hank Nater	note	Oo √sakʷ ‘bracken fern root’	page 9, under NW Cognates
line 136	Hank Nater	note	136	page 9, the line's number
line 136	Hank Nater	translation	salmon roe	page 9, the gloss
line 136	Bella Coola	transcription	s-xʷilm, s-xʷulm	page 9, the Bella Coola form
line 136	Hank Nater	note	He xʷúlí ‘fresh boiled ...’ (√xuɬ)	page 9, under NW Cognates
line 137	Hank Nater	note	137	page 9, the line's number
line 137	Hank Nater	translation	crystal, icicle	page 9, the gloss
line 137	Bella Coola	transcription	s-l:k’laaχ-t	page 9, the Bella Coola form
line 137	Hank Nater	note	Oo k’l’aq ‘crystal’ (√k’ɬ)	page 9, under NW Cognates
line 138	Hank Nater	note	138	page 9, the line's number
line 138	Hank Nater	translation	earthquake	page 9, the gloss
line 138	Bella Coola	transcription	s-ni:nya	page 9, the Bella Coola form
line 138	Hank Nater	note	He nínía (√ni)	page 9, under NW Cognates
line 139	Hank Nater	note	139	page 9, the line's number
line 139	Hank Nater	translation	ray, skate	page 9, the gloss
line 139	Bella Coola	transcription	s-pakʷ-ank	page 9, the Bella Coola form
line 139	Hank Nater	note	He bágʷ-áná	page 9, under NW Cognates
line 140	Hank Nater	note	140	page 9, the line's number
line 140	Hank Nater	translation	cranberry	page 9, the gloss
line 140	Bella Coola	transcription	s-ƛ’mstayc’	page 9, the Bella Coola form
line 140	Hank Nater	note	He ƛ’msdáic’ (√ƛ’ms)	page 9, under NW Cognates
line 141	Hank Nater	note	141	page 9, the line's number
line 141	Hank Nater	translation	mud	page 9, the gloss
line 141	Bella Coola	transcription	s-tqʷ	page 9, the Bella Coola form
line 141	Hank Nater	note	NW √tqʷ ‘covered with dirt’	page 9, under NW Cognates
line 143	Hank Nater	note	143	page 9, the line's number
line 143	Hank Nater	translation	dolphin	page 9, the gloss
line 143	Bella Coola	transcription	stulkʷ	page 9, the Bella Coola form
line 143	Hank Nater	note	He cdúlkʷ	page 9, under NW Cognates
line 144	Hank Nater	note	144	page 9, the line's number
line 144	Hank Nater	translation	wave	page 9, the gloss
line 144	Bella Coola	transcription	s-t’ux(ʷ)si	page 9, the Bella Coola form
line 144	Hank Nater	note	NW √t’uxʷ	page 9, under NW Cognates
line 145	Hank Nater	note	145	page 9, the line's number
line 145	Hank Nater	translation	owl	page 9, the gloss
line 145	Bella Coola	transcription	txn:xni	page 9, the Bella Coola form
line 145	Hank Nater	note	He tx:tx-ní (√tx)	page 9, under NW Cognates
line 146	Hank Nater	note	146	page 9, the line's number
line 146	Hank Nater	translation	black bear	page 9, the gloss
line 146	Bella Coola	transcription	ƛ’a	page 9, the Bella Coola form
line 146	Hank Nater	note	He ƛ’á	page 9, under NW Cognates
line 147	Hank Nater	note	147	page 9, the line's number
line 147	Hank Nater	translation	red cod	page 9, the gloss
line 147	Bella Coola	transcription	ƛ’aaqʷitkʷ	page 9, the Bella Coola form
line 147	Hank Nater	note	He ƛ’áqʷitkʷ (√ƛ’aqʷ)	page 9, under NW Cognates
line 148	Hank Nater	note	148	page 9, the line's number
line 148	Hank Nater	translation	douglas fir bark	page 9, the gloss
line 148	Bella Coola	transcription	ƛ’aq’ʷt	page 9, the Bella Coola form
line 148	Hank Nater	note	He ƛ’aq’ʷt ‘red cedar bark’ (√ƛ’aqʷ)	page 9, under NW Cognates
line 149	Hank Nater	note	149	page 9, the line's number
line 149	Hank Nater	translation	tobacco	page 9, the gloss
line 149	Bella Coola	transcription	ƛ’awq’ʷ	page 9, the Bella Coola form
line 149	Hank Nater	note	He ƛ’áuq’ʷ	page 9, under NW Cognates
line 150	Hank Nater	note	150	page 9, the line's number
line 150	Hank Nater	translation	sealion	page 9, the gloss
line 150	Bella Coola	transcription	ƛ’iχin	page 9, the Bella Coola form
line 150	Hank Nater	note	Ha ƛ’iχʔn (√ƛ’iχ)	page 9, under NW Cognates
§2.2.4	Hank Nater	note	Line	page 10, a column's head
§2.2.4	Hank Nater	note	Gloss	page 10, a column's head
§2.2.4	Hank Nater	note	BC	page 10, a column's head
§2.2.4	Hank Nater	note	NW Cognates	page 10, a column's head
line 151	Hank Nater	note	151	page 10, the line's number
line 151	Hank Nater	translation	cormorant	page 10, the gloss
line 151	Bella Coola	transcription	ƛ’upana	page 10, the Bella Coola form
line 151	Hank Nater	note	Oo ƛ’ubana	page 10, under NW Cognates
line 152	Hank Nater	note	152	page 10, the line's number
line 152	Hank Nater	translation	horseclam	page 10, the gloss
line 152	Bella Coola	transcription	cimani	page 10, the Bella Coola form
line 152	Hank Nater	note	He címáni (√cim)	page 10, under NW Cognates
line 153	Hank Nater	note	153	page 10, the line's number
line 153	Hank Nater	translation	stinging nettle	page 10, the gloss
line 153	Bella Coola	transcription	cna	page 10, the Bella Coola form
line 153	Hank Nater	note	Kw √ӡnk	page 10, under NW Cognates
line 154	Hank Nater	note	154	page 10, the line's number
line 154	Hank Nater	translation	bough tips of cedar	page 10, the gloss
line 154	Bella Coola	transcription	c’ap’aχ	page 10, the Bella Coola form
line 154	Hank Nater	note	He c’áp’aχ ‘cedar needles’ (√c’ap)	page 10, under NW Cognates
line 155	Hank Nater	note	155	page 10, the line's number
line 155	Hank Nater	translation	clam	page 10, the gloss
line 155	Bella Coola	transcription	c’ikʷa, c’ikʷn-	page 10, the Bella Coola form
line 155	Hank Nater	note	He c’íkʷa ‘butter clam’ (√c’ikʷ)	page 10, under NW Cognates
line 156	Hank Nater	note	156	page 10, the line's number
line 156	Hank Nater	translation	sea urchin	page 10, the gloss
line 156	Bella Coola	transcription	c’ik’ʷic’	page 10, the Bella Coola form
line 156	Hank Nater	note	He c’k’ʷíc’ (√c’kʷ)	page 10, under NW Cognates
line 157	Hank Nater	note	157	page 10, the line's number
line 157	Hank Nater	translation	tidal lagoon	page 10, the gloss
line 157	Bella Coola	transcription	c’n	page 10, the Bella Coola form
line 157	Hank Nater	note	NW √c’n ‘tidal rapids’	page 10, under NW Cognates
line 158	Hank Nater	note	158	page 10, the line's number
line 158	Hank Nater	translation	sealice	page 10, the gloss
line 158	Bella Coola	transcription	t’upiɬc	page 10, the Bella Coola form
line 158	Hank Nater	note	Oo t’up’iac’i ‘flea’ (√t’up)	page 10, under NW Cognates
line 159	Hank Nater	note	159	page 10, the line's number
line 159	Hank Nater	translation	fawn	page 10, the gloss
line 159	Bella Coola	transcription	t’upiwas	page 10, the Bella Coola form
line 159	Hank Nater	note	He t’úpiw’a (√t’up)	page 10, under NW Cognates
line 160	Hank Nater	note	160	page 10, the line's number
line 160	Hank Nater	translation	rock, stone	page 10, the gloss
line 160	Bella Coola	transcription	t’χ-t	page 10, the Bella Coola form
line 160	Hank Nater	note	NW √t’iχ ‘spread rocks’	page 10, under NW Cognates
line 161	Hank Nater	note	161	page 10, the line's number
line 161	Hank Nater	translation	clover rhizomes	page 10, the gloss
line 161	Bella Coola	transcription	t’χʷsus	page 10, the Bella Coola form
line 161	Hank Nater	note	He t’χʷsús (√t’qʷ)	page 10, under NW Cognates
line 162	Hank Nater	note	162	page 10, the line's number
line 162	Hank Nater	translation	blackcap berry	page 10, the gloss
line 162	Bella Coola	transcription	ʔu:s-uk’ʷlt	page 10, the Bella Coola form
line 162	Hank Nater	note	Ha √k’ʷlt ‘wild raspberry’	page 10, under NW Cognates
line 163	Hank Nater	note	163	page 10, the line's number
line 163	Hank Nater	translation	wigeon	page 10, the gloss
line 163	Bella Coola	transcription	ʔu:tʼpi(i)	page 10, the Bella Coola form
line 163	Hank Nater	note	NW √t’up ‘spotted’	page 10, under NW Cognates
line 164	Hank Nater	note	164	page 10, the line's number
line 164	Hank Nater	translation	lynx	page 10, the gloss
line 164	Bella Coola	transcription	walasya	page 10, the Bella Coola form
line 164	Hank Nater	note	Kw w’alasxiaʔ (Rath, p.c.)	page 10, under NW Cognates
line 165	Hank Nater	note	165	page 10, the line's number
line 165	Hank Nater	translation	dog	page 10, the gloss
line 165	Bella Coola	transcription	wac’, wnc’-	page 10, the Bella Coola form
line 165	Hank Nater	note	He w’ác’ (√w’as)	page 10, under NW Cognates
line 166	Hank Nater	note	166	page 10, the line's number
line 166	Hank Nater	translation	coho salmon	page 10, the gloss
line 166	Bella Coola	transcription	ways	page 10, the Bella Coola form
line 166	Hank Nater	note	He wás ‘coho turning red’	page 10, under NW Cognates
line 167	Hank Nater	note	167	page 10, the line's number
line 167	Hank Nater	translation	horn, antler	page 10, the gloss
line 167	Bella Coola	transcription	wiƛ’aχ	page 10, the Bella Coola form
line 167	Hank Nater	note	Ha wƛ’q (√wƛ)	page 10, under NW Cognates
line 168	Hank Nater	note	168	page 10, the line's number
line 168	Hank Nater	translation	crane, great blue heron	page 10, the gloss
line 168	Bella Coola	transcription	χaq’anc	page 10, the Bella Coola form
line 168	Hank Nater	note	He qáq’ńc (√qaq)	page 10, under NW Cognates
line 169	Hank Nater	note	169	page 10, the line's number
line 169	Hank Nater	translation	large mussel	page 10, the gloss
line 169	Bella Coola	transcription	χawʔli	page 10, the Bella Coola form
line 169	Hank Nater	note	He χu’ĺ	page 10, under NW Cognates
line 170	Hank Nater	note	170	page 10, the line's number
line 170	Hank Nater	translation	barnacle	page 10, the gloss
line 170	Bella Coola	transcription	χayaq’a, χayaq’n-	page 10, the Bella Coola form
line 170	Hank Nater	note	He χáyáq’ (√χiq)	page 10, under NW Cognates
line 171	Hank Nater	note	171	page 10, the line's number
line 171	Hank Nater	translation	goose	page 10, the gloss
line 171	Bella Coola	transcription	χa:χaq’	page 10, the Bella Coola form
line 171	Hank Nater	note	He hńɢáq	page 10, under NW Cognates
line 172	Hank Nater	note	172	page 10, the line's number
line 172	Hank Nater	translation	turnip	page 10, the gloss
line 172	Bella Coola	transcription	(ʔ)yanahu	page 10, the Bella Coola form
line 172	Hank Nater	note	He y’nawú	page 10, under NW Cognates
§2.2.4	Hank Nater	note	Line	page 10, a column's head
§2.2.4	Hank Nater	note	Gloss	page 10, a column's head
§2.2.4	Hank Nater	note	BC	page 10, a column's head
§2.2.4	Hank Nater	note	Non-NW Cognates	page 10, a column's head
line 173	Hank Nater	note	173	page 10, the line's number
line 173	Hank Nater	translation	herring spawning	page 10, the gloss
line 173	Bella Coola	transcription	ʔaq’ʷm	page 10, the Bella Coola form
line 173	Hank Nater	note	PA *q’uˑn’ ‘roe’, Eyak q’ǝmaˑ ‘roe’ (Na94:182)	page 10, under Non-NW Cognates
line 174	Hank Nater	note	174	page 10, the line's number
line 174	Hank Nater	translation	tail	page 10, the gloss
line 174	Bella Coola	transcription	kac’an	page 10, the Bella Coola form
line 174	Hank Nater	note	PA*keʔ-c’ǝn/-cǝŋ’ (Na94:183)	page 10, under Non-NW Cognates
line 175	Hank Nater	note	175	page 10, the line's number
line 175	Hank Nater	translation	fur seal	page 10, the gloss
line 175	Bella Coola	transcription	k’ʷni	page 10, the Bella Coola form
line 175	Hank Nater	note	Carrier k’ʷǝni, Eyak k’ǝmah ‘sea lion’ (Na94:182, fn. 6)	page 10, under Non-NW Cognates
line 176	Hank Nater	note	176	page 10, the line's number
line 176	Hank Nater	translation	type of salmon	page 10, the gloss
line 176	Bella Coola	transcription	k’awn	page 10, the Bella Coola form
line 176	Hank Nater	note	Chinook i-k’awan (Na10:73)	page 10, under Non-NW Cognates
line 177	Hank Nater	note	177	page 10, the line's number
line 177	Hank Nater	translation	squirrel	page 10, the gloss
line 177	Bella Coola	transcription	laakc	page 10, the Bella Coola form
line 177	Hank Nater	note	PA *√lǝʔk’ (Na94:182)	page 10, under Non-NW Cognates
line 178	Hank Nater	note	178	page 10, the line's number
line 178	Hank Nater	translation	rabbit	page 10, the gloss
line 178	Bella Coola	transcription	qaχ	page 10, the Bella Coola form
line 178	Hank Nater	note	PA *ɢǝχ, Eyak ɢaχ (Na94:182)	page 10, under Non-NW Cognates
§2.2.4	Hank Nater	note	Line	page 11, a column's head
§2.2.4	Hank Nater	note	Gloss	page 11, a column's head
§2.2.4	Hank Nater	note	BC	page 11, a column's head
§2.2.4	Hank Nater	note	Non-NW Cognates	page 11, a column's head
line 179	Hank Nater	note	179	page 11, the line's number
line 179	Hank Nater	translation	cottonwood cambium	page 11, the gloss
line 179	Bella Coola	transcription	q’ls	page 11, the Bella Coola form
line 179	Hank Nater	note	PA *q’ǝnǝx-ɬ (Na94:183)	page 11, under Non-NW Cognates
line 180	Hank Nater	note	180	page 11, the line's number
line 180	Hank Nater	translation	tree, stick	page 11, the gloss
line 180	Bella Coola	transcription	s-tn	page 11, the Bella Coola form
line 180	Hank Nater	note	PA *√tǝn ‘sticklike object’ (Na94:182)	page 11, under Non-NW Cognates
line 181	Hank Nater	note	181	page 11, the line's number
line 181	Hank Nater	translation	onion	page 11, the gloss
line 181	Bella Coola	transcription	ƛ’χʷcn	page 11, the Bella Coola form
line 181	Hank Nater	note	pre-Carrier *ƛ’ǝχʷ-čǝn ‘smelly grass’ (Na94:183)	page 11, under Non-NW Cognates
line 182	Hank Nater	note	182	page 11, the line's number
line 182	Hank Nater	translation	coyote	page 11, the gloss
line 182	Bella Coola	transcription	cl(ʔ)lik	page 11, the Bella Coola form
line 182	Hank Nater	note	Chilcotin čǝlʔík (Na94:185)	page 11, under Non-NW Cognates
§2.2.5	Hank Nater	heading	2.2.5 All ecology-related cognates	page 11
§2.2.5	Hank Nater	note	As the above numbers show, ecological terms taken from NW are, contrary to Newman’s claim (“The ecological vocabulary of the Bella Coola shows a larger proportion of loanwords than of forms retained from the parent language” (p. 201)), fewer than those with Salish or areal cognates: 83 vs. 87.	page 11
§2.2.5	Hank Nater	note	Very similar terms for ‘foam(y)’ and ‘soapberry’ are found in a large region encompassing Salish, NW and Athabascan, where it is difficult to determine in which direction borrowing, if any, took place. The fossilized BC root *χʷs ‘foam(y)’ occurs only in nuχʷski (item 79) (and an allomorph *χʷus/c possibly in χʷu:χʷuc-i ‘young mountain goat’, cf. Squamish χʷu:χʷs-ǝ́l’qn ‘mountain goat’, where *χʷus ‘foamy’ in association with -ǝ́l’qn ‘hair’ may be ‘curly, springy’), but its precursor *χʷu/ǝs is widespread in Salish. NW has a root √n[ǝ]qʷ/n[ǝ]χʷ from which soapberry-related words are regularly derived. Central Carrier (Ca74) has √wǝs (where w < *ʁʷ, s < *š) in hawǝs ‘foam’ and niŋwǝs ‘soapberries’ (Mo32:13 nînrwoc [ninʁʷɔʃ], southern Carrier nowǝs (Na74)). Now, BC nuχʷski resembles pre-Carrier Athabascan *nǝ(...)ʁʷǝš much more than it does Salish *sχʷu/ǝsm, and we may alternatively infer that pre-BC borrowed *nǝʁʷǝš, devoiced *ʁʷ, shifted *š to s, replaced *nǝ- with nu- and added *-(i)kǝn (> -ki) (in effect applying *nu-... -(i)kǝn ‘having ... inside’), then dropped *ǝ (*ʁʷ > χʷ, *š > s, *ǝn# > i#, *ǝ > zero are common shifts in pre- BC). But prior to *nǝ- > nu- and *-kǝn > -ki, *nǝχʷǝskǝn would, via pre-BC, have made its debut in NW, where the sequence *skǝn would then have been construed as a native suffix (‘short pipe, conduit, neck, back of head’ (Rath, p.c.)), leaving a new root *√nǝχʷ. We know that Carrier and Chilcotin traders offered, among other goods, soapberries to BC traders in exchange for seafood, shells, carved utensils (boxes, dishes), copper etc., therefore an Athabascan-to- BC borrowing direction for this word is quite probable (cf. items 181-2 above).	page 11
§2.2.5	Bella Coola	cited form	*χʷs	page 11, in italics, ‘foam(y)’
§2.2.5	Bella Coola	cited form	nuχʷski	page 11, in italics
§2.2.5	Bella Coola	cited form	*χʷus/c	page 11, in italics
§2.2.5	Bella Coola	cited form	χʷu:χʷuc-i	page 11, in italics, ‘young mountain goat’
§2.2.5	Bella Coola	cited form	χʷu:χʷs-ǝ́l’qn	page 11, in italics, ‘mountain goat’
§2.2.5	Bella Coola	cited form	*χʷus	page 11, in italics, ‘foamy’
§2.2.5	Bella Coola	cited form	-ǝ́l’qn	page 11, in italics, ‘hair’
§2.2.5	Bella Coola	cited form	*χʷu/ǝs	page 11, in italics
§2.2.5	Bella Coola	cited form	√n[ǝ]qʷ/n[ǝ]χʷ	page 11, in italics
§2.2.5	Bella Coola	cited form	√wǝs	page 11, in italics
§2.2.5	Bella Coola	cited form	*ʁʷ	page 11, in italics
§2.2.5	Bella Coola	cited form	s < *š	page 11, in italics
§2.2.5	Bella Coola	cited form	hawǝs	page 11, in italics, ‘foam’
§2.2.5	Bella Coola	cited form	niŋwǝs	page 11, in italics, ‘soapberries’
§2.2.5	Bella Coola	cited form	nînrwoc	page 11, in italics
§2.2.5	Bella Coola	cited form	nowǝs	page 11, in italics
§2.2.5	Bella Coola	cited form	*nǝ(...)ʁʷǝš	page 11, in italics
§2.2.5	Bella Coola	cited form	*sχʷu/ǝsm	page 11, in italics
§2.2.5	Bella Coola	cited form	*nǝʁʷǝš	page 11, in italics
§2.2.5	Bella Coola	cited form	*š	page 11, in italics
§2.2.5	Bella Coola	cited form	*nǝ-	page 11, in italics
§2.2.5	Bella Coola	cited form	nu-	page 11, in italics
§2.2.5	Bella Coola	cited form	*-(i)kǝn	page 11, in italics
§2.2.5	Bella Coola	cited form	-ki	page 11, in italics
§2.2.5	Bella Coola	cited form	*ǝ	page 11, in italics
§2.2.5	Bella Coola	cited form	χʷ	page 11, in italics
§2.2.5	Bella Coola	cited form	*ǝn#	page 11, in italics
§2.2.5	Bella Coola	cited form	*-kǝn	page 11, in italics
§2.2.5	Bella Coola	cited form	*nǝχʷǝskǝn	page 11, in italics
§2.2.5	Bella Coola	cited form	*skǝn	page 11, in italics
§2.2.5	Bella Coola	cited form	*√nǝχʷ	page 11, in italics
§2.3	Hank Nater	heading	2.3 Salish, areal and non-Salish etymologies: non-ecological lexicon	page 11
§2.3.1	Hank Nater	heading	2.3.1 CS and IS cognates	page 11
§2.3.1	Hank Nater	note	Whereas BC-CS pairs (80 in number) appear to have a pre-CS origin, I consider – in view of the considerable geographic divide between BC and IS – the 51 BC words with IS cognates as having originated from PS.	page 11
§2.3.1	Hank Nater	note	Line	page 12, a column's head
§2.3.1	Hank Nater	note	Gloss	page 12, a column's head
§2.3.1	Hank Nater	note	BC	page 12, a column's head
§2.3.1	Hank Nater	note	CS Cognates	page 12, a column's head
line 183	Hank Nater	note	183	page 12, the line's number
line 183	Hank Nater	translation	crawl	page 12, the gloss
line 183	Bella Coola	transcription	ʔix-aaχ-lx	page 12, the Bella Coola form
line 183	Hank Nater	note	*yaaχ-lx < *yə/aq-ilx (Ku02:156)	page 12, under CS Cognates
line 184	Hank Nater	note	184	page 12, the line's number
line 184	Hank Nater	translation	upstream area	page 12, the gloss
line 184	Bella Coola	transcription	ʔaaχɬ	page 12, the Bella Coola form
line 184	Hank Nater	note	*ʔaɬχan ‘stream direction’ (Ku02:136)	page 12, under CS Cognates
line 185	Hank Nater	translation	going up the river	page 12, the gloss, its number erased, a derivation or allomorph not counted
line 185	Bella Coola	transcription	ʔul-χɬ	page 12, the Bella Coola form
line 186	Hank Nater	note	186	page 12, the line's number
line 186	Hank Nater	translation	urinate	page 12, the gloss
line 186	Bella Coola	transcription	ʔaaχqa, √ʔaaχqn	page 12, the Bella Coola form
line 186	Hank Nater	note	Se ʔáqan (Ti77:35)	page 12, under CS Cognates
line 187	Hank Nater	note	187	page 12, the line's number
line 187	Hank Nater	translation	answer	page 12, the gloss
line 187	Bella Coola	transcription	ʔanaɬa	page 12, the Bella Coola form
line 187	Hank Nater	note	Sq ʔánuɬ ‘agree, consent’ (Ku67:391)	page 12, under CS Cognates
line 188	Hank Nater	note	188	page 12, the line's number
line 188	Hank Nater	translation	locational base	page 12, the gloss
line 188	Bella Coola	transcription	√ʔas, √ʔass	page 12, the Bella Coola form
line 188	Hank Nater	note	Sq √ʔac ‘surface’ (Ku67:390)	page 12, under CS Cognates
line 189	Hank Nater	translation	directional base	page 12, the gloss, its number erased, a derivation or allomorph not counted
line 189	Bella Coola	transcription	√ʔus	page 12, the Bella Coola form
line 190	Hank Nater	note	190	page 12, the line's number
line 190	Hank Nater	translation	be inside	page 12, the gloss
line 190	Bella Coola	transcription	ʔa-stxʷ	page 12, the Bella Coola form
line 190	Hank Nater	note	*ʔu/as-txʷ (Ku02:136)	page 12, under CS Cognates
line 191	Hank Nater	translation	go inside	page 12, the gloss, its number erased, a derivation or allomorph not counted
line 191	Bella Coola	transcription	ʔu-stxʷ	page 12, the Bella Coola form
line 192	Hank Nater	note	192	page 12, the line's number
line 192	Hank Nater	translation	belly	page 12, the gloss
line 192	Bella Coola	transcription	ʔaciwa, √ʔaciw(n)	page 12, the Bella Coola form
line 192	Hank Nater	note	Sq ʔǝs-ʔá:ʔc-iw’an ‘pregnant’ (Ku69:92)	page 12, under CS Cognates
line 193	Hank Nater	note	193	page 12, the line's number
line 193	Hank Nater	translation	lie down	page 12, the gloss
line 193	Bella Coola	transcription	√ʔaχc	page 12, the Bella Coola form
line 193	Hank Nater	note	*ʔaχi/ǝc (Ku02:137)	page 12, under CS Cognates
line 194	Hank Nater	translation	bed	page 12, the gloss, its number erased, a derivation or allomorph not counted
line 194	Bella Coola	transcription	s-χic-ta	page 12, the Bella Coola form
line 195	Hank Nater	note	195	page 12, the line's number
line 195	Hank Nater	translation	not	page 12, the gloss
line 195	Bella Coola	transcription	ʔaχʷ	page 12, the Bella Coola form
line 195	Hank Nater	note	Sq haw-q ‘there is not’ (Ku67:374)	page 12, under CS Cognates
line 196	Hank Nater	note	196	page 12, the line's number
line 196	Hank Nater	translation	penis	page 12, the gloss
line 196	Bella Coola	transcription	xli	page 12, the Bella Coola form
line 196	Hank Nater	note	Sq šǝl’ (Ku69:69)	page 12, under CS Cognates
line 197	Hank Nater	note	197	page 12, the line's number
line 197	Hank Nater	translation	light of weight	page 12, the gloss
line 197	Bella Coola	transcription	xʷaa:(xʷ)xʷ-i	page 12, the Bella Coola form
line 197	Hank Nater	note	*xʷa (Ku02:119)	page 12, under CS Cognates
line 198	Hank Nater	note	198	page 12, the line's number
line 198	Hank Nater	translation	lower leg, foot	page 12, the gloss
line 198	Bella Coola	transcription	ʔixa, √ʔixn	page 12, the Bella Coola form
line 198	Hank Nater	note	*yǝxǝn (Ku02:156)	page 12, under CS Cognates
line 199	Hank Nater	note	199	page 12, the line's number
line 199	Hank Nater	translation	you sg.	page 12, the gloss
line 199	Bella Coola	transcription	ʔinu	page 12, the Bella Coola form
line 199	Hank Nater	note	Sq nǝw (Ku67:311)	page 12, under CS Cognates
line 200	Hank Nater	note	200	page 12, the line's number
line 200	Hank Nater	translation	paddle, travel by canoe	page 12, the gloss
line 200	Bella Coola	transcription	ʔisut, ʔissut	page 12, the Bella Coola form
line 200	Hank Nater	note	Sq ʔísun (Ku67:398)	page 12, under CS Cognates
line 201	Hank Nater	note	201	page 12, the line's number
line 201	Hank Nater	translation	tooth	page 12, the gloss
line 201	Bella Coola	transcription	ʔica, √ʔicn	page 12, the Bella Coola form
line 201	Hank Nater	note	*yǝncǝn < *yǝnǝs-ǝn < *yǝni/ǝs (Ku02:156)	page 12, under CS Cognates
line 202	Hank Nater	note	202	page 12, the line's number
line 202	Hank Nater	translation	short	page 12, the gloss
line 202	Bella Coola	transcription	kƛ’ii	page 12, the Bella Coola form
line 202	Hank Nater	note	Musqueam c’ǝ:c’íƛ’ (Ku98:3)	page 12, under CS Cognates
line 203	Hank Nater	note	203	page 12, the line's number
line 203	Hank Nater	translation	crack, split	page 12, the gloss
line 203	Bella Coola	transcription	kʷɬ	page 12, the Bella Coola form
line 203	Hank Nater	note	*kʷǝɬ (Ku02:141)	page 12, under CS Cognates
line 204	Hank Nater	note	204	page 12, the line's number
line 204	Hank Nater	translation	husband	page 12, the gloss
line 204	Bella Coola	transcription	kʷtmc	page 12, the Bella Coola form
line 204	Hank Nater	note	*kʷtamc (Ku02:141)	page 12, under CS Cognates
line 205	Hank Nater	note	205	page 12, the line's number
line 205	Hank Nater	translation	look out, be observant	page 12, the gloss
line 205	Bella Coola	transcription	√k’ʷxʷ	page 12, the Bella Coola form
line 205	Hank Nater	note	*k’ʷǝx ‘to count’ (Ku02:141)	page 12, under CS Cognates
line 206	Hank Nater	note	206	page 12, the line's number
line 206	Hank Nater	translation	belly, abdomen	page 12, the gloss
line 206	Bella Coola	transcription	k’ʷla	page 12, the Bella Coola form
line 206	Hank Nater	note	*k’ʷal, k’ʷǝla (Ku02:48)	page 12, under CS Cognates
line 207	Hank Nater	note	207	page 12, the line's number
line 207	Hank Nater	translation	brother-in-law	page 12, the gloss
line 207	Bella Coola	transcription	k’ʷliwas, k’ʷlwas	page 12, the Bella Coola form
line 207	Hank Nater	note	Halkomelem sk’ʷǝ́lwǝs ‘relative’s spouse’s relative’ (Ku98:3)	page 12, under CS Cognates
line 208	Hank Nater	note	208	page 12, the line's number
line 208	Hank Nater	translation	pour out, fill	page 12, the gloss
line 208	Bella Coola	transcription	k’ʷɬ	page 12, the Bella Coola form
line 208	Hank Nater	note	*k’ʷǝɬ/l ‘to spill’ (Ku02:141)	page 12, under CS Cognates
line 209	Hank Nater	note	209	page 12, the line's number
line 209	Hank Nater	translation	shake, tremble	page 12, the gloss
line 209	Bella Coola	transcription	k’n-m	page 12, the Bella Coola form
line 209	Hank Nater	note	*k’ǝn (Ku02:140)	page 12, under CS Cognates
§2.3.1	Hank Nater	note	Line	page 13, a column's head
§2.3.1	Hank Nater	note	Gloss	page 13, a column's head
§2.3.1	Hank Nater	note	BC	page 13, a column's head
§2.3.1	Hank Nater	note	CS Cognates	page 13, a column's head
line 210	Hank Nater	note	210	page 13, the line's number
line 210	Hank Nater	translation	slimy	page 13, the gloss
line 210	Bella Coola	transcription	ɬix	page 13, the Bella Coola form
line 210	Hank Nater	note	Se sɬiš ‘fish slime’ (Ti77:14) (cf. √lix)	page 13, under CS Cognates
line 211	Hank Nater	note	211	page 13, the line's number
line 211	Hank Nater	translation	big	page 13, the gloss
line 211	Bella Coola	transcription	ɬk’ʷ	page 13, the Bella Coola form
line 211	Hank Nater	note	Se ɬak’ʷ ‘to swell up’ (Ti77:34)	page 13, under CS Cognates
line 212	Hank Nater	note	212	page 13, the line's number
line 212	Hank Nater	translation	we, us	page 13, the gloss
line 212	Bella Coola	transcription	ɬmiɬ	page 13, the Bella Coola form
line 212	Hank Nater	note	Se nímuɬ (Ti77:22)	page 13, under CS Cognates
line 213	Hank Nater	note	213	page 13, the line's number
line 213	Hank Nater	translation	you pl.	page 13, the gloss
line 213	Bella Coola	transcription	ɬup	page 13, the Bella Coola form
line 213	Hank Nater	note	Se núwlap (Ti77:22)	page 13, under CS Cognates
line 214	Hank Nater	note	214	page 13, the line's number
line 214	Hank Nater	translation	strip, undress sb	page 13, the gloss
line 214	Bella Coola	transcription	ɬuc’	page 13, the Bella Coola form
line 214	Hank Nater	note	Se ɬəw-íc’a-m (Ti77:35)	page 13, under CS Cognates
line 215	Hank Nater	note	215	page 13, the line's number
line 215	Hank Nater	translation	to spit	page 13, the gloss
line 215	Bella Coola	transcription	ɬχʷta	page 13, the Bella Coola form
line 215	Hank Nater	note	Sq √ɬǝχʷ (Ku67:328)	page 13, under CS Cognates
line 216	Hank Nater	note	216	page 13, the line's number
line 216	Hank Nater	translation	fill	page 13, the gloss
line 216	Bella Coola	transcription	lik’	page 13, the Bella Coola form
line 216	Hank Nater	note	*lǝk’ (Ku02:142)	page 13, under CS Cognates
line 217	Hank Nater	note	217	page 13, the line's number
line 217	Hank Nater	translation	nose	page 13, the gloss
line 217	Bella Coola	transcription	maaχsa	page 13, the Bella Coola form
line 217	Hank Nater	note	*mǝqsǝn (Ku02:145)	page 13, under CS Cognates
line 218	Hank Nater	note	218	page 13, the line's number
line 218	Hank Nater	translation	testes	page 13, the gloss
line 218	Bella Coola	transcription	maka	page 13, the Bella Coola form
line 218	Hank Nater	note	*makǝn (Ku02:144)	page 13, under CS Cognates
line 219	Hank Nater	note	219	page 13, the line's number
line 219	Hank Nater	translation	mix	page 13, the gloss
line 219	Bella Coola	transcription	maliiχʷ	page 13, the Bella Coola form
line 219	Hank Nater	note	*mal(i)qʷ (Ku02:144)	page 13, under CS Cognates
line 220	Hank Nater	note	220	page 13, the line's number
line 220	Hank Nater	translation	father	page 13, the gloss
line 220	Bella Coola	transcription	man	page 13, the Bella Coola form
line 220	Hank Nater	note	*man (Ku02:144)	page 13, under CS Cognates
line 221	Hank Nater	note	221	page 13, the line's number
line 221	Hank Nater	translation	child, offspring	page 13, the gloss
line 221	Bella Coola	transcription	mna	page 13, the Bella Coola form
line 221	Hank Nater	note	*mǝna (Ku02:144)	page 13, under CS Cognates
line 222	Hank Nater	note	222	page 13, the line's number
line 222	Hank Nater	translation	face	page 13, the gloss
line 222	Bella Coola	transcription	musa	page 13, the Bella Coola form
line 222	Hank Nater	note	*mʔus (Ku02:145)	page 13, under CS Cognates
line 223	Hank Nater	note	223	page 13, the line's number
line 223	Hank Nater	translation	I, me	page 13, the gloss
line 223	Bella Coola	transcription	ʔnc	page 13, the Bella Coola form
line 223	Hank Nater	note	Sq ʔǝns (Ku67:387)	page 13, under CS Cognates
line 224	Hank Nater	note	224	page 13, the line's number
line 224	Hank Nater	translation	be afraid	page 13, the gloss
line 224	Bella Coola	transcription	paaχʷu, √paaqʷu	page 13, the Bella Coola form
line 224	Hank Nater	note	*p’aʔqʷ(u), Sq p’áq’ʷaɬ (Ku67:252)	page 13, under CS Cognates
line 225	Hank Nater	note	225	page 13, the line's number
line 225	Hank Nater	translation	wide, broad	page 13, the gloss
line 225	Bella Coola	transcription	piq’	page 13, the Bella Coola form
line 225	Hank Nater	note	Se p’iq’ (Ti77:20)	page 13, under CS Cognates
line 226	Hank Nater	note	226	page 13, the line's number
line 226	Hank Nater	translation	dancer’s apron	page 13, the gloss
line 226	Bella Coola	transcription	pn-aaχ-(s)ta	page 13, the Bella Coola form
line 226	Hank Nater	note	Se pən-íč(n)-tn ‘lid’ (Ti77:18)	page 13, under CS Cognates
line 227	Hank Nater	note	227	page 13, the line's number
line 227	Hank Nater	translation	come to, wake up	page 13, the gloss
line 227	Bella Coola	transcription	p’al=lx	page 13, the Bella Coola form
line 227	Hank Nater	note	*p’al ‘conscious, sober’ (Ku02:147)	page 13, under CS Cognates
line 228	Hank Nater	note	228	page 13, the line's number
line 228	Hank Nater	translation	dig for fern roots	page 13, the gloss
line 228	Bella Coola	transcription	qalχ-m	page 13, the Bella Coola form
line 228	Hank Nater	note	*qalχ ‘digging stick’ (Ku02:148)	page 13, under CS Cognates
line 229	Hank Nater	note	229	page 13, the line's number
line 229	Hank Nater	translation	tidy up, tuck, fold in	page 13, the gloss
line 229	Bella Coola	transcription	√qap’, √qaa:χp’	page 13, the Bella Coola form
line 229	Hank Nater	note	*qǝp’ ‘cover, close’ (Ku02:148)	page 13, under CS Cognates
line 230	Hank Nater	note	230	page 13, the line's number
line 230	Hank Nater	translation	belittle, insult sb	page 13, the gloss
line 230	Bella Coola	transcription	qilix	page 13, the Bella Coola form
line 230	Hank Nater	note	< *qil-nix ‘consider bad’, *qǝl ‘bad’ (Ku02:148)	page 13, under CS Cognates
line 231	Hank Nater	translation	woman of slave ancestry	page 13, the gloss, its number erased, a derivation or allomorph not counted
line 231	Bella Coola	transcription	s-qili	page 13, the Bella Coola form
line 232	Hank Nater	note	232	page 13, the line's number
line 232	Hank Nater	translation	small, little child	page 13, the gloss
line 232	Bella Coola	transcription	qi:qti	page 13, the Bella Coola form
line 232	Hank Nater	note	Se qíqti ‘youngest in family’ (Ti77:16)	page 13, under CS Cognates
line 233	Hank Nater	note	233	page 13, the line's number
line 233	Hank Nater	translation	blister	page 13, the gloss
line 233	Bella Coola	transcription	qlum	page 13, the Bella Coola form
line 233	Hank Nater	note	*‘orb’, see qluq’s	page 13, under CS Cognates
line 234	Hank Nater	note	234	page 13, the line's number
line 234	Hank Nater	translation	eye	page 13, the gloss
line 234	Bella Coola	transcription	qluq’s	page 13, the Bella Coola form
line 234	Hank Nater	note	*qlu-(a)q’ʷs, Se qəlum (Ti77:13)	page 13, under CS Cognates
line 235	Hank Nater	note	235	page 13, the line's number
line 235	Hank Nater	translation	cover, wrap, shelter	page 13, the gloss
line 235	Bella Coola	transcription	qm	page 13, the Bella Coola form
line 235	Hank Nater	note	*qǝm ‘fold, pack’ (Ku02:148)	page 13, under CS Cognates
line 236	Hank Nater	note	236	page 13, the line's number
line 236	Hank Nater	translation	hire sb	page 13, the gloss
line 236	Bella Coola	transcription	qʷlχʷ	page 13, the Bella Coola form
line 236	Hank Nater	note	Sq qʷáyaχʷ (Ku67:362)	page 13, under CS Cognates
line 237	Hank Nater	note	237	page 13, the line's number
line 237	Hank Nater	translation	pubic hair	page 13, the gloss
line 237	Bella Coola	transcription	q’ʷna	page 13, the Bella Coola form
line 237	Hank Nater	note	*q’ʷan, q’ʷǝnaʔ (Ku02:151)	page 13, under CS Cognates
§2.3.1	Hank Nater	note	Line	page 14, a column's head
§2.3.1	Hank Nater	note	Gloss	page 14, a column's head
§2.3.1	Hank Nater	note	BC	page 14, a column's head
§2.3.1	Hank Nater	note	CS Cognates	page 14, a column's head
line 238	Hank Nater	note	238	page 14, the line's number
line 238	Hank Nater	translation	slave	page 14, the gloss
line 238	Bella Coola	transcription	snaaχ	page 14, the Bella Coola form
line 238	Hank Nater	note	Comox nanʔq (Na94:188)	page 14, under CS Cognates
line 239	Hank Nater	note	239	page 14, the line's number
line 239	Hank Nater	translation	hair	page 14, the gloss
line 239	Bella Coola	transcription	√s-qʷup	page 14, the Bella Coola form
line 239	Hank Nater	note	Sq & Se *qʷup (Ku69:82, Ti77:14)	page 14, under CS Cognates
line 240	Hank Nater	note	240	page 14, the line's number
line 240	Hank Nater	translation	chief	page 14, the gloss
line 240	Bella Coola	transcription	s-talt-mx	page 14, the Bella Coola form
line 240	Hank Nater	note	*tal-mixʷ (Ku02:152)	page 14, under CS Cognates
line 241	Hank Nater	note	241	page 14, the line's number
line 241	Hank Nater	translation	mother	page 14, the gloss
line 241	Bella Coola	transcription	stan	page 14, the Bella Coola form
line 241	Hank Nater	note	*tan (Ku02:152)	page 14, under CS Cognates
line 242	Hank Nater	note	242	page 14, the line's number
line 242	Hank Nater	translation	supernatural being (killer whale; song; horn)	page 14, the gloss
line 242	Bella Coola	transcription	s-yu-t	page 14, the Bella Coola form
line 242	Hank Nater	note	*yǝw ‘spirit power’ (Ku02:157)	page 14, under CS Cognates
line 243	Hank Nater	note	243	page 14, the line's number
line 243	Hank Nater	translation	non-fem. sg. identifier	page 14, the gloss
line 243	Bella Coola	transcription	ti-x	page 14, the Bella Coola form
line 243	Hank Nater	note	Sq tiᴗ‘plain article’ (Ku67:137)	page 14, under CS Cognates
line 244	Hank Nater	translation	fem. sg. identifier	page 14, the gloss, its number erased, a derivation or allomorph not counted
line 244	Bella Coola	transcription	ci-x	page 14, the Bella Coola form
line 244	Hank Nater	note	Sq ciᴗ‘fem. article’ (Ku67:137)	page 14, under CS Cognates
line 245	Hank Nater	translation	pl. identifier	page 14, the gloss, its number erased, a derivation or allomorph not counted
line 245	Bella Coola	transcription	wi-x	page 14, the Bella Coola form
line 245	Hank Nater	note	cf. tix, cix	page 14, under CS Cognates
line 246	Hank Nater	note	246	page 14, the line's number
line 246	Hank Nater	translation	dig up	page 14, the gloss
line 246	Bella Coola	transcription	tk’ʷ	page 14, the Bella Coola form
line 246	Hank Nater	note	Se tək’ʷ-t ‘to pull’ (Ti77:32)	page 14, under CS Cognates
line 247	Hank Nater	note	247	page 14, the line's number
line 247	Hank Nater	translation	dry sth	page 14, the gloss
line 247	Bella Coola	transcription	ƛ’aɬ	page 14, the Bella Coola form
line 247	Hank Nater	note	*ƛ’aɬ ‘bitter, salt’ (Ku02:143)	page 14, under CS Cognates
line 248	Hank Nater	translation	dry	page 14, the gloss, its number erased, a derivation or allomorph not counted
line 248	Bella Coola	transcription	ƛ’ɬ	page 14, the Bella Coola form
line 249	Hank Nater	note	249	page 14, the line's number
line 249	Hank Nater	translation	fast, quick	page 14, the gloss
line 249	Bella Coola	transcription	ƛ’i	page 14, the Bella Coola form
line 249	Hank Nater	note	Se ƛ’í:ƛ’i (Ti77:20)	page 14, under CS Cognates
line 250	Hank Nater	note	250	page 14, the line's number
line 250	Hank Nater	translation	sinew, tendon	page 14, the gloss
line 250	Bella Coola	transcription	ƛ’ima, *ƛ’imn	page 14, the Bella Coola form
line 250	Hank Nater	note	*ƛ’ʔimin (Ku02:143)	page 14, under CS Cognates
line 251	Hank Nater	note	251	page 14, the line's number
line 251	Hank Nater	translation	person	page 14, the gloss
line 251	Bella Coola	transcription	ƛ’ms-ta	page 14, the Bella Coola form
line 251	Hank Nater	note	Se ƛ’ms-tan ‘house’ (Ti77:17)	page 14, under CS Cognates
line 252	Hank Nater	translation	dream, have vision, be human	page 14, the gloss, its number erased, a derivation or allomorph not counted
line 252	Bella Coola	transcription	√ƛ’ms	page 14, the Bella Coola form
line 252	Hank Nater	note	see ƛ’ms-ta	page 14, under CS Cognates
line 253	Hank Nater	note	253	page 14, the line's number
line 253	Hank Nater	translation	stick up/out, protrude	page 14, the gloss
line 253	Bella Coola	transcription	√ƛ’q	page 14, the Bella Coola form
line 253	Hank Nater	note	*ƛ’ǝq ‘go outside’ (Ku02:144)	page 14, under CS Cognates
line 254	Hank Nater	note	254	page 14, the line's number
line 254	Hank Nater	translation	high; moon; month	page 14, the gloss
line 254	Bella Coola	transcription	ƛ’uk’	page 14, the Bella Coola form
line 254	Hank Nater	note	*ƛ’uk’w‘high’ (Ku02:143)	page 14, under CS Cognates
line 255	Hank Nater	note	255	page 14, the line's number
line 255	Hank Nater	translation	disappear	page 14, the gloss
line 255	Bella Coola	transcription	cx-m	page 14, the Bella Coola form
line 255	Hank Nater	note	Sq cǝxʷ (Ku67:274)	page 14, under CS Cognates
line 256	Hank Nater	note	256	page 14, the line's number
line 256	Hank Nater	translation	reach for sth	page 14, the gloss
line 256	Bella Coola	transcription	cxʷy-ak-m	page 14, the Bella Coola form
line 256	Hank Nater	note	*cixʷ ‘to reach’ (Ku02:220)	page 14, under CS Cognates
line 257	Hank Nater	note	257	page 14, the line's number
line 257	Hank Nater	translation	fem. sg. identifier	page 14, the gloss
line 257	Bella Coola	transcription	ci-x	page 14, the Bella Coola form
line 257	Hank Nater	note	Sq ciᴗ‘fem. article’ (Sq67:137)	page 14, under CS Cognates
line 258	Hank Nater	note	258	page 14, the line's number
line 258	Hank Nater	translation	poke, stab	page 14, the gloss
line 258	Bella Coola	transcription	cik’	page 14, the Bella Coola form
line 258	Hank Nater	note	Se cič’-m ‘to pick up with fork, spike’ (Ti77:31)	page 14, under CS Cognates
line 259	Hank Nater	translation	pointed, sharp, stinging	page 14, the gloss, its number erased, a derivation or allomorph not counted
line 259	Bella Coola	transcription	√ck’	page 14, the Bella Coola form
line 260	Hank Nater	note	260	page 14, the line's number
line 260	Hank Nater	translation	self	page 14, the gloss
line 260	Bella Coola	transcription	√cn	page 14, the Bella Coola form
line 260	Hank Nater	note	Se cǝ́na (Ku98:3)	page 14, under CS Cognates
line 261	Hank Nater	note	261	page 14, the line's number
line 261	Hank Nater	translation	mouth	page 14, the gloss
line 261	Bella Coola	transcription	cuca, √cucn	page 14, the Bella Coola form
line 261	Hank Nater	note	*cucin (Ku02:137)	page 14, under CS Cognates
line 262	Hank Nater	note	262	page 14, the line's number
line 262	Hank Nater	translation	five	page 14, the gloss
line 262	Bella Coola	transcription	c’íxʷ	page 14, the Bella Coola form
line 262	Hank Nater	note	*c’ixʷ (Ku02:139)	page 14, under CS Cognates
line 263	Hank Nater	note	263	page 14, the line's number
line 263	Hank Nater	translation	stuck, blocked	page 14, the gloss
line 263	Bella Coola	transcription	c’p	page 14, the Bella Coola form
line 263	Hank Nater	note	*c’ap ‘derange, interrupt’ (Ku02:139)	page 14, under CS Cognates
line 264	Hank Nater	translation	subdue sb	page 14, the gloss, its number erased, a derivation or allomorph not counted
line 264	Bella Coola	transcription	√s-c’ap	page 14, the Bella Coola form
line 265	Hank Nater	note	265	page 14, the line's number
line 265	Hank Nater	translation	dusk	page 14, the gloss
line 265	Bella Coola	transcription	c’us-m	page 14, the Bella Coola form
line 265	Hank Nater	note	Se c’úsus (Ti77:8)	page 14, under CS Cognates
§2.3.1	Hank Nater	note	Line	page 15, a column's head
§2.3.1	Hank Nater	note	Gloss	page 15, a column's head
§2.3.1	Hank Nater	note	BC	page 15, a column's head
§2.3.1	Hank Nater	note	CS Cognates	page 15, a column's head
line 266	Hank Nater	note	266	page 15, the line's number
line 266	Hank Nater	translation	white	page 15, the gloss
line 266	Bella Coola	transcription	c’χʷ	page 15, the Bella Coola form
line 266	Hank Nater	note	Se c’əχʷ ‘clean’ (Ti77:21)	page 15, under CS Cognates
line 267	Hank Nater	translation	waxberry	page 15, the gloss, its number erased, a derivation or allomorph not counted
line 267	Bella Coola	transcription	s-c’i:c’χʷ-atwala-ɬp	page 15, the Bella Coola form
line 268	Hank Nater	note	268	page 15, the line's number
line 268	Hank Nater	translation	cave	page 15, the gloss
line 268	Bella Coola	transcription	t’ap-alst	page 15, the Bella Coola form
line 268	Hank Nater	note	Se st’áp’as (Ti77:7)	page 15, under CS Cognates
line 269	Hank Nater	note	269	page 15, the line's number
line 269	Hank Nater	translation	brush, sweep	page 15, the gloss
line 269	Bella Coola	transcription	t’xʷ	page 15, the Bella Coola form
line 269	Hank Nater	note	*t’ǝxʷ (Ku02:153)	page 15, under CS Cognates
line 270	Hank Nater	note	270	page 15, the line's number
line 270	Hank Nater	translation	shoot sth	page 15, the gloss
line 270	Bella Coola	transcription	t’ksn	page 15, the Bella Coola form
line 270	Hank Nater	note	Se t’əkʷs ‘to explode’ (Ti77:28)	page 15, under CS Cognates
line 271	Hank Nater	note	271	page 15, the line's number
line 271	Hank Nater	translation	drift downstream	page 15, the gloss
line 271	Bella Coola	transcription	ʔuq’ʷ	page 15, the Bella Coola form
line 271	Hank Nater	note	*wuq’ʷ (Ku02:154)	page 15, under CS Cognates
line 272	Hank Nater	translation	downstream	page 15, the gloss, its number erased, a derivation or allomorph not counted
line 272	Bella Coola	transcription	√ʔaq’ʷ-ɬ	page 15, the Bella Coola form
line 273	Hank Nater	translation	downstream area	page 15, the gloss, its number erased, a derivation or allomorph not counted
line 273	Bella Coola	transcription	t-aq’ʷ-ɬ	page 15, the Bella Coola form
line 274	Hank Nater	note	274	page 15, the line's number
line 274	Hank Nater	translation	instep, flap of mocassin	page 15, the gloss
line 274	Bella Coola	transcription	ʔut’-ik-aɬ	page 15, the Bella Coola form
line 274	Hank Nater	note	Sq ʔút’-unʔ ‘extend’ (Ku69:95)	page 15, under CS Cognates
line 275	Hank Nater	translation	third oldest sibling	page 15, the gloss, its number erased, a derivation or allomorph not counted
line 275	Bella Coola	transcription	ʔut’itk	page 15, the Bella Coola form
line 275	Hank Nater	note	*ʔut’-i:t’k, cf. ʔut’-ik-aɬ	page 15, under CS Cognates
line 276	Hank Nater	note	276	page 15, the line's number
line 276	Hank Nater	translation	be visible, shine	page 15, the gloss
line 276	Bella Coola	transcription	√χi	page 15, the Bella Coola form
line 276	Hank Nater	note	Sq χiʔ ‘appear suddenly’ (Ku69:85)	page 15, under CS Cognates
line 277	Hank Nater	note	277	page 15, the line's number
line 277	Hank Nater	translation	raw	page 15, the gloss
line 277	Bella Coola	transcription	χic’	page 15, the Bella Coola form
line 277	Hank Nater	note	*χic’ (Ku02:155)	page 15, under CS Cognates
§2.3.1	Hank Nater	note	Line	page 15, a column's head
§2.3.1	Hank Nater	note	Gloss	page 15, a column's head
§2.3.1	Hank Nater	note	BC	page 15, a column's head
§2.3.1	Hank Nater	note	IS Cognates	page 15, a column's head
line 278	Hank Nater	note	278	page 15, the line's number
line 278	Hank Nater	translation	be audible, holler	page 15, the gloss
line 278	Bella Coola	transcription	ʔa-xʷs	page 15, the Bella Coola form
line 278	Hank Nater	note	*xʷu/ǝs ‘forceful, loud’ (cf. Ku02:196)	page 15, under IS Cognates
line 279	Hank Nater	note	279	page 15, the line's number
line 279	Hank Nater	translation	brave	page 15, the gloss
line 279	Bella Coola	transcription	ʔaɬ-ʔa:pq	page 15, the Bella Coola form
line 279	Hank Nater	note	*paq ‘having learnt through hardship’ (Ku02:177)	page 15, under IS Cognates
line 280	Hank Nater	note	280	page 15, the line's number
line 280	Hank Nater	translation	lift up	page 15, the gloss
line 280	Bella Coola	transcription	ʔapxʷ	page 15, the Bella Coola form
line 280	Hank Nater	note	*ʔapxw, xwǝp (Ku02:18)	page 15, under IS Cognates
line 281	Hank Nater	note	281	page 15, the line's number
line 281	Hank Nater	translation	nibble, gnaw	page 15, the gloss
line 281	Bella Coola	transcription	xil	page 15, the Bella Coola form
line 281	Hank Nater	note	*xil (Ku02:117)	page 15, under IS Cognates
line 282	Hank Nater	note	282	page 15, the line's number
line 282	Hank Nater	translation	try to free/untangle	page 15, the gloss
line 282	Bella Coola	transcription	xʷp	page 15, the Bella Coola form
line 282	Hank Nater	note	*xʷa/ǝp ‘unfold’ (Ku02:121)	page 15, under IS Cognates
line 283	Hank Nater	note	283	page 15, the line's number
line 283	Hank Nater	translation	unhook, untangle	page 15, the gloss
line 283	Bella Coola	transcription	xʷp’	page 15, the Bella Coola form
line 283	Hank Nater	note	*xʷp’ (Ku02:121)	page 15, under IS Cognates
line 284	Hank Nater	note	284	page 15, the line's number
line 284	Hank Nater	translation	shaded pool with fish	page 15, the gloss
line 284	Bella Coola	transcription	ʔiɬixʷ	page 15, the Bella Coola form
line 284	Hank Nater	note	*ɬǝ/uxʷ ‘thicket, bushes’ (Ku02:171)	page 15, under IS Cognates
line 285	Hank Nater	note	285	page 15, the line's number
line 285	Hank Nater	translation	morning	page 15, the gloss
line 285	Bella Coola	transcription	ʔinaxʷ	page 15, the Bella Coola form
line 285	Hank Nater	note	Li natxʷ ‘yesterday’ (Van Eijk, p.c.)	page 15, under IS Cognates
line 286	Hank Nater	note	286	page 15, the line's number
line 286	Hank Nater	translation	haul, tow	page 15, the gloss
line 286	Bella Coola	transcription	Ɂit-qʷu	page 15, the Bella Coola form
line 286	Hank Nater	note	*qʷəw ‘slide, crawl’ (Ku02:168)	page 15, under IS Cognates
line 287	Hank Nater	note	287	page 15, the line's number
line 287	Hank Nater	translation	rub, scrub	page 15, the gloss
line 287	Bella Coola	transcription	ʔic	page 15, the Bella Coola form
line 287	Hank Nater	note	*ya/ǝc ‘rub’ (Ku02:130)	page 15, under IS Cognates
line 288	Hank Nater	note	288	page 15, the line's number
line 288	Hank Nater	translation	draw straight line on	page 15, the gloss
line 288	Bella Coola	transcription	kx	page 15, the Bella Coola form
line 288	Hank Nater	note	*kǝx ‘walk along, follow’ (Ku02:165)	page 15, under IS Cognates
line 289	Hank Nater	note	289	page 15, the line's number
line 289	Hank Nater	translation	fall, drop	page 15, the gloss
line 289	Bella Coola	transcription	kɬ	page 15, the Bella Coola form
line 289	Hank Nater	note	*kǝɬ ‘come off, apart’ (Ku02:37)	page 15, under IS Cognates
line 290	Hank Nater	note	290	page 15, the line's number
line 290	Hank Nater	translation	skewer	page 15, the gloss
line 290	Bella Coola	transcription	kʷup’	page 15, the Bella Coola form
line 290	Hank Nater	note	*k’ʷup’ ‘bar, rod’ (Ku02:49)	page 15, under IS Cognates
line 291	Hank Nater	note	291	page 15, the line's number
line 291	Hank Nater	translation	bow of boat	page 15, the gloss
line 291	Bella Coola	transcription	k’anawiɬ	page 15, the Bella Coola form
line 291	Hank Nater	note	*√k’ǝm empty root + -awiɬ ‘canoe’ (Ku02:166,210)	page 15, under IS Cognates
§2.3.1	Hank Nater	note	Line	page 16, a column's head
§2.3.1	Hank Nater	note	Gloss	page 16, a column's head
§2.3.1	Hank Nater	note	BC	page 16, a column's head
§2.3.1	Hank Nater	note	IS Cognates	page 16, a column's head
line 292	Hank Nater	note	292	page 16, the line's number
line 292	Hank Nater	translation	go through narrow passage	page 16, the gloss
line 292	Bella Coola	transcription	√ɬχʷ	page 16, the Bella Coola form
line 292	Hank Nater	note	*ɬǝχʷ ‘pass through hole, escape’ (Ku02:61)	page 16, under IS Cognates
line 293	Hank Nater	note	293	page 16, the line's number
line 293	Hank Nater	translation	erase	page 16, the gloss
line 293	Bella Coola	transcription	mil, ml	page 16, the Bella Coola form
line 293	Hank Nater	note	Sh *ml (Ku02:66)	page 16, under IS Cognates
line 294	Hank Nater	note	294	page 16, the line's number
line 294	Hank Nater	translation	fish weir made of cedar sticks	page 16, the gloss
line 294	Bella Coola	transcription	mu	page 16, the Bella Coola form
line 294	Hank Nater	note	Sh muʔ ‘weir, fish trap’ (Ku02:65)	page 16, under IS Cognates
line 295	Hank Nater	note	295	page 16, the line's number
line 295	Hank Nater	translation	feel, touch	page 16, the gloss
line 295	Bella Coola	transcription	mus	page 16, the Bella Coola form
line 295	Hank Nater	note	*mus (Ku02:69)	page 16, under IS Cognates
line 296	Hank Nater	note	296	page 16, the line's number
line 296	Hank Nater	translation	have a cramp	page 16, the gloss
line 296	Bella Coola	transcription	nix:niq’χ-m	page 16, the Bella Coola form
line 296	Hank Nater	note	*q’iχ ‘strong, hard, tight, etc.’ (Ku02:181)	page 16, under IS Cognates
line 297	Hank Nater	note	297	page 16, the line's number
line 297	Hank Nater	translation	shirt, dress	page 16, the gloss
line 297	Bella Coola	transcription	nup	page 16, the Bella Coola form
line 297	Hank Nater	note	*wǝp ‘hair, fur, cover’ (Ku02:193)	page 16, under IS Cognates
line 298	Hank Nater	note	298	page 16, the line's number
line 298	Hank Nater	translation	to boil	page 16, the gloss
line 298	Bella Coola	transcription	nu-pa:pnt	page 16, the Bella Coola form
line 298	Hank Nater	note	*pǝt (Ku02:75)	page 16, under IS Cognates
line 299	Hank Nater	note	299	page 16, the line's number
line 299	Hank Nater	translation	cover, shelter	page 16, the gloss
line 299	Bella Coola	transcription	nu-s-ƛ’ikʷ	page 16, the Bella Coola form
line 299	Hank Nater	note	*ƛ’ikʷ (Ku02:62)	page 16, under IS Cognates
line 300	Hank Nater	note	300	page 16, the line's number
line 300	Hank Nater	translation	look back, wait up	page 16, the gloss
line 300	Bella Coola	transcription	√nu-cik’lam	page 16, the Bella Coola form
line 300	Hank Nater	note	Sh c-k’l-em ‘wait’ (Ku74:215)	page 16, under IS Cognates
line 301	Hank Nater	note	301	page 16, the line's number
line 301	Hank Nater	translation	come	page 16, the gloss
line 301	Bella Coola	transcription	puƛ’	page 16, the Bella Coola form
line 301	Hank Nater	note	*p’ut’ ‘come out, emerge’ (Ku98:2, Ku74:137)	page 16, under IS Cognates
line 302	Hank Nater	note	302	page 16, the line's number
line 302	Hank Nater	translation	poke, stir, rummage, search	page 16, the gloss
line 302	Bella Coola	transcription	puχ	page 16, the Bella Coola form
line 302	Hank Nater	note	*pǝʕʷ ‘prod, knock’ (Ku02:78)	page 16, under IS Cognates
line 303	Hank Nater	note	303	page 16, the line's number
line 303	Hank Nater	translation	apply steam to	page 16, the gloss
line 303	Bella Coola	transcription	p’iiχ	page 16, the Bella Coola form
line 303	Hank Nater	note	*p’iχ ‘burn, sear’ (Ku02:179)	page 16, under IS Cognates
line 304	Hank Nater	note	304	page 16, the line's number
line 304	Hank Nater	translation	make marks on, write	page 16, the gloss
line 304	Bella Coola	transcription	qʷuɬ	page 16, the Bella Coola form
line 304	Hank Nater	note	*qʷǝl/ɬ, qʷul/ɬ ‘(mark with) dust, ashes’ (Ku02:182)	page 16, under IS Cognates
line 305	Hank Nater	note	305	page 16, the line's number
line 305	Hank Nater	translation	bare, empty	page 16, the gloss
line 305	Bella Coola	transcription	q’ʷp	page 16, the Bella Coola form
line 305	Hank Nater	note	*q’ʷǝ(m)p ‘be all gone’ (Ku02:185)	page 16, under IS Cognates
line 306	Hank Nater	note	306	page 16, the line's number
line 306	Hank Nater	translation	rank, rancid	page 16, the gloss
line 306	Bella Coola	transcription	q’χ	page 16, the Bella Coola form
line 306	Hank Nater	note	*q’iχ ‘strong, hard, tight etc.’ (Ku02:181)	page 16, under IS Cognates
line 307	Hank Nater	note	307	page 16, the line's number
line 307	Hank Nater	translation	undo, untie	page 16, the gloss
line 307	Bella Coola	transcription	sk’ʷ	page 16, the Bella Coola form
line 307	Hank Nater	note	Sh sǝk’ʷ-min’ ‘knife’, sik’ʷ-m ‘to chip’ (Ku74:186)	page 16, under IS Cognates
line 308	Hank Nater	note	308	page 16, the line's number
line 308	Hank Nater	translation	slice, cut boards	page 16, the gloss
line 308	Bella Coola	transcription	sl	page 16, the Bella Coola form
line 308	Hank Nater	note	*sǝl ‘peel off’ (Ku02:185)	page 16, under IS Cognates
line 310	Hank Nater	translation	sliced & smoked salmon	page 16, the gloss, its number erased, a derivation or allomorph not counted
line 310	Bella Coola	transcription	sl(-)aq’-k	page 16, the Bella Coola form
line 310	Hank Nater	note	310	page 16, the line's number
line 310	Hank Nater	translation	greed, avarice	page 16, the gloss
line 310	Bella Coola	transcription	√s-q’am-ta	page 16, the Bella Coola form
line 310	Hank Nater	note	*q’ǝ/am ‘covet, crave’ (Ku02:180)	page 16, under IS Cognates
line 311	Hank Nater	note	311	page 16, the line's number
line 311	Hank Nater	translation	wart	page 16, the gloss
line 311	Bella Coola	transcription	s-ƛ’kʷ	page 16, the Bella Coola form
line 311	Hank Nater	note	*ƛ’ǝkʷ ‘spot’ (Ku02:172)	page 16, under IS Cognates
line 312	Hank Nater	note	312	page 16, the line's number
line 312	Hank Nater	translation	lyrics, words to a song	page 16, the gloss
line 312	Bella Coola	transcription	s-cuɬ-k	page 16, the Bella Coola form
line 312	Hank Nater	note	Sh *cuɬ ‘show, point’ (Ku74:169)	page 16, under IS Cognates
line 313	Hank Nater	note	313	page 16, the line's number
line 313	Hank Nater	translation	arrow for hunting grouse	page 16, the gloss
line 313	Bella Coola	transcription	s-c’ay-uc	page 16, the Bella Coola form
line 313	Hank Nater	note	*c’ǝl ‘arrow’ (Ku02:162)	page 16, under IS Cognates
line 314	Hank Nater	note	314	page 16, the line's number
line 314	Hank Nater	translation	rough, thorny, prickly	page 16, the gloss
line 314	Bella Coola	transcription	√s-c’l	page 16, the Bella Coola form
line 314	Hank Nater	note	*c’ǝl ‘arrow’ (Ku02:162)	page 16, under IS Cognates
line 315	Hank Nater	note	315	page 16, the line's number
line 315	Hank Nater	translation	wind blows	page 16, the gloss
line 315	Bella Coola	transcription	√suk’, √suk’ʷ	page 16, the Bella Coola form
line 315	Hank Nater	note	*suk’ʷ ‘be blown along’ (Ku02:98)	page 16, under IS Cognates
line 316	Hank Nater	note	316	page 16, the line's number
line 316	Hank Nater	translation	spine	page 16, the gloss
line 316	Bella Coola	transcription	s-χp’-ik	page 16, the Bella Coola form
line 316	Hank Nater	note	*χǝp’ ‘to sew, lace, fasten’ (Ku02:197)	page 16, under IS Cognates
§2.3.1	Hank Nater	note	Line	page 17, a column's head
§2.3.1	Hank Nater	note	Gloss	page 17, a column's head
§2.3.1	Hank Nater	note	BC	page 17, a column's head
§2.3.1	Hank Nater	note	IS Cognates	page 17, a column's head
line 317	Hank Nater	note	317	page 17, the line's number
line 317	Hank Nater	translation	press, put hand down on	page 17, the gloss
line 317	Bella Coola	transcription	√tac’	page 17, the Bella Coola form
line 317	Hank Nater	note	*t’ac’ ‘smooth, press’ (Ku02:189)	page 17, under IS Cognates
line 318	Hank Nater	note	318	page 17, the line's number
line 318	Hank Nater	translation	scoop, bail	page 17, the gloss
line 318	Bella Coola	transcription	√ƛ’ql(a)	page 17, the Bella Coola form
line 318	Hank Nater	note	*ƛ’ǝq ‘dig up/out’ (Ku02:172)	page 17, under IS Cognates
line 319	Hank Nater	note	319	page 17, the line's number
line 319	Hank Nater	translation	hang sth over sth	page 17, the gloss
line 319	Bella Coola	transcription	tqʷ-m	page 17, the Bella Coola form
line 319	Hank Nater	note	*tǝqʷ ‘indented, arched’ (Ku02:188)	page 17, under IS Cognates
line 320	Hank Nater	note	320	page 17, the line's number
line 320	Hank Nater	translation	subterranean dwelling, “kickwillie”	page 17, the gloss
line 320	Bella Coola	transcription	cipa	page 17, the Bella Coola form
line 320	Hank Nater	note	*cipwn (Ku02:24)	page 17, under IS Cognates
line 321	Hank Nater	note	321	page 17, the line's number
line 321	Hank Nater	translation	ribs	page 17, the gloss
line 321	Bella Coola	transcription	ck’ɬp	page 17, the Bella Coola form
line 321	Hank Nater	note	ck’a/ǝɬp (Ku02:23)	page 17, under IS Cognates
line 322	Hank Nater	note	322	page 17, the line's number
line 322	Hank Nater	translation	begin doing sth	page 17, the gloss
line 322	Bella Coola	transcription	cqʷ	page 17, the Bella Coola form
line 322	Hank Nater	note	*cǝqʷ, qʷǝc (Ku02:25)	page 17, under IS Cognates
line 323	Hank Nater	note	323	page 17, the line's number
line 323	Hank Nater	translation	call of kʷa:kʷas	page 17, the gloss
line 323	Bella Coola	transcription	c’it	page 17, the Bella Coola form
line 323	Hank Nater	note	Li c’it ‘whistle hawk/nightbird’ (DE12:23)	page 17, under IS Cognates
line 324	Hank Nater	note	324	page 17, the line's number
line 324	Hank Nater	translation	quiver for arrows	page 17, the gloss
line 324	Bella Coola	transcription	c’ulapla	page 17, the Bella Coola form
line 324	Hank Nater	note	*c’əl-aplaʔ ‘arrow- accessory’ (Ku02:162,213)	page 17, under IS Cognates
line 325	Hank Nater	note	325	page 17, the line's number
line 325	Hank Nater	translation	real, true, credible	page 17, the gloss
line 325	Bella Coola	transcription	√c’χ(a)	page 17, the Bella Coola form
line 325	Hank Nater	note	*ʔac’χ, c’aχ ‘look at’ (Ku02:158)	page 17, under IS Cognates
line 326	Hank Nater	note	326	page 17, the line's number
line 326	Hank Nater	translation	bleed	page 17, the gloss
line 326	Bella Coola	transcription	t’kʷ	page 17, the Bella Coola form
line 326	Hank Nater	note	*t’ǝkʷ (Ku02:109)	page 17, under IS Cognates
line 327	Hank Nater	translation	sanitary towel	page 17, the gloss, its number erased, a derivation or allomorph not counted
line 327	Bella Coola	transcription	t’akʷ	page 17, the Bella Coola form
line 328	Hank Nater	note	328	page 17, the line's number
line 328	Hank Nater	translation	dead, decayed	page 17, the gloss
line 328	Bella Coola	transcription	χm	page 17, the Bella Coola form
line 328	Hank Nater	note	*χǝm’ ‘dry’ (Ku02:197)	page 17, under IS Cognates
line 329	Hank Nater	note	*ɣǝl ‘strong, vigorous’	page 17, under IS Cognates
line 329	Hank Nater	note	329	page 17, the line's number
line 329	Hank Nater	translation	be (a) brave	page 17, the gloss
line 329	Bella Coola	transcription	yalit, yallit	page 17, the Bella Coola form
line 329	Hank Nater	note	(Ku02:201)	page 17, under IS Cognates
line 330	Hank Nater	translation	good swimmer	page 17, the gloss, its number erased, a derivation or allomorph not counted
line 330	Bella Coola	transcription	yalli	page 17, the Bella Coola form
line 331	Hank Nater	note	331	page 17, the line's number
line 331	Hank Nater	translation	happy	page 17, the gloss
line 331	Bella Coola	transcription	ya:yaatwi	page 17, the Bella Coola form
line 331	Hank Nater	note	Sh yʕ:yeʕt (Ku74:272), * -(ǝ)wǝn	page 17, under IS Cognates
§2.3.1	Hank Nater	note	For (201) * *ns > *nc and formative *-ǝn, cf. Na84:22 and items 198, 217, 218, 222, 499. Again (cf. 2.2.1), the difference in number between CS- and IS-related words (80 vs. 51) is much smaller than implied by Kuipers’ statement “words with cognates in the rest of CS and unattested for IS are three times as numerous as those with cognates in Interior Salish only” (p. 9). For items 192 and 331, see section 3.	page 17
§2.3.1	Bella Coola	cited form	*-ǝn	page 17, in italics
§2.3.2	Hank Nater	heading	2.3.2 PS cognates	page 17
§2.3.2	Hank Nater	note	The 169 items listed below are, along with the ones listed in 2.2.1 (IS), 2.2.2 and 2.3.1 (IS), the only BC words that can be considered as being of PS origin.	page 17
§2.3.2	Hank Nater	note	Line	page 17, a column's head
§2.3.2	Hank Nater	note	Gloss	page 17, a column's head
§2.3.2	Hank Nater	note	BC	page 17, a column's head
§2.3.2	Hank Nater	note	PS Cognates	page 17, a column's head
line 332	Hank Nater	note	332	page 17, the line's number
line 332	Hank Nater	translation	some	page 17, the gloss
line 332	Bella Coola	transcription	ʔaxʷɬ	page 17, the Bella Coola form
line 332	Hank Nater	note	*ʔi/axʷəl (Ku02:21)	page 17, under PS Cognates
line 333	Hank Nater	note	333	page 17, the line's number
line 333	Hank Nater	translation	wander, roam	page 17, the gloss
line 333	Bella Coola	transcription	ʔal=lx	page 17, the Bella Coola form
line 333	Hank Nater	note	*ʔal ‘be alive’ (Ku02:15)	page 17, under PS Cognates
line 334	Hank Nater	translation	be thus	page 17, the gloss, its number erased, a derivation or allomorph not counted
line 334	Bella Coola	transcription	√ʔay	page 17, the Bella Coola form
§2.3.2	Hank Nater	note	Line	page 18, a column's head
§2.3.2	Hank Nater	note	Gloss	page 18, a column's head
§2.3.2	Hank Nater	note	BC	page 18, a column's head
§2.3.2	Hank Nater	note	PS Cognates	page 18, a column's head
line 335	Hank Nater	note	335	page 18, the line's number
line 335	Hank Nater	translation	wait for sb	page 18, the gloss
line 335	Bella Coola	transcription	ʔaɬ-k’iɬ-tu-	page 18, the Bella Coola form
line 335	Hank Nater	note	*k’al ‘attend, wait’ (Ku02:41)	page 18, under PS Cognates
line 336	Hank Nater	note	336	page 18, the line's number
line 336	Hank Nater	translation	leaves are fluttering	page 18, the gloss
line 336	Bella Coola	transcription	ʔaɬ-yaxʷ-m-aaχ	page 18, the Bella Coola form
line 336	Hank Nater	note	*laxw‘shake’ (Ku02:54)	page 18, under PS Cognates
line 337	Hank Nater	note	337	page 18, the line's number
line 337	Hank Nater	translation	serve oneself	page 18, the gloss
line 337	Bella Coola	transcription	ʔam-uɬ	page 18, the Bella Coola form
line 337	Hank Nater	note	*ʔu/am ‘feed’ (Ku02:16)	page 18, under PS Cognates
line 338	Hank Nater	note	338	page 18, the line's number
line 338	Hank Nater	translation	swing	page 18, the gloss
line 338	Bella Coola	transcription	ʔa:q’a(a)txyu	page 18, the Bella Coola form
line 338	Hank Nater	note	*q’at’-xǝn ‘hoist by foot’ (Ku02:89,211) + *-iw	page 18, under PS Cognates
line 339	Hank Nater	note	339	page 18, the line's number
line 339	Hank Nater	translation	be outside	page 18, the gloss
line 339	Bella Coola	transcription	ʔa-sqa	page 18, the Bella Coola form
line 339	Hank Nater	note	*ʔacq (Ku02:15)	page 18, under PS Cognates
line 340	Hank Nater	translation	go outside	page 18, the gloss, its number erased, a derivation or allomorph not counted
line 340	Bella Coola	transcription	ʔu-sqa, *ʔu-sqn	page 18, the Bella Coola form
line 341	Hank Nater	note	341	page 18, the line's number
line 341	Hank Nater	translation	die	page 18, the gloss
line 341	Bella Coola	transcription	ʔatma, *ʔatmn	page 18, the Bella Coola form
line 341	Hank Nater	note	*ʔa-təmən, tumn (Ku02:105)	page 18, under PS Cognates
line 342	Hank Nater	translation	sleep	page 18, the gloss, its number erased, a derivation or allomorph not counted
line 342	Bella Coola	transcription	cituma, √citumn	page 18, the Bella Coola form
line 343	Hank Nater	note	343	page 18, the line's number
line 343	Hank Nater	translation	blind	page 18, the gloss
line 343	Bella Coola	transcription	ʔaw:k’aw-aɬ	page 18, the Bella Coola form
line 343	Hank Nater	note	*k’aw ‘old, decrepit’ (Ku02:43)	page 18, under PS Cognates
line 344	Hank Nater	note	344	page 18, the line's number
line 344	Hank Nater	translation	follow	page 18, the gloss
line 344	Bella Coola	transcription	ʔawɬ	page 18, the Bella Coola form
line 344	Hank Nater	note	*ʔaw (Ku02:20)	page 18, under PS Cognates
line 345	Hank Nater	note	345	page 18, the line's number
line 345	Hank Nater	translation	cough	page 18, the gloss
line 345	Bella Coola	transcription	ʔaχχʷut	page 18, the Bella Coola form
line 345	Hank Nater	note	*ʔǝχʷuʔ (Ku02:22)	page 18, under PS Cognates
line 346	Hank Nater	note	346	page 18, the line's number
line 346	Hank Nater	translation	alter, (ex)change	page 18, the gloss
line 346	Bella Coola	transcription	√ʔay(aw/u)	page 18, the Bella Coola form
line 346	Hank Nater	note	*ʔay (Ku02:22)	page 18, under PS Cognates
line 347	Hank Nater	note	347	page 18, the line's number
line 347	Hank Nater	translation	guardian spirit, guidance	page 18, the gloss
line 347	Bella Coola	transcription	xmanwas	page 18, the Bella Coola form
line 347	Hank Nater	note	*xǝm-an-was ‘other side, alter ego’ (Ku02:117)	page 18, under PS Cognates
line 348	Hank Nater	note	348	page 18, the line's number
line 348	Hank Nater	translation	bathe sb	page 18, the gloss
line 348	Bella Coola	transcription	xʷuk’, *xʷuuk	page 18, the Bella Coola form
line 348	Hank Nater	note	*xʷuk’ʷ (Ku02:119)	page 18, under PS Cognates
line 349	Hank Nater	note	349	page 18, the line's number
line 349	Hank Nater	translation	drill	page 18, the gloss
line 349	Bella Coola	transcription	√xʷul	page 18, the Bella Coola form
line 349	Hank Nater	note	*xʷul (Ku02:120)	page 18, under PS Cognates
line 350	Hank Nater	note	350	page 18, the line's number
line 350	Hank Nater	translation	mother of illegitimate child	page 18, the gloss
line 350	Bella Coola	transcription	ʔixʷuɬ	page 18, the Bella Coola form
line 350	Hank Nater	note	*s-ʔixwaɬ ‘child’ (Ku02:21)	page 18, under PS Cognates
line 351	Hank Nater	note	351	page 18, the line's number
line 351	Hank Nater	translation	burn	page 18, the gloss
line 351	Bella Coola	transcription	ʔiiχʷ, *ʔiiqʷ	page 18, the Bella Coola form
line 351	Hank Nater	note	*yǝqʷ, hǝyqʷ ‘fire’ (Ku02:132)	page 18, under PS Cognates
line 352	Hank Nater	translation	glowing charcoal	page 18, the gloss, its number erased, a derivation or allomorph not counted
line 352	Bella Coola	transcription	s-ʔiχʷ-aɬ-kʷ	page 18, the Bella Coola form
line 353	Hank Nater	translation	fire	page 18, the gloss, its number erased, a derivation or allomorph not counted
line 353	Bella Coola	transcription	niiχʷ, *niiqʷ	page 18, the Bella Coola form
line 354	Hank Nater	note	354	page 18, the line's number
line 354	Hank Nater	translation	pass, go around	page 18, the gloss
line 354	Bella Coola	transcription	√ʔil	page 18, the Bella Coola form
line 354	Hank Nater	note	*yǝl ‘to roll’ (Ku02:130- 131)	page 18, under PS Cognates
line 355	Hank Nater	translation	turn around and go back	page 18, the gloss, its number erased, a derivation or allomorph not counted
line 355	Bella Coola	transcription	nu-lm-aaχ	page 18, the Bella Coola form
line 356	Hank Nater	translation	round, spherical	page 18, the gloss, its number erased, a derivation or allomorph not counted
line 356	Bella Coola	transcription	√yalq, *yalχ	page 18, the Bella Coola form
line 357	Hank Nater	translation	turn, rotate, roll sth	page 18, the gloss, its number erased, a derivation or allomorph not counted
line 357	Bella Coola	transcription	√yul	page 18, the Bella Coola form
line 358	Hank Nater	translation	cause to disappear	page 18, the gloss, its number erased, a derivation or allomorph not counted
line 358	Bella Coola	transcription	nu-yul-aaχ	page 18, the Bella Coola form
line 359	Hank Nater	note	359	page 18, the line's number
line 359	Hank Nater	translation	put cover over	page 18, the gloss
line 359	Bella Coola	transcription	√ʔilt	page 18, the Bella Coola form
line 359	Hank Nater	note	*yǝl-t ‘place a vessel (dish, plate)’ (cf. Ku02:131)	page 18, under PS Cognates
line 360	Hank Nater	note	360	page 18, the line's number
line 360	Hank Nater	translation	what did he say?	page 18, the gloss
line 360	Bella Coola	transcription	ʔinutᴗʔiks	page 18, the Bella Coola form
line 360	Hank Nater	note	*ʔinwat (Ku02:18)	page 18, under PS Cognates
line 361	Hank Nater	note	361	page 18, the line's number
line 361	Hank Nater	translation	grab, catch, hold, pinch, squeeze	page 18, the gloss
line 361	Bella Coola	transcription	ʔip’	page 18, the Bella Coola form
line 361	Hank Nater	note	*p’ǝy (Ku02:82)	page 18, under PS Cognates
line 362	Hank Nater	note	362	page 18, the line's number
line 362	Hank Nater	translation	rasp, file	page 18, the gloss
line 362	Bella Coola	transcription	ʔiq’ʷ-uc	page 18, the Bella Coola form
line 362	Hank Nater	note	*ʔi/aq’ʷ ‘scrape’ (Ku02:19)	page 18, under PS Cognates
§2.3.2	Hank Nater	note	Line	page 19, a column's head
§2.3.2	Hank Nater	note	Gloss	page 19, a column's head
§2.3.2	Hank Nater	note	BC	page 19, a column's head
§2.3.2	Hank Nater	note	PS Cognates	page 19, a column's head
line 363	Hank Nater	note	363	page 19, the line's number
line 363	Hank Nater	translation	shift, move	page 19, the gloss
line 363	Bella Coola	transcription	ʔiƛ’	page 19, the Bella Coola form
line 363	Hank Nater	note	*yǝƛ’ ‘come down, descend’ (Ku02:131)	page 19, under PS Cognates
line 364	Hank Nater	note	364	page 19, the line's number
line 364	Hank Nater	translation	blanket	page 19, the gloss
line 364	Bella Coola	transcription	ʔic’-ama, ʔic’a-mni	page 19, the Bella Coola form
line 364	Hank Nater	note	*ʔic’-am (Ku02:15)	page 19, under PS Cognates
line 365	Hank Nater	translation	sheet	page 19, the gloss, its number erased, a derivation or allomorph not counted
line 365	Bella Coola	transcription	s-ic’-m	page 19, the Bella Coola form
line 366	Hank Nater	note	366	page 19, the line's number
line 366	Hank Nater	translation	grind, apply friction to	page 19, the gloss
line 366	Bella Coola	transcription	ʔiχ	page 19, the Bella Coola form
line 366	Hank Nater	note	*yǝʕ, ʔiʕ (Ku02:133)	page 19, under PS Cognates
line 367	Hank Nater	note	367	page 19, the line's number
line 367	Hank Nater	translation	which is it?	page 19, the gloss
line 367	Bella Coola	transcription	kaᴗks	page 19, the Bella Coola form
line 367	Hank Nater	note	*ka(n) ‘where?’ (Ku02:37)	page 19, under PS Cognates
line 368	Hank Nater	translation	unspecified location	page 19, the gloss, its number erased, a derivation or allomorph not counted
line 368	Bella Coola	transcription	√kan	page 19, the Bella Coola form
line 369	Hank Nater	translation	where is it?	page 19, the gloss, its number erased, a derivation or allomorph not counted
line 369	Bella Coola	transcription	wi-ka(-l)ᴗks	page 19, the Bella Coola form
line 370	Hank Nater	note	370	page 19, the line's number
line 370	Hank Nater	translation	right, straight; find, meet	page 19, the gloss
line 370	Bella Coola	transcription	√kal	page 19, the Bella Coola form
line 370	Hank Nater	note	*kal ‘go after, follow, chase’ (Ku02:36)	page 19, under PS Cognates
line 371	Hank Nater	note	371	page 19, the line's number
line 371	Hank Nater	translation	be hit, bumped, hurt	page 19, the gloss
line 371	Bella Coola	transcription	√kan	page 19, the Bella Coola form
line 371	Hank Nater	note	*kǝn ‘touch, bump, hit’ (Ku02:37)	page 19, under PS Cognates
line 372	Hank Nater	note	372	page 19, the line's number
line 372	Hank Nater	translation	grandmother	page 19, the gloss
line 372	Bella Coola	transcription	ki:kya	page 19, the Bella Coola form
line 372	Hank Nater	note	*kayaʔ (Ku02:39)	page 19, under PS Cognates
line 373	Hank Nater	note	373	page 19, the line's number
line 373	Hank Nater	translation	grandfather	page 19, the gloss
line 373	Bella Coola	transcription	kʷu:kʷpi	page 19, the Bella Coola form
line 373	Hank Nater	note	*kupiʔ ‘elder’ (Ka02:46)	page 19, under PS Cognates
line 374	Hank Nater	note	374	page 19, the line's number
line 374	Hank Nater	translation	borrow	page 19, the gloss
line 374	Bella Coola	transcription	√kʷul	page 19, the Bella Coola form
line 374	Hank Nater	note	*kʷul (Ku02:45)	page 19, under PS Cognates
line 375	Hank Nater	note	375	page 19, the line's number
line 375	Hank Nater	translation	warm, hot	page 19, the gloss
line 375	Bella Coola	transcription	kʷl	page 19, the Bella Coola form
line 375	Hank Nater	note	*kʷǝl (Ku02:44)	page 19, under PS Cognates
line 376	Hank Nater	note	376	page 19, the line's number
line 376	Hank Nater	translation	thick, bulky	page 19, the gloss
line 376	Bella Coola	transcription	kʷm	page 19, the Bella Coola form
line 376	Hank Nater	note	*kʷǝm ‘heap, lump(y)’ (Ku02:45)	page 19, under PS Cognates
line 377	Hank Nater	note	377	page 19, the line's number
line 377	Hank Nater	translation	get, take, bring	page 19, the gloss
line 377	Bella Coola	transcription	kʷn	page 19, the Bella Coola form
line 377	Hank Nater	note	*kʷa/ǝn (Ku02:46)	page 19, under PS Cognates
line 378	Hank Nater	translation	buy	page 19, the gloss, its number erased, a derivation or allomorph not counted
line 378	Bella Coola	transcription	ʔa-kʷa, √ʔa-kʷn	page 19, the Bella Coola form
line 379	Hank Nater	note	379	page 19, the line's number
line 379	Hank Nater	translation	point at	page 19, the gloss
line 379	Bella Coola	transcription	k’ʷn	page 19, the Bella Coola form
line 379	Hank Nater	note	*k’ʷǝ/an ‘look at, aim at’ (Ku02:49)	page 19, under PS Cognates
line 380	Hank Nater	note	380	page 19, the line's number
line 380	Hank Nater	translation	right, straight	page 19, the gloss
line 380	Bella Coola	transcription	k’ʷp	page 19, the Bella Coola form
line 380	Hank Nater	note	*k’ʷǝp (Ku02:49)	page 19, under PS Cognates
line 381	Hank Nater	translation	(re)arrange, restore	page 19, the gloss, its number erased, a derivation or allomorph not counted
line 381	Bella Coola	transcription	√k’ʷpst	page 19, the Bella Coola form
line 382	Bella Coola	transcription	k’an-k-ʷuus (‘…	page 19, the Bella Coola form
line 382	Hank Nater	note	*k’ǝl ‘cut through’	page 19, under PS Cognates
line 382	Hank Nater	note	382	page 19, the line's number
line 382	Hank Nater	translation	deadfall	page 19, the gloss
line 382	Bella Coola	transcription	on top of head’)	page 19, the Bella Coola form
line 382	Hank Nater	note	(Ku02:40)	page 19, under PS Cognates
line 383	Hank Nater	note	383	page 19, the line's number
line 383	Hank Nater	translation	erode	page 19, the gloss
line 383	Bella Coola	transcription	k’ip	page 19, the Bella Coola form
line 383	Hank Nater	note	*k’ǝp(xʷ) ‘break, gouge out’ (Ku02:42)	page 19, under PS Cognates
line 384	Hank Nater	note	384	page 19, the line's number
line 384	Hank Nater	translation	bite	page 19, the gloss
line 384	Bella Coola	transcription	k’m	page 19, the Bella Coola form
line 384	Hank Nater	note	*k’ǝm (Ku02:41)	page 19, under PS Cognates
line 385	Hank Nater	note	385	page 19, the line's number
line 385	Hank Nater	translation	loose	page 19, the gloss
line 385	Bella Coola	transcription	law	page 19, the Bella Coola form
line 385	Hank Nater	note	*lǝw ‘to come off’ (Ku02:53)	page 19, under PS Cognates
line 386	Hank Nater	translation	come off, peel	page 19, the gloss, its number erased, a derivation or allomorph not counted
line 386	Bella Coola	transcription	√lu	page 19, the Bella Coola form
line 387	Hank Nater	note	387	page 19, the line's number
line 387	Hank Nater	translation	spur, incite, awake sb	page 19, the gloss
line 387	Bella Coola	transcription	ɬxʷ	page 19, the Bella Coola form
line 387	Hank Nater	note	*laxw, xwal ‘shake, hurry’ (Ku02:54)	page 19, under PS Cognates
line 388	Hank Nater	translation	hurry sb	page 19, the gloss, its number erased, a derivation or allomorph not counted
line 388	Bella Coola	transcription	√ʔaɬ:ʔaɬxʷ	page 19, the Bella Coola form
line 389	Hank Nater	note	389	page 19, the line's number
line 389	Hank Nater	translation	close, cover	page 19, the gloss
line 389	Bella Coola	transcription	√ɬxʷ	page 19, the Bella Coola form
line 389	Hank Nater	note	*ɬǝxʷ ‘draw on, wear’ (Ku02:61)	page 19, under PS Cognates
line 390	Hank Nater	note	390	page 19, the line's number
line 390	Hank Nater	translation	take away from sb	page 19, the gloss
line 390	Bella Coola	transcription	ɬima	page 19, the Bella Coola form
line 390	Hank Nater	note	*ɬim ‘to detach’ (Ku02:58)	page 19, under PS Cognates
§2.3.2	Hank Nater	note	Line	page 20, a column's head
§2.3.2	Hank Nater	note	Gloss	page 20, a column's head
§2.3.2	Hank Nater	note	BC	page 20, a column's head
§2.3.2	Hank Nater	note	PS Cognates	page 20, a column's head
line 391	Hank Nater	note	391	page 20, the line's number
line 391	Hank Nater	translation	pull off	page 20, the gloss
line 391	Bella Coola	transcription	ɬk’	page 20, the Bella Coola form
line 391	Hank Nater	note	*ɬik’ ‘cut, sever’ (Ku02:57)	page 20, under PS Cognates
line 392	Hank Nater	note	392	page 20, the line's number
line 392	Hank Nater	translation	two	page 20, the gloss
line 392	Bella Coola	transcription	ɬnús	page 20, the Bella Coola form
line 392	Hank Nater	note	*(ʔa)ɬ-ǝn-wǝs ‘pair’ (Ku02:210)	page 20, under PS Cognates
line 393	Hank Nater	translation	two	page 20, the gloss, its number erased, a derivation or allomorph not counted
line 393	Bella Coola	transcription	√ɬwaas	page 20, the Bella Coola form
line 393	Hank Nater	note	*(ʔa)ɬ-waʔs	page 20, under PS Cognates
line 394	Hank Nater	note	394	page 20, the line's number
line 394	Hank Nater	translation	erode, collapse	page 20, the gloss
line 394	Bella Coola	transcription	ɬq-m	page 20, the Bella Coola form
line 394	Hank Nater	note	*ɬək/q ‘worn out’ (Ku02:57) (cf. 417 nu-ɬi:ɬq)	page 20, under PS Cognates
line 395	Hank Nater	note	395	page 20, the line's number
line 395	Hank Nater	translation	to (pull off with a) hook, pry loose	page 20, the gloss
line 395	Bella Coola	transcription	√ɬt’	page 20, the Bella Coola form
line 395	Hank Nater	note	*ɬǝt’ ‘attach to / catch with a hook’ (Ku02:60)	page 20, under PS Cognates
line 396	Hank Nater	note	396	page 20, the line's number
line 396	Hank Nater	translation	sip	page 20, the gloss
line 396	Bella Coola	transcription	ɬuma	page 20, the Bella Coola form
line 396	Hank Nater	note	*ɬum’ ‘eat soup’ (Ku02:58)	page 20, under PS Cognates
line 397	Hank Nater	note	397	page 20, the line's number
line 397	Hank Nater	translation	slimy, slippery	page 20, the gloss
line 397	Bella Coola	transcription	√lix	page 20, the Bella Coola form
line 397	Hank Nater	note	*lix slime (Ku02:54)	page 20, under PS Cognates
line 398	Hank Nater	note	398	page 20, the line's number
line 398	Hank Nater	translation	fold	page 20, the gloss
line 398	Bella Coola	transcription	lip’	page 20, the Bella Coola form
line 398	Hank Nater	note	*li/ap’ ‘bend over’ (Ku02:52)	page 20, under PS Cognates
line 399	Hank Nater	note	399	page 20, the line's number
line 399	Hank Nater	translation	eat nothing for entire day	page 20, the gloss
line 399	Bella Coola	transcription	maq’-m	page 20, the Bella Coola form
line 399	Hank Nater	note	*məq’ ‘satiated’ (Ku02:69)	page 20, under PS Cognates
line 400	Hank Nater	note	400	page 20, the line's number
line 400	Hank Nater	translation	rise, increase (fluid)	page 20, the gloss
line 400	Bella Coola	transcription	mil-t-m	page 20, the Bella Coola form
line 400	Hank Nater	note	*mul ‘flood, sink’ (Ku02:67) (cf. 409 mulm)	page 20, under PS Cognates
line 401	Hank Nater	note	401	page 20, the line's number
line 401	Hank Nater	translation	pause, interrupt	page 20, the gloss
line 401	Bella Coola	transcription	mnɬ	page 20, the Bella Coola form
line 401	Hank Nater	note	*maɬ ‘to rest’ (Ku02:68)	page 20, under PS Cognates
line 402	Hank Nater	translation	slow	page 20, the gloss, its number erased, a derivation or allomorph not counted
line 402	Bella Coola	transcription	√maɬ	page 20, the Bella Coola form
line 403	Bella Coola	transcription	√’	page 20, the Bella Coola form
line 403	Hank Nater	note	*mǝc’ ‘pus’ (cf. nu-mc’,	page 20, under PS Cognates
line 403	Hank Nater	note	403	page 20, the line's number
line 403	Hank Nater	translation	squeeze	page 20, the gloss
line 403	Bella Coola	transcription	mnc	page 20, the Bella Coola form
line 403	Hank Nater	note	mnc’ɬ-ta) (Ku02:65)	page 20, under PS Cognates
line 404	Hank Nater	translation	squeeze out a boil	page 20, the gloss, its number erased, a derivation or allomorph not counted
line 404	Bella Coola	transcription	nu-mc’	page 20, the Bella Coola form
line 405	Hank Nater	translation	pus	page 20, the gloss, its number erased, a derivation or allomorph not counted
line 405	Bella Coola	transcription	mnc’ɬ-ta	page 20, the Bella Coola form
line 406	Hank Nater	note	406	page 20, the line's number
line 406	Hank Nater	translation	sit, assume sitting position	page 20, the gloss
line 406	Bella Coola	transcription	ʔmt	page 20, the Bella Coola form
line 406	Hank Nater	note	*(ʔa)mut (cf. ʔamat) (Ku02:17)	page 20, under PS Cognates
line 407	Hank Nater	translation	where ... is	page 20, the gloss, its number erased, a derivation or allomorph not counted
line 407	Bella Coola	transcription	ʔa-mat	page 20, the Bella Coola form
line 408	Hank Nater	translation	where sth/sb is taken/going to	page 20, the gloss, its number erased, a derivation or allomorph not counted
line 408	Bella Coola	transcription	ʔu-mat	page 20, the Bella Coola form
line 409	Hank Nater	note	409	page 20, the line's number
line 409	Hank Nater	translation	to dive	page 20, the gloss
line 409	Bella Coola	transcription	mul-m	page 20, the Bella Coola form
line 409	Hank Nater	note	*mul ‘flood, sink’ (Ku02:67) (cf. 400 miltm)	page 20, under PS Cognates
line 410	Hank Nater	note	410	page 20, the line's number
line 410	Hank Nater	translation	to dance	page 20, the gloss
line 410	Bella Coola	transcription	naaχʷ-m	page 20, the Bella Coola form
line 410	Hank Nater	note	*n(u)-ʔaq’ʷ-m ‘make sweeping motion’ (cf. Ku02:19)	page 20, under PS Cognates
line 411	Hank Nater	note	411	page 20, the line's number
line 411	Hank Nater	translation	cut with a blade	page 20, the gloss
line 411	Bella Coola	transcription	nik’	page 20, the Bella Coola form
line 411	Hank Nater	note	*nik’ (Ku02:71)	page 20, under PS Cognates
line 412	Hank Nater	translation	cut in half	page 20, the gloss, its number erased, a derivation or allomorph not counted
line 412	Bella Coola	transcription	nu-nk’-ik	page 20, the Bella Coola form
line 413	Hank Nater	translation	to saw	page 20, the gloss, its number erased, a derivation or allomorph not counted
line 413	Bella Coola	transcription	nix	page 20, the Bella Coola form
line 414	Hank Nater	note	414	page 20, the line's number
line 414	Hank Nater	translation	to snort	page 20, the gloss
line 414	Bella Coola	transcription	nis-t	page 20, the Bella Coola form
line 414	Hank Nater	note	*nis ‘blow one's nose’ (Ku02:71)	page 20, under PS Cognates
line 415	Hank Nater	note	415	page 20, the line's number
line 415	Hank Nater	translation	clear water	page 20, the gloss
line 415	Bella Coola	transcription	nu-laχ:lχ	page 20, the Bella Coola form
line 415	Hank Nater	note	*laχ (Ku02:55)	page 20, under PS Cognates
line 416	Hank Nater	translation	smart, clever	page 20, the gloss, its number erased, a derivation or allomorph not counted
line 416	Bella Coola	transcription	nu-s-χl	page 20, the Bella Coola form
line 417	Hank Nater	note	417	page 20, the line's number
line 417	Hank Nater	translation	frail, sickly	page 20, the gloss
line 417	Bella Coola	transcription	nu-ɬi:ɬq	page 20, the Bella Coola form
line 417	Hank Nater	note	*ɬǝk/q ‘worn out’ (Ku02:57) (cf. 394 ɬq-m)	page 20, under PS Cognates
§2.3.2	Hank Nater	note	Line	page 21, a column's head
§2.3.2	Hank Nater	note	Gloss	page 21, a column's head
§2.3.2	Hank Nater	note	BC	page 21, a column's head
§2.3.2	Hank Nater	note	PS Cognates	page 21, a column's head
line 418	Hank Nater	note	418	page 21, the line's number
line 418	Hank Nater	translation	pierce, perforate	page 21, the gloss
line 418	Bella Coola	transcription	√nu-ɬk’ʷ	page 21, the Bella Coola form
line 418	Hank Nater	note	*ɬik’ʷ (Ku02:57)	page 21, under PS Cognates
line 419	Hank Nater	note	419	page 21, the line's number
line 419	Hank Nater	translation	confuse sb	page 21, the gloss
line 419	Bella Coola	transcription	√nu-mil-ik	page 21, the Bella Coola form
line 419	Hank Nater	note	*ma/ǝl ‘lost, aimless’ (cf. Ku02:68)	page 21, under PS Cognates
line 420	Hank Nater	note	420	page 21, the line's number
line 420	Hank Nater	translation	turn away in disgust	page 21, the gloss
line 420	Bella Coola	transcription	nu-pic’-cut	page 21, the Bella Coola form
line 420	Hank Nater	note	*p’ǝc’ ‘to spit’ (Ku02:78)	page 21, under PS Cognates
line 421	Hank Nater	note	421	page 21, the line's number
line 421	Hank Nater	translation	to burp	page 21, the gloss
line 421	Bella Coola	transcription	nu-q’ʷaat	page 21, the Bella Coola form
line 421	Hank Nater	note	*q’ʷaʔ (Ku02:94)	page 21, under PS Cognates
line 422	Hank Nater	note	422	page 21, the line's number
line 422	Hank Nater	translation	block sb’s way	page 21, the gloss
line 422	Bella Coola	transcription	nu-q’a-y-aaχ-aɬ	page 21, the Bella Coola form
line 422	Hank Nater	note	*q’aʔ ‘caught, stuck’ (Ku02:86)	page 21, under PS Cognates
line 423	Hank Nater	note	423	page 21, the line's number
line 423	Hank Nater	translation	take a bath	page 21, the gloss
line 423	Bella Coola	transcription	nu-t’aχʷ-m	page 21, the Bella Coola form
line 423	Hank Nater	note	*t’ǝqʷ ‘bathe, swim’ (Ku02:111)	page 21, under PS Cognates
line 424	Hank Nater	note	424	page 21, the line's number
line 424	Hank Nater	translation	when?	page 21, the gloss
line 424	Bella Coola	transcription	paxʷᴗʔiks	page 21, the Bella Coola form
line 424	Hank Nater	note	*pan-(xʷ-) ‘time’ (cf. Ku02:74)	page 21, under PS Cognates
line 425	Hank Nater	note	425	page 21, the line's number
line 425	Hank Nater	translation	pierce, prick /sb	page 21, the gloss
line 425	Bella Coola	transcription	pac’	page 21, the Bella Coola form
line 425	Hank Nater	note	*p’ac’ ‘(fix with) string, sew’ (Ku02:78)	page 21, under PS Cognates
line 426	Hank Nater	note	426	page 21, the line's number
line 426	Hank Nater	translation	squeeze water out of string	page 21, the gloss
line 426	Bella Coola	transcription	px, xp	page 21, the Bella Coola form
line 426	Hank Nater	note	*pǝx, *xǝp ‘to comb (out)’ (Ku02:77)	page 21, under PS Cognates
line 427	Hank Nater	note	427	page 21, the line's number
line 427	Hank Nater	translation	positive, giving pleasure	page 21, the gloss
line 427	Bella Coola	transcription	√px	page 21, the Bella Coola form
line 427	Hank Nater	note	*pǝy ‘happy, joyful’ (Ku02:77)	page 21, under PS Cognates
line 428	Hank Nater	note	428	page 21, the line's number
line 428	Hank Nater	translation	bright, shiny, sparkling	page 21, the gloss
line 428	Bella Coola	transcription	pik’	page 21, the Bella Coola form
line 428	Hank Nater	note	*p’ik’ (Ku02:79)	page 21, under PS Cognates
line 429	Hank Nater	translation	star	page 21, the gloss, its number erased, a derivation or allomorph not counted
line 429	Bella Coola	transcription	mix:mik’-ɬ	page 21, the Bella Coola form
line 430	Hank Nater	note	430	page 21, the line's number
line 430	Hank Nater	translation	thick	page 21, the gloss
line 430	Bella Coola	transcription	pɬt	page 21, the Bella Coola form
line 430	Hank Nater	note	*pǝɬ (Ku02:74)	page 21, under PS Cognates
line 431	Hank Nater	translation	swell, be swollen	page 21, the gloss, its number erased, a derivation or allomorph not counted
line 431	Bella Coola	transcription	√puɬ	page 21, the Bella Coola form
line 432	Hank Nater	note	432	page 21, the line's number
line 432	Hank Nater	translation	tip, turn over	page 21, the gloss
line 432	Bella Coola	transcription	pl-ik	page 21, the Bella Coola form
line 432	Hank Nater	note	*pu/ǝl (Ku02:73)	page 21, under PS Cognates
line 433	Hank Nater	note	433	page 21, the line's number
line 433	Hank Nater	translation	accept, receive	page 21, the gloss
line 433	Bella Coola	transcription	√pun	page 21, the Bella Coola form
line 433	Hank Nater	note	*pun ‘find, get’ (Ku02:74)	page 21, under PS Cognates
line 434	Hank Nater	note	434	page 21, the line's number
line 434	Hank Nater	translation	loosened, freed,	page 21, the gloss
line 434	Bella Coola	transcription	√p’alu	page 21, the Bella Coola form
line 434	Hank Nater	note	*p’il ‘overflow’ (Ku02:79)	page 21, under PS Cognates
line 435	Hank Nater	translation	elevated, high	page 21, the gloss, its number erased, a derivation or allomorph not counted
line 436	Hank Nater	translation	eroded, hollowed out	page 21, the gloss, its number erased, a derivation or allomorph not counted
line 436	Bella Coola	transcription	√ʔa:p’lu	page 21, the Bella Coola form
line 436	Hank Nater	note	436	page 21, the line's number
line 436	Hank Nater	translation	ask, beg	page 21, the gloss
line 436	Bella Coola	transcription	√qa(m)	page 21, the Bella Coola form
line 436	Hank Nater	note	*qǝ/am (Ku02:83)	page 21, under PS Cognates
line 437	Hank Nater	note	437	page 21, the line's number
line 437	Hank Nater	translation	tickle	page 21, the gloss
line 437	Bella Coola	transcription	qaa:χacxi	page 21, the Bella Coola form
line 437	Hank Nater	note	*qas-xən (cf. Ku02:85,211)	page 21, under PS Cognates
line 438	Hank Nater	note	438	page 21, the line's number
line 438	Hank Nater	translation	unbalanced	page 21, the gloss
line 438	Bella Coola	transcription	qaaχ:qχi	page 21, the Bella Coola form
line 438	Hank Nater	note	*qayχ ‘erring, drunk’ (Ku02:85)	page 21, under PS Cognates
line 439	Hank Nater	note	439	page 21, the line's number
line 439	Hank Nater	translation	pull towards oneself	page 21, the gloss
line 439	Bella Coola	transcription	qat’, √qaa:χt’	page 21, the Bella Coola form
line 439	Hank Nater	note	*q’at’ ‘(pull with) hook’ (Ku02:89) (cf. 447 q’aat)	page 21, under PS Cognates
line 440	Hank Nater	note	440	page 21, the line's number
line 440	Hank Nater	translation	soft	page 21, the gloss
line 440	Bella Coola	transcription	qm:qmi(i)	page 21, the Bella Coola form
line 440	Hank Nater	note	*qǝm (Ku02:83)	page 21, under PS Cognates
line 441	Hank Nater	note	441	page 21, the line's number
line 441	Hank Nater	translation	wash, launder	page 21, the gloss
line 441	Bella Coola	transcription	qʷuc’	page 21, the Bella Coola form
line 441	Hank Nater	note	*q’ʷǝc’ (Ku02:95)	page 21, under PS Cognates
line 442	Hank Nater	note	442	page 21, the line's number
line 442	Hank Nater	translation	blue	page 21, the gloss
line 442	Bella Coola	transcription	qʷit	page 21, the Bella Coola form
line 442	Hank Nater	note	*qʷay (Ku02:94)	page 21, under PS Cognates
line 443	Hank Nater	note	443	page 21, the line's number
line 443	Hank Nater	translation	green, yellow	page 21, the gloss
line 443	Bella Coola	transcription	qʷli	page 21, the Bella Coola form
line 443	Hank Nater	note	*kʷǝl, *qʷǝl (Ku02:44)	page 21, under PS Cognates
line 444	Hank Nater	note	444	page 21, the line's number
line 444	Hank Nater	translation	particulate, powdery	page 21, the gloss
line 444	Bella Coola	transcription	q’ʷp-m	page 21, the Bella Coola form
line 444	Hank Nater	note	*pǝq’ʷ (Ku02:75)	page 21, under PS Cognates
line 445	Hank Nater	translation	particulate, powdery	page 21, the gloss, its number erased, a derivation or allomorph not counted
line 445	Bella Coola	transcription	√pq’ʷ	page 21, the Bella Coola form
§2.3.2	Hank Nater	note	Line	page 22, a column's head
§2.3.2	Hank Nater	note	Gloss	page 22, a column's head
§2.3.2	Hank Nater	note	BC	page 22, a column's head
§2.3.2	Hank Nater	note	PS Cognates	page 22, a column's head
line 446	Hank Nater	note	446	page 22, the line's number
line 446	Hank Nater	translation	aberrant, useless, crazy	page 22, the gloss
line 446	Bella Coola	transcription	qχyu, qi:χyu	page 22, the Bella Coola form
line 446	Hank Nater	note	*qayχ ‘crazy’ (Ku02:85) (cf. 438 qaaχ:qχi) , Se qi:qχ-iwán-m ‘tell a lie’ (Ti77:30)	page 22, under PS Cognates
line 447	Hank Nater	note	447	page 22, the line's number
line 447	Hank Nater	translation	small baited hook	page 22, the gloss
line 447	Bella Coola	transcription	q’aat	page 22, the Bella Coola form
line 447	Hank Nater	note	*q’at’ (Ku02:89) (cf. 439 qat’)	page 22, under PS Cognates
line 448	Hank Nater	translation	pointed	page 22, the gloss, its number erased, a derivation or allomorph not counted
line 448	Bella Coola	transcription	√qt’	page 22, the Bella Coola form
line 449	Hank Nater	note	449	page 22, the line's number
line 449	Hank Nater	translation	filled: complete / closed, tight	page 22, the gloss
line 449	Bella Coola	transcription	q’im	page 22, the Bella Coola form
line 449	Hank Nater	note	*q’im ‘joined together, repaired’ (Ku02:88)	page 22, under PS Cognates
line 450	Hank Nater	translation	get ready	page 22, the gloss, its number erased, a derivation or allomorph not counted
line 450	Bella Coola	transcription	√q’m-stxʷ	page 22, the Bella Coola form
line 451	Hank Nater	translation	scar	page 22, the gloss, its number erased, a derivation or allomorph not counted
line 451	Bella Coola	transcription	s-q’im	page 22, the Bella Coola form
line 452	Hank Nater	note	452	page 22, the line's number
line 452	Hank Nater	translation	steam-cook	page 22, the gloss
line 452	Bella Coola	transcription	q’l=lst	page 22, the Bella Coola form
line 452	Hank Nater	note	*q’ǝl (Ku02:87)	page 22, under PS Cognates
line 453	Hank Nater	note	453	page 22, the line's number
line 453	Hank Nater	translation	tight, firm; to be overly ...	page 22, the gloss
line 453	Bella Coola	transcription	q’s	page 22, the Bella Coola form
line 453	Hank Nater	note	*q’ǝs ‘be of (too) long duration’ (Ku02:89)	page 22, under PS Cognates
line 454	Hank Nater	note	454	page 22, the line's number
line 454	Hank Nater	translation	trip over sth	page 22, the gloss
line 454	Bella Coola	transcription	q’c-iiχʷ-aɬ	page 22, the Bella Coola form
line 454	Hank Nater	note	*q’ac’ ‘braid, weave, intertwine’ (Ku02:86)	page 22, under PS Cognates
line 455	Hank Nater	note	455	page 22, the line's number
line 455	Hank Nater	translation	high, large	page 22, the gloss
line 455	Bella Coola	transcription	q’ʷum, √uq’ʷm	page 22, the Bella Coola form
line 455	Hank Nater	note	*q’ʷum ‘top, high’ (Ku02:97)	page 22, under PS Cognates
line 456	Hank Nater	note	456	page 22, the line's number
line 456	Hank Nater	translation	skull	page 22, the gloss
line 456	Bella Coola	transcription	q’ʷumniq’ʷ	page 22, the Bella Coola form
line 456	Hank Nater	note	*q’ʷum ‘head, skull’ (Ku02:97)	page 22, under PS Cognates
line 457	Hank Nater	note	457	page 22, the line's number
line 457	Hank Nater	translation	treat with, expose to smoke	page 22, the gloss
line 457	Bella Coola	transcription	q’ʷup	page 22, the Bella Coola form
line 457	Hank Nater	note	*pǝq’ʷ ‘dusty, smoky’ (Ku02:75) (cf. 445 √pq’ʷ)	page 22, under PS Cognates
line 458	Hank Nater	note	458	page 22, the line's number
line 458	Hank Nater	translation	echo	page 22, the gloss
line 458	Bella Coola	transcription	s-a:c’al-an	page 22, the Bella Coola form
line 458	Hank Nater	note	*(s-)c’al-an ‘shadow- ear/sound’ (Ku02:29,206)	page 22, under PS Cognates
line 459	Hank Nater	note	459	page 22, the line's number
line 459	Hank Nater	translation	to leak	page 22, the gloss
line 459	Bella Coola	transcription	sxʷ	page 22, the Bella Coola form
line 459	Hank Nater	note	*si/ǝxʷ ‘spill’ (Ku02:101)	page 22, under PS Cognates
line 460	Hank Nater	translation	blood	page 22, the gloss, its number erased, a derivation or allomorph not counted
line 460	Bella Coola	transcription	six	page 22, the Bella Coola form
line 461	Hank Nater	note	461	page 22, the line's number
line 461	Hank Nater	translation	uncle	page 22, the gloss
line 461	Bella Coola	transcription	sissi	page 22, the Bella Coola form
line 461	Hank Nater	note	Sq sísiʔ (Ku67:304)	page 22, under PS Cognates
line 462	Hank Nater	note	462	page 22, the line's number
line 462	Hank Nater	translation	name	page 22, the gloss
line 462	Bella Coola	transcription	s-kʷac-ta	page 22, the Bella Coola form
line 462	Hank Nater	note	*kʷac (Ku02:44)	page 22, under PS Cognates
line 463	Hank Nater	note	463	page 22, the line's number
line 463	Hank Nater	translation	moisten, spray water on	page 22, the gloss
line 463	Bella Coola	transcription	s-kʷp	page 22, the Bella Coola form
line 463	Hank Nater	note	*kʷǝp, *pǝkʷ ‘pour’ (Ku02:72)	page 22, under PS Cognates
line 464	Bella Coola	transcription	’	page 22, the Bella Coola form
line 464	Hank Nater	note	*k’ʷǝc’ ‘bend, twist’	page 22, under PS Cognates
line 464	Hank Nater	note	464	page 22, the line's number
line 464	Hank Nater	translation	wrinkled	page 22, the gloss
line 464	Bella Coola	transcription	s-kʷc	page 22, the Bella Coola form
line 464	Hank Nater	note	(Ku02:48)	page 22, under PS Cognates
line 465	Hank Nater	note	465	page 22, the line's number
line 465	Hank Nater	translation	grandchild	page 22, the gloss
line 465	Bella Coola	transcription	sɬʔimc	page 22, the Bella Coola form
line 465	Hank Nater	note	*ʔimac (Ku02:17)	page 22, under PS Cognates
line 466	Hank Nater	translation	nephew, niece	page 22, the gloss, its number erased, a derivation or allomorph not counted
line 466	Bella Coola	transcription	ʔimc	page 22, the Bella Coola form
line 467	Hank Nater	translation	great-grandchild	page 22, the gloss, its number erased, a derivation or allomorph not counted
line 467	Bella Coola	transcription	slalimc	page 22, the Bella Coola form
line 468	Hank Nater	note	468	page 22, the line's number
line 468	Hank Nater	translation	barbecued & dried spring salmon	page 22, the gloss
line 468	Bella Coola	transcription	s-ɬq’	page 22, the Bella Coola form
line 468	Hank Nater	note	cf. *ɬǝq’ ‘spread’ (Ku02:59)	page 22, under PS Cognates
line 469	Hank Nater	note	469	page 22, the line's number
line 469	Hank Nater	translation	fish cheeks	page 22, the gloss
line 469	Bella Coola	transcription	sliɬqʷ-am:ams	page 22, the Bella Coola form
line 469	Hank Nater	note	*s-ɬi(:ɬ)qʷ ‘flesh, fish’ (Ku02:60)	page 22, under PS Cognates
line 470	Hank Nater	note	470	page 22, the line's number
line 470	Hank Nater	translation	slime	page 22, the gloss
line 470	Bella Coola	transcription	s-lix	page 22, the Bella Coola form
line 470	Hank Nater	note	*lix (Ku02:54) (cf. ɬix)	page 22, under PS Cognates
line 471	Hank Nater	note	471	page 22, the line's number
line 471	Hank Nater	translation	salmon head stew	page 22, the gloss
line 471	Bella Coola	transcription	sliiχʷ	page 22, the Bella Coola form
line 471	Hank Nater	note	*s-ɬiʔqʷ ‘flesh, meat’ (Ku02:60)	page 22, under PS Cognates
§2.3.2	Hank Nater	note	Line	page 23, a column's head
§2.3.2	Hank Nater	note	Gloss	page 23, a column's head
§2.3.2	Hank Nater	note	BC	page 23, a column's head
§2.3.2	Hank Nater	note	PS Cognates	page 23, a column's head
line 472	Hank Nater	note	472	page 23, the line's number
line 472	Hank Nater	translation	vagina	page 23, the gloss
line 472	Bella Coola	transcription	s-pl-iɬ	page 23, the Bella Coola form
line 472	Hank Nater	note	cf. *s-pl-ucin ‘mouth’ (Ku02:73)	page 23, under PS Cognates
line 473	Hank Nater	note	473	page 23, the line's number
line 473	Hank Nater	translation	to fart	page 23, the gloss
line 473	Bella Coola	transcription	s-p’u	page 23, the Bella Coola form
line 473	Hank Nater	note	*p’uʔ (Ku02:78)	page 23, under PS Cognates
line 474	Hank Nater	note	474	page 23, the line's number
line 474	Hank Nater	translation	chest	page 23, the gloss
line 474	Bella Coola	transcription	s-qma	page 23, the Bella Coola form
line 474	Hank Nater	note	*s-qǝp-mǝn (Ku02:85)	page 23, under PS Cognates
line 475	Hank Nater	note	475	page 23, the line's number
line 475	Hank Nater	translation	fly, jump	page 23, the gloss
line 475	Bella Coola	transcription	sq’ʷ	page 23, the Bella Coola form
line 475	Hank Nater	note	*sǝ/aq’ʷ (Ku02:100)	page 23, under PS Cognates
line 476	Hank Nater	note	476	page 23, the line's number
line 476	Hank Nater	translation	kneecap	page 23, the gloss
line 476	Bella Coola	transcription	sq’ʷχʷlun	page 23, the Bella Coola form
line 476	Hank Nater	note	*q’ʷa/ǝχʷ ‘leg’ (Ku02:97) + * -l-ǝwǝn	page 23, under PS Cognates
line 477	Hank Nater	note	477	page 23, the line's number
line 477	Hank Nater	translation	tear, cut open	page 23, the gloss
line 477	Bella Coola	transcription	sq’	page 23, the Bella Coola form
line 477	Hank Nater	note	*sǝq’ ‘split, crack’ (Ku02:99)	page 23, under PS Cognates
line 478	Hank Nater	translation	it stopped raining	page 23, the gloss, its number erased, a derivation or allomorph not counted
line 478	Bella Coola	transcription	sq’-aɬ	page 23, the Bella Coola form
line 479	Hank Nater	translation	yell, scream	page 23, the gloss, its number erased, a derivation or allomorph not counted
line 479	Bella Coola	transcription	nu-sq’-aaχ-m	page 23, the Bella Coola form
line 480	Hank Nater	translation	yawn	page 23, the gloss, its number erased, a derivation or allomorph not counted
line 480	Bella Coola	transcription	sun:q’-ʷuc	page 23, the Bella Coola form
line 481	Hank Nater	note	481	page 23, the line's number
line 481	Hank Nater	translation	sister-in-law	page 23, the gloss
line 481	Bella Coola	transcription	stakaw	page 23, the Bella Coola form
line 481	Hank Nater	note	*(s-)kaw ‘in-law’ (Ku02:38)	page 23, under PS Cognates
line 482	Hank Nater	note	482	page 23, the line's number
line 482	Hank Nater	translation	what is it?	page 23, the gloss
line 482	Bella Coola	transcription	s-tamᴗks	page 23, the Bella Coola form
line 482	Hank Nater	note	*s-tam (Ku02:104)	page 23, under PS Cognates
line 483	Hank Nater	translation	where is he?	page 23, the gloss, its number erased, a derivation or allomorph not counted
line 483	Bella Coola	transcription	ʔa-stamᴗks	page 23, the Bella Coola form
line 484	Hank Nater	translation	where is he going?	page 23, the gloss, its number erased, a derivation or allomorph not counted
line 484	Bella Coola	transcription	ʔu-stamᴗks	page 23, the Bella Coola form
line 485	Hank Nater	note	485	page 23, the line's number
line 485	Hank Nater	translation	touch, grab	page 23, the gloss
line 485	Bella Coola	transcription	√staq’	page 23, the Bella Coola form
line 485	Hank Nater	note	*t’aq’ ‘reach across’ (Ku02:111)	page 23, under PS Cognates
line 486	Hank Nater	note	486	page 23, the line's number
line 486	Hank Nater	translation	act properly, behave well	page 23, the gloss
line 486	Bella Coola	transcription	√s-ƛ’xʷ	page 23, the Bella Coola form
line 486	Hank Nater	note	*ƛ’əxʷ ‘win, do it right’ (Ku02:64)	page 23, under PS Cognates
line 487	Hank Nater	note	487	page 23, the line's number
line 487	Hank Nater	translation	hide	page 23, the gloss
line 487	Bella Coola	transcription	st’win	page 23, the Bella Coola form
line 487	Hank Nater	note	*s-t’ǝwin (Ku02:112)	page 23, under PS Cognates
line 488	Hank Nater	note	488	page 23, the line's number
line 488	Hank Nater	translation	universe, world, sky, weather, day	page 23, the gloss
line 488	Bella Coola	transcription	s-unxʷ	page 23, the Bella Coola form
line 488	Hank Nater	note	*s-ǝnǝxʷ, -anaxʷ ‘season, weather’ (Ku02:207)	page 23, under PS Cognates
line 489	Hank Nater	note	489	page 23, the line's number
line 489	Hank Nater	translation	peel, remove bark	page 23, the gloss
line 489	Bella Coola	transcription	suq’	page 23, the Bella Coola form
line 489	Hank Nater	note	*suq’ʷ (Ku02:100)	page 23, under PS Cognates
line 490	Hank Nater	note	490	page 23, the line's number
line 490	Hank Nater	translation	winter	page 23, the gloss
line 490	Bella Coola	transcription	sutk	page 23, the Bella Coola form
line 490	Hank Nater	note	*sutik (Ku02:100)	page 23, under PS Cognates
line 491	Hank Nater	note	491	page 23, the line's number
line 491	Hank Nater	translation	pimple	page 23, the gloss
line 491	Bella Coola	transcription	s-u:c’-m	page 23, the Bella Coola form
line 491	Hank Nater	note	*c’uʕʷ ‘sore’ (Ku02:35)	page 23, under PS Cognates
line 492	Hank Nater	translation	barnacle	page 23, the gloss, its number erased, a derivation or allomorph not counted
line 492	Bella Coola	transcription	suc’m-us	page 23, the Bella Coola form
line 493	Hank Nater	note	493	page 23, the line's number
line 493	Hank Nater	translation	younger sibling	page 23, the gloss
line 493	Bella Coola	transcription	s-uuχi, s-u:sqʷi(i)	page 23, the Bella Coola form
line 493	Hank Nater	note	*ʔuq’ʷay (Ku02:19)	page 23, under PS Cognates
line 494	Hank Nater	translation	display jealousy towards younger sibling	page 23, the gloss, its number erased, a derivation or allomorph not counted
line 494	Bella Coola	transcription	ʔuuχi	page 23, the Bella Coola form
line 495	Hank Nater	note	495	page 23, the line's number
line 495	Hank Nater	translation	scrape, plane	page 23, the gloss
line 495	Bella Coola	transcription	sχ	page 23, the Bella Coola form
line 495	Hank Nater	note	*saχ (Ku02:101)	page 23, under PS Cognates
line 496	Hank Nater	note	496	page 23, the line's number
line 496	Hank Nater	translation	wash sb’s head	page 23, the gloss
line 496	Bella Coola	transcription	sχʷa-yχʷ	page 23, the Bella Coola form
line 496	Hank Nater	note	*səʕʷ ‘flow, wetness’ (Ku02:102)	page 23, under PS Cognates
line 497	Hank Nater	note	497	page 23, the line's number
line 497	Hank Nater	translation	cut with a knife	page 23, the gloss
line 497	Bella Coola	transcription	tx	page 23, the Bella Coola form
line 497	Hank Nater	note	*tǝx ‘make cutting/combing motion’ (cf. Ku02:107)	page 23, under PS Cognates
line 498	Hank Nater	note	498	page 23, the line's number
line 498	Hank Nater	translation	go down to riverbank	page 23, the gloss
line 498	Bella Coola	transcription	txʷu-kaw-k	page 23, the Bella Coola form
line 498	Hank Nater	note	*kaw ‘(go) down, descend’ (Ku02:39)	page 23, under PS Cognates
line 499	Hank Nater	note	499	page 23, the line's number
line 499	Hank Nater	translation	tongue	page 23, the gloss
line 499	Bella Coola	transcription	tixca, √tixcn	page 23, the Bella Coola form
line 499	Hank Nater	note	*tixw…c… (Ku02:107)	page 23, under PS Cognates
§2.3.2	Hank Nater	note	Line	page 24, a column's head
§2.3.2	Hank Nater	note	Gloss	page 24, a column's head
§2.3.2	Hank Nater	note	BC	page 24, a column's head
§2.3.2	Hank Nater	note	PS Cognates	page 24, a column's head
line 500	Hank Nater	note	500	page 24, the line's number
line 500	Hank Nater	translation	sew, stitch	page 24, the gloss
line 500	Bella Coola	transcription	tiq’	page 24, the Bella Coola form
line 500	Hank Nater	note	*t’aq’ ‘cross over’ (Ku02:111)	page 24, under PS Cognates
line 501	Hank Nater	translation	patch, sew, join	page 24, the gloss, its number erased, a derivation or allomorph not counted
line 501	Bella Coola	transcription	nu-s-tq’	page 24, the Bella Coola form
line 502	Hank Nater	note	502	page 24, the line's number
line 502	Hank Nater	translation	near	page 24, the gloss
line 502	Bella Coola	transcription	√t-k’iɬ	page 24, the Bella Coola form
line 502	Hank Nater	note	*k’i(-t) (Ku02:40)	page 24, under PS Cognates
line 503	Hank Nater	note	503	page 24, the line's number
line 503	Hank Nater	translation	hard, stiff	page 24, the gloss
line 503	Bella Coola	transcription	ƛ’aχʷ	page 24, the Bella Coola form
line 503	Hank Nater	note	*ƛ’ǝʕʷ (Ku02:65)	page 24, under PS Cognates
line 504	Hank Nater	note	504	page 24, the line's number
line 504	Hank Nater	translation	spread, put onto a frame	page 24, the gloss
line 504	Bella Coola	transcription	√tp	page 24, the Bella Coola form
line 504	Hank Nater	note	*pat ‘line up, spread’ (Ku02:75)	page 24, under PS Cognates
line 505	Hank Nater	translation	spread, open	page 24, the gloss, its number erased, a derivation or allomorph not counted
line 505	Bella Coola	transcription	√tap	page 24, the Bella Coola form
line 506	Hank Nater	note	506	page 24, the line's number
line 506	Hank Nater	translation	turn inside out	page 24, the gloss
line 506	Bella Coola	transcription	√t-plq’	page 24, the Bella Coola form
line 506	Hank Nater	note	*p’ǝlq’ ‘turn around’ (Ku02:79)	page 24, under PS Cognates
line 507	Hank Nater	note	507	page 24, the line's number
line 507	Hank Nater	translation	deaf, unable to understand	page 24, the gloss
line 507	Bella Coola	transcription	tq-an	page 24, the Bella Coola form
line 507	Hank Nater	note	*tǝq ‘close, obstruct’ (Ku02:106)	page 24, under PS Cognates
line 508	Hank Nater	note	508	page 24, the line's number
line 508	Hank Nater	translation	arrive by boat, land alongshore	page 24, the gloss
line 508	Bella Coola	transcription	tq’	page 24, the Bella Coola form
line 508	Hank Nater	note	*t’aq’ ‘reach across’ (Ku02:111)	page 24, under PS Cognates
line 509	Hank Nater	note	509	page 24, the line's number
line 509	Hank Nater	translation	long	page 24, the gloss
line 509	Bella Coola	transcription	cakʷ	page 24, the Bella Coola form
line 509	Hank Nater	note	*ca/əkʷ ‘pull(ed out)’ (Ku02:23) (cf. 513)	page 24, under PS Cognates
line 510	Hank Nater	note	510	page 24, the line's number
line 510	Hank Nater	translation	to wade	page 24, the gloss
line 510	Bella Coola	transcription	caχʷ-m, √caχʷ	page 24, the Bella Coola form
line 510	Hank Nater	note	*cǝ/iχʷ ‘water, stream’ (Ku02:26)	page 24, under PS Cognates
line 511	Hank Nater	note	511	page 24, the line's number
line 511	Hank Nater	translation	dig for sth	page 24, the gloss
line 511	Bella Coola	transcription	ciiχ, √ciiq	page 24, the Bella Coola form
line 511	Hank Nater	note	*ciq ‘dig, stab’ (Ku02:25)	page 24, under PS Cognates
line 512	Hank Nater	translation	make hole in sth	page 24, the gloss, its number erased, a derivation or allomorph not counted
line 512	Bella Coola	transcription	cq	page 24, the Bella Coola form
line 513	Hank Nater	note	513	page 24, the line's number
line 513	Hank Nater	translation	draw, pull out	page 24, the gloss
line 513	Bella Coola	transcription	ckʷ-m	page 24, the Bella Coola form
line 513	Hank Nater	note	*cǝkʷ (Ku02:23) (cf. 509)	page 24, under PS Cognates
line 514	Hank Nater	translation	move sth	page 24, the gloss, its number erased, a derivation or allomorph not counted
line 514	Bella Coola	transcription	cikʷ	page 24, the Bella Coola form
line 515	Hank Nater	note	515	page 24, the line's number
line 515	Hank Nater	translation	pull out	page 24, the gloss
line 515	Bella Coola	transcription	ck’ʷ-m	page 24, the Bella Coola form
line 515	Hank Nater	note	*cǝk’ʷ (Ku02:23)	page 24, under PS Cognates
line 516	Hank Nater	note	516	page 24, the line's number
line 516	Hank Nater	translation	grab, pull, tear at	page 24, the gloss
line 516	Bella Coola	transcription	cq’	page 24, the Bella Coola form
line 516	Hank Nater	note	*c’əq’ ‘to hit’ (Ku02:32)	page 24, under PS Cognates
line 517	Hank Nater	note	517	page 24, the line's number
line 517	Hank Nater	translation	say	page 24, the gloss
line 517	Bella Coola	transcription	cut	page 24, the Bella Coola form
line 517	Hank Nater	note	*cu-t (Ku02:26)	page 24, under PS Cognates
line 518	Hank Nater	translation	ask permission	page 24, the gloss, its number erased, a derivation or allomorph not counted
line 518	Bella Coola	transcription	nu-cun-uc	page 24, the Bella Coola form
line 519	Hank Nater	note	519	page 24, the line's number
line 519	Hank Nater	translation	burn, scald sth	page 24, the gloss
line 519	Bella Coola	transcription	c’iχ	page 24, the Bella Coola form
line 519	Hank Nater	note	*c’iχ (Ku02:33)	page 24, under PS Cognates
line 520	Hank Nater	note	520	page 24, the line's number
line 520	Hank Nater	translation	shelter, cover, shade sth	page 24, the gloss
line 520	Bella Coola	transcription	c’ɬ	page 24, the Bella Coola form
line 520	Hank Nater	note	*c’i/al ‘shelter, shade’ (Ku02:29)	page 24, under PS Cognates
line 521	Hank Nater	note	521	page 24, the line's number
line 521	Hank Nater	translation	loud, noisy	page 24, the gloss
line 521	Bella Coola	transcription	c’s	page 24, the Bella Coola form
line 521	Hank Nater	note	*c’ǝs ‘rattle’ (Ku02:32)	page 24, under PS Cognates
line 522	Hank Nater	note	522	page 24, the line's number
line 522	Hank Nater	translation	suck	page 24, the gloss
line 522	Bella Coola	transcription	√c’u	page 24, the Bella Coola form
line 522	Hank Nater	note	*c’u(-)m (Ku02:30)	page 24, under PS Cognates
line 523	Hank Nater	note	523	page 24, the line's number
line 523	Hank Nater	translation	having sores	page 24, the gloss
line 523	Bella Coola	transcription	c’u:c’qʷ, √c’uuχ	page 24, the Bella Coola form
line 523	Hank Nater	note	*c’uʕʷ ‘sore’ (Ku02:35)	page 24, under PS Cognates
line 524	Hank Nater	note	524	page 24, the line's number
line 524	Hank Nater	translation	unwind, unravel	page 24, the gloss
line 524	Bella Coola	transcription	tux	page 24, the Bella Coola form
line 524	Hank Nater	note	*təx ‘to comb’ (Ku02:107)	page 24, under PS Cognates
line 525	Hank Nater	note	525	page 24, the line's number
line 525	Hank Nater	translation	lick sth	page 24, the gloss
line 525	Bella Coola	transcription	t’aaχʷ	page 24, the Bella Coola form
line 525	Hank Nater	note	*t’aqʷ (Ku02:112)	page 24, under PS Cognates
line 526	Hank Nater	note	526	page 24, the line's number
line 526	Hank Nater	translation	stump in water	page 24, the gloss
line 526	Bella Coola	transcription	t’m(-)iiχʷ	page 24, the Bella Coola form
line 526	Hank Nater	note	*‘cut-top’ (cf. Ku02:110)	page 24, under PS Cognates
line 527	Hank Nater	note	527	page 24, the line's number
line 527	Hank Nater	translation	braid, weave sth	page 24, the gloss
line 527	Bella Coola	transcription	t’qʷl	page 24, the Bella Coola form
line 527	Hank Nater	note	*t’ǝqʷaʔ (Ku02:112)	page 24, under PS Cognates
line 528	Hank Nater	translation	step over obstacle	page 24, the gloss, its number erased, a derivation or allomorph not counted
line 528	Bella Coola	transcription	nu-t’qʷal-m	page 24, the Bella Coola form
§2.3.2	Hank Nater	note	Line	page 25, a column's head
§2.3.2	Hank Nater	note	Gloss	page 25, a column's head
§2.3.2	Hank Nater	note	BC	page 25, a column's head
§2.3.2	Hank Nater	note	PS Cognates	page 25, a column's head
line 529	Hank Nater	note	529	page 25, the line's number
line 529	Hank Nater	translation	suck sth	page 25, the gloss
line 529	Bella Coola	transcription	t’um	page 25, the Bella Coola form
line 529	Hank Nater	note	*t’um, tum (Ku02:110)	page 25, under PS Cognates
line 530	Hank Nater	translation	woman’s breast	page 25, the gloss, its number erased, a derivation or allomorph not counted
line 530	Bella Coola	transcription	tums	page 25, the Bella Coola form
line 531	Hank Nater	note	531	page 25, the line's number
line 531	Hank Nater	translation	six	page 25, the gloss
line 531	Bella Coola	transcription	t’χ(-)ʷúɬ	page 25, the Bella Coola form
line 531	Hank Nater	note	*t’ǝχ (Ku02:113)	page 25, under PS Cognates
line 532	Hank Nater	note	532	page 25, the line's number
line 532	Hank Nater	translation	come close to, reach end of	page 25, the gloss
line 532	Bella Coola	transcription	√ʔul	page 25, the Bella Coola form
line 532	Hank Nater	note	*ʔul ‘gather, meet’ (Ku02:16)	page 25, under PS Cognates
line 533	Hank Nater	translation	lahal game stakes	page 25, the gloss, its number erased, a derivation or allomorph not counted
line 533	Bella Coola	transcription	s-ʔul-m	page 25, the Bella Coola form
line 534	Hank Nater	note	534	page 25, the line's number
line 534	Hank Nater	translation	choose sth	page 25, the gloss
line 534	Bella Coola	transcription	ʔulix	page 25, the Bella Coola form
line 534	Hank Nater	note	ʔul-ix, -lx ‘begin to gather’ (see 532)	page 25, under PS Cognates
line 535	Hank Nater	translation	food-to-go	page 25, the gloss, its number erased, a derivation or allomorph not counted
line 535	Bella Coola	transcription	s-ulix-c	page 25, the Bella Coola form
line 536	Hank Nater	note	536	page 25, the line's number
line 536	Hank Nater	translation	pail, bucket	page 25, the gloss
line 536	Bella Coola	transcription	ʔuɬqn	page 25, the Bella Coola form
line 536	Hank Nater	note	*wəɬqʷ-(t)ən ‘cooking implement’ (cf. Ku02:135)	page 25, under PS Cognates
line 537	Hank Nater	note	537	page 25, the line's number
line 537	Hank Nater	translation	lungs	page 25, the gloss
line 537	Bella Coola	transcription	ʔus:p’us	page 25, the Bella Coola form
line 537	Hank Nater	note	*p’us (Ku02:81)	page 25, under PS Cognates
line 538	Hank Nater	note	538	page 25, the line's number
line 538	Hank Nater	translation	who is it?	page 25, the gloss
line 538	Bella Coola	transcription	waᴗks	page 25, the Bella Coola form
line 538	Hank Nater	note	*wat (Ku02:116)	page 25, under PS Cognates
line 539	Hank Nater	translation	what is his name?	page 25, the gloss, its number erased, a derivation or allomorph not counted
line 539	Bella Coola	transcription	wa-c-tu-mᴗks	page 25, the Bella Coola form
line 540	Hank Nater	note	540	page 25, the line's number
line 540	Hank Nater	translation	leave sb	page 25, the gloss
line 540	Bella Coola	transcription	wal	page 25, the Bella Coola form
line 540	Hank Nater	note	*ɬ(a)wal (Ku02:61)	page 25, under PS Cognates
line 541	Hank Nater	translation	gone for one day	page 25, the gloss, its number erased, a derivation or allomorph not counted
line 541	Bella Coola	transcription	ʔi-ɬul	page 25, the Bella Coola form
line 542	Hank Nater	translation	leave sb behind	page 25, the gloss, its number erased, a derivation or allomorph not counted
line 542	Bella Coola	transcription	s-walut, √s-wal	page 25, the Bella Coola form
line 543	Hank Nater	note	543	page 25, the line's number
line 543	Hank Nater	translation	new, recent	page 25, the gloss
line 543	Bella Coola	transcription	wayx	page 25, the Bella Coola form
line 543	Hank Nater	note	*way ‘revealed’ (Ku02:116)	page 25, under PS Cognates
line 544	Hank Nater	note	544	page 25, the line's number
line 544	Hank Nater	translation	pry open	page 25, the gloss
line 544	Bella Coola	transcription	√wiiq, √wiiχ	page 25, the Bella Coola form
line 544	Hank Nater	note	*wiq’ ‘take apart, open’ (Ku02:115)	page 25, under PS Cognates
line 545	Hank Nater	note	545	page 25, the line's number
line 545	Hank Nater	translation	pour, spill sth	page 25, the gloss
line 545	Bella Coola	transcription	wl	page 25, the Bella Coola form
line 545	Hank Nater	note	*wal ‘tilt, tip over’ (Ku02:114)	page 25, under PS Cognates
line 546	Hank Nater	translation	to limp	page 25, the gloss, its number erased, a derivation or allomorph not counted
line 546	Bella Coola	transcription	wl:wlka-cut	page 25, the Bella Coola form
line 546	Hank Nater	note	wl ‘tilt (back & forth)’ + *- (i)kǝn ‘back, spine’ (Ku02:114,204)	page 25, under PS Cognates
line 547	Hank Nater	note	547	page 25, the line's number
line 547	Hank Nater	translation	be stuck, not moving away	page 25, the gloss
line 547	Bella Coola	transcription	χam-lx	page 25, the Bella Coola form
line 547	Hank Nater	note	*χa/ǝm ‘heavy, weigh down’ (Ku02:126)	page 25, under PS Cognates
line 548	Hank Nater	note	548	page 25, the line's number
line 548	Hank Nater	translation	be frequent, be/do often	page 25, the gloss
line 548	Bella Coola	transcription	χiɬ	page 25, the Bella Coola form
line 548	Hank Nater	note	*χil ‘similar, frequent’ (Ku02:125)	page 25, under PS Cognates
line 549	Hank Nater	note	549	page 25, the line's number
line 549	Hank Nater	translation	lack, be deprived	page 25, the gloss
line 549	Bella Coola	transcription	√χɬ	page 25, the Bella Coola form
line 549	Hank Nater	note	ʕəɬ/l ‘to lose’ (Ku02:134)	page 25, under PS Cognates
line 550	Hank Nater	note	550	page 25, the line's number
line 550	Hank Nater	translation	cause to go around/across sth	page 25, the gloss
line 550	Bella Coola	transcription	√χlq’	page 25, the Bella Coola form
line 550	Hank Nater	note	*χǝlǝq’ ‘turn, roll’ (Ku02:125)	page 25, under PS Cognates
line 551	Hank Nater	note	551	page 25, the line's number
line 551	Hank Nater	translation	to bite	page 25, the gloss
line 551	Bella Coola	transcription	χm	page 25, the Bella Coola form
line 551	Hank Nater	note	*χǝm (Ku02:127)	page 25, under PS Cognates
line 552	Hank Nater	note	552	page 25, the line's number
line 552	Hank Nater	translation	half, incomplete, defective, faulty	page 25, the gloss
line 552	Bella Coola	transcription	√χƛ’	page 25, the Bella Coola form
line 552	Hank Nater	note	*χaƛ’ ‘to want, difficult’ (Ku02:125)	page 25, under PS Cognates
line 553	Hank Nater	note	553	page 25, the line's number
line 553	Hank Nater	translation	rasp, file	page 25, the gloss
line 553	Bella Coola	transcription	χʷuq’	page 25, the Bella Coola form
line 553	Hank Nater	note	*χʷu/aq’ʷ ‘grind, rasp’ (Ku02:128)	page 25, under PS Cognates
line 554	Hank Nater	translation	grate, creak, squeak	page 25, the gloss, its number erased, a derivation or allomorph not counted
line 554	Bella Coola	transcription	χʷiq’-m	page 25, the Bella Coola form
line 555	Hank Nater	note	555	page 25, the line's number
line 555	Hank Nater	translation	melt	page 25, the gloss
line 555	Bella Coola	transcription	χʷay	page 25, the Bella Coola form
line 555	Hank Nater	note	*χʷay ‘perish, disappear’ (Ku02:129)	page 25, under PS Cognates
§2.3.2	Hank Nater	note	Line	page 26, a column's head
§2.3.2	Hank Nater	note	Gloss	page 26, a column's head
§2.3.2	Hank Nater	note	BC	page 26, a column's head
§2.3.2	Hank Nater	note	PS Cognates	page 26, a column's head
line 556	Hank Nater	note	556	page 26, the line's number
line 556	Hank Nater	translation	fun, pleasure, play	page 26, the gloss
line 556	Bella Coola	transcription	√χʷis	page 26, the Bella Coola form
line 556	Hank Nater	note	*ʕʷǝy(s/c) ‘play, joke, make fun’ (Ku02:135)	page 26, under PS Cognates
line 557	Hank Nater	translation	obsolete game	page 26, the gloss, its number erased, a derivation or allomorph not counted
line 557	Bella Coola	transcription	χʷs-an-im	page 26, the Bella Coola form
§2.3.2	Hank Nater	note	For items 338, 446, 476 see section 3.	page 26
§2.3.3	Hank Nater	heading	2.3.3 Areal cognates	page 26
§2.3.3	Hank Nater	note	13 BC non-ecological items are linked with both Salish and NS. It cannot be determined whether they have been borrowed from NS or inherited from PS.	page 26
§2.3.3	Hank Nater	note	Line	page 26, a column's head
§2.3.3	Hank Nater	note	Gloss	page 26, a column's head
§2.3.3	Hank Nater	note	BC	page 26, a column's head
§2.3.3	Hank Nater	note	Areal Cognates	page 26, a column's head
line 558	Hank Nater	note	558	page 26, the line's number
line 558	Hank Nater	translation	grasp, pinch	page 26, the gloss
line 558	Bella Coola	transcription	kip’	page 26, the Bella Coola form
line 558	Hank Nater	note	PS *k’ip’, NW √k’p ‘hold by squeezing’ (Ku02:42)	page 26, under Areal Cognates
line 559	Hank Nater	note	559	page 26, the line's number
line 559	Hank Nater	translation	thin	page 26, the gloss
line 559	Bella Coola	transcription	ʔl:pl-ii	page 26, the Bella Coola form
line 559	Hank Nater	note	PS *pal (Ku02:72), NW √pl (LR80:59)	page 26, under Areal Cognates
line 560	Hank Nater	translation	scale of fish	page 26, the gloss, its number erased, a derivation or allomorph not counted
line 560	Bella Coola	transcription	pl=lst	page 26, the Bella Coola form
line 561	Hank Nater	note	561	page 26, the line's number
line 561	Hank Nater	translation	excrement	page 26, the gloss
line 561	Bella Coola	transcription	mnk	page 26, the Bella Coola form
line 561	Hank Nater	note	PS *mnak, NW √mnk (Ku02:68-69)	page 26, under Areal Cognates
line 562	Hank Nater	note	562	page 26, the line's number
line 562	Hank Nater	translation	four	page 26, the gloss
line 562	Bella Coola	transcription	mús	page 26, the Bella Coola form
line 562	Hank Nater	note	PS *mus, NW √mw (Ku02:69)	page 26, under Areal Cognates
line 563	Hank Nater	translation	three	page 26, the gloss, its number erased, a derivation or allomorph not counted
line 563	Bella Coola	transcription	ʔas-mús	page 26, the Bella Coola form
line 564	Hank Nater	note	564	page 26, the line's number
line 564	Hank Nater	translation	blow, hiss	page 26, the gloss
line 564	Bella Coola	transcription	√ps	page 26, the Bella Coola form
line 564	Hank Nater	note	IS *pǝs ‘break wind’ (Ku02:177), NW √pis ‘to whistle’ (LR80:61)	page 26, under Areal Cognates
line 565	Hank Nater	translation	defecate	page 26, the gloss, its number erased, a derivation or allomorph not counted
line 565	Bella Coola	transcription	ʔa-ps	page 26, the Bella Coola form
line 566	Hank Nater	note	566	page 26, the line's number
line 566	Hank Nater	translation	grow	page 26, the gloss
line 566	Bella Coola	transcription	pus	page 26, the Bella Coola form
line 566	Hank Nater	note	PS *pu… (Ku02:76), NW √bus ‘to swell’ (LR80:54)	page 26, under Areal Cognates
line 567	Hank Nater	translation	swell, rise (water)	page 26, the gloss, its number erased, a derivation or allomorph not counted
line 567	Bella Coola	transcription	pu-cut	page 26, the Bella Coola form
line 568	Hank Nater	note	568	page 26, the line's number
line 568	Hank Nater	translation	roast potatoes under sand	page 26, the gloss
line 568	Bella Coola	transcription	q’ʷalm-uuɬ	page 26, the Bella Coola form
line 568	Hank Nater	note	PS *q’ʷal/y- ‘scorch, burn’ (Ku02:95), NW √q’ʷaɬ ‘burn to cinders’ (LR80:334)	page 26, under Areal Cognates
line 569	Hank Nater	translation	ashes, charred	page 26, the gloss, its number erased, a derivation or allomorph not counted
line 569	Bella Coola	transcription	√q’ʷay	page 26, the Bella Coola form
line 570	Hank Nater	translation	scorched	page 26, the gloss, its number erased, a derivation or allomorph not counted
line 570	Bella Coola	transcription	k’ʷalx	page 26, the Bella Coola form
line 571	Hank Nater	translation	smoked salmon head skin	page 26, the gloss, its number erased, a derivation or allomorph not counted
line 571	Bella Coola	transcription	ʔa:k’ʷi	page 26, the Bella Coola form
line 572	Hank Nater	translation	ashes	page 26, the gloss, its number erased, a derivation or allomorph not counted
line 572	Bella Coola	transcription	s-q’ʷaɬ-kʷ	page 26, the Bella Coola form
line 573	Hank Nater	translation	ashes	page 26, the gloss, its number erased, a derivation or allomorph not counted
line 573	Bella Coola	transcription	s-q’ʷayχ-ɬɬ	page 26, the Bella Coola form
line 574	Hank Nater	note	574	page 26, the line's number
line 574	Hank Nater	translation	twist, spin	page 26, the gloss
line 574	Bella Coola	transcription	√q’al	page 26, the Bella Coola form
line 574	Hank Nater	note	PS *q’ǝl, NW √q’aɬ ‘braid, plait’ (Ku02:86-87)	page 26, under Areal Cognates
§2.3.3	Hank Nater	note	Line	page 27, a column's head
§2.3.3	Hank Nater	note	Gloss	page 27, a column's head
§2.3.3	Hank Nater	note	BC	page 27, a column's head
§2.3.3	Hank Nater	note	Areal Cognates	page 27, a column's head
line 575	Hank Nater	translation	to stagger	page 27, the gloss, its number erased, a derivation or allomorph not counted
line 575	Bella Coola	transcription	q’l-m	page 27, the Bella Coola form
line 576	Hank Nater	translation	rope	page 27, the gloss, its number erased, a derivation or allomorph not counted
line 576	Bella Coola	transcription	q’lsxʷ	page 27, the Bella Coola form
line 577	Hank Nater	note	577	page 27, the line's number
line 577	Hank Nater	translation	fence	page 27, the gloss
line 577	Bella Coola	transcription	q’laχ	page 27, the Bella Coola form
line 577	Hank Nater	note	PS *q’laχ (Ku02:88), Ha q’làχn (LR86:311), Tahltan q’anaˑχán̥ (my in-laws, p.c.)	page 27, under Areal Cognates
line 578	Hank Nater	note	578	page 27, the line's number
line 578	Hank Nater	translation	hit with a stick	page 27, the gloss
line 578	Bella Coola	transcription	sp’	page 27, the Bella Coola form
line 578	Hank Nater	note	PS *sǝp’ (Ku02:99), Yurok √s’oˑp (Go75:4)	page 27, under Areal Cognates
line 579	Hank Nater	note	579	page 27, the line's number
line 579	Hank Nater	translation	straight	page 27, the gloss
line 579	Bella Coola	transcription	cak’ʷ	page 27, the Bella Coola form
line 579	Hank Nater	note	PS *ca/ək’ʷ, NW √ʒakʷ ‘straighten out’ (Ku02:23- 24)	page 27, under Areal Cognates
line 580	Hank Nater	note	580	page 27, the line's number
line 580	Hank Nater	translation	stick, rod	page 27, the gloss
line 580	Bella Coola	transcription	χc’a, qc’a	page 27, the Bella Coola form
line 580	Hank Nater	note	PS *χǝc’-ay’, Oo χc’aʔi ‘canoe’ (Ku02:124)	page 27, under Areal Cognates
line 581	Hank Nater	note	581	page 27, the line's number
line 581	Hank Nater	translation	oil, grease, lubricate	page 27, the gloss
line 581	Bella Coola	transcription	χʷs	page 27, the Bella Coola form
line 581	Hank Nater	note	CS *χʷǝs ‘grease’ (Ku02:156), Kw √χʷs ‘seal blubber’ (LR80:337)	page 27, under Areal Cognates
line 582	Hank Nater	translation	fat	page 27, the gloss, its number erased, a derivation or allomorph not counted
line 582	Bella Coola	transcription	χs	page 27, the Bella Coola form
§2.3.4	Hank Nater	heading	2.3.4 NS cognates	page 27
§2.3.4	Hank Nater	note	There are 121 BC non-ecological terms that are linked exclusively with NS. Of these, 101 are cognate with NW, while 20 are linked mainly with Na- Dene. Ha data are from LR86, other (and common) NW data from LR80, and He data from LR80 and Ra10. Again, the borrowing direction appears to be NS → BC, as (1) the BC forms (with /CVCCV, CVCVC, CCVCV/, etc. structures) generally have an un-Salish appearance, (2) the NS forms are as a rule phonemically more complex than the BC cognates, (3) most NW forms are analyzable within NW, (4) (pre-)PA forms are too intrinsically Na-Dene to have been borrowed from BC.	page 27
§2.3.4	Hank Nater	note	Line	page 27, a column's head
§2.3.4	Hank Nater	note	Gloss	page 27, a column's head
§2.3.4	Hank Nater	note	BC	page 27, a column's head
§2.3.4	Hank Nater	note	NW Cognates	page 27, a column's head
line 583	Hank Nater	note	583	page 27, the line's number
line 583	Hank Nater	translation	perceive an omen	page 27, the gloss
line 583	Bella Coola	transcription	ʔaaχn	page 27, the Bella Coola form
line 583	Hank Nater	note	Ha ʔaqn ‘omen’ (√ʔaq)	page 27, under NW Cognates
line 584	Hank Nater	note	584	page 27, the line's number
line 584	Hank Nater	translation	sea canoe	page 27, the gloss
line 584	Bella Coola	transcription	ʔak’ʷna	page 27, the Bella Coola form
line 584	Hank Nater	note	Oo xʷak’ʷna (√xʷakʷ)	page 27, under NW Cognates
line 585	Hank Nater	note	585	page 27, the line's number
line 585	Hank Nater	translation	herald, messenger	page 27, the gloss
line 585	Bella Coola	transcription	ʔalkʷ	page 27, the Bella Coola form
line 585	Hank Nater	note	Ha ʔalǝkʷ ‘spokesman for a chief’ (√ʔa)	page 27, under NW Cognates
line 587	Hank Nater	note	587	page 27, the line's number
line 587	Hank Nater	translation	ouch	page 27, the gloss
line 587	Bella Coola	transcription	ʔanana	page 27, the Bella Coola form
line 587	Hank Nater	note	Ha ʔnanà (√na)	page 27, under NW Cognates
line 588	Hank Nater	note	588	page 27, the line's number
line 588	Hank Nater	translation	build a river canoe	page 27, the gloss
line 588	Bella Coola	transcription	ʔa:ƛ’a	page 27, the Bella Coola form
line 588	Hank Nater	note	NW √ʔaƛ’ ‘build a boat’	page 27, under NW Cognates
line 589	Hank Nater	note	589	page 27, the line's number
line 589	Hank Nater	translation	behind, east, interior	page 27, the gloss
line 589	Bella Coola	transcription	√aƛ’s	page 27, the Bella Coola form
line 589	Hank Nater	note	NW √ʔaƛ ‘be inland’	page 27, under NW Cognates
line 590	Hank Nater	note	590	page 27, the line's number
line 590	Hank Nater	translation	raft	page 27, the gloss
line 590	Bella Coola	transcription	ʔa:wanaaχ-kʷ < *√wanaʔq, wanaq’	page 27, the Bella Coola form
line 590	Hank Nater	note	NW √wnq(’) ‘low (in the water)’	page 27, under NW Cognates
line 592	Hank Nater	note	592	page 27, the line's number
line 592	Hank Nater	translation	incomplete, not quite, almost	page 27, the gloss
line 592	Bella Coola	transcription	ʔixaʔi(i)	page 27, the Bella Coola form
line 592	Hank Nater	note	NW √ʔixa ‘draw near, almost’	page 27, under NW Cognates
§2.3.4	Hank Nater	note	Line	page 28, a column's head
§2.3.4	Hank Nater	note	Gloss	page 28, a column's head
§2.3.4	Hank Nater	note	BC	page 28, a column's head
§2.3.4	Hank Nater	note	NW Cognates	page 28, a column's head
line 593	Hank Nater	note	593	page 28, the line's number
line 593	Hank Nater	translation	medicine	page 28, the gloss
line 593	Bella Coola	transcription	ʔiiχsa, √ʔiiχsn	page 28, the Bella Coola form
line 593	Hank Nater	note	NW ʔiχsa, √ʔiq	page 28, under NW Cognates
line 594	Hank Nater	note	594	page 28, the line's number
line 594	Hank Nater	translation	dip food in grease	page 28, the gloss
line 594	Bella Coola	transcription	ʔis-m:c’m	page 28, the Bella Coola form
line 594	Hank Nater	note	NW √c’p	page 28, under NW Cognates
line 595	Hank Nater	note	595	page 28, the line's number
line 595	Hank Nater	translation	put earrings on sb	page 28, the gloss
line 595	Bella Coola	transcription	√ʔissa	page 28, the Bella Coola form
line 595	Hank Nater	note	Kw ʔiʔslà ‘abalone shells’, √ʔis ‘abalone’	page 28, under NW Cognates
line 596	Hank Nater	note	596	page 28, the line's number
line 596	Hank Nater	translation	take off, pull (off)	page 28, the gloss
line 596	Bella Coola	transcription	ks	page 28, the Bella Coola form
line 596	Hank Nater	note	NW √ks ‘push away’	page 28, under NW Cognates
line 597	Hank Nater	note	597	page 28, the line's number
line 597	Hank Nater	translation	type of canoe	page 28, the gloss
line 597	Bella Coola	transcription	kʷncaɬa	page 28, the Bella Coola form
line 597	Hank Nater	note	NW √kʷns ‘use steam (e.g. to bend ribs of canoe)’	page 28, under NW Cognates
line 598	Hank Nater	note	598	page 28, the line's number
line 598	Hank Nater	translation	empty, absent, nothing	page 28, the gloss
line 598	Bella Coola	transcription	k’axʷ	page 28, the Bella Coola form
line 598	Hank Nater	note	NW √k’iw	page 28, under NW Cognates
line 599	Hank Nater	note	599	page 28, the line's number
line 599	Hank Nater	translation	herring rake	page 28, the gloss
line 599	Bella Coola	transcription	k’ita	page 28, the Bella Coola form
line 599	Hank Nater	note	NW √k’it ‘catch herrings with a rake’	page 28, under NW Cognates
line 600	Hank Nater	note	600	page 28, the line's number
line 600	Hank Nater	translation	little finger	page 28, the gloss
line 600	Bella Coola	transcription	k’ita	page 28, the Bella Coola form
line 600	Hank Nater	note	Ha k’idà (√k’i)	page 28, under NW Cognates
line 601	Hank Nater	note	601	page 28, the line's number
line 601	Hank Nater	translation	shoulder blade	page 28, the gloss
line 601	Bella Coola	transcription	ɬaaχ(aɬ)ta	page 28, the Bella Coola form
line 601	Hank Nater	note	NW ƛaq’ʷdn (√ƛaqʷ)	page 28, under NW Cognates
line 602	Hank Nater	note	602	page 28, the line's number
line 602	Hank Nater	translation	wet	page 28, the gloss
line 602	Bella Coola	transcription	ɬq	page 28, the Bella Coola form
line 602	Hank Nater	note	Kw √ƛq	page 28, under NW Cognates
line 603	Hank Nater	note	603	page 28, the line's number
line 603	Hank Nater	translation	to slap; slice, cut into slabs	page 28, the gloss
line 603	Bella Coola	transcription	ɬq’	page 28, the Bella Coola form
line 603	Hank Nater	note	Kw √ƛq ‘clap, slap’	page 28, under NW Cognates
line 604	Hank Nater	note	604	page 28, the line's number
line 604	Hank Nater	translation	student of the supernatural	page 28, the gloss
line 604	Bella Coola	transcription	ɬukʷala	page 28, the Bella Coola form
line 604	Hank Nater	note	Oo/Kw λugʷala (√λugʷ)	page 28, under NW Cognates
line 605	Hank Nater	note	605	page 28, the line's number
line 605	Hank Nater	translation	soft, spongy	page 28, the gloss
line 605	Bella Coola	transcription	ɬu:ɬp	page 28, the Bella Coola form
line 605	Hank Nater	note	Ha √ɬup ‘soft, soggy’	page 28, under NW Cognates
line 606	Hank Nater	note	606	page 28, the line's number
line 606	Hank Nater	translation	have sexual foreplay	page 28, the gloss
line 606	Bella Coola	transcription	lu:luχʷ-am	page 28, the Bella Coola form
line 606	Hank Nater	note	NW √luχʷ ‘roll’	page 28, under NW Cognates
line 607	Hank Nater	note	607	page 28, the line's number
line 607	Hank Nater	translation	side dish	page 28, the gloss
line 607	Bella Coola	transcription	mac-ta	page 28, the Bella Coola form
line 607	Hank Nater	note	NW √mas ‘eat as a …’	page 28, under NW Cognates
line 608	Hank Nater	translation	fir cone	page 28, the gloss, its number erased, a derivation or allomorph not counted
line 608	Bella Coola	transcription	s-ma:mac-tn-ak	page 28, the Bella Coola form
line 609	Hank Nater	note	609	page 28, the line's number
line 609	Hank Nater	translation	cured salmon roe	page 28, the gloss
line 609	Bella Coola	transcription	mac’i	page 28, the Bella Coola form
line 609	Hank Nater	note	Oo maʒm (√mas)	page 28, under NW Cognates
line 610	Hank Nater	note	610	page 28, the line's number
line 610	Hank Nater	translation	arrowhead	page 28, the gloss
line 610	Bella Coola	transcription	mik’t	page 28, the Bella Coola form
line 610	Hank Nater	note	Ha mik’t ‘obsidian’ (√mik)	page 28, under NW Cognates
line 611	Hank Nater	note	611	page 28, the line's number
line 611	Hank Nater	translation	type of dance	page 28, the gloss
line 611	Bella Coola	transcription	miɬa	page 28, the Bella Coola form
line 611	Hank Nater	note	Ha m’ìƛa ‘teasing dance’ (√m’iƛ)	page 28, under NW Cognates
line 612	Hank Nater	note	612	page 28, the line's number
line 612	Hank Nater	translation	count things	page 28, the gloss
line 612	Bella Coola	transcription	mnck	page 28, the Bella Coola form
line 612	Hank Nater	note	NW √m’nc ‘to measure’	page 28, under NW Cognates
line 613	Hank Nater	note	613	page 28, the line's number
line 613	Hank Nater	translation	dip sth up	page 28, the gloss
line 613	Bella Coola	transcription	mntxʷ, √mntaxʷ	page 28, the Bella Coola form
line 614	Hank Nater	note	614	page 28, the line's number
line 614	Hank Nater	translation	measure	page 28, the gloss
line 614	Bella Coola	transcription	mnɬat	page 28, the Bella Coola form
line 615	Hank Nater	note	615	page 28, the line's number
line 615	Hank Nater	translation	stale, bland	page 28, the gloss
line 615	Bella Coola	transcription	√muq’ʷ	page 28, the Bella Coola form
line 615	Hank Nater	note	NW √m’uqʷ	page 28, under NW Cognates
line 616	Hank Nater	note	616	page 28, the line's number
line 616	Hank Nater	translation	type of storage box	page 28, the gloss
line 616	Bella Coola	transcription	paaqiɁyala	page 28, the Bella Coola form
line 616	Hank Nater	note	Ha pàqi’ala ‘vessel with board on top’ (√paq)	page 28, under NW Cognates
line 617	Hank Nater	note	617	page 28, the line's number
line 617	Hank Nater	translation	cedarwood box used for storing food	page 28, the gloss
line 617	Bella Coola	transcription	plkiʔwa	page 28, the Bella Coola form
line 617	Hank Nater	note	Ha pl̀ki’a ‘thin lid on top (of box)’ (√pl)	page 28, under NW Cognates
line 618	Hank Nater	note	618	page 28, the line's number
line 618	Hank Nater	translation	shape, mold	page 28, the gloss
line 618	Bella Coola	transcription	ps	page 28, the Bella Coola form
line 618	Hank Nater	note	NW √pis ‘soft, pliable’	page 28, under NW Cognates
line 619	Hank Nater	translation	train, educate sb	page 28, the gloss, its number erased, a derivation or allomorph not counted
line 619	Bella Coola	transcription	psx	page 28, the Bella Coola form
line 620	Hank Nater	translation	train, educate sb	page 28, the gloss, its number erased, a derivation or allomorph not counted
line 620	Bella Coola	transcription	pis:pis	page 28, the Bella Coola form
line 621	Hank Nater	note	621	page 28, the line's number
line 621	Hank Nater	translation	Sasquatch (ape-like creature)	page 28, the gloss
line 621	Bella Coola	transcription	puk’ʷs	page 28, the Bella Coola form
line 621	Hank Nater	note	NW bk’ʷs (√bkʷ)	page 28, under NW Cognates
§2.3.4	Hank Nater	note	Line	page 29, a column's head
§2.3.4	Hank Nater	note	Gloss	page 29, a column's head
§2.3.4	Hank Nater	note	BC	page 29, a column's head
§2.3.4	Hank Nater	note	NW Cognates	page 29, a column's head
line 622	Hank Nater	note	622	page 29, the line's number
line 622	Hank Nater	translation	wink, blink	page 29, the gloss
line 622	Bella Coola	transcription	p’ɬa	page 29, the Bella Coola form
line 622	Hank Nater	note	NW √p’ɬ	page 29, under NW Cognates
line 623	Hank Nater	note	623	page 29, the line's number
line 623	Hank Nater	translation	bend	page 29, the gloss
line 623	Bella Coola	transcription	p’s	page 29, the Bella Coola form
line 623	Hank Nater	note	NW √p’s	page 29, under NW Cognates
line 624	Hank Nater	note	624	page 29, the line's number
line 624	Hank Nater	translation	attached to	page 29, the gloss
line 624	Bella Coola	transcription	√qaɬ	page 29, the Bella Coola form
line 624	Hank Nater	note	NW √ɢaƛ ‘to gaff, hook’	page 29, under NW Cognates
line 625	Hank Nater	note	625	page 29, the line's number
line 625	Hank Nater	translation	gaff, hook	page 29, the gloss
line 625	Bella Coola	transcription	qaɬayu	page 29, the Bella Coola form
line 625	Hank Nater	note	NW √ɢaƛ ‘to gaff, hook’	page 29, under NW Cognates
line 626	Hank Nater	note	626	page 29, the line's number
line 626	Hank Nater	translation	granny (hypocoristic)	page 29, the gloss
line 626	Bella Coola	transcription	qama	page 29, the Bella Coola form
line 626	Hank Nater	note	NW √ɢa, ɢaɢm ‘grandparent’	page 29, under NW Cognates
line 627	Hank Nater	note	627	page 29, the line's number
line 627	Hank Nater	translation	hat	page 29, the gloss
line 627	Bella Coola	transcription	qayt	page 29, the Bella Coola form
line 627	Hank Nater	note	Ha qait	page 29, under NW Cognates
line 628	Hank Nater	note	628	page 29, the line's number
line 628	Hank Nater	translation	shoe	page 29, the gloss
line 628	Bella Coola	transcription	qinχ	page 29, the Bella Coola form
line 628	Hank Nater	note	NW √qnχ	page 29, under NW Cognates
line 629	Hank Nater	note	629	page 29, the line's number
line 629	Hank Nater	translation	mix food with grease	page 29, the gloss
line 629	Bella Coola	transcription	qlxʷ-ila	page 29, the Bella Coola form
line 629	Hank Nater	note	NW √qlxʷ	page 29, under NW Cognates
line 630	Hank Nater	note	630	page 29, the line's number
line 630	Hank Nater	translation	thin, narrow	page 29, the gloss
line 630	Bella Coola	transcription	qp-i	page 29, the Bella Coola form
line 630	Hank Nater	note	NW √p(a)q ‘flat’	page 29, under NW Cognates
line 631	Hank Nater	note	631	page 29, the line's number
line 631	Hank Nater	translation	rack for drying food	page 29, the gloss
line 631	Bella Coola	transcription	qc’us, χc’us	page 29, the Bella Coola form
line 631	Hank Nater	note	He qc’ús (√qs)	page 29, under NW Cognates
line 632	Hank Nater	note	632	page 29, the line's number
line 632	Hank Nater	translation	thumb	page 29, the gloss
line 632	Bella Coola	transcription	qʷuna	page 29, the Bella Coola form
line 632	Hank Nater	note	NW qʷuna	page 29, under NW Cognates
line 633	Hank Nater	note	633	page 29, the line's number
line 633	Hank Nater	translation	wooden spoon	page 29, the gloss
line 633	Bella Coola	transcription	qʷaniɬ	page 29, the Bella Coola form
line 633	Hank Nater	note	He ɢʷání ‘ladle made of goat horn’ (√ɢʷa(x))	page 29, under NW Cognates
line 634	Hank Nater	note	634	page 29, the line's number
line 634	Hank Nater	translation	crush, bruise	page 29, the gloss
line 634	Bella Coola	transcription	qʷilac	page 29, the Bella Coola form
line 634	Hank Nater	note	NW √qʷiɬ	page 29, under NW Cognates
line 635	Hank Nater	note	635	page 29, the line's number
line 635	Hank Nater	translation	leak, ooze, flood	page 29, the gloss
line 635	Bella Coola	transcription	√q’ʷs	page 29, the Bella Coola form
line 635	Hank Nater	note	He/Oo √q’ʷs ‘drizzle’	page 29, under NW Cognates
line 636	Hank Nater	note	636	page 29, the line's number
line 636	Hank Nater	translation	chisel	page 29, the gloss
line 636	Bella Coola	transcription	q’atm	page 29, the Bella Coola form
line 636	Hank Nater	note	NW √q’at ‘cut with a chisel’	page 29, under NW Cognates
line 637	Hank Nater	note	637	page 29, the line's number
line 637	Hank Nater	translation	poor, pitiful	page 29, the gloss
line 637	Bella Coola	transcription	q’ay	page 29, the Bella Coola form
line 637	Hank Nater	note	He q’í, Ha q’ai	page 29, under NW Cognates
line 638	Hank Nater	note	638	page 29, the line's number
line 638	Hank Nater	translation	droning cry	page 29, the gloss
line 638	Bella Coola	transcription	q’inakʷliɬ	page 29, the Bella Coola form
line 638	Hank Nater	note	cf. He q’inákʷlá ‘increase in number gradually’ (√q’i ‘much, many’)	page 29, under NW Cognates
line 639	Hank Nater	note	639	page 29, the line's number
line 639	Hank Nater	translation	go up, climb	page 29, the gloss
line 639	Bella Coola	transcription	q’lum	page 29, the Bella Coola form
line 639	Hank Nater	note	Ha √q’l ‘dangle, be suspended’, q’lip… ‘climb’	page 29, under NW Cognates
line 640	Hank Nater	note	640	page 29, the line's number
line 640	Hank Nater	translation	vexed, irritated	page 29, the gloss
line 640	Bella Coola	transcription	√q’nɬa	page 29, the Bella Coola form
line 640	Hank Nater	note	Ha q’ǹƛa ‘react angrily’	page 29, under NW Cognates
line 641	Hank Nater	note	641	page 29, the line's number
line 641	Hank Nater	translation	taste	page 29, the gloss
line 641	Bella Coola	transcription	q’pst	page 29, the Bella Coola form
line 641	Hank Nater	note	NW √p’q	page 29, under NW Cognates
line 642	Hank Nater	note	642	page 29, the line's number
line 642	Hank Nater	translation	whiteman	page 29, the gloss
line 642	Bella Coola	transcription	q’ʷumsxiwa	page 29, the Bella Coola form
line 642	Hank Nater	note	Ha q’ʷm̀ksiwa (√q’ʷm)	page 29, under NW Cognates
line 643	Hank Nater	note	643	page 29, the line's number
line 643	Hank Nater	translation	dipnet	page 29, the gloss
line 643	Bella Coola	transcription	saxʷa	page 29, the Bella Coola form
line 643	Hank Nater	note	Ha sàxʷa ‘use dipnet’ (√saxʷ)	page 29, under NW Cognates
line 644	Hank Nater	note	644	page 29, the line's number
line 644	Hank Nater	translation	axe made of sqwalst	page 29, the gloss
line 644	Bella Coola	transcription	saqʷ-aak-sta	page 29, the Bella Coola form
line 644	Hank Nater	note	NW √saqʷ ‘chafe, peel’	page 29, under NW Cognates
line 645	Hank Nater	note	645	page 29, the line's number
line 645	Hank Nater	translation	suckling	page 29, the gloss
line 645	Bella Coola	transcription	sa:sa	page 29, the Bella Coola form
line 645	Hank Nater	note	Ha sàsm ‘children’ (√sas)	page 29, under NW Cognates
line 646	Hank Nater	note	646	page 29, the line's number
line 646	Hank Nater	translation	mythological double- headed serpent	page 29, the gloss
line 646	Bella Coola	transcription	sisyuɬ	page 29, the Bella Coola form
line 646	Hank Nater	note	He sísíuɬ (√sis)	page 29, under NW Cognates
line 647	Hank Nater	note	647	page 29, the line's number
line 647	Hank Nater	translation	mythical ape-like creature	page 29, the gloss
line 647	Bella Coola	transcription	sni:niq’	page 29, the Bella Coola form
line 647	Hank Nater	note	Oo/Kw ʒunuq’ʷa (ʒuqʷ)	page 29, under NW Cognates
line 648	Hank Nater	note	648	page 29, the line's number
line 648	Hank Nater	translation	boastful song	page 29, the gloss
line 648	Bella Coola	transcription	s-χiiɬla	page 29, the Bella Coola form
line 648	Hank Nater	note	Kw χiƛla ‘shout’ (√χiƛ)	page 29, under NW Cognates
line 649	Hank Nater	note	649	page 29, the line's number
line 649	Hank Nater	translation	sphere, globe, bulb	page 29, the gloss
line 649	Bella Coola	transcription	s-χʷat	page 29, the Bella Coola form
line 649	Hank Nater	note	Kw √χʷat ‘testicle’	page 29, under NW Cognates
§2.3.4	Hank Nater	note	Line	page 30, a column's head
§2.3.4	Hank Nater	note	Gloss	page 30, a column's head
§2.3.4	Hank Nater	note	BC	page 30, a column's head
§2.3.4	Hank Nater	note	NW Cognates	page 30, a column's head
line 650	Hank Nater	translation	reluctant, lazy	page 30, the gloss, its number erased, a derivation or allomorph not counted
line 650	Bella Coola	transcription	√nu-sχʷat-aaχ	page 30, the Bella Coola form
line 651	Hank Nater	note	651	page 30, the line's number
line 651	Hank Nater	translation	poke, bump, hit	page 30, the gloss
line 651	Bella Coola	transcription	tas	page 30, the Bella Coola form
line 651	Hank Nater	note	NW √ts ‘push’	page 30, under NW Cognates
line 652	Hank Nater	note	652	page 30, the line's number
line 652	Hank Nater	translation	bait a line or trap	page 30, the gloss
line 652	Bella Coola	transcription	tiiɬ	page 30, the Bella Coola form
line 652	Hank Nater	note	NW √tiɬ	page 30, under NW Cognates
line 653	Hank Nater	note	653	page 30, the line's number
line 653	Hank Nater	translation	hit with a hammer	page 30, the gloss
line 653	Bella Coola	transcription	tiiχʷ	page 30, the Bella Coola form
line 653	Hank Nater	note	NW √diqʷ ‘drive in piles’	page 30, under NW Cognates
line 654	Hank Nater	note	654	page 30, the line's number
line 654	Hank Nater	translation	elbow	page 30, the gloss
line 654	Bella Coola	transcription	ƛ’akʷani	page 30, the Bella Coola form
line 654	Hank Nater	note	NW √ƛ’akʷ	page 30, under NW Cognates
line 655	Hank Nater	note	655	page 30, the line's number
line 655	Hank Nater	translation	beads	page 30, the gloss
line 655	Bella Coola	transcription	ƛ’aʔlaya, ƛ’aʔyala	page 30, the Bella Coola form
line 655	Hank Nater	note	He ƛ’áy’álá (√ƛ’i’)	page 30, under NW Cognates
line 656	Hank Nater	note	656	page 30, the line's number
line 656	Hank Nater	translation	eulachon grease	page 30, the gloss
line 656	Bella Coola	transcription	ƛ’ina	page 30, the Bella Coola form
line 656	Hank Nater	note	NW √ƛ’in’	page 30, under NW Cognates
line 657	Hank Nater	note	657	page 30, the line's number
line 657	Hank Nater	translation	head of penis	page 30, the gloss
line 657	Bella Coola	transcription	ƛ’p-an-ta	page 30, the Bella Coola form
line 657	Hank Nater	note	NW √ƛ’ip ‘roll up foreskin’	page 30, under NW Cognates
line 658	Hank Nater	note	658	page 30, the line's number
line 658	Hank Nater	translation	break sth off	page 30, the gloss
line 658	Bella Coola	transcription	√ƛ’χʷi	page 30, the Bella Coola form
line 658	Hank Nater	note	Kw √ƛ’qʷ ‘break off sticks’	page 30, under NW Cognates
line 659	Hank Nater	note	659	page 30, the line's number
line 659	Hank Nater	translation	cured salmon roe	page 30, the gloss
line 659	Bella Coola	transcription	tmkʷa	page 30, the Bella Coola form
line 659	Hank Nater	note	NW √tmkʷ ‘to eat …’	page 30, under NW Cognates
line 660	Hank Nater	note	660	page 30, the line's number
line 660	Hank Nater	translation	chase out	page 30, the gloss
line 660	Bella Coola	transcription	caaχa, √caaχn	page 30, the Bella Coola form
line 660	Hank Nater	note	NW √caq	page 30, under NW Cognates
line 661	Hank Nater	note	661	page 30, the line's number
line 661	Hank Nater	translation	harpoon	page 30, the gloss
line 661	Bella Coola	transcription	can	page 30, the Bella Coola form
line 661	Hank Nater	note	Ha ʒan ‘seal harpoon’ (√ʒa)	page 30, under NW Cognates
line 662	Hank Nater	note	662	page 30, the line's number
line 662	Hank Nater	translation	shotgun pellets	page 30, the gloss
line 662	Bella Coola	transcription	ca:caʔyayu, √ca:caʔyaw	page 30, the Bella Coola form
line 662	Hank Nater	note	Oo cacay’ayu (√ci)	page 30, under NW Cognates
line 663	Hank Nater	note	663	page 30, the line's number
line 663	Hank Nater	translation	pound cedar bark to soften it, make a plug	page 30, the gloss
line 663	Bella Coola	transcription	cup	page 30, the Bella Coola form
line 663	Hank Nater	note	NW √ʒup ‘plug with soft material’	page 30, under NW Cognates
line 664	Hank Nater	note	664	page 30, the line's number
line 664	Hank Nater	translation	long snowshoes	page 30, the gloss
line 664	Bella Coola	transcription	c’awikaɬ	page 30, the Bella Coola form
line 664	Hank Nater	note	Ha c’àw’ikaɬ (√c’aw’ik)	page 30, under NW Cognates
line 665	Hank Nater	note	665	page 30, the line's number
line 665	Hank Nater	translation	to drip	page 30, the gloss
line 665	Bella Coola	transcription	c’x-m	page 30, the Bella Coola form
line 665	Hank Nater	note	Kw √c’xʷ	page 30, under NW Cognates
line 666	Hank Nater	note	666	page 30, the line's number
line 666	Hank Nater	translation	dirty	page 30, the gloss
line 666	Bella Coola	transcription	c’ikm	page 30, the Bella Coola form
line 666	Hank Nater	note	Ha √c’ik	page 30, under NW Cognates
line 667	Hank Nater	note	667	page 30, the line's number
line 667	Hank Nater	translation	guts, intestines	page 30, the gloss
line 667	Bella Coola	transcription	c’ima, √c’imn	page 30, the Bella Coola form
line 667	Hank Nater	note	Ha c’im (√c’s)	page 30, under NW Cognates
line 668	Hank Nater	note	668	page 30, the line's number
line 668	Hank Nater	translation	basket	page 30, the gloss
line 668	Bella Coola	transcription	c’la, √c’ln	page 30, the Bella Coola form
line 668	Hank Nater	note	Oo/Ha c’la	page 30, under NW Cognates
line 669	Hank Nater	note	669	page 30, the line's number
line 669	Hank Nater	translation	forefinger	page 30, the gloss
line 669	Bella Coola	transcription	c’m	page 30, the Bella Coola form
line 669	Hank Nater	note	NW √c’m	page 30, under NW Cognates
line 670	Hank Nater	note	670	page 30, the line's number
line 670	Hank Nater	translation	smoked eulachons	page 30, the gloss
line 670	Bella Coola	transcription	c’mtaaq	page 30, the Bella Coola form
line 670	Hank Nater	note	Oo/Kw c’mdaq (√c’mt)	page 30, under NW Cognates
line 671	Hank Nater	note	671	page 30, the line's number
line 671	Hank Nater	translation	glove, mitten	page 30, the gloss
line 671	Bella Coola	transcription	c’up’akt	page 30, the Bella Coola form
line 671	Hank Nater	note	Oo/Kw c’up’ax (√c’up)	page 30, under NW Cognates
line 672	Hank Nater	note	672	page 30, the line's number
line 672	Hank Nater	translation	sack made of sealion’s bladder	page 30, the gloss
line 672	Bella Coola	transcription	c’ya-wɬ	page 30, the Bella Coola form
line 672	Hank Nater	note	Ha c’iàla ‘use bucket or dipper’ (√c’i)	page 30, under NW Cognates
line 673	Hank Nater	note	673	page 30, the line's number
line 673	Hank Nater	translation	bubbles, specks	page 30, the gloss
line 673	Bella Coola	transcription	√tup	page 30, the Bella Coola form
line 673	Hank Nater	note	NW √tup ‘speck, dot’	page 30, under NW Cognates
line 674	Hank Nater	note	674	page 30, the line's number
line 674	Hank Nater	translation	chipped	page 30, the gloss
line 674	Bella Coola	transcription	t’kʷi	page 30, the Bella Coola form
line 674	Hank Nater	note	NW √t’kʷ ‘scrape, scratch’	page 30, under NW Cognates
line 675	Hank Nater	translation	tumpline	page 30, the gloss, its number erased, a derivation or allomorph not counted
line 675	Bella Coola	transcription	t’n(-)iiχʷ-uɬ	page 30, the Bella Coola form
line 675	Hank Nater	note	cf. 708 t’nχʷ	page 30, under NW Cognates
line 676	Hank Nater	note	676	page 30, the line's number
line 676	Hank Nater	translation	salty	page 30, the gloss
line 676	Bella Coola	transcription	t’s	page 30, the Bella Coola form
line 676	Hank Nater	note	NW √t’ys ‘stone’	page 30, under NW Cognates
line 677	Hank Nater	note	677	page 30, the line's number
line 677	Hank Nater	translation	knock on, strike and break	page 30, the gloss
line 677	Bella Coola	transcription	t’c	page 30, the Bella Coola form
line 677	Hank Nater	note	NW √t’s ‘pound, crack’	page 30, under NW Cognates
line 678	Hank Nater	note	678	page 30, the line's number
line 678	Hank Nater	translation	towards the west	page 30, the gloss
line 678	Bella Coola	transcription	ʔu-nikʷ, ʔu-n:nikʷ	page 30, the Bella Coola form
line 678	Hank Nater	note	Oo nikʷ ‘night’	page 30, under NW Cognates
line 679	Hank Nater	note	679	page 30, the line's number
line 679	Hank Nater	translation	throat	page 30, the gloss
line 679	Bella Coola	transcription	ʔu:q’ʷuuni	page 30, the Bella Coola form
line 679	Hank Nater	note	Ha q’ùq’ʷn’i (√q’u)	page 30, under NW Cognates
§2.3.4	Hank Nater	note	Line	page 31, a column's head
§2.3.4	Hank Nater	note	Gloss	page 31, a column's head
§2.3.4	Hank Nater	note	BC	page 31, a column's head
§2.3.4	Hank Nater	note	NW Cognates	page 31, a column's head
line 680	Hank Nater	note	680	page 31, the line's number
line 680	Hank Nater	translation	cape, garment; corona around moon	page 31, the gloss
line 680	Bella Coola	transcription	waχcya	page 31, the Bella Coola form
line 680	Hank Nater	note	He waχʷsíwá ‘cape, poncho’ (√waqʷ)	page 31, under NW Cognates
line 681	Hank Nater	note	681	page 31, the line's number
line 681	Hank Nater	translation	well!, okay!, now then!	page 31, the gloss
line 681	Bella Coola	transcription	way, wii	page 31, the Bella Coola form
line 681	Hank Nater	note	NW √wi	page 31, under NW Cognates
line 682	Hank Nater	note	682	page 31, the line's number
line 682	Hank Nater	translation	wage war against	page 31, the gloss
line 682	Bella Coola	transcription	win	page 31, the Bella Coola form
line 682	Hank Nater	note	NW √win	page 31, under NW Cognates
line 683	Hank Nater	note	683	page 31, the line's number
line 683	Hank Nater	translation	poke, skewer	page 31, the gloss
line 683	Bella Coola	transcription	√win	page 31, the Bella Coola form
line 683	Hank Nater	note	NW √wn ‘penetrate, drill, bore hole’	page 31, under NW Cognates
line 684	Hank Nater	note	684	page 31, the line's number
line 684	Hank Nater	translation	galvanized, tin, metal	page 31, the gloss
line 684	Bella Coola	transcription	χawis	page 31, the Bella Coola form
line 684	Hank Nater	note	Oo χawicm ‘tin’	page 31, under NW Cognates
line 685	Hank Nater	note	685	page 31, the line's number
line 685	Hank Nater	translation	west wind	page 31, the gloss
line 685	Bella Coola	transcription	χayuɬ	page 31, the Bella Coola form
line 685	Hank Nater	note	Oo χa’iuɬ (√χa)	page 31, under NW Cognates
line 686	Hank Nater	note	686	page 31, the line's number
line 686	Hank Nater	translation	dipnet	page 31, the gloss
line 686	Bella Coola	transcription	χʷuta	page 31, the Bella Coola form
line 686	Hank Nater	note	NW √χut ‘scoop up’	page 31, under NW Cognates
line 687	Hank Nater	note	687	page 31, the line's number
line 687	Hank Nater	translation	soak, soften	page 31, the gloss
line 687	Bella Coola	transcription	χʷuc	page 31, the Bella Coola form
line 687	Hank Nater	note	Ha √χʷs ‘become amorphous’	page 31, under NW Cognates
line 688	Hank Nater	note	688	page 31, the line's number
line 688	Hank Nater	translation	eat eulachon	page 31, the gloss
line 688	Bella Coola	transcription	χʷiita	page 31, the Bella Coola form
line 688	Hank Nater	note	NW √χʷit ‘stir or mash with spoon’	page 31, under NW Cognates
line 689	Hank Nater	note	689	page 31, the line's number
line 689	Hank Nater	translation	rattle	page 31, the gloss
line 689	Bella Coola	transcription	yatn	page 31, the Bella Coola form
line 689	Hank Nater	note	NW yadn (√yat)	page 31, under NW Cognates
line 690	Hank Nater	note	690	page 31, the line's number
line 690	Hank Nater	translation	hi!, hello!	page 31, the gloss
line 690	Bella Coola	transcription	yaw	page 31, the Bella Coola form
line 690	Hank Nater	note	He yaú	page 31, under NW Cognates
line 691	Hank Nater	note	691	page 31, the line's number
line 691	Hank Nater	translation	get used to sth	page 31, the gloss
line 691	Bella Coola	transcription	yut-lx	page 31, the Bella Coola form
line 691	Hank Nater	note	Ha √yut ‘used to’	page 31, under NW Cognates
§2.3.4	Hank Nater	note	Line	page 31, a column's head
§2.3.4	Hank Nater	note	Gloss	page 31, a column's head
§2.3.4	Hank Nater	note	BC	page 31, a column's head
§2.3.4	Hank Nater	note	Non-NW Cognates	page 31, a column's head
line 692	Hank Nater	note	692	page 31, the line's number
line 692	Hank Nater	translation	yes	page 31, the gloss
line 692	Bella Coola	transcription	ʔaw	page 31, the Bella Coola form
line 692	Hank Nater	note	Chinook aw (Na10:73)	page 31, under Non-NW Cognates
line 693	Hank Nater	note	693	page 31, the line's number
line 693	Hank Nater	translation	take apart, spill	page 31, the gloss
line 693	Bella Coola	transcription	xʷc	page 31, the Bella Coola form
line 693	Hank Nater	note	No √xʷac ‘crumbling’ (Da02:458)	page 31, under Non-NW Cognates
line 694	Hank Nater	note	694	page 31, the line's number
line 694	Hank Nater	translation	dance-cry	page 31, the gloss
line 694	Bella Coola	transcription	huyp	page 31, the Bella Coola form
line 694	Hank Nater	note	No hoˑy ‘shout used to introduce mask dance’ (Da02:413)	page 31, under Non-NW Cognates
line 695	Hank Nater	note	695	page 31, the line's number
line 695	Hank Nater	translation	twist, wring	page 31, the gloss
line 695	Bella Coola	transcription	kic’	page 31, the Bella Coola form
line 695	Hank Nater	note	early Athabascan *√gǝʔc’ (Na94: 182, fn. 6)	page 31, under Non-NW Cognates
line 696	Hank Nater	note	696	page 31, the line's number
line 696	Hank Nater	translation	cry, weep	page 31, the gloss
line 696	Bella Coola	transcription	kʷanat	page 31, the Bella Coola form
line 696	Hank Nater	note	PA-Eyak *√kʷǝn (-)χ (Na94:181)	page 31, under Non-NW Cognates
line 697	Hank Nater	note	697	page 31, the line's number
line 697	Hank Nater	translation	firewood	page 31, the gloss
line 697	Bella Coola	transcription	kʷmɬ	page 31, the Bella Coola form
line 697	Hank Nater	note	cf. Carrier kʷǝn ‘fire’ (Na94:184)	page 31, under Non-NW Cognates
line 698	Hank Nater	note	698	page 31, the line's number
line 698	Hank Nater	translation	head hair	page 31, the gloss
line 698	Bella Coola	transcription	mnɬkʷa	page 31, the Bella Coola form
line 698	Hank Nater	note	Quileute boɬkʷ (Na10:73)	page 31, under Non-NW Cognates
line 699	Hank Nater	note	699	page 31, the line's number
line 699	Hank Nater	translation	to growl	page 31, the gloss
line 699	Bella Coola	transcription	nu-xim	page 31, the Bella Coola form
line 699	Hank Nater	note	*x(ʷ)iwn, *xʷǝn, cf. PA *√ʁʷǝn (Na94:181)	page 31, under Non-NW Cognates
line 700	Hank Nater	note	700	page 31, the line's number
line 700	Hank Nater	translation	pack, wrap, store, bury	page 31, the gloss
line 700	Bella Coola	transcription	q’aw	page 31, the Bella Coola form
line 700	Hank Nater	note	Eyak q’ǝw ‘provisions’ (Na94:181)	page 31, under Non-NW Cognates
line 701	Hank Nater	note	701	page 31, the line's number
line 701	Hank Nater	translation	scorch, toast	page 31, the gloss
line 701	Bella Coola	transcription	√q’m	page 31, the Bella Coola form
line 701	Hank Nater	note	PA *√q’aˑn ‘burn’ (Na94:182)	page 31, under Non-NW Cognates
line 702	Hank Nater	note	702	page 31, the line's number
line 702	Hank Nater	translation	lover, sweetheart	page 31, the gloss
line 702	Bella Coola	transcription	sχan	page 31, the Bella Coola form
line 702	Hank Nater	note	Carrier √ʔisɣan (Na74)	page 31, under Non-NW Cognates
line 703	Hank Nater	note	703	page 31, the line's number
line 703	Hank Nater	translation	blunt arrow used to stun birds	page 31, the gloss
line 703	Bella Coola	transcription	tas	page 31, the Bella Coola form
line 703	Hank Nater	note	Carrier tǝs, Tahltan tas (Na94:184)	page 31, under Non-NW Cognates
line 704	Hank Nater	note	704	page 31, the line's number
line 704	Hank Nater	translation	pinch, snap, cut off	page 31, the gloss
line 704	Bella Coola	transcription	ƛ’p	page 31, the Bella Coola form
line 704	Hank Nater	note	No √ƛ’ap ‘cut with scissors’ (Da02:428)	page 31, under Non-NW Cognates
§2.3.4	Hank Nater	note	Line	page 32, a column's head
§2.3.4	Hank Nater	note	Gloss	page 32, a column's head
§2.3.4	Hank Nater	note	BC	page 32, a column's head
§2.3.4	Hank Nater	note	Non-NW Cognates	page 32, a column's head
line 705	Hank Nater	note	705	page 32, the line's number
line 705	Hank Nater	translation	birch bark basket	page 32, the gloss
line 705	Bella Coola	transcription	ƛ’ul-ay	page 32, the Bella Coola form
line 705	Hank Nater	note	PA *√ƛ’uˑl ‘rope’ + *-ay ‘plant’ (Na94:183)	page 32, under Non-NW Cognates
line 706	Hank Nater	note	706	page 32, the line's number
line 706	Hank Nater	translation	rattle, crackle, burst, sparkle	page 32, the gloss
line 706	Bella Coola	transcription	√ƛ’χ	page 32, the Bella Coola form
line 706	Hank Nater	note	PA *√ƛǝχd ‘flare up’, Eyak √ƛeʔχ ‘(fish) flops’ (Na94:181)	page 32, under Non-NW Cognates
line 707	Hank Nater	note	707	page 32, the line's number
line 707	Hank Nater	translation	close one’s eye(s), wink	page 32, the gloss
line 707	Bella Coola	transcription	√c’i	page 32, the Bella Coola form
line 707	Hank Nater	note	PA *√č’(ʷ)…ʔɬ (Na94:183)	page 32, under Non-NW Cognates
line 708	Hank Nater	note	708	page 32, the line's number
line 708	Hank Nater	translation	head	page 32, the gloss
line 708	Bella Coola	transcription	t’nχʷ	page 32, the Bella Coola form
line 708	Hank Nater	note	Quileute ʔoˑ-t’iqʷ (Na10:73), Nootka √t’uḥ (Da02:451)	page 32, under Non-NW Cognates
line 709	Hank Nater	note	709	page 32, the line's number
line 709	Hank Nater	translation	to vomit	page 32, the gloss
line 709	Bella Coola	transcription	ʔut’ak	page 32, the Bella Coola form
line 709	Hank Nater	note	Eyak √wǝt’ (Na94:181)	page 32, under Non-NW Cognates
line 710	Hank Nater	note	710	page 32, the line's number
line 710	Hank Nater	translation	to snore	page 32, the gloss
line 710	Bella Coola	transcription	χʷal-t	page 32, the Bella Coola form
line 710	Hank Nater	note	PA √ʁʷǝn (Na94:181)	page 32, under Non-NW Cognates
line 711	Hank Nater	note	711	page 32, the line's number
line 711	Hank Nater	translation	music, singing	page 32, the gloss
line 711	Bella Coola	transcription	√yamɬ	page 32, the Bella Coola form
line 711	Hank Nater	note	PA √ɣǝn ‘sing shamanistically’ (Na94:182)	page 32, under Non-NW Cognates
§2.3.5	Hank Nater	heading	2.3.5 All non-ecology-related cognates	page 32
§2.3.5	Hank Nater	note	Around 25% of the BC entries listed in 2.3.1-4 above are, contrary to Newman’s claim (“Bella Coola borrowed almost nothing of its basic stock of words from Wakashan, in contrast to its heavy borrowing of ecological terms” (p. 207)), akin to NW.	page 32
§3	Hank Nater	heading	3 Notes and conclusions	page 32
§3	Hank Nater	note	As detailed above, my findings challenge those of Kuipers 2002 and Newman as regards the distribution of vocabulary related to CS and IS, resp. vocabulary borrowed from NW. Furthermore, elements shared only with IS are most likely of PS origin. Items 45, 192, 331, 338, 446 and 476 contain pre-BC *-(l-)iwan, *-(l-)iwǝn, *-(l-)ǝwǝn, *-iw ‘system, principle, essence, spirit’ (cf. Sq -iwan ‘spirit, mind’ (Ku69:14)) reduced to BC -iwa (45, 192), -wi (331), -yu (338, 446), -lun (476) (cf. BC -liwa, -liwn-, -lun- ‘… like, … ish’ (Na84:57)).	page 32
§3	Bella Coola	cited form	*-(l-)iwan, *-(l-)iwǝn, *-(l-)ǝwǝn, *-iw	page 32, in italics, ‘system, principle, essence, spirit’
§3	Bella Coola	cited form	-iwan	page 32, in italics, ‘spirit, mind’
§3	Bella Coola	cited form	-iwa	page 32, in italics
§3	Bella Coola	cited form	-wi	page 32, in italics
§3	Bella Coola	cited form	-yu	page 32, in italics
§3	Bella Coola	cited form	-lun	page 32, in italics
§3	Bella Coola	cited form	-liwa, -liwn-, -lun-	page 32, in italics, ‘… like, … ish’
§3	Hank Nater	note	BC deictic clitics and lexical suffixes were – like all bound BC morphemes – excluded from this study, but it should be mentioned that here, too, NW influence has been pervasive: nowhere in Salish do we find spatio- temporal deictic systems as elaborate as in BC (Na84, pp. 41-48). As well, lexical suffix stringing plays in BC a more prominent role than in all other Salish, and the rigid PSO syntax of BC is more reminiscent of NW than of other Salish (where word order appears to be less fixed than is the case in BC). While most BC single lexical suffixes are retentions from PS, productive suffix- stringing (Na84, pp. 74-88) is a BC innovation. Another trait more typical of BC than of most other Salish, i.e. post-predicative enclisis and enclitic-stringing (Na84, pp. 125-133, and cf. VE85, pp. 231-252), must have evolved under the influence of this increased use of suffixation. Such growing use of enclisis in turn likely underlies another major difference: where non-BC Salish distinguishes mood via different verbal paradigms, BC uses enclisis. For example, ‘may we say’ and ‘I wonder what they will say’ are rendered in Li vs. BC as follows: Li cút-at (say-1p subjunctive) = BC kaᴗcut-iɬᴗc’akʷ (futureᴗsay- 1pᴗdesiderative); Li ʔinwat-wít-asᴗkɬ (say what-3p-subjunctiveᴗremote future) = BC kaᴗʔinut-awᴗʔlᴗma (futureᴗsay -3pᴗinterrogativeᴗpossibly).	page 32
§3	Bella Coola	cited form	cút-at	page 33, in italics
§3	Bella Coola	cited form	kaᴗcut-iɬᴗc’akʷ	page 33, in italics
§3	Bella Coola	cited form	ʔinwat-wít-asᴗkɬ	page 33, in italics
§3	Bella Coola	cited form	kaᴗʔinut-awᴗʔlᴗma	page 33, in italics
§3	Hank Nater	note	Yet another feature that separates BC from all other Salish is lack of distinctive schwa and stress. Elimination of *ə (vs. continuation of *ə as [n̩] in e.g. t’nχʷ ‘head’, mnɬkʷa ‘hair’, mnc’ɬta ‘pus’) has made it possible for entirely voiceless words and sentences to evolve (e.g. stp ‘speck’, pɬt ‘thick’, q’psttχ ‘taste it!’, k’xɬɬcxʷᴗkʷᴗc’ sɬχʷtɬɬc ‘you had then reportedly seen that I had passed through’), and for distinctive stress – which cannot play a role in voiceless words – to disappear (see Na84, pp. 27-28). Obstruent-clustering + lack of distinctive stress also typify Oo: ƛxχspsƛkts ‘the-invisible-one-here-with-me will be a nice thwart’ (LR80, p. 31).	page 33
§3	Bella Coola	cited form	*ə	page 33, in italics
§3	Bella Coola	cited form	t’nχʷ	page 33, in italics, ‘head’
§3	Bella Coola	cited form	mnɬkʷa	page 33, in italics, ‘hair’
§3	Bella Coola	cited form	mnc’ɬta	page 33, in italics, ‘pus’
§3	Bella Coola	cited form	pɬt	page 33, in italics, ‘thick’
§3	Bella Coola	cited form	q’psttχ	page 33, in italics, ‘taste it!’
§3	Bella Coola	cited form	k’xɬɬcxʷᴗkʷᴗc’ sɬχʷtɬɬc	page 33, in italics, ‘you had then reportedly seen that I had passed through’
§3	Bella Coola	cited form	ƛxχspsƛkts	page 33, in italics, ‘the-invisible-one-here-with-me will be a nice thwart’
§3	Hank Nater	note	More relevantly, though, the vast quantity of vocabulary of unknown origin – however consistent with the diachronic-geographic isolation of BC from the rest of Salish – remains a source of frustration, and I hope that more Salish dictionaries, or comprehensive morpheme lists, can be made available for comparative purposes in the near future. This would enable us to expand our PS/CS/IS database, and to increase the number of BC etymologies. Also, comparing BC (and Salish in general) with non-Salish languages spoken near Salish territory can yield interesting results (cf. Na10). Another area that must be explored in detail is the presence in BC of sets of phonemically and semantically similar roots, two of which are adduced here. The first of these, whose members consist of a {palatovelar stop + (i +) rounded velar/labial} sequence, is: k’m ‘bite’, ki:kyu ‘chew’, kip’ ‘pinch’, k’ixʷ ‘gnaw’. The second set, whose members have the structure {glottalized rounded velar/uvular stop + (w)a (+ l/y)}, is: k’ʷa(y)-lx ‘scorched’, k’ʷwa ‘bake food around a fire’, √q’ʷay ‘charred’, q’ʷal-m-uuɬ ‘roast potatoes under sand’. Such old phonemic and semantic fluidity undoubtedly accounts for the existence in BC of many stems and roots that have – to date – no obvious cognates in other Salish (for other factors see further below). That portion of the BC lexicon appears in the appendix at the end of this paper. In the meantime, I summarize my findings in the table below and a few comments thereafter.	page 33
§3	Bella Coola	cited form	k’ixʷ	page 33, in italics, ‘gnaw’
§3	Bella Coola	cited form	k’ʷa(y)-lx	page 33, in italics, ‘scorched’
§3	Bella Coola	cited form	k’ʷwa	page 33, in italics, ‘bake food around a fire’
§3	Bella Coola	cited form	√q’ʷay	page 33, in italics, ‘charred’
§3	Bella Coola	cited form	q’ʷal-m-uuɬ	page 33, in italics, ‘roast potatoes under sand’
§3	Hank Nater	note	PS	page 33, the table of totals, a column's head
§3	Hank Nater	note	CS	page 33, the table of totals, a column's head
§3	Hank Nater	note	IS	page 33, the table of totals, a column's head
§3	Hank Nater	note	A	page 33, the table of totals, a column's head
§3	Hank Nater	note	NS	page 33, the table of totals, a column's head
§3	Hank Nater	note	?	page 33, the table of totals, a column's head
§3	Hank Nater	note	totals	page 33, the table of totals, a column's head
§3	Hank Nater	note	ecology	page 33, the table of totals, a row's head
§3	Hank Nater	note	40	page 33, the table of totals, ecology under PS
§3	Hank Nater	note	14	page 33, the table of totals, ecology under CS
§3	Hank Nater	note	12	page 33, the table of totals, ecology under IS
§3	Hank Nater	note	21	page 33, the table of totals, ecology under A
§3	Hank Nater	note	93	page 33, the table of totals, ecology under NS
§3	Hank Nater	note	180	page 33, the table of totals, ecology under totals
§3	Hank Nater	note	non-ecology	page 33, the table of totals, a row's head
§3	Hank Nater	note	169	page 33, the table of totals, non-ecology under PS
§3	Hank Nater	note	80	page 33, the table of totals, non-ecology under CS
§3	Hank Nater	note	51	page 33, the table of totals, non-ecology under IS
§3	Hank Nater	note	13	page 33, the table of totals, non-ecology under A
§3	Hank Nater	note	121	page 33, the table of totals, non-ecology under NS
§3	Hank Nater	note	434	page 33, the table of totals, non-ecology under totals
§3	Hank Nater	note	unknown	page 33, the table of totals, a row's head
§3	Hank Nater	note	661	page 33, the table of totals, unknown under ?
§3	Hank Nater	note	661	page 33, the table of totals, unknown under totals
§3	Hank Nater	note	totals	page 33, the table of totals, a row's head
§3	Hank Nater	note	209	page 33, the table of totals, totals under PS
§3	Hank Nater	note	94	page 33, the table of totals, totals under CS
§3	Hank Nater	note	63	page 33, the table of totals, totals under IS
§3	Hank Nater	note	34	page 33, the table of totals, totals under A
§3	Hank Nater	note	214	page 33, the table of totals, totals under NS
§3	Hank Nater	note	661	page 33, the table of totals, totals under ?
§3	Hank Nater	note	1275	page 33, the table of totals, totals under totals
§3	Hank Nater	note	percentages	page 33, the table of totals, a row's head
§3	Hank Nater	note	16.4%	page 33, the table of totals, percentages under PS
§3	Hank Nater	note	7.4%	page 33, the table of totals, percentages under CS
§3	Hank Nater	note	4.9%	page 33, the table of totals, percentages under IS
§3	Hank Nater	note	2.7%	page 33, the table of totals, percentages under A
§3	Hank Nater	note	16.8%	page 33, the table of totals, percentages under NS
§3	Hank Nater	note	51.8%	page 33, the table of totals, percentages under ?
§3	Hank Nater	note	100.0%	page 33, the table of totals, percentages under totals
§3	Hank Nater	note	The “unknown origin” portion of BC vocabulary appears to be mainly innovative, while other layers likely evolved in the following order: pre-CS – (pre-)PA – southern areal (Nootka, Quileute, Chinook, Ritwan) – northern areal (CS, NW, Athabascan). It is due to its pre-CS origin that BC is more closely linked with CS than with IS, though much less so than suggested by Ku02. This section of Pinnow’s (1964) map shows the entire area associated with the evolution of BC lexicon (and the present location of BC), with Ritwan being the southmost constituent, and Athabascan the northmost one. There has been sporadic contact with Tsimshian/Gitksan – either directly or indirectly – as well.	page 33
§3	Hank Nater	name	Pinnow	Heinz-Jürgen Pinnow (1964), the North American Indian languages, the map of §3
§3	Hank Nater	language	Quileute	a southern areal source
§3	Hank Nater	language	Ritwan	Yurok and Wiyot, the southmost source
§3	Hank Nater	language	Tsimshian	sporadic contact
§3	Hank Nater	language	Gitksan	sporadic contact
§3	Hank Nater	note	In consideration of its structural and lexical features, I assign BC the following position within Salish:	page 34
§3	Hank Nater	note	Interior Salish / proto-Salish Bella Coola / pre-Coastal Coast-Olympic / Salish Coastal Salish / Salish Tillamook-Siletz	page 34, a tree: proto-Salish over Interior Salish and pre-Coastal Salish, pre-Coastal Salish over Bella Coola and Coastal Salish, Coastal Salish over Coast-Olympic Salish and Tillamook-Siletz
§3	Hank Nater	note	At first blush, this time depth does not seem consistent with the ratio of BC “unknown origin” lexis to that of non-PS vocabulary in CS and IS. In Ku02, CS-only etyma number 185, and IS-only etyma total 396; the number of BC- only items might be expected to be intermediate between these two (around 300, less than half of what it actually is). However, BC has – due to its prolonged isolation and exposure to non-Salish – become less conservative than all other Salish. Reduction, inversion, petrification, deglottalization, compensatory lengthening, feature loss, and combinations thereof underlie the etymological obscurity of a major portion of BC vocabulary. For reduction see items 7, 22, 54, etc.; for inversion see items 1, 12, 27, etc.; for petrified forms see the epithetical forms treated in 2.2.2 and items 45, 192, 331, 338, 446, 476; for deglottalization see items 28, 41, 224, etc.; for compensatory lengthening see items 90, 224, 238, etc. Feature loss, however rare (e.g. 74, 499), may be attested in e.g. sk’x ‘black’ (if from *k’ǝx~ *q’ǝχ (with mobile retraction + lag assimilation), cf. Sq q’ǝχ:q’íχ (Ku67:356)) and k’x ‘see’ (if from *k’ʷǝx~ *k’ǝxʷ (with mobile rounding + lag assimilation), cf. √k’ʷxʷ ‘observant’ (item 205)).	page 34
§3	Bella Coola	cited form	q’ǝχ:q’íχ	page 34, in italics
§3	Bella Coola	cited form	√k’ʷxʷ	page 34, in italics, ‘observant’
§4	Hank Nater	heading	4 Bella Coola vocabulary with unknown origin	page 35
§4	Hank Nater	note	Below, I list those BC verbo-nominal stems and roots that I have not been able to relate to other Salish and/or NS. Here, too, line numbering is erased where derivations and allomorphs are listed. In order to alleviate the task of locating items in this lengthy (17 pages) table, I have rendered BC lemmata in the BC practical orthography (upper case) as well: TS = /c/, TL’ = /ƛ’/, LH = /ɬ/, 7 = /ʔ/, C = /x/, X = /χ/, KW = /kʷ/, etc.	page 35
§4	Hank Nater	note	Line	page 35, a column's head
§4	Hank Nater	note	Na90 entry + gloss	page 35, a column's head
§4	Hank Nater	note	Phonemic notation	page 35, a column's head
line 712	Hank Nater	note	712	page 35, the line's number
line 712	Bella Coola	transcription	AKW'A	page 35, the Na90 entry in the practical orthography
line 712	Hank Nater	translation	black diver	page 35, the Na90 gloss
line 712	Bella Coola	transcription	ʔak’ʷa	page 35, the phonemic notation
line 713	Hank Nater	note	713	page 35, the line's number
line 713	Bella Coola	transcription	ALATK	page 35, the Na90 entry in the practical orthography
line 713	Hank Nater	translation	miss, make mistake	page 35, the Na90 gloss
line 713	Bella Coola	transcription	ʔalatk	page 35, the phonemic notation
line 714	Hank Nater	note	714	page 35, the line's number
line 714	Bella Coola	transcription	ALATSICW+IKS	page 35, the Na90 entry in the practical orthography
line 714	Hank Nater	translation	how/why/what kind?	page 35, the Na90 gloss
line 714	Bella Coola	transcription	ʔalacixʷᴗiks	page 35, the phonemic notation
line 715	Hank Nater	note	715	page 35, the line's number
line 715	Bella Coola	transcription	√ALATS', √AALATS'	page 35, the Na90 entry in the practical orthography
line 715	Hank Nater	translation	report, tell	page 35, the Na90 gloss
line 715	Bella Coola	transcription	√ʔalac’, √ʔaalac’	page 35, the phonemic notation
line 716	Hank Nater	note	716	page 35, the line's number
line 716	Bella Coola	transcription	ALH7ALHTSIM	page 35, the Na90 entry in the practical orthography
line 716	Hank Nater	translation	talk, speak, tell	page 35, the Na90 gloss
line 716	Bella Coola	transcription	ʔaɬ:ʔaɬcim	page 35, the phonemic notation
line 717	Hank Nater	note	717	page 35, the line's number
line 717	Bella Coola	transcription	ALHI	page 35, the Na90 entry in the practical orthography
line 717	Hank Nater	translation	be located, stay	page 35, the Na90 gloss
line 717	Bella Coola	transcription	ʔaɬi	page 35, the phonemic notation
line 718	Hank Nater	note	718	page 35, the line's number
line 718	Bella Coola	transcription	ALH7IKW	page 35, the Na90 entry in the practical orthography
line 718	Hank Nater	translation	barbecue	page 35, the Na90 gloss
line 718	Bella Coola	transcription	ʔaɬ-ʔikʷ	page 35, the phonemic notation
line 719	Hank Nater	note	719	page 35, the line's number
line 719	Bella Coola	transcription	ALH7ILHP’	page 35, the Na90 entry in the practical orthography
line 719	Hank Nater	translation	restrain, hold back	page 35, the Na90 gloss
line 719	Bella Coola	transcription	ʔaɬ-ʔiɬp’	page 35, the phonemic notation
line 720	Hank Nater	note	720	page 35, the line's number
line 720	Bella Coola	transcription	ALHKWILM	page 35, the Na90 entry in the practical orthography
line 720	Hank Nater	translation	wild, shy	page 35, the Na90 gloss
line 720	Bella Coola	transcription	ʔaɬ-kʷilm	page 35, the phonemic notation
line 721	Hank Nater	note	721	page 35, the line's number
line 721	Bella Coola	transcription	ALHLXW	page 35, the Na90 entry in the practical orthography
line 721	Hank Nater	translation	look at sth, read	page 35, the Na90 gloss
line 721	Bella Coola	transcription	ʔaɬ-lχʷ	page 35, the phonemic notation
line 722	Hank Nater	note	722	page 35, the line's number
line 722	Bella Coola	transcription	ALHMULH	page 35, the Na90 entry in the practical orthography
line 722	Hank Nater	translation	beads	page 35, the Na90 gloss
line 722	Bella Coola	transcription	ʔaɬmuɬ	page 35, the phonemic notation
line 723	Hank Nater	note	723	page 35, the line's number
line 723	Bella Coola	transcription	√ALH(7)N	page 35, the Na90 entry in the practical orthography
line 723	Hank Nater	translation	(have) accept(ed)	page 35, the Na90 gloss
line 723	Bella Coola	transcription	√ʔaɬ(ʔ)n	page 35, the phonemic notation
line 724	Hank Nater	note	724	page 35, the line's number
line 724	Bella Coola	transcription	ALHPS	page 35, the Na90 entry in the practical orthography
line 724	Hank Nater	translation	eat	page 35, the Na90 gloss
line 724	Bella Coola	transcription	ʔaɬps	page 35, the phonemic notation
line 725	Hank Nater	note	725	page 35, the line's number
line 725	Bella Coola	transcription	ALHQW’ALAYCLC	page 35, the Na90 entry in the practical orthography
line 725	Hank Nater	translation	mature, with status	page 35, the Na90 gloss
line 725	Bella Coola	transcription	ʔaɬ-q’ʷalayx-lx	page 35, the phonemic notation
line 726	Hank Nater	note	726	page 35, the line's number
line 726	Bella Coola	transcription	ALHTSXWM	page 35, the Na90 entry in the practical orthography
line 726	Hank Nater	translation	reprimand sb	page 35, the Na90 gloss
line 726	Bella Coola	transcription	ʔaɬ-cχʷm	page 35, the phonemic notation
line 727	Hank Nater	note	727	page 35, the line's number
line 727	Bella Coola	transcription	ALHTSXWMALH	page 35, the Na90 entry in the practical orthography
line 727	Hank Nater	translation	walk in slush	page 35, the Na90 gloss
line 727	Bella Coola	transcription	ʔaɬ-cχʷm-aɬ	page 35, the phonemic notation
line 728	Hank Nater	note	728	page 35, the line's number
line 728	Bella Coola	transcription	ALMK	page 35, the Na90 entry in the practical orthography
line 728	Hank Nater	translation	pole a canoe up the river	page 35, the Na90 gloss
line 728	Bella Coola	transcription	ʔalm-k, cf. la:lam	page 35, the phonemic notation
line 729	Hank Nater	translation	pole canoe upriver	page 35, the Na90 gloss, its number erased, a derivation or allomorph not counted
line 729	Bella Coola	transcription	la:lam	page 35, the phonemic notation
line 730	Hank Nater	note	730	page 35, the line's number
line 730	Bella Coola	transcription	ALUUX, √ALUUQ	page 35, the Na90 entry in the practical orthography
line 730	Hank Nater	translation	be last, go behind	page 35, the Na90 gloss
line 730	Bella Coola	transcription	ʔaluuχ, √ʔaluuq	page 35, the phonemic notation
line 731	Hank Nater	note	731	page 35, the line's number
line 731	Bella Coola	transcription	AMA7ITSK	page 35, the Na90 entry in the practical orthography
line 731	Hank Nater	translation	maybe	page 35, the Na90 gloss
line 731	Bella Coola	transcription	ʔamaʔick	page 35, the phonemic notation
line 732	Hank Nater	note	732	page 35, the line's number
line 732	Bella Coola	transcription	AM7AMITKALH	page 35, the Na90 entry in the practical orthography
line 732	Hank Nater	translation	barefoot	page 35, the Na90 gloss
line 732	Bella Coola	transcription	ʔam:ʔamitk-aɬ	page 35, the phonemic notation
line 733	Hank Nater	note	733	page 35, the line's number
line 733	Bella Coola	transcription	AMLH	page 35, the Na90 entry in the practical orthography
line 733	Hank Nater	translation	summer; springsalmon	page 35, the Na90 gloss
line 733	Bella Coola	transcription	ʔamɬ	page 35, the phonemic notation
line 734	Hank Nater	translation	sockeye salmon	page 35, the Na90 gloss, its number erased, a derivation or allomorph not counted
line 734	Bella Coola	transcription	s-amɬ	page 35, the phonemic notation
line 735	Hank Nater	note	735	page 35, the line's number
line 735	Bella Coola	transcription	ANALAS	page 35, the Na90 entry in the practical orthography
line 735	Hank Nater	translation	funnel	page 35, the Na90 gloss
line 735	Bella Coola	transcription	ʔanalas	page 35, the phonemic notation
line 736	Hank Nater	note	736	page 35, the line's number
line 736	Bella Coola	transcription	ANIS	page 35, the Na90 entry in the practical orthography
line 736	Hank Nater	translation	deny	page 35, the Na90 gloss
line 736	Bella Coola	transcription	ʔanis	page 35, the phonemic notation
line 737	Hank Nater	note	737	page 35, the line's number
line 737	Bella Coola	transcription	ANUMAAXM	page 35, the Na90 entry in the practical orthography
line 737	Hank Nater	translation	groan under load	page 35, the Na90 gloss
line 737	Bella Coola	transcription	ʔanumaaχm	page 35, the phonemic notation
line 738	Hank Nater	note	738	page 35, the line's number
line 738	Bella Coola	transcription	√ANUQUM	page 35, the Na90 entry in the practical orthography
line 738	Hank Nater	translation	limit, restrain	page 35, the Na90 gloss
line 738	Bella Coola	transcription	√ʔanuqʷum	page 35, the phonemic notation
line 739	Hank Nater	note	739	page 35, the line's number
line 739	Bella Coola	transcription	ANUQ’M	page 35, the Na90 entry in the practical orthography
line 739	Hank Nater	translation	dare, threaten	page 35, the Na90 gloss
line 739	Bella Coola	transcription	ʔanuq’m	page 35, the phonemic notation
line 740	Hank Nater	note	740	page 35, the line's number
line 740	Bella Coola	transcription	ANUSQ’X	page 35, the Na90 entry in the practical orthography
line 740	Hank Nater	translation	copy	page 35, the Na90 gloss
line 740	Bella Coola	transcription	ʔanusq’χ	page 35, the phonemic notation
line 741	Hank Nater	note	741	page 35, the line's number
line 741	Bella Coola	transcription	APSU	page 35, the Na90 entry in the practical orthography
line 741	Hank Nater	translation	blow	page 35, the Na90 gloss
line 741	Bella Coola	transcription	ʔapsu	page 35, the phonemic notation
line 742	Hank Nater	note	742	page 35, the line's number
line 742	Bella Coola	transcription	APSULH	page 35, the Na90 entry in the practical orthography
line 742	Hank Nater	translation	population, village	page 35, the Na90 gloss
line 742	Bella Coola	transcription	ʔapsuɬ	page 35, the phonemic notation
line 743	Hank Nater	note	743	page 35, the line's number
line 743	Bella Coola	transcription	AQS	page 35, the Na90 entry in the practical orthography
line 743	Hank Nater	translation	halibut hook	page 35, the Na90 gloss
line 743	Bella Coola	transcription	ʔaqs	page 35, the phonemic notation
line 744	Hank Nater	note	744	page 35, the line's number
line 744	Bella Coola	transcription	√AQW’	page 35, the Na90 entry in the practical orthography
line 744	Hank Nater	translation	snarl, tangle	page 35, the Na90 gloss
line 744	Bella Coola	transcription	√ʔaq’ʷ	page 35, the phonemic notation
line 745	Hank Nater	note	745	page 36, the line's number
line 745	Bella Coola	transcription	AQW’AN	page 36, the Na90 entry in the practical orthography
line 745	Hank Nater	translation	steep bank, cliff wall	page 36, the Na90 gloss
line 745	Bella Coola	transcription	ʔaq’ʷan	page 36, the phonemic notation
line 746	Hank Nater	note	746	page 36, the line's number
line 746	Bella Coola	transcription	ASIM	page 36, the Na90 entry in the practical orthography
line 746	Hank Nater	translation	pack a baby	page 36, the Na90 gloss
line 746	Bella Coola	transcription	ʔasim	page 36, the phonemic notation
line 747	Hank Nater	note	747	page 36, the line's number
line 747	Bella Coola	transcription	√ASTIP	page 36, the Na90 entry in the practical orthography
line 747	Hank Nater	translation	hold, clasp	page 36, the Na90 gloss
line 747	Bella Coola	transcription	√ʔastip	page 36, the phonemic notation
line 748	Hank Nater	note	748	page 36, the line's number
line 748	Bella Coola	transcription	ASTSM	page 36, the Na90 entry in the practical orthography
line 748	Hank Nater	translation	fresh fish	page 36, the Na90 gloss
line 748	Bella Coola	transcription	ʔascm	page 36, the phonemic notation
line 749	Hank Nater	note	749	page 36, the line's number
line 749	Bella Coola	transcription	ASYA	page 36, the Na90 entry in the practical orthography
line 749	Hank Nater	translation	butcher, cut up fish	page 36, the Na90 gloss
line 749	Bella Coola	transcription	ʔasya	page 36, the phonemic notation
line 750	Hank Nater	note	750	page 36, the line's number
line 750	Bella Coola	transcription	ATSI	page 36, the Na90 entry in the practical orthography
line 750	Hank Nater	translation	boat, canoe	page 36, the Na90 gloss
line 750	Bella Coola	transcription	ʔaci	page 36, the phonemic notation
line 751	Hank Nater	note	751	page 36, the line's number
line 751	Bella Coola	transcription	√ATS’AAXLH	page 36, the Na90 entry in the practical orthography
line 751	Hank Nater	translation	south	page 36, the Na90 gloss
line 751	Bella Coola	transcription	√ac’aaχɬ	page 36, the phonemic notation
line 752	Hank Nater	note	752	page 36, the line's number
line 752	Bella Coola	transcription	ATS’I	page 36, the Na90 entry in the practical orthography
line 752	Hank Nater	translation	fish with a rod	page 36, the Na90 gloss
line 752	Bella Coola	transcription	ʔac’i	page 36, the phonemic notation
line 753	Hank Nater	note	753	page 36, the line's number
line 753	Bella Coola	transcription	ATS’TA	page 36, the Na90 entry in the practical orthography
line 753	Hank Nater	translation	paddle	page 36, the Na90 gloss
line 753	Bella Coola	transcription	ʔac’-ta	page 36, the phonemic notation
line 754	Hank Nater	note	754	page 36, the line's number
line 754	Bella Coola	transcription	AT’	page 36, the Na90 entry in the practical orthography
line 754	Hank Nater	translation	smear on, paint	page 36, the Na90 gloss
line 754	Bella Coola	transcription	ʔat’	page 36, the phonemic notation
line 755	Hank Nater	note	755	page 36, the line's number
line 755	Bella Coola	transcription	AXXA	page 36, the Na90 entry in the practical orthography
line 755	Hank Nater	translation	yuck!	page 36, the Na90 gloss
line 755	Bella Coola	transcription	ʔaχ:χa	page 36, the phonemic notation
line 756	Hank Nater	note	756	page 36, the line's number
line 756	Bella Coola	transcription	AYK’	page 36, the Na90 entry in the practical orthography
line 756	Hank Nater	translation	ancient, long time	page 36, the Na90 gloss
line 756	Bella Coola	transcription	ʔayk’	page 36, the phonemic notation
line 757	Hank Nater	note	757	page 36, the line's number
line 757	Bella Coola	transcription	CA7M	page 36, the Na90 entry in the practical orthography
line 757	Hank Nater	translation	gather gooseberries	page 36, the Na90 gloss
line 757	Bella Coola	transcription	xaʔm	page 36, the phonemic notation
line 758	Hank Nater	note	758	page 36, the line's number
line 758	Bella Coola	transcription	CAP’	page 36, the Na90 entry in the practical orthography
line 758	Hank Nater	translation	evacuate, escape	page 36, the Na90 gloss
line 758	Bella Coola	transcription	xap’	page 36, the phonemic notation
line 759	Hank Nater	note	759	page 36, the line's number
line 759	Bella Coola	transcription	√CIP	page 36, the Na90 entry in the practical orthography
line 759	Hank Nater	translation	lessen, diminish	page 36, the Na90 gloss
line 759	Bella Coola	transcription	√xip	page 36, the phonemic notation
line 760	Hank Nater	note	760	page 36, the line's number
line 760	Bella Coola	transcription	CM	page 36, the Na90 entry in the practical orthography
line 760	Hank Nater	translation	break, snap	page 36, the Na90 gloss
line 760	Bella Coola	transcription	xm	page 36, the phonemic notation
line 761	Hank Nater	note	761	page 36, the line's number
line 761	Bella Coola	transcription	CNAS	page 36, the Na90 entry in the practical orthography
line 761	Hank Nater	translation	woman, wife	page 36, the Na90 gloss
line 761	Bella Coola	transcription	xnas	page 36, the phonemic notation
line 762	Hank Nater	translation	transsexual, hermaphrodite	page 36, the Na90 gloss, its number erased, a derivation or allomorph not counted
line 762	Bella Coola	transcription	s-xnc	page 36, the phonemic notation
line 763	Hank Nater	note	763	page 36, the line's number
line 763	Bella Coola	transcription	√CS	page 36, the Na90 entry in the practical orthography
line 763	Hank Nater	translation	all, whole, entire	page 36, the Na90 gloss
line 763	Bella Coola	transcription	√xs	page 36, the phonemic notation
line 764	Hank Nater	translation	quiet, silent	page 36, the Na90 gloss, its number erased, a derivation or allomorph not counted
line 764	Bella Coola	transcription	nu-xs	page 36, the phonemic notation
line 765	Hank Nater	note	765	page 36, the line's number
line 765	Bella Coola	transcription	CWILM	page 36, the Na90 entry in the practical orthography
line 765	Hank Nater	translation	to itch	page 36, the Na90 gloss
line 765	Bella Coola	transcription	xʷilm	page 36, the phonemic notation
line 766	Hank Nater	note	766	page 36, the line's number
line 766	Bella Coola	transcription	√CWIN	page 36, the Na90 entry in the practical orthography
line 766	Hank Nater	translation	have seen, be aware	page 36, the Na90 gloss
line 766	Bella Coola	transcription	√xʷin	page 36, the phonemic notation
line 767	Hank Nater	note	767	page 36, the line's number
line 767	Bella Coola	transcription	CWIQ’	page 36, the Na90 entry in the practical orthography
line 767	Hank Nater	translation	cow parsnip, Indian rhubarb	page 36, the Na90 gloss
line 767	Bella Coola	transcription	xʷiq’	page 36, the phonemic notation
line 768	Hank Nater	note	768	page 36, the line's number
line 768	Bella Coola	transcription	CWL	page 36, the Na90 entry in the practical orthography
line 768	Hank Nater	translation	pull, grab	page 36, the Na90 gloss
line 768	Bella Coola	transcription	xʷl	page 36, the phonemic notation
line 769	Hank Nater	note	769	page 36, the line's number
line 769	Bella Coola	transcription	CWM	page 36, the Na90 entry in the practical orthography
line 769	Hank Nater	translation	warm	page 36, the Na90 gloss
line 769	Bella Coola	transcription	xʷm	page 36, the phonemic notation
line 770	Hank Nater	note	770	page 36, the line's number
line 770	Bella Coola	transcription	CWT’	page 36, the Na90 entry in the practical orthography
line 770	Hank Nater	translation	fall in, collapse	page 36, the Na90 gloss
line 770	Bella Coola	transcription	xʷt’	page 36, the phonemic notation
line 771	Hank Nater	note	771	page 36, the line's number
line 771	Bella Coola	transcription	HA7U	page 36, the Na90 entry in the practical orthography
line 771	Hank Nater	translation	tent caterpillar	page 36, the Na90 gloss
line 771	Bella Coola	transcription	haʔu	page 36, the phonemic notation
line 772	Hank Nater	note	772	page 36, the line's number
line 772	Bella Coola	transcription	(H)UUQWAT	page 36, the Na90 entry in the practical orthography
line 772	Hank Nater	translation	term used to pacify a baby	page 36, the Na90 gloss
line 772	Bella Coola	transcription	(h)uuqʷat	page 36, the phonemic notation
line 773	Hank Nater	note	773	page 36, the line's number
line 773	Bella Coola	transcription	ICAASNIC	page 36, the Na90 entry in the practical orthography
line 773	Hank Nater	translation	search, look for	page 36, the Na90 gloss
line 773	Bella Coola	transcription	ʔixaas-nix	page 36, the phonemic notation
line 774	Hank Nater	note	774	page 36, the line's number
line 774	Bella Coola	transcription	ICLH	page 36, the Na90 entry in the practical orthography
line 774	Hank Nater	translation	having arranged a date with a woman	page 36, the Na90 gloss
line 774	Bella Coola	transcription	ʔixɬ	page 36, the phonemic notation
line 775	Hank Nater	note	775	page 36, the line's number
line 775	Bella Coola	transcription	I(7)IPTS	page 36, the Na90 entry in the practical orthography
line 775	Hank Nater	translation	dream	page 36, the Na90 gloss
line 775	Bella Coola	transcription	ʔi(ʔ)ipc	page 36, the phonemic notation
line 776	Hank Nater	note	776	page 36, the line's number
line 776	Bella Coola	transcription	IIXLHP	page 36, the Na90 entry in the practical orthography
line 776	Hank Nater	translation	yellow cedar	page 36, the Na90 gloss
line 776	Bella Coola	transcription	ʔiiχ-ɬp	page 36, the phonemic notation
line 777	Hank Nater	note	777	page 36, the line's number
line 777	Bella Coola	transcription	IIXM, √IIQM	page 36, the Na90 entry in the practical orthography
line 777	Hank Nater	translation	stink	page 36, the Na90 gloss
line 777	Bella Coola	transcription	ʔiiχm, √ʔiiqm	page 36, the phonemic notation
line 778	Hank Nater	note	778	page 36, the line's number
line 778	Bella Coola	transcription	IIXWSILA	page 36, the Na90 entry in the practical orthography
line 778	Hank Nater	translation	miss a meal	page 36, the Na90 gloss
line 778	Bella Coola	transcription	ʔiiχʷs-ila	page 36, the phonemic notation
line 779	Hank Nater	note	779	page 36, the line's number
line 779	Bella Coola	transcription	IKW	page 36, the Na90 entry in the practical orthography
line 779	Hank Nater	translation	cedar bark absorbent material	page 36, the Na90 gloss
line 779	Bella Coola	transcription	ʔikʷ	page 36, the phonemic notation
line 780	Hank Nater	note	780	page 36, the line's number
line 780	Bella Coola	transcription	ILHTSAY	page 36, the Na90 entry in the practical orthography
line 780	Hank Nater	translation	pick berries	page 36, the Na90 gloss
line 780	Bella Coola	transcription	ʔiɬcay	page 36, the phonemic notation
line 781	Hank Nater	note	781	page 36, the line's number
line 781	Bella Coola	transcription	ILHUL	page 36, the Na90 entry in the practical orthography
line 781	Hank Nater	translation	be away for one day	page 36, the Na90 gloss
line 781	Bella Coola	transcription	ʔiɬul	page 36, the phonemic notation
line 782	Hank Nater	note	782	page 36, the line's number
line 782	Bella Coola	transcription	IM	page 36, the Na90 entry in the practical orthography
line 782	Hank Nater	translation	have sexual intercourse	page 36, the Na90 gloss
line 782	Bella Coola	transcription	ʔim	page 36, the phonemic notation
line 783	Hank Nater	note	783	page 36, the line's number
line 783	Bella Coola	transcription	√IM	page 36, the Na90 entry in the practical orthography
line 783	Hank Nater	translation	connect, tie up , wind string	page 36, the Na90 gloss
line 783	Bella Coola	transcription	√ʔim	page 36, the phonemic notation
line 784	Hank Nater	note	784	page 36, the line's number
line 784	Bella Coola	transcription	IMLK, √IMLAAKW	page 36, the Na90 entry in the practical orthography
line 784	Hank Nater	translation	man, male	page 36, the Na90 gloss
line 784	Bella Coola	transcription	ʔim-lk, √ʔim-laakʷ	page 36, the phonemic notation
line 785	Hank Nater	note	785	page 36, the line's number
line 785	Bella Coola	transcription	INA, √IN(A), √IIN	page 36, the Na90 entry in the practical orthography
line 785	Hank Nater	translation	bestow, present	page 36, the Na90 gloss
line 785	Bella Coola	transcription	ʔina, √ʔin(a), √ʔiin	page 36, the phonemic notation
line 786	Hank Nater	note	786	page 36, the line's number
line 786	Bella Coola	transcription	IN(7)IQW’I	page 36, the Na90 entry in the practical orthography
line 786	Hank Nater	translation	brave, hero	page 36, the Na90 gloss
line 786	Bella Coola	transcription	ʔin-(ʔ)iq’ʷi	page 36, the phonemic notation
line 787	Hank Nater	note	787	page 36, the line's number
line 787	Bella Coola	transcription	√IP	page 36, the Na90 entry in the practical orthography
line 787	Hank Nater	translation	narrow, thin	page 36, the Na90 gloss
line 787	Bella Coola	transcription	√ʔip	page 36, the phonemic notation
line 788	Hank Nater	note	788	page 37, the line's number
line 788	Bella Coola	transcription	IPATSUT	page 37, the Na90 entry in the practical orthography
line 788	Hank Nater	translation	store food	page 37, the Na90 gloss
line 788	Bella Coola	transcription	ʔipa-cut	page 37, the phonemic notation
line 789	Hank Nater	note	789	page 37, the line's number
line 789	Bella Coola	transcription	IPTS	page 37, the Na90 entry in the practical orthography
line 789	Hank Nater	translation	moss	page 37, the Na90 gloss
line 789	Bella Coola	transcription	ʔipc	page 37, the phonemic notation
line 790	Hank Nater	note	790	page 37, the line's number
line 790	Bella Coola	transcription	IPU	page 37, the Na90 entry in the practical orthography
line 790	Hank Nater	translation	hide	page 37, the Na90 gloss
line 790	Bella Coola	transcription	ʔipu	page 37, the phonemic notation
line 791	Hank Nater	note	791	page 37, the line's number
line 791	Bella Coola	transcription	√IQ’	page 37, the Na90 entry in the practical orthography
line 791	Hank Nater	translation	touch, disturb, move	page 37, the Na90 gloss
line 791	Bella Coola	transcription	√ʔiq’	page 37, the phonemic notation
line 792	Hank Nater	note	792	page 37, the line's number
line 792	Bella Coola	transcription	IQ’IM	page 37, the Na90 entry in the practical orthography
line 792	Hank Nater	translation	braid sb’s hair	page 37, the Na90 gloss
line 792	Bella Coola	transcription	ʔiq’im	page 37, the phonemic notation
line 793	Hank Nater	note	793	page 37, the line's number
line 793	Bella Coola	transcription	IS7IISK(S)LHI	page 37, the Na90 entry in the practical orthography
line 793	Hank Nater	translation	to whisper	page 37, the Na90 gloss
line 793	Bella Coola	transcription	ʔis:ʔiisk(s)ɬi	page 37, the phonemic notation
line 794	Hank Nater	note	794	page 37, the line's number
line 794	Bella Coola	transcription	ISQ’S	page 37, the Na90 entry in the practical orthography
line 794	Hank Nater	translation	singe hairs off pelt	page 37, the Na90 gloss
line 794	Bella Coola	transcription	ʔisq’s	page 37, the phonemic notation
line 795	Hank Nater	note	795	page 37, the line's number
line 795	Bella Coola	transcription	ITSKW	page 37, the Na90 entry in the practical orthography
line 795	Hank Nater	translation	remote, out of the way	page 37, the Na90 gloss
line 795	Bella Coola	transcription	ʔickʷ	page 37, the phonemic notation
line 796	Hank Nater	note	796	page 37, the line's number
line 796	Bella Coola	transcription	ITS’KALIMTSK	page 37, the Na90 entry in the practical orthography
line 796	Hank Nater	translation	distribute presents	page 37, the Na90 gloss
line 796	Bella Coola	transcription	ʔic’k-alimck	page 37, the phonemic notation
line 797	Hank Nater	note	797	page 37, the line's number
line 797	Bella Coola	transcription	ITS’T	page 37, the Na90 entry in the practical orthography
line 797	Hank Nater	translation	squirt on/into	page 37, the Na90 gloss
line 797	Bella Coola	transcription	ʔic’t	page 37, the phonemic notation
line 798	Hank Nater	note	798	page 37, the line's number
line 798	Bella Coola	transcription	ITUUXT	page 37, the Na90 entry in the practical orthography
line 798	Hank Nater	translation	go fishing for one day	page 37, the Na90 gloss
line 798	Bella Coola	transcription	ʔituuχt	page 37, the phonemic notation
line 799	Hank Nater	note	799	page 37, the line's number
line 799	Bella Coola	transcription	IXW	page 37, the Na90 entry in the practical orthography
line 799	Hank Nater	translation	far, remote	page 37, the Na90 gloss
line 799	Bella Coola	transcription	ʔiχʷ	page 37, the phonemic notation
line 800	Hank Nater	note	800	page 37, the line's number
line 800	Bella Coola	transcription	I7YUM	page 37, the Na90 entry in the practical orthography
line 800	Hank Nater	translation	animal howls	page 37, the Na90 gloss
line 800	Bella Coola	transcription	ʔiʔyum	page 37, the phonemic notation
line 801	Hank Nater	note	801	page 37, the line's number
line 801	Bella Coola	transcription	KAKAATSI	page 37, the Na90 entry in the practical orthography
line 801	Hank Nater	translation	cute, charming	page 37, the Na90 gloss
line 801	Bella Coola	transcription	ka:kaac-i	page 37, the phonemic notation
line 802	Hank Nater	note	802	page 37, the line's number
line 802	Bella Coola	transcription	KANIC, √KANCW	page 37, the Na90 entry in the practical orthography
line 802	Hank Nater	translation	wait for, worry about	page 37, the Na90 gloss
line 802	Bella Coola	transcription	ka(n)-nix, √ka(n)-nxʷ	page 37, the phonemic notation
line 803	Hank Nater	note	803	page 37, the line's number
line 803	Bella Coola	transcription	KASMIW	page 37, the Na90 entry in the practical orthography
line 803	Hank Nater	translation	golden eagle	page 37, the Na90 gloss
line 803	Bella Coola	transcription	kasmiw	page 37, the phonemic notation
line 804	Hank Nater	note	804	page 37, the line's number
line 804	Bella Coola	transcription	KASTSAW	page 37, the Na90 entry in the practical orthography
line 804	Hank Nater	translation	expect more, bargain	page 37, the Na90 gloss
line 804	Bella Coola	transcription	kascaw	page 37, the phonemic notation
line 805	Hank Nater	note	805	page 37, the line's number
line 805	Bella Coola	transcription	KAW	page 37, the Na90 entry in the practical orthography
line 805	Hank Nater	translation	support, carry, deliver	page 37, the Na90 gloss
line 805	Bella Coola	transcription	kaw	page 37, the phonemic notation
line 806	Hank Nater	note	806	page 37, the line's number
line 806	Bella Coola	transcription	KAYCII	page 37, the Na90 entry in the practical orthography
line 806	Hank Nater	translation	to be very/too …	page 37, the Na90 gloss
line 806	Bella Coola	transcription	kayxii	page 37, the phonemic notation
line 807	Hank Nater	translation	overly, too much	page 37, the Na90 gloss, its number erased, a derivation or allomorph not counted
line 807	Bella Coola	transcription	yaɬkayx	page 37, the phonemic notation
line 808	Hank Nater	note	808	page 37, the line's number
line 808	Bella Coola	transcription	KIKYU	page 37, the Na90 entry in the practical orthography
line 808	Hank Nater	translation	chew	page 37, the Na90 gloss
line 808	Bella Coola	transcription	ki:kyu	page 37, the phonemic notation
line 809	Hank Nater	note	809	page 37, the line's number
line 809	Bella Coola	transcription	KILM	page 37, the Na90 entry in the practical orthography
line 809	Hank Nater	translation	curl up, shrink	page 37, the Na90 gloss
line 809	Bella Coola	transcription	kilm	page 37, the phonemic notation
line 810	Hank Nater	note	810	page 37, the line's number
line 810	Bella Coola	transcription	KINKIN	page 37, the Na90 entry in the practical orthography
line 810	Hank Nater	translation	water parsnip	page 37, the Na90 gloss
line 810	Bella Coola	transcription	kin:kin	page 37, the phonemic notation
line 811	Hank Nater	note	811	page 37, the line's number
line 811	Bella Coola	transcription	KLH7AN	page 37, the Na90 entry in the practical orthography
line 811	Hank Nater	translation	menstruate	page 37, the Na90 gloss
line 811	Bella Coola	transcription	kɬʔan	page 37, the phonemic notation
line 812	Hank Nater	note	812	page 37, the line's number
line 812	Bella Coola	transcription	KLHC	page 37, the Na90 entry in the practical orthography
line 812	Hank Nater	translation	be awake	page 37, the Na90 gloss
line 812	Bella Coola	transcription	kɬx	page 37, the phonemic notation
line 813	Hank Nater	note	813	page 37, the line's number
line 813	Bella Coola	transcription	KLHM, NUKLHM	page 37, the Na90 entry in the practical orthography
line 813	Hank Nater	translation	to cross	page 37, the Na90 gloss
line 813	Bella Coola	transcription	kɬm, nukɬm	page 37, the phonemic notation
line 814	Hank Nater	translation	seven	page 37, the Na90 gloss, its number erased, a derivation or allomorph not counted
line 814	Bella Coola	transcription	nu-s-(ʔ)aɬ-kɬm	page 37, the phonemic notation
line 815	Hank Nater	note	815	page 37, the line's number
line 815	Bella Coola	transcription	KLKL	page 37, the Na90 entry in the practical orthography
line 815	Hank Nater	translation	herring	page 37, the Na90 gloss
line 815	Bella Coola	transcription	kl:kl	page 37, the phonemic notation
line 816	Hank Nater	note	816	page 37, the line's number
line 816	Bella Coola	transcription	KLKLII	page 37, the Na90 entry in the practical orthography
line 816	Hank Nater	translation	be slow, take one’s time	page 37, the Na90 gloss
line 816	Bella Coola	transcription	kl:kl-ii	page 37, the phonemic notation
line 817	Hank Nater	note	817	page 37, the line's number
line 817	Bella Coola	transcription	KMA	page 37, the Na90 entry in the practical orthography
line 817	Hank Nater	translation	be in pain	page 37, the Na90 gloss
line 817	Bella Coola	transcription	kma	page 37, the phonemic notation
line 818	Hank Nater	note	818	page 37, the line's number
line 818	Bella Coola	transcription	KMAP’S	page 37, the Na90 entry in the practical orthography
line 818	Hank Nater	translation	put heated rocks in water	page 37, the Na90 gloss
line 818	Bella Coola	transcription	kmap’s	page 37, the phonemic notation
line 819	Hank Nater	note	819	page 37, the line's number
line 819	Bella Coola	transcription	KNIC	page 37, the Na90 entry in the practical orthography
line 819	Hank Nater	translation	eat	page 37, the Na90 gloss
line 819	Bella Coola	transcription	knix	page 37, the phonemic notation
line 820	Hank Nater	note	820	page 37, the line's number
line 820	Bella Coola	transcription	KNTAW	page 37, the Na90 entry in the practical orthography
line 820	Hank Nater	translation	dear (hypocoristic)	page 37, the Na90 gloss
line 820	Bella Coola	transcription	kntaw	page 37, the phonemic notation
line 821	Hank Nater	note	821	page 37, the line's number
line 821	Bella Coola	transcription	KNUM	page 37, the Na90 entry in the practical orthography
line 821	Hank Nater	translation	smoked fish fillet	page 37, the Na90 gloss
line 821	Bella Coola	transcription	knum	page 37, the phonemic notation
line 822	Hank Nater	note	822	page 37, the line's number
line 822	Bella Coola	transcription	KP	page 37, the Na90 entry in the practical orthography
line 822	Hank Nater	translation	each, every, all	page 37, the Na90 gloss
line 822	Bella Coola	transcription	kp	page 37, the phonemic notation
line 823	Hank Nater	note	823	page 37, the line's number
line 823	Bella Coola	transcription	KS	page 37, the Na90 entry in the practical orthography
line 823	Hank Nater	translation	rich, nutritious	page 37, the Na90 gloss
line 823	Bella Coola	transcription	ks	page 37, the phonemic notation
line 824	Hank Nater	note	824	page 37, the line's number
line 824	Bella Coola	transcription	√KULH	page 37, the Na90 entry in the practical orthography
line 824	Hank Nater	translation	base, that which is …	page 37, the Na90 gloss
line 824	Bella Coola	transcription	√kʷuɬ	page 37, the phonemic notation
line 825	Hank Nater	note	825	page 37, the line's number
line 825	Bella Coola	transcription	KWATASYAN	page 37, the Na90 entry in the practical orthography
line 825	Hank Nater	translation	Dolly Varden trout	page 37, the Na90 gloss
line 825	Bella Coola	transcription	kʷatasyan	page 37, the phonemic notation
line 826	Hank Nater	note	826	page 37, the line's number
line 826	Bella Coola	transcription	KWAYX	page 37, the Na90 entry in the practical orthography
line 826	Hank Nater	translation	powdery, dusty	page 37, the Na90 gloss
line 826	Bella Coola	transcription	kʷayχ	page 37, the phonemic notation
line 827	Hank Nater	translation	bluebird	page 37, the Na90 gloss, its number erased, a derivation or allomorph not counted
line 827	Bella Coola	transcription	s-kʷa:kʷiχ-ɬala	page 37, the phonemic notation
line 828	Hank Nater	note	828	page 37, the line's number
line 828	Bella Coola	transcription	KWCW	page 37, the Na90 entry in the practical orthography
line 828	Hank Nater	translation	match, fit	page 37, the Na90 gloss
line 828	Bella Coola	transcription	kʷxʷ	page 37, the phonemic notation
line 829	Hank Nater	note	829	page 37, the line's number
line 829	Bella Coola	transcription	KWCWM	page 37, the Na90 entry in the practical orthography
line 829	Hank Nater	translation	place near fire, warm	page 37, the Na90 gloss
line 829	Bella Coola	transcription	kʷxʷm	page 37, the phonemic notation
line 830	Hank Nater	note	830	page 37, the line's number
line 830	Bella Coola	transcription	KWIKWTIK	page 37, the Na90 entry in the practical orthography
line 830	Hank Nater	translation	having rough surface	page 37, the Na90 gloss
line 830	Bella Coola	transcription	kʷi:kʷt-ik	page 37, the phonemic notation
line 831	Hank Nater	note	831	page 38, the line's number
line 831	Bella Coola	transcription	√KWITL’	page 38, the Na90 entry in the practical orthography
line 831	Hank Nater	translation	stir, disturb	page 38, the Na90 gloss
line 831	Bella Coola	transcription	√kʷiƛ’	page 38, the phonemic notation
line 832	Hank Nater	note	832	page 38, the line's number
line 832	Bella Coola	transcription	KWIT’	page 38, the Na90 entry in the practical orthography
line 832	Hank Nater	translation	crowd, squeeze in, separate	page 38, the Na90 gloss
line 832	Bella Coola	transcription	kʷit’	page 38, the phonemic notation
line 833	Hank Nater	note	833	page 38, the line's number
line 833	Bella Coola	transcription	KWLAMK	page 38, the Na90 entry in the practical orthography
line 833	Hank Nater	translation	distribute, hand out	page 38, the Na90 gloss
line 833	Bella Coola	transcription	kʷl-amk	page 38, the phonemic notation
line 834	Hank Nater	note	834	page 38, the line's number
line 834	Bella Coola	transcription	√KWMA	page 38, the Na90 entry in the practical orthography
line 834	Hank Nater	translation	wish the best, say farewell	page 38, the Na90 gloss
line 834	Bella Coola	transcription	√kʷma	page 38, the phonemic notation
line 835	Hank Nater	note	835	page 38, the line's number
line 835	Bella Coola	transcription	KWMAY	page 38, the Na90 entry in the practical orthography
line 835	Hank Nater	translation	worm	page 38, the Na90 gloss
line 835	Bella Coola	transcription	kʷmay	page 38, the phonemic notation
line 836	Hank Nater	note	836	page 38, the line's number
line 836	Bella Coola	transcription	KWPALH	page 38, the Na90 entry in the practical orthography
line 836	Hank Nater	translation	liver	page 38, the Na90 gloss
line 836	Bella Coola	transcription	kʷpaɬ	page 38, the phonemic notation
line 837	Hank Nater	note	837	page 38, the line's number
line 837	Bella Coola	transcription	KWS	page 38, the Na90 entry in the practical orthography
line 837	Hank Nater	translation	rough	page 38, the Na90 gloss
line 837	Bella Coola	transcription	kʷs	page 38, the phonemic notation
line 838	Hank Nater	note	838	page 38, the line's number
line 838	Bella Coola	transcription	KWSASLHM	page 38, the Na90 entry in the practical orthography
line 838	Hank Nater	translation	go somewhere in vain	page 38, the Na90 gloss
line 838	Bella Coola	transcription	kʷs-a:sɬ-m	page 38, the phonemic notation
line 839	Hank Nater	note	839	page 38, the line's number
line 839	Bella Coola	transcription	KWST	page 38, the Na90 entry in the practical orthography
line 839	Hank Nater	translation	exterior aspect of body	page 38, the Na90 gloss
line 839	Bella Coola	transcription	kʷst	page 38, the phonemic notation
line 840	Hank Nater	note	840	page 38, the line's number
line 840	Bella Coola	transcription	KWTL’	page 38, the Na90 entry in the practical orthography
line 840	Hank Nater	translation	place, plant, arrange	page 38, the Na90 gloss
line 840	Bella Coola	transcription	kʷƛ’	page 38, the phonemic notation
line 841	Hank Nater	note	841	page 38, the line's number
line 841	Bella Coola	transcription	KWTSUS	page 38, the Na90 entry in the practical orthography
line 841	Hank Nater	translation	young mountain goat	page 38, the Na90 gloss
line 841	Bella Coola	transcription	kʷcus	page 38, the phonemic notation
line 842	Hank Nater	note	842	page 38, the line's number
line 842	Bella Coola	transcription	KWTUS	page 38, the Na90 entry in the practical orthography
line 842	Hank Nater	translation	lower sb’s face to the water	page 38, the Na90 gloss
line 842	Bella Coola	transcription	kʷt-us	page 38, the phonemic notation
line 843	Hank Nater	note	843	page 38, the line's number
line 843	Bella Coola	transcription	KWWAAXA	page 38, the Na90 entry in the practical orthography
line 843	Hank Nater	translation	fool, mislead sb	page 38, the Na90 gloss
line 843	Bella Coola	transcription	kʷwaaχa	page 38, the phonemic notation
line 844	Hank Nater	note	844	page 38, the line's number
line 844	Bella Coola	transcription	√KW’ALH	page 38, the Na90 entry in the practical orthography
line 844	Hank Nater	translation	good, complete, grown	page 38, the Na90 gloss
line 844	Bella Coola	transcription	√k’ʷaɬ	page 38, the phonemic notation
line 845	Hank Nater	note	845	page 38, the line's number
line 845	Bella Coola	transcription	KW’ATSA	page 38, the Na90 entry in the practical orthography
line 845	Hank Nater	translation	shake	page 38, the Na90 gloss
line 845	Bella Coola	transcription	k’ʷaca	page 38, the phonemic notation
line 846	Hank Nater	note	846	page 38, the line's number
line 846	Bella Coola	transcription	KW’PT	page 38, the Na90 entry in the practical orthography
line 846	Hank Nater	translation	become saturated	page 38, the Na90 gloss
line 846	Bella Coola	transcription	k’ʷpt	page 38, the phonemic notation
line 847	Hank Nater	note	847	page 38, the line's number
line 847	Bella Coola	transcription	KW'S	page 38, the Na90 entry in the practical orthography
line 847	Hank Nater	translation	steady date, fiancé	page 38, the Na90 gloss
line 847	Bella Coola	transcription	k’ʷs	page 38, the phonemic notation
line 848	Hank Nater	note	848	page 38, the line's number
line 848	Bella Coola	transcription	KW’WA	page 38, the Na90 entry in the practical orthography
line 848	Hank Nater	translation	bake food around fire	page 38, the Na90 gloss
line 848	Bella Coola	transcription	k’ʷwa	page 38, the phonemic notation
line 849	Hank Nater	note	849	page 38, the line's number
line 849	Bella Coola	transcription	(S)KW’WAMS	page 38, the Na90 entry in the practical orthography
line 849	Hank Nater	translation	dimple in cheek	page 38, the Na90 gloss
line 849	Bella Coola	transcription	(s-)k’ʷw-ams	page 38, the phonemic notation
line 850	Hank Nater	note	850	page 38, the line's number
line 850	Bella Coola	transcription	√K’ALH	page 38, the Na90 entry in the practical orthography
line 850	Hank Nater	translation	to whirl	page 38, the Na90 gloss
line 850	Bella Coola	transcription	√k’aɬ	page 38, the phonemic notation
line 851	Hank Nater	note	851	page 38, the line's number
line 851	Bella Coola	transcription	K’AMK’	page 38, the Na90 entry in the practical orthography
line 851	Hank Nater	translation	type of kelp	page 38, the Na90 gloss
line 851	Bella Coola	transcription	k’amk’	page 38, the phonemic notation
line 852	Hank Nater	note	852	page 38, the line's number
line 852	Hank Nater	translation	sharp	page 38, the Na90 gloss
line 852	Bella Coola	transcription	√k’apat	page 38, the phonemic notation
line 853	Hank Nater	note	853	page 38, the line's number
line 853	Bella Coola	transcription	K’C	page 38, the Na90 entry in the practical orthography
line 853	Hank Nater	translation	see, look at	page 38, the Na90 gloss
line 853	Bella Coola	transcription	k’x	page 38, the phonemic notation
line 854	Hank Nater	note	854	page 38, the line's number
line 854	Bella Coola	transcription	K’ICW	page 38, the Na90 entry in the practical orthography
line 854	Hank Nater	translation	gnaw at	page 38, the Na90 gloss
line 854	Bella Coola	transcription	k’ixʷ	page 38, the phonemic notation
line 855	Hank Nater	note	855	page 38, the line's number
line 855	Bella Coola	transcription	K’IM	page 38, the Na90 entry in the practical orthography
line 855	Hank Nater	translation	look for needed item	page 38, the Na90 gloss
line 855	Bella Coola	transcription	k’im	page 38, the phonemic notation
line 856	Hank Nater	note	856	page 38, the line's number
line 856	Bella Coola	transcription	SK'L	page 38, the Na90 entry in the practical orthography
line 856	Hank Nater	translation	cold	page 38, the Na90 gloss
line 856	Bella Coola	transcription	s-k’l	page 38, the phonemic notation
line 857	Hank Nater	translation	stuck, frozen	page 38, the Na90 gloss, its number erased, a derivation or allomorph not counted
line 857	Bella Coola	transcription	√k’l	page 38, the phonemic notation
line 858	Hank Nater	note	858	page 38, the line's number
line 858	Bella Coola	transcription	K’LAT	page 38, the Na90 entry in the practical orthography
line 858	Hank Nater	translation	steelhead trout	page 38, the Na90 gloss
line 858	Bella Coola	transcription	k’lat	page 38, the phonemic notation
line 859	Hank Nater	note	859	page 38, the line's number
line 859	Bella Coola	transcription	K’LHT(N)	page 38, the Na90 entry in the practical orthography
line 859	Hank Nater	translation	brace, support	page 38, the Na90 gloss
line 859	Bella Coola	transcription	k’ɬt(n)	page 38, the phonemic notation
line 860	Hank Nater	note	860	page 38, the line's number
line 860	Bella Coola	transcription	K’MATK	page 38, the Na90 entry in the practical orthography
line 860	Hank Nater	translation	stay overnight	page 38, the Na90 gloss
line 860	Bella Coola	transcription	k’mat-k	page 38, the phonemic notation
line 861	Hank Nater	translation	complete an annual cycle	page 38, the Na90 gloss, its number erased, a derivation or allomorph not counted
line 861	Bella Coola	transcription	k’m-us-m	page 38, the phonemic notation
line 862	Hank Nater	note	862	page 38, the line's number
line 862	Bella Coola	transcription	K’MLH	page 38, the Na90 entry in the practical orthography
line 862	Hank Nater	translation	abdominal fin	page 38, the Na90 gloss
line 862	Bella Coola	transcription	k’mɬ	page 38, the phonemic notation
line 863	Hank Nater	note	863	page 38, the line's number
line 863	Bella Coola	transcription	K’NTS	page 38, the Na90 entry in the practical orthography
line 863	Hank Nater	translation	sperm whale	page 38, the Na90 gloss
line 863	Bella Coola	transcription	k’nc	page 38, the phonemic notation
line 864	Hank Nater	note	864	page 38, the line's number
line 864	Bella Coola	transcription	K’TS	page 38, the Na90 entry in the practical orthography
line 864	Hank Nater	translation	chop, cut with axe	page 38, the Na90 gloss
line 864	Bella Coola	transcription	k’c	page 38, the phonemic notation
line 865	Hank Nater	note	865	page 38, the line's number
line 865	Bella Coola	transcription	K’TSAATSAY	page 38, the Na90 entry in the practical orthography
line 865	Hank Nater	translation	licorice fern	page 38, the Na90 gloss
line 865	Bella Coola	transcription	k’caacay	page 38, the phonemic notation
line 866	Hank Nater	note	866	page 38, the line's number
line 866	Bella Coola	transcription	√K’UP	page 38, the Na90 entry in the practical orthography
line 866	Hank Nater	translation	press down, lower, crouch	page 38, the Na90 gloss
line 866	Bella Coola	transcription	√k’ʷup	page 38, the phonemic notation
line 867	Hank Nater	translation	lower oneself, crouch	page 38, the Na90 gloss, its number erased, a derivation or allomorph not counted
line 867	Bella Coola	transcription	√ʔuk’ʷp	page 38, the phonemic notation
line 868	Hank Nater	translation	wing, flight feather	page 38, the Na90 gloss, its number erased, a derivation or allomorph not counted
line 868	Bella Coola	transcription	k’ʷpw-aɬ-t	page 38, the phonemic notation
line 869	Hank Nater	translation	mountain lion	page 38, the Na90 gloss, its number erased, a derivation or allomorph not counted
line 869	Bella Coola	transcription	s-uk’ʷp-t-us	page 38, the phonemic notation
line 870	Hank Nater	note	870	page 38, the line's number
line 870	Bella Coola	transcription	K’US	page 38, the Na90 entry in the practical orthography
line 870	Hank Nater	translation	calm, no wind	page 38, the Na90 gloss
line 870	Bella Coola	transcription	k’ʷus	page 38, the phonemic notation
line 871	Hank Nater	note	871	page 38, the line's number
line 871	Bella Coola	transcription	K’YUK	page 38, the Na90 entry in the practical orthography
line 871	Hank Nater	translation	identify, recognize, know sb	page 38, the Na90 gloss
line 871	Bella Coola	transcription	k’yuk	page 38, the phonemic notation
line 872	Hank Nater	note	872	page 38, the line's number
line 872	Bella Coola	transcription	LALAQ’A	page 38, the Na90 entry in the practical orthography
line 872	Hank Nater	translation	to fry	page 38, the Na90 gloss
line 872	Bella Coola	transcription	la:laq’a	page 38, the phonemic notation
line 873	Hank Nater	note	873	page 38, the line's number
line 873	Bella Coola	transcription	LHACLHAKWAY	page 38, the Na90 entry in the practical orthography
line 873	Hank Nater	translation	big sea lion	page 38, the Na90 gloss
line 873	Bella Coola	transcription	ɬax:ɬakʷay	page 38, the phonemic notation
line 874	Hank Nater	note	874	page 39, the line's number
line 874	Bella Coola	transcription	LHALAS	page 39, the Na90 entry in the practical orthography
line 874	Hank Nater	translation	boat, canoe	page 39, the Na90 gloss
line 874	Bella Coola	transcription	ɬalas	page 39, the phonemic notation
line 875	Hank Nater	note	875	page 39, the line's number
line 875	Bella Coola	transcription	LHALYA	page 39, the Na90 entry in the practical orthography
line 875	Hank Nater	translation	copper	page 39, the Na90 gloss
line 875	Bella Coola	transcription	ɬalya	page 39, the phonemic notation
line 876	Hank Nater	note	876	page 39, the line's number
line 876	Bella Coola	transcription	LHAWPLA	page 39, the Na90 entry in the practical orthography
line 876	Hank Nater	translation	stack, pile up	page 39, the Na90 gloss
line 876	Bella Coola	transcription	ɬaw-pla	page 39, the phonemic notation
line 877	Hank Nater	note	877	page 39, the line's number
line 877	Bella Coola	transcription	LHAWPS	page 39, the Na90 entry in the practical orthography
line 877	Hank Nater	translation	greedy, stingy	page 39, the Na90 gloss
line 877	Bella Coola	transcription	ɬaw-ps	page 39, the phonemic notation
line 878	Hank Nater	note	878	page 39, the line's number
line 878	Bella Coola	transcription	LHAY	page 39, the Na90 entry in the practical orthography
line 878	Hank Nater	translation	increased distance (deictic)	page 39, the Na90 gloss
line 878	Bella Coola	transcription	ɬay	page 39, the phonemic notation
line 879	Hank Nater	note	879	page 39, the line's number
line 879	Bella Coola	transcription	√LHIIXW	page 39, the Na90 entry in the practical orthography
line 879	Hank Nater	translation	treasure	page 39, the Na90 gloss
line 879	Bella Coola	transcription	√ɬiiχʷ	page 39, the phonemic notation
line 880	Hank Nater	note	880	page 39, the line's number
line 880	Bella Coola	transcription	√LHKW	page 39, the Na90 entry in the practical orthography
line 880	Hank Nater	translation	fill, close a hole	page 39, the Na90 gloss
line 880	Bella Coola	transcription	√ɬkʷ	page 39, the phonemic notation
line 881	Hank Nater	note	881	page 39, the line's number
line 881	Bella Coola	transcription	√LHKW’	page 39, the Na90 entry in the practical orthography
line 881	Hank Nater	translation	care, love	page 39, the Na90 gloss
line 881	Bella Coola	transcription	√ɬk’ʷ	page 39, the phonemic notation
line 882	Hank Nater	note	882	page 39, the line's number
line 882	Bella Coola	transcription	LHKW’A	page 39, the Na90 entry in the practical orthography
line 882	Hank Nater	translation	take a shortcut	page 39, the Na90 gloss
line 882	Bella Coola	transcription	ɬk’ʷa	page 39, the phonemic notation
line 883	Hank Nater	note	883	page 39, the line's number
line 883	Bella Coola	transcription	√LHKW’M	page 39, the Na90 entry in the practical orthography
line 883	Hank Nater	translation	pound, bump	page 39, the Na90 gloss
line 883	Bella Coola	transcription	√ɬk’ʷm	page 39, the phonemic notation
line 884	Hank Nater	note	884	page 39, the line's number
line 884	Bella Coola	transcription	LHK’M	page 39, the Na90 entry in the practical orthography
line 884	Hank Nater	translation	speak	page 39, the Na90 gloss
line 884	Bella Coola	transcription	ɬk’m	page 39, the phonemic notation
line 885	Hank Nater	note	885	page 39, the line's number
line 885	Bella Coola	transcription	√LHL	page 39, the Na90 entry in the practical orthography
line 885	Hank Nater	translation	remove: clean/leave/quit/stop	page 39, the Na90 gloss
line 885	Bella Coola	transcription	√ɬl	page 39, the phonemic notation
line 886	Hank Nater	note	886	page 39, the line's number
line 886	Bella Coola	transcription	LHM	page 39, the Na90 entry in the practical orthography
line 886	Hank Nater	translation	stand (up)	page 39, the Na90 gloss
line 886	Bella Coola	transcription	ɬm	page 39, the phonemic notation
line 887	Hank Nater	note	887	page 39, the line's number
line 887	Bella Coola	transcription	LHMK’MLHP	page 39, the Na90 entry in the practical orthography
line 887	Hank Nater	translation	lodgepole pine	page 39, the Na90 gloss
line 887	Bella Coola	transcription	ɬm:k’m-ɬp	page 39, the phonemic notation
line 888	Hank Nater	note	888	page 39, the line's number
line 888	Bella Coola	transcription	LHP	page 39, the Na90 entry in the practical orthography
line 888	Hank Nater	translation	fill up	page 39, the Na90 gloss
line 888	Bella Coola	transcription	ɬp	page 39, the phonemic notation
line 889	Hank Nater	note	889	page 39, the line's number
line 889	Bella Coola	transcription	LHP’	page 39, the Na90 entry in the practical orthography
line 889	Hank Nater	translation	spongy, springy	page 39, the Na90 gloss
line 889	Bella Coola	transcription	ɬp’	page 39, the phonemic notation
line 890	Hank Nater	note	890	page 39, the line's number
line 890	Bella Coola	transcription	LHQW’	page 39, the Na90 entry in the practical orthography
line 890	Hank Nater	translation	fade	page 39, the Na90 gloss
line 890	Bella Coola	transcription	ɬq’ʷ	page 39, the phonemic notation
line 891	Hank Nater	note	891	page 39, the line's number
line 891	Bella Coola	transcription	LHQW’	page 39, the Na90 entry in the practical orthography
line 891	Hank Nater	translation	uproot, dig up	page 39, the Na90 gloss
line 891	Bella Coola	transcription	ɬq’ʷ	page 39, the phonemic notation
line 892	Hank Nater	note	892	page 39, the line's number
line 892	Bella Coola	transcription	√LHQW', √LHIQW'	page 39, the Na90 entry in the practical orthography
line 892	Hank Nater	translation	sob	page 39, the Na90 gloss
line 892	Bella Coola	transcription	√ɬq’ʷ, √ɬiq’ʷ	page 39, the phonemic notation
line 893	Hank Nater	note	893	page 39, the line's number
line 893	Bella Coola	transcription	√LHQ’M	page 39, the Na90 entry in the practical orthography
line 893	Hank Nater	translation	strap, secure, fetter	page 39, the Na90 gloss
line 893	Bella Coola	transcription	√ɬq’-m	page 39, the phonemic notation
line 894	Hank Nater	note	894	page 39, the line's number
line 894	Bella Coola	transcription	LHTN	page 39, the Na90 entry in the practical orthography
line 894	Hank Nater	translation	exert pressure, touch, bump	page 39, the Na90 gloss
line 894	Bella Coola	transcription	ɬtn	page 39, the phonemic notation
line 895	Hank Nater	note	895	page 39, the line's number
line 895	Bella Coola	transcription	LHTS’	page 39, the Na90 entry in the practical orthography
line 895	Hank Nater	translation	hold or press down	page 39, the Na90 gloss
line 895	Bella Coola	transcription	ɬc’	page 39, the phonemic notation
line 896	Hank Nater	note	896	page 39, the line's number
line 896	Bella Coola	transcription	LHUK, LHULHKW	page 39, the Na90 entry in the practical orthography
line 896	Hank Nater	translation	pick up	page 39, the Na90 gloss
line 896	Bella Coola	transcription	ɬuk, ɬu:ɬkʷ	page 39, the phonemic notation
line 897	Hank Nater	note	897	page 39, the line's number
line 897	Bella Coola	transcription	√LHUKU	page 39, the Na90 entry in the practical orthography
line 897	Hank Nater	translation	penetrate a hole	page 39, the Na90 gloss
line 897	Bella Coola	transcription	√ɬukʷu	page 39, the phonemic notation
line 898	Hank Nater	note	898	page 39, the line's number
line 898	Bella Coola	transcription	√LHUK’, √LHUUK	page 39, the Na90 entry in the practical orthography
line 898	Hank Nater	translation	disinclined	page 39, the Na90 gloss
line 898	Bella Coola	transcription	√ɬuk’, √ɬuuk	page 39, the phonemic notation
line 899	Hank Nater	note	899	page 39, the line's number
line 899	Bella Coola	transcription	LHUK’IS	page 39, the Na90 entry in the practical orthography
line 899	Hank Nater	translation	toolbox	page 39, the Na90 gloss
line 899	Bella Coola	transcription	ɬuk’is	page 39, the phonemic notation
line 900	Hank Nater	note	900	page 39, the line's number
line 900	Bella Coola	transcription	LHULA	page 39, the Na90 entry in the practical orthography
line 900	Hank Nater	translation	ring finger	page 39, the Na90 gloss
line 900	Bella Coola	transcription	ɬula	page 39, the phonemic notation
line 901	Hank Nater	note	901	page 39, the line's number
line 901	Bella Coola	transcription	√LHULH	page 39, the Na90 entry in the practical orthography
line 901	Hank Nater	translation	informed, having news	page 39, the Na90 gloss
line 901	Bella Coola	transcription	√ɬuɬ	page 39, the phonemic notation
line 902	Hank Nater	note	902	page 39, the line's number
line 902	Bella Coola	transcription	√LHUP’	page 39, the Na90 entry in the practical orthography
line 902	Hank Nater	translation	smell, air, breath	page 39, the Na90 gloss
line 902	Bella Coola	transcription	√ɬup’	page 39, the phonemic notation
line 903	Hank Nater	note	903	page 39, the line's number
line 903	Bella Coola	transcription	√LHUQ’	page 39, the Na90 entry in the practical orthography
line 903	Hank Nater	translation	peeled, skinned	page 39, the Na90 gloss
line 903	Bella Coola	transcription	√ɬuq’	page 39, the phonemic notation
line 904	Hank Nater	note	904	page 39, the line's number
line 904	Bella Coola	transcription	LHUT’	page 39, the Na90 entry in the practical orthography
line 904	Hank Nater	translation	smell	page 39, the Na90 gloss
line 904	Bella Coola	transcription	ɬut’	page 39, the phonemic notation
line 905	Hank Nater	note	905	page 39, the line's number
line 905	Bella Coola	transcription	LHUUXT	page 39, the Na90 entry in the practical orthography
line 905	Hank Nater	translation	having clam poisoning	page 39, the Na90 gloss
line 905	Bella Coola	transcription	ɬuuχt	page 39, the phonemic notation
line 906	Hank Nater	note	906	page 39, the line's number
line 906	Bella Coola	transcription	√LHX	page 39, the Na90 entry in the practical orthography
line 906	Hank Nater	translation	opposed, negative, sinister	page 39, the Na90 gloss
line 906	Bella Coola	transcription	√ɬχ	page 39, the phonemic notation
line 907	Hank Nater	note	907	page 39, the line's number
line 907	Bella Coola	transcription	√LHXW	page 39, the Na90 entry in the practical orthography
line 907	Hank Nater	translation	energetic, enthused	page 39, the Na90 gloss
line 907	Bella Coola	transcription	√ɬχʷ	page 39, the phonemic notation
line 908	Hank Nater	note	908	page 39, the line's number
line 908	Bella Coola	transcription	LICLIC	page 39, the Na90 entry in the practical orthography
line 908	Hank Nater	translation	ripe, cooked	page 39, the Na90 gloss
line 908	Bella Coola	transcription	lix:lix	page 39, the phonemic notation
line 909	Hank Nater	note	909	page 39, the line's number
line 909	Bella Coola	transcription	√LICWM	page 39, the Na90 entry in the practical orthography
line 909	Hank Nater	translation	make noise	page 39, the Na90 gloss
line 909	Bella Coola	transcription	√lixʷ-m	page 39, the phonemic notation
line 910	Hank Nater	note	910	page 39, the line's number
line 910	Bella Coola	transcription	LIKW’	page 39, the Na90 entry in the practical orthography
line 910	Hank Nater	translation	roll, turn over	page 39, the Na90 gloss
line 910	Bella Coola	transcription	lik’ʷ	page 39, the phonemic notation
line 911	Hank Nater	note	911	page 39, the line's number
line 911	Bella Coola	transcription	LIM	page 39, the Na90 entry in the practical orthography
line 911	Hank Nater	translation	fall, drop	page 39, the Na90 gloss
line 911	Bella Coola	transcription	lim	page 39, the phonemic notation
line 912	Hank Nater	note	912	page 39, the line's number
line 912	Bella Coola	transcription	LIS	page 39, the Na90 entry in the practical orthography
line 912	Hank Nater	translation	push	page 39, the Na90 gloss
line 912	Bella Coola	transcription	lis	page 39, the phonemic notation
line 913	Hank Nater	note	913	page 39, the line's number
line 913	Bella Coola	transcription	√LITCW	page 39, the Na90 entry in the practical orthography
line 913	Hank Nater	translation	roll, spin	page 39, the Na90 gloss
line 913	Bella Coola	transcription	√litxʷ	page 39, the phonemic notation
line 914	Hank Nater	note	914	page 39, the line's number
line 914	Bella Coola	transcription	LITUX	page 39, the Na90 entry in the practical orthography
line 914	Hank Nater	translation	striped	page 39, the Na90 gloss
line 914	Bella Coola	transcription	lituχ	page 39, the phonemic notation
line 915	Hank Nater	note	915	page 39, the line's number
line 915	Bella Coola	transcription	LIXW, LIIXW	page 39, the Na90 entry in the practical orthography
line 915	Hank Nater	translation	chase sb away	page 39, the Na90 gloss
line 915	Bella Coola	transcription	liχʷ, liiχʷ	page 39, the phonemic notation
line 916	Hank Nater	note	916	page 39, the line's number
line 916	Bella Coola	transcription	LKW’LULHP	page 39, the Na90 entry in the practical orthography
line 916	Hank Nater	translation	sweet gale	page 39, the Na90 gloss
line 916	Bella Coola	transcription	ʔl:k’ʷlu-ɬp	page 39, the phonemic notation
line 917	Hank Nater	note	917	page 40, the line's number
line 917	Bella Coola	transcription	LQ’	page 40, the Na90 entry in the practical orthography
line 917	Hank Nater	translation	think of sb	page 40, the Na90 gloss
line 917	Bella Coola	transcription	ʔlq’	page 40, the phonemic notation
line 918	Hank Nater	note	918	page 40, the line's number
line 918	Bella Coola	transcription	LULUSTA	page 40, the Na90 entry in the practical orthography
line 918	Hank Nater	translation	mask	page 40, the Na90 gloss
line 918	Bella Coola	transcription	lul-us-ta	page 40, the phonemic notation
line 919	Hank Nater	note	919	page 40, the line's number
line 919	Bella Coola	transcription	√LX	page 40, the Na90 entry in the practical orthography
line 919	Hank Nater	translation	stretch, pull (down), jerk	page 40, the Na90 gloss
line 919	Bella Coola	transcription	√ʔlχ	page 40, the phonemic notation
line 920	Hank Nater	note	920	page 40, the line's number
line 920	Bella Coola	transcription	√7M	page 40, the Na90 entry in the practical orthography
line 920	Hank Nater	translation	erect	page 40, the Na90 gloss
line 920	Bella Coola	transcription	√ʔm	page 40, the phonemic notation
line 921	Hank Nater	note	921	page 40, the line's number
line 921	Bella Coola	transcription	MAASK+7IKS	page 40, the Na90 entry in the practical orthography
line 921	Hank Nater	translation	how much/many?	page 40, the Na90 gloss
line 921	Bella Coola	transcription	maaskᴗʔiks	page 40, the phonemic notation
line 922	Hank Nater	note	922	page 40, the line's number
line 922	Bella Coola	transcription	MAAXTS	page 40, the Na90 entry in the practical orthography
line 922	Hank Nater	translation	clay	page 40, the Na90 gloss
line 922	Bella Coola	transcription	maaχc	page 40, the phonemic notation
line 923	Hank Nater	note	923	page 40, the line's number
line 923	Bella Coola	transcription	MACSAYS	page 40, the Na90 entry in the practical orthography
line 923	Hank Nater	translation	husband’s brother’s wife	page 40, the Na90 gloss
line 923	Bella Coola	transcription	maxsays	page 40, the phonemic notation
line 924	Hank Nater	note	924	page 40, the line's number
line 924	Bella Coola	transcription	MAMIS	page 40, the Na90 entry in the practical orthography
line 924	Hank Nater	translation	black fly	page 40, the Na90 gloss
line 924	Bella Coola	transcription	ma:mis	page 40, the phonemic notation
line 925	Hank Nater	note	925	page 40, the line's number
line 925	Bella Coola	transcription	MATS	page 40, the Na90 entry in the practical orthography
line 925	Hank Nater	translation	put on string, thread	page 40, the Na90 gloss
line 925	Bella Coola	transcription	mac	page 40, the phonemic notation
line 926	Hank Nater	note	926	page 40, the line's number
line 926	Bella Coola	transcription	MATSKW’	page 40, the Na90 entry in the practical orthography
line 926	Hank Nater	translation	frog, toad	page 40, the Na90 gloss
line 926	Bella Coola	transcription	mack’ʷ	page 40, the phonemic notation
line 927	Hank Nater	note	927	page 40, the line's number
line 927	Bella Coola	transcription	√MAW	page 40, the Na90 entry in the practical orthography
line 927	Hank Nater	translation	one	page 40, the Na90 gloss
line 927	Bella Coola	transcription	√maw	page 40, the phonemic notation
line 928	Hank Nater	translation	one	page 40, the Na90 gloss, its number erased, a derivation or allomorph not counted
line 928	Bella Coola	transcription	√ma	page 40, the phonemic notation
line 929	Hank Nater	note	929	page 40, the line's number
line 929	Bella Coola	transcription	√MI	page 40, the Na90 entry in the practical orthography
line 929	Hank Nater	translation	wide	page 40, the Na90 gloss
line 929	Bella Coola	transcription	√mi	page 40, the phonemic notation
line 930	Hank Nater	note	930	page 40, the line's number
line 930	Bella Coola	transcription	MICMIKALHP	page 40, the Na90 entry in the practical orthography
line 930	Hank Nater	translation	Sitka spruce	page 40, the Na90 gloss
line 930	Bella Coola	transcription	mix:mika-ɬp	page 40, the phonemic notation
line 931	Hank Nater	note	931	page 40, the line's number
line 931	Bella Coola	transcription	MILA	page 40, the Na90 entry in the practical orthography
line 931	Hank Nater	translation	cane, walking stick	page 40, the Na90 gloss
line 931	Bella Coola	transcription	mila	page 40, the phonemic notation
line 932	Hank Nater	note	932	page 40, the line's number
line 932	Bella Coola	transcription	MINNIMUT	page 40, the Na90 entry in the practical orthography
line 932	Hank Nater	translation	go into labor	page 40, the Na90 gloss
line 932	Bella Coola	transcription	min-nimut	page 40, the phonemic notation
line 933	Hank Nater	note	933	page 40, the line's number
line 933	Bella Coola	transcription	MNLH	page 40, the Na90 entry in the practical orthography
line 933	Hank Nater	translation	pay sb	page 40, the Na90 gloss
line 933	Bella Coola	transcription	mnɬ	page 40, the phonemic notation
line 934	Hank Nater	translation	pay sb for doing a job	page 40, the Na90 gloss, its number erased, a derivation or allomorph not counted
line 934	Bella Coola	transcription	nu-mɬ-ak	page 40, the phonemic notation
line 935	Hank Nater	note	935	page 40, the line's number
line 935	Bella Coola	transcription	MNMNTSA	page 40, the Na90 entry in the practical orthography
line 935	Hank Nater	translation	swamp gooseberry	page 40, the Na90 gloss
line 935	Bella Coola	transcription	mn:mnca	page 40, the phonemic notation
line 936	Hank Nater	note	936	page 40, the line's number
line 936	Bella Coola	transcription	MNTA	page 40, the Na90 entry in the practical orthography
line 936	Hank Nater	translation	way of going, route, vehicle	page 40, the Na90 gloss
line 936	Bella Coola	transcription	mn-ta	page 40, the phonemic notation
line 937	Hank Nater	note	937	page 40, the line's number
line 937	Bella Coola	transcription	MNTS’	page 40, the Na90 entry in the practical orthography
line 937	Hank Nater	translation	yellow, hazel, blond	page 40, the Na90 gloss
line 937	Bella Coola	transcription	mnc’	page 40, the phonemic notation
line 938	Hank Nater	note	938	page 40, the line's number
line 938	Bella Coola	transcription	MUCWMUKWT	page 40, the Na90 entry in the practical orthography
line 938	Hank Nater	translation	blue grouse	page 40, the Na90 gloss
line 938	Bella Coola	transcription	muxʷ:mukʷt	page 40, the phonemic notation
line 939	Hank Nater	note	939	page 40, the line's number
line 939	Bella Coola	transcription	MUKW	page 40, the Na90 entry in the practical orthography
line 939	Hank Nater	translation	red	page 40, the Na90 gloss
line 939	Bella Coola	transcription	mukʷ	page 40, the phonemic notation
line 940	Hank Nater	note	940	page 40, the line's number
line 940	Bella Coola	transcription	MUQW’LHA	page 40, the Na90 entry in the practical orthography
line 940	Hank Nater	translation	louse	page 40, the Na90 gloss
line 940	Bella Coola	transcription	muq’ʷɬa	page 40, the phonemic notation
line 941	Hank Nater	note	941	page 40, the line's number
line 941	Bella Coola	transcription	√MUTSM	page 40, the Na90 entry in the practical orthography
line 941	Hank Nater	translation	mistaken, confused	page 40, the Na90 gloss
line 941	Bella Coola	transcription	√mucm	page 40, the phonemic notation
line 942	Hank Nater	note	942	page 40, the line's number
line 942	Bella Coola	transcription	MUUXWA	page 40, the Na90 entry in the practical orthography
line 942	Hank Nater	translation	stutter	page 40, the Na90 gloss
line 942	Bella Coola	transcription	muuχʷa	page 40, the phonemic notation
line 943	Hank Nater	note	943	page 40, the line's number
line 943	Bella Coola	transcription	MUXWLHT	page 40, the Na90 entry in the practical orthography
line 943	Hank Nater	translation	utter a dance cry	page 40, the Na90 gloss
line 943	Bella Coola	transcription	muχʷɬt	page 40, the phonemic notation
line 944	Hank Nater	note	944	page 40, the line's number
line 944	Bella Coola	transcription	N, IN	page 40, the Na90 entry in the practical orthography
line 944	Hank Nater	translation	and	page 40, the Na90 gloss
line 944	Bella Coola	transcription	ʔn, ʔin	page 40, the phonemic notation
line 945	Hank Nater	note	945	page 40, the line's number
line 945	Bella Coola	transcription	NA	page 40, the Na90 entry in the practical orthography
line 945	Hank Nater	translation	there you are!	page 40, the Na90 gloss
line 945	Bella Coola	transcription	na	page 40, the phonemic notation
line 946	Hank Nater	note	946	page 40, the line's number
line 946	Bella Coola	transcription	7NA	page 40, the Na90 entry in the practical orthography
line 946	Hank Nater	translation	determinative	page 40, the Na90 gloss
line 946	Bella Coola	transcription	ʔna	page 40, the phonemic notation
line 947	Hank Nater	note	947	page 40, the line's number
line 947	Bella Coola	transcription	√(7)NA	page 40, the Na90 entry in the practical orthography
line 947	Hank Nater	translation	forgotten	page 40, the Na90 gloss
line 947	Bella Coola	transcription	√(ʔ)na	page 40, the phonemic notation
line 948	Hank Nater	note	948	page 40, the line's number
line 948	Bella Coola	transcription	√NAC	page 40, the Na90 entry in the practical orthography
line 948	Hank Nater	translation	ready	page 40, the Na90 gloss
line 948	Bella Coola	transcription	√nax	page 40, the phonemic notation
line 949	Hank Nater	translation	accompany, comply	page 40, the Na90 gloss, its number erased, a derivation or allomorph not counted
line 949	Bella Coola	transcription	√(ʔ)nayx	page 40, the phonemic notation
line 950	Hank Nater	note	950	page 40, the line's number
line 950	Bella Coola	transcription	NANAAX	page 40, the Na90 entry in the practical orthography
line 950	Hank Nater	translation	stick sth into the ground	page 40, the Na90 gloss
line 950	Bella Coola	transcription	nan-aaχ	page 40, the phonemic notation
line 951	Hank Nater	translation	digging stick / center of boil	page 40, the Na90 gloss, its number erased, a derivation or allomorph not counted
line 951	Bella Coola	transcription	nanitkʷ	page 40, the phonemic notation
line 952	Hank Nater	note	952	page 40, the line's number
line 952	Bella Coola	transcription	NAP, √(7)NAP	page 40, the Na90 entry in the practical orthography
line 952	Hank Nater	translation	have: take, give	page 40, the Na90 gloss
line 952	Bella Coola	transcription	nap, √(ʔ)nap	page 40, the phonemic notation
line 953	Hank Nater	note	953	page 40, the line's number
line 953	Bella Coola	transcription	NAQ’T	page 40, the Na90 entry in the practical orthography
line 953	Hank Nater	translation	sexually impotent	page 40, the Na90 gloss
line 953	Bella Coola	transcription	naq’t	page 40, the phonemic notation
line 954	Hank Nater	note	954	page 40, the line's number
line 954	Bella Coola	transcription	NIQ’X	page 40, the Na90 entry in the practical orthography
line 954	Hank Nater	translation	otter	page 40, the Na90 gloss
line 954	Bella Coola	transcription	niq’χ	page 40, the phonemic notation
line 955	Hank Nater	note	955	page 40, the line's number
line 955	Bella Coola	transcription	√NITS	page 40, the Na90 entry in the practical orthography
line 955	Hank Nater	translation	safe, alive	page 40, the Na90 gloss
line 955	Bella Coola	transcription	√nic	page 40, the phonemic notation
line 956	Hank Nater	note	956	page 40, the line's number
line 956	Bella Coola	transcription	√NM	page 40, the Na90 entry in the practical orthography
line 956	Hank Nater	translation	occupy, fill up, etc.	page 40, the Na90 gloss
line 956	Bella Coola	transcription	√nm	page 40, the phonemic notation
line 957	Hank Nater	translation	close the door	page 40, the Na90 gloss, its number erased, a derivation or allomorph not counted
line 957	Bella Coola	transcription	nu:m-uc	page 40, the phonemic notation
line 958	Hank Nater	note	958	page 40, the line's number
line 958	Bella Coola	transcription	√NMNM	page 40, the Na90 entry in the practical orthography
line 958	Hank Nater	translation	both, double	page 40, the Na90 gloss
line 958	Bella Coola	transcription	√nm:nm	page 40, the phonemic notation
line 959	Hank Nater	note	959	page 40, the line's number
line 959	Bella Coola	transcription	NMNMK’	page 40, the Na90 entry in the practical orthography
line 959	Hank Nater	translation	animal	page 40, the Na90 gloss
line 959	Bella Coola	transcription	nm:nmk’	page 40, the phonemic notation
line 960	Hank Nater	note	960	page 41, the line's number
line 960	Bella Coola	transcription	NMP	page 41, the Na90 entry in the practical orthography
line 960	Hank Nater	translation	put into a container	page 41, the Na90 gloss
line 960	Bella Coola	transcription	nmp	page 41, the phonemic notation
line 961	Hank Nater	note	961	page 41, the line's number
line 961	Bella Coola	transcription	NTL’	page 41, the Na90 entry in the practical orthography
line 961	Hank Nater	translation	dark(ness), night	page 41, the Na90 gloss
line 961	Bella Coola	transcription	ʔnƛ’	page 41, the phonemic notation
line 962	Hank Nater	note	962	page 41, the line's number
line 962	Bella Coola	transcription	NU7AWS	page 41, the Na90 entry in the practical orthography
line 962	Hank Nater	translation	stingy with food	page 41, the Na90 gloss
line 962	Bella Coola	transcription	nuʔaws	page 41, the phonemic notation
line 963	Hank Nater	note	963	page 41, the line's number
line 963	Bella Coola	transcription	NUKAKALS	page 41, the Na90 entry in the practical orthography
line 963	Hank Nater	translation	flounder	page 41, the Na90 gloss
line 963	Bella Coola	transcription	nuka:kals	page 41, the phonemic notation
line 964	Hank Nater	note	964	page 41, the line's number
line 964	Bella Coola	transcription	NUKUM	page 41, the Na90 entry in the practical orthography
line 964	Hank Nater	translation	like, love, desire	page 41, the Na90 gloss
line 964	Bella Coola	transcription	nukʷum	page 41, the phonemic notation
line 965	Hank Nater	note	965	page 41, the line's number
line 965	Bella Coola	transcription	NUK’S	page 41, the Na90 entry in the practical orthography
line 965	Hank Nater	translation	extinguish a fire	page 41, the Na90 gloss
line 965	Bella Coola	transcription	nuk’s	page 41, the phonemic notation
line 966	Hank Nater	note	966	page 41, the line's number
line 966	Bella Coola	transcription	NUMUS	page 41, the Na90 entry in the practical orthography
line 966	Hank Nater	translation	be consistent, balanced	page 41, the Na90 gloss
line 966	Bella Coola	transcription	numus	page 41, the phonemic notation
line 967	Hank Nater	note	967	page 41, the line's number
line 967	Bella Coola	transcription	NUPALHTCWIK	page 41, the Na90 entry in the practical orthography
line 967	Hank Nater	translation	offer advice to sb	page 41, the Na90 gloss
line 967	Bella Coola	transcription	nu-paɬ-txʷ-ik	page 41, the phonemic notation
line 968	Hank Nater	note	968	page 41, the line's number
line 968	Bella Coola	transcription	NUPQ’T	page 41, the Na90 entry in the practical orthography
line 968	Hank Nater	translation	to fart	page 41, the Na90 gloss
line 968	Bella Coola	transcription	nupq’t	page 41, the phonemic notation
line 969	Hank Nater	note	969	page 41, the line's number
line 969	Bella Coola	transcription	NUQAAXP	page 41, the Na90 entry in the practical orthography
line 969	Hank Nater	translation	slough in tidal flats	page 41, the Na90 gloss
line 969	Bella Coola	transcription	nuqaa:χp	page 41, the phonemic notation
line 970	Hank Nater	note	970	page 41, the line's number
line 970	Bella Coola	transcription	√NUQATQ	page 41, the Na90 entry in the practical orthography
line 970	Hank Nater	translation	cup with one’s hand	page 41, the Na90 gloss
line 970	Bella Coola	transcription	√nuqatq	page 41, the phonemic notation
line 971	Hank Nater	note	971	page 41, the line's number
line 971	Bella Coola	transcription	NUSKUM	page 41, the Na90 entry in the practical orthography
line 971	Hank Nater	translation	start smiling	page 41, the Na90 gloss
line 971	Bella Coola	transcription	nuskʷum	page 41, the phonemic notation
line 972	Hank Nater	note	972	page 41, the line's number
line 972	Bella Coola	transcription	NUTK'AM	page 41, the Na90 entry in the practical orthography
line 972	Hank Nater	translation	fall over	page 41, the Na90 gloss
line 972	Bella Coola	transcription	nutk’am	page 41, the phonemic notation
line 973	Hank Nater	note	973	page 41, the line's number
line 973	Bella Coola	transcription	NU7UMTAAX	page 41, the Na90 entry in the practical orthography
line 973	Hank Nater	translation	holler	page 41, the Na90 gloss
line 973	Bella Coola	transcription	nuʔumtaaχ	page 41, the phonemic notation
line 974	Hank Nater	note	974	page 41, the line's number
line 974	Bella Coola	transcription	NU7UPTS	page 41, the Na90 entry in the practical orthography
line 974	Hank Nater	translation	bad smell, stench	page 41, the Na90 gloss
line 974	Bella Coola	transcription	nuʔupc	page 41, the phonemic notation
line 975	Hank Nater	note	975	page 41, the line's number
line 975	Bella Coola	transcription	NUX	page 41, the Na90 entry in the practical orthography
line 975	Hank Nater	translation	(fish) caught in net	page 41, the Na90 gloss
line 975	Bella Coola	transcription	nuχ	page 41, the phonemic notation
line 976	Hank Nater	note	976	page 41, the line's number
line 976	Bella Coola	transcription	NXT	page 41, the Na90 entry in the practical orthography
line 976	Hank Nater	translation	blow one’s nose	page 41, the Na90 gloss
line 976	Bella Coola	transcription	ʔnχt	page 41, the phonemic notation
line 977	Hank Nater	note	977	page 41, the line's number
line 977	Bella Coola	transcription	PAAX, √PA(A)Q	page 41, the Na90 entry in the practical orthography
line 977	Hank Nater	translation	name sb	page 41, the Na90 gloss
line 977	Bella Coola	transcription	paaχ, √pa(a)q	page 41, the phonemic notation
line 978	Hank Nater	note	978	page 41, the line's number
line 978	Bella Coola	transcription	PAAXLH	page 41, the Na90 entry in the practical orthography
line 978	Hank Nater	translation	stern of boat	page 41, the Na90 gloss
line 978	Bella Coola	transcription	paaχɬ	page 41, the phonemic notation
line 979	Hank Nater	note	979	page 41, the line's number
line 979	Bella Coola	transcription	PAKTULHK	page 41, the Na90 entry in the practical orthography
line 979	Hank Nater	translation	mesh board used to make nets	page 41, the Na90 gloss
line 979	Bella Coola	transcription	paktuɬk	page 41, the phonemic notation
line 980	Hank Nater	note	980	page 41, the line's number
line 980	Bella Coola	transcription	√PAKW	page 41, the Na90 entry in the practical orthography
line 980	Hank Nater	translation	caught up with	page 41, the Na90 gloss
line 980	Bella Coola	transcription	√pakʷ	page 41, the phonemic notation
line 981	Hank Nater	note	981	page 41, the line's number
line 981	Bella Coola	transcription	PANYA	page 41, the Na90 entry in the practical orthography
line 981	Hank Nater	translation	smoke fish	page 41, the Na90 gloss
line 981	Bella Coola	transcription	panya	page 41, the phonemic notation
line 982	Hank Nater	note	982	page 41, the line's number
line 982	Bella Coola	transcription	PAPNLH	page 41, the Na90 entry in the practical orthography
line 982	Hank Nater	translation	to bark	page 41, the Na90 gloss
line 982	Bella Coola	transcription	pa:pnɬ	page 41, the phonemic notation
line 983	Hank Nater	note	983	page 41, the line's number
line 983	Bella Coola	transcription	√PATS	page 41, the Na90 entry in the practical orthography
line 983	Hank Nater	translation	young, first, early	page 41, the Na90 gloss
line 983	Bella Coola	transcription	√pac	page 41, the phonemic notation
line 984	Hank Nater	note	984	page 41, the line's number
line 984	Bella Coola	transcription	PAY	page 41, the Na90 entry in the practical orthography
line 984	Hank Nater	translation	lacking flavor or feeling	page 41, the Na90 gloss
line 984	Bella Coola	transcription	pay	page 41, the phonemic notation
line 985	Hank Nater	translation	snake	page 41, the Na90 gloss, its number erased, a derivation or allomorph not counted
line 985	Bella Coola	transcription	pa:pi-nk	page 41, the phonemic notation
line 986	Hank Nater	note	986	page 41, the line's number
line 986	Bella Coola	transcription	PITL’	page 41, the Na90 entry in the practical orthography
line 986	Hank Nater	translation	dirty	page 41, the Na90 gloss
line 986	Bella Coola	transcription	piƛ’	page 41, the phonemic notation
line 987	Hank Nater	note	987	page 41, the line's number
line 987	Bella Coola	transcription	√PITS’	page 41, the Na90 entry in the practical orthography
line 987	Hank Nater	translation	light, milky, pale	page 41, the Na90 gloss
line 987	Bella Coola	transcription	√pic’	page 41, the phonemic notation
line 988	Hank Nater	note	988	page 41, the line's number
line 988	Bella Coola	transcription	√PL	page 41, the Na90 entry in the practical orthography
line 988	Hank Nater	translation	miss, not have	page 41, the Na90 gloss
line 988	Bella Coola	transcription	√pl	page 41, the phonemic notation
line 989	Hank Nater	note	989	page 41, the line's number
line 989	Bella Coola	transcription	PSAYCT, SPSAYCT	page 41, the Na90 entry in the practical orthography
line 989	Hank Nater	translation	fir tree pitch	page 41, the Na90 gloss
line 989	Bella Coola	transcription	psayxt, s-psayxt	page 41, the phonemic notation
line 990	Hank Nater	note	990	page 41, the line's number
line 990	Bella Coola	transcription	PSCM	page 41, the Na90 entry in the practical orthography
line 990	Hank Nater	translation	pit-lamp	page 41, the Na90 gloss
line 990	Bella Coola	transcription	psx-m	page 41, the phonemic notation
line 991	Hank Nater	note	991	page 41, the line's number
line 991	Bella Coola	transcription	PSKWN	page 41, the Na90 entry in the practical orthography
line 991	Hank Nater	translation	have a chief’s meeting	page 41, the Na90 gloss
line 991	Bella Coola	transcription	pskʷn	page 41, the phonemic notation
line 992	Hank Nater	translation	porch, veranda	page 41, the Na90 gloss, its number erased, a derivation or allomorph not counted
line 992	Bella Coola	transcription	nu-spkʷn-uuc-ta	page 41, the phonemic notation
line 993	Hank Nater	note	993	page 41, the line's number
line 993	Bella Coola	transcription	PUQW’	page 41, the Na90 entry in the practical orthography
line 993	Hank Nater	translation	ample, loose	page 41, the Na90 gloss
line 993	Bella Coola	transcription	puq’ʷ	page 41, the phonemic notation
line 994	Hank Nater	note	994	page 41, the line's number
line 994	Bella Coola	transcription	PUTSQ’	page 41, the Na90 entry in the practical orthography
line 994	Hank Nater	translation	Indian hellebore	page 41, the Na90 gloss
line 994	Bella Coola	transcription	pucq’	page 41, the phonemic notation
line 995	Hank Nater	note	995	page 41, the line's number
line 995	Bella Coola	transcription	PUTS’TN	page 41, the Na90 entry in the practical orthography
line 995	Hank Nater	translation	bow for shooting	page 41, the Na90 gloss
line 995	Bella Coola	transcription	puc’tn	page 41, the phonemic notation
line 996	Hank Nater	note	996	page 41, the line's number
line 996	Bella Coola	transcription	√PUX	page 41, the Na90 entry in the practical orthography
line 996	Hank Nater	translation	hairy, furry	page 41, the Na90 gloss
line 996	Bella Coola	transcription	√puχ	page 41, the phonemic notation
line 997	Hank Nater	translation	mouldy	page 41, the Na90 gloss, its number erased, a derivation or allomorph not counted
line 997	Bella Coola	transcription	puuχ	page 41, the phonemic notation
line 998	Hank Nater	note	998	page 41, the line's number
line 998	Bella Coola	transcription	P’AS	page 41, the Na90 entry in the practical orthography
line 998	Hank Nater	translation	pay for sth	page 41, the Na90 gloss
line 998	Bella Coola	transcription	p’as	page 41, the phonemic notation
line 999	Hank Nater	note	999	page 41, the line's number
line 999	Bella Coola	transcription	P’A(A)TS	page 41, the Na90 entry in the practical orthography
line 999	Hank Nater	translation	deep	page 41, the Na90 gloss
line 999	Bella Coola	transcription	p’a(a)c	page 41, the phonemic notation
line 1000	Hank Nater	translation	hold under water	page 41, the Na90 gloss, its number erased, a derivation or allomorph not counted
line 1000	Bella Coola	transcription	p’c	page 41, the phonemic notation
line 1001	Hank Nater	note	1001	page 41, the line's number
line 1001	Bella Coola	transcription	P’C	page 41, the Na90 entry in the practical orthography
line 1001	Hank Nater	translation	crabapple	page 41, the Na90 gloss
line 1001	Bella Coola	transcription	p’x	page 41, the phonemic notation
line 1002	Hank Nater	note	1002	page 41, the line's number
line 1002	Bella Coola	transcription	P’IIXLA	page 41, the Na90 entry in the practical orthography
line 1002	Hank Nater	translation	drift downstream	page 41, the Na90 gloss
line 1002	Bella Coola	transcription	p’iiχla	page 41, the phonemic notation
line 1003	Hank Nater	note	1003	page 42, the line's number
line 1003	Bella Coola	transcription	P’LHT	page 42, the Na90 entry in the practical orthography
line 1003	Hank Nater	translation	warm	page 42, the Na90 gloss
line 1003	Bella Coola	transcription	p’ɬt	page 42, the phonemic notation
line 1004	Hank Nater	note	1004	page 42, the line's number
line 1004	Bella Coola	transcription	P’ULHKWM	page 42, the Na90 entry in the practical orthography
line 1004	Hank Nater	translation	bubble up	page 42, the Na90 gloss
line 1004	Bella Coola	transcription	p’uɬkʷ-m	page 42, the phonemic notation
line 1005	Hank Nater	note	1005	page 42, the line's number
line 1005	Bella Coola	transcription	P’ULHM	page 42, the Na90 entry in the practical orthography
line 1005	Hank Nater	translation	go and meet newcomers	page 42, the Na90 gloss
line 1005	Bella Coola	transcription	p’uɬ-m	page 42, the phonemic notation
line 1006	Hank Nater	note	1006	page 42, the line's number
line 1006	Bella Coola	transcription	QA	page 42, the Na90 entry in the practical orthography
line 1006	Hank Nater	translation	wish sb dead	page 42, the Na90 gloss
line 1006	Bella Coola	transcription	qa	page 42, the phonemic notation
line 1007	Hank Nater	note	1007	page 42, the line's number
line 1007	Bella Coola	transcription	QAAX	page 42, the Na90 entry in the practical orthography
line 1007	Hank Nater	translation	salmonberry	page 42, the Na90 gloss
line 1007	Bella Coola	transcription	qaaχ	page 42, the phonemic notation
line 1008	Hank Nater	note	1008	page 42, the line's number
line 1008	Bella Coola	transcription	QAAXAPWALA	page 42, the Na90 entry in the practical orthography
line 1008	Hank Nater	translation	joist	page 42, the Na90 gloss
line 1008	Bella Coola	transcription	qaa:χapwala	page 42, the phonemic notation
line 1009	Hank Nater	note	1009	page 42, the line's number
line 1009	Bella Coola	transcription	QAAXATSCILI	page 42, the Na90 entry in the practical orthography
line 1009	Hank Nater	translation	swallow	page 42, the Na90 gloss
line 1009	Bella Coola	transcription	qaa:χacxili	page 42, the phonemic notation
line 1010	Hank Nater	note	1010	page 42, the line's number
line 1010	Bella Coola	transcription	QALHQA	page 42, the Na90 entry in the practical orthography
line 1010	Hank Nater	translation	raspberries	page 42, the Na90 gloss
line 1010	Bella Coola	transcription	qaɬqa	page 42, the phonemic notation
line 1011	Hank Nater	note	1011	page 42, the line's number
line 1011	Bella Coola	transcription	QALXALULHM	page 42, the Na90 entry in the practical orthography
line 1011	Hank Nater	translation	to welcome	page 42, the Na90 gloss
line 1011	Bella Coola	transcription	qalχaluɬ-m	page 42, the phonemic notation
line 1012	Hank Nater	note	1012	page 42, the line's number
line 1012	Bella Coola	transcription	QAMATS	page 42, the Na90 entry in the practical orthography
line 1012	Hank Nater	translation	dead fern fronds	page 42, the Na90 gloss
line 1012	Bella Coola	transcription	qamac	page 42, the phonemic notation
line 1013	Hank Nater	note	1013	page 42, the line's number
line 1013	Bella Coola	transcription	QAMITS’A	page 42, the Na90 entry in the practical orthography
line 1013	Hank Nater	translation	have communal meal	page 42, the Na90 gloss
line 1013	Bella Coola	transcription	qamic’a	page 42, the phonemic notation
line 1014	Hank Nater	note	1014	page 42, the line's number
line 1014	Bella Coola	transcription	QAPSMUULHM	page 42, the Na90 entry in the practical orthography
line 1014	Hank Nater	translation	hug oneself	page 42, the Na90 gloss
line 1014	Bella Coola	transcription	qapsm-uuɬ-m	page 42, the phonemic notation
line 1015	Hank Nater	note	1015	page 42, the line's number
line 1015	Bella Coola	transcription	QAQTALHP	page 42, the Na90 entry in the practical orthography
line 1015	Hank Nater	translation	ninebark	page 42, the Na90 gloss
line 1015	Bella Coola	transcription	qa:qta-ɬp	page 42, the phonemic notation
line 1016	Hank Nater	note	1016	page 42, the line's number
line 1016	Bella Coola	transcription	QATSQILH	page 42, the Na90 entry in the practical orthography
line 1016	Hank Nater	translation	ant	page 42, the Na90 gloss
line 1016	Bella Coola	transcription	qacqiɬ	page 42, the phonemic notation
line 1017	Hank Nater	note	1017	page 42, the line's number
line 1017	Bella Coola	transcription	QAW	page 42, the Na90 entry in the practical orthography
line 1017	Hank Nater	translation	enclose, surround	page 42, the Na90 gloss
line 1017	Bella Coola	transcription	qaw	page 42, the phonemic notation
line 1018	Hank Nater	note	1018	page 42, the line's number
line 1018	Bella Coola	transcription	QAY	page 42, the Na90 entry in the practical orthography
line 1018	Hank Nater	translation	stick used in gambling game	page 42, the Na90 gloss
line 1018	Bella Coola	transcription	qay	page 42, the phonemic notation
line 1019	Hank Nater	note	1019	page 42, the line's number
line 1019	Bella Coola	transcription	QIIXA, √QIIXN	page 42, the Na90 entry in the practical orthography
line 1019	Hank Nater	translation	glad, happy	page 42, the Na90 gloss
line 1019	Bella Coola	transcription	qiiχa, √qiiχn	page 42, the phonemic notation
line 1020	Hank Nater	note	1020	page 42, the line's number
line 1020	Bella Coola	transcription	QIKU, XIKU	page 42, the Na90 entry in the practical orthography
line 1020	Hank Nater	translation	dragonfly	page 42, the Na90 gloss
line 1020	Bella Coola	transcription	qikʷu, χikʷu	page 42, the phonemic notation
line 1021	Hank Nater	note	1021	page 42, the line's number
line 1021	Bella Coola	transcription	QIQIPI(I)	page 42, the Na90 entry in the practical orthography
line 1021	Hank Nater	translation	small (pl.), little children	page 42, the Na90 gloss
line 1021	Bella Coola	transcription	qi:qipi(i)	page 42, the phonemic notation
line 1022	Hank Nater	note	1022	page 42, the line's number
line 1022	Bella Coola	transcription	QISM	page 42, the Na90 entry in the practical orthography
line 1022	Hank Nater	translation	avoid contact	page 42, the Na90 gloss
line 1022	Bella Coola	transcription	qism	page 42, the phonemic notation
line 1023	Hank Nater	note	1023	page 42, the line's number
line 1023	Bella Coola	transcription	√QITS’	page 42, the Na90 entry in the practical orthography
line 1023	Hank Nater	translation	out of reach, secluded	page 42, the Na90 gloss
line 1023	Bella Coola	transcription	√qic’	page 42, the phonemic notation
line 1024	Hank Nater	note	1024	page 42, the line's number
line 1024	Bella Coola	transcription	√QLAM	page 42, the Na90 entry in the practical orthography
line 1024	Hank Nater	translation	thoughtful, considerate	page 42, the Na90 gloss
line 1024	Bella Coola	transcription	√qlam	page 42, the phonemic notation
line 1025	Hank Nater	note	1025	page 42, the line's number
line 1025	Bella Coola	transcription	QLH	page 42, the Na90 entry in the practical orthography
line 1025	Hank Nater	translation	touch sb where it hurts	page 42, the Na90 gloss
line 1025	Bella Coola	transcription	qɬ	page 42, the phonemic notation
line 1026	Hank Nater	note	1026	page 42, the line's number
line 1026	Bella Coola	transcription	QLHM	page 42, the Na90 entry in the practical orthography
line 1026	Hank Nater	translation	black cod	page 42, the Na90 gloss
line 1026	Bella Coola	transcription	qɬm	page 42, the phonemic notation
line 1027	Hank Nater	note	1027	page 42, the line's number
line 1027	Bella Coola	transcription	QLHPULX	page 42, the Na90 entry in the practical orthography
line 1027	Hank Nater	translation	water hemlock	page 42, the Na90 gloss
line 1027	Bella Coola	transcription	qɬpulχ	page 42, the phonemic notation
line 1028	Hank Nater	note	1028	page 42, the line's number
line 1028	Bella Coola	transcription	QNK	page 42, the Na90 entry in the practical orthography
line 1028	Hank Nater	translation	deep	page 42, the Na90 gloss
line 1028	Bella Coola	transcription	qnk	page 42, the phonemic notation
line 1029	Hank Nater	translation	downwards	page 42, the Na90 gloss, its number erased, a derivation or allomorph not counted
line 1029	Bella Coola	transcription	ʔuu-χnk	page 42, the phonemic notation
line 1030	Hank Nater	translation	down	page 42, the Na90 gloss, its number erased, a derivation or allomorph not counted
line 1030	Bella Coola	transcription	√χnk	page 42, the phonemic notation
line 1031	Hank Nater	note	1031	page 42, the line's number
line 1031	Bella Coola	transcription	QP'A	page 42, the Na90 entry in the practical orthography
line 1031	Hank Nater	translation	egg	page 42, the Na90 gloss
line 1031	Bella Coola	transcription	qp’a	page 42, the phonemic notation
line 1032	Hank Nater	note	1032	page 42, the line's number
line 1032	Bella Coola	transcription	QTL’	page 42, the Na90 entry in the practical orthography
line 1032	Hank Nater	translation	trip, stumble	page 42, the Na90 gloss
line 1032	Bella Coola	transcription	qƛ’	page 42, the phonemic notation
line 1033	Hank Nater	note	1033	page 42, the line's number
line 1033	Bella Coola	transcription	QTS	page 42, the Na90 entry in the practical orthography
line 1033	Hank Nater	translation	pass condition on to sb	page 42, the Na90 gloss
line 1033	Bella Coola	transcription	qc	page 42, the phonemic notation
line 1034	Hank Nater	note	1034	page 42, the line's number
line 1034	Bella Coola	transcription	QUP’	page 42, the Na90 entry in the practical orthography
line 1034	Hank Nater	translation	punch, hit with one’s fist	page 42, the Na90 gloss
line 1034	Bella Coola	transcription	qʷup’	page 42, the phonemic notation
line 1035	Hank Nater	note	1035	page 42, the line's number
line 1035	Bella Coola	transcription	QUTS’ULHKW	page 42, the Na90 entry in the practical orthography
line 1035	Hank Nater	translation	western yew	page 42, the Na90 gloss
line 1035	Bella Coola	transcription	qʷuc’uɬkʷ	page 42, the phonemic notation
line 1036	Hank Nater	note	1036	page 42, the line's number
line 1036	Bella Coola	transcription	QUUXWWA	page 42, the Na90 entry in the practical orthography
line 1036	Hank Nater	translation	salmon milt	page 42, the Na90 gloss
line 1036	Bella Coola	transcription	qʷuuχʷwa	page 42, the phonemic notation
line 1037	Hank Nater	note	1037	page 42, the line's number
line 1037	Bella Coola	transcription	QUX	page 42, the Na90 entry in the practical orthography
line 1037	Hank Nater	translation	to cover	page 42, the Na90 gloss
line 1037	Bella Coola	transcription	qʷuχ	page 42, the phonemic notation
line 1038	Hank Nater	note	1038	page 42, the line's number
line 1038	Bella Coola	transcription	QWAAXWN	page 42, the Na90 entry in the practical orthography
line 1038	Hank Nater	translation	youngest sibling	page 42, the Na90 gloss
line 1038	Bella Coola	transcription	qʷaaχʷn	page 42, the phonemic notation
line 1039	Hank Nater	note	1039	page 42, the line's number
line 1039	Bella Coola	transcription	√QWI	page 42, the Na90 entry in the practical orthography
line 1039	Hank Nater	translation	to open	page 42, the Na90 gloss
line 1039	Bella Coola	transcription	√qʷi	page 42, the phonemic notation
line 1040	Hank Nater	note	1040	page 42, the line's number
line 1040	Bella Coola	transcription	√QWI	page 42, the Na90 entry in the practical orthography
line 1040	Hank Nater	translation	untrue, dubious	page 42, the Na90 gloss
line 1040	Bella Coola	transcription	√qʷi	page 42, the phonemic notation
line 1041	Hank Nater	note	1041	page 42, the line's number
line 1041	Bella Coola	transcription	QWLS	page 42, the Na90 entry in the practical orthography
line 1041	Hank Nater	translation	look through one eye, aim at	page 42, the Na90 gloss
line 1041	Bella Coola	transcription	qʷls	page 42, the phonemic notation
line 1042	Hank Nater	note	1042	page 42, the line's number
line 1042	Bella Coola	transcription	√QWSK	page 42, the Na90 entry in the practical orthography
line 1042	Hank Nater	translation	wind string on spool	page 42, the Na90 gloss
line 1042	Bella Coola	transcription	√qʷsk	page 42, the phonemic notation
line 1043	Hank Nater	note	1043	page 42, the line's number
line 1043	Bella Coola	transcription	QWSM	page 42, the Na90 entry in the practical orthography
line 1043	Hank Nater	translation	to sweat	page 42, the Na90 gloss
line 1043	Bella Coola	transcription	qʷs-m	page 42, the phonemic notation
line 1044	Hank Nater	note	1044	page 42, the line's number
line 1044	Bella Coola	transcription	QWT	page 42, the Na90 entry in the practical orthography
line 1044	Hank Nater	translation	crooked	page 42, the Na90 gloss
line 1044	Bella Coola	transcription	qʷt	page 42, the phonemic notation
line 1045	Hank Nater	note	1045	page 42, the line's number
line 1045	Bella Coola	transcription	QWWAS	page 42, the Na90 entry in the practical orthography
line 1045	Hank Nater	translation	cooked sockeye salmon	page 42, the Na90 gloss
line 1045	Bella Coola	transcription	qʷwas	page 42, the phonemic notation
line 1046	Hank Nater	note	1046	page 43, the line's number
line 1046	Bella Coola	transcription	QW’ALA	page 43, the Na90 entry in the practical orthography
line 1046	Hank Nater	translation	empty, gone	page 43, the Na90 gloss
line 1046	Bella Coola	transcription	q’ʷala	page 43, the phonemic notation
line 1047	Hank Nater	note	1047	page 43, the line's number
line 1047	Bella Coola	transcription	QW’ALM	page 43, the Na90 entry in the practical orthography
line 1047	Hank Nater	translation	older sibling	page 43, the Na90 gloss
line 1047	Bella Coola	transcription	q’ʷal-m	page 43, the phonemic notation
line 1048	Hank Nater	note	1048	page 43, the line's number
line 1048	Bella Coola	transcription	QW’ALXS	page 43, the Na90 entry in the practical orthography
line 1048	Hank Nater	translation	parsnip	page 43, the Na90 gloss
line 1048	Bella Coola	transcription	q’ʷa(l)-lχs	page 43, the phonemic notation
line 1049	Hank Nater	note	1049	page 43, the line's number
line 1049	Bella Coola	transcription	QW’AYKILA	page 43, the Na90 entry in the practical orthography
line 1049	Hank Nater	translation	small red cod	page 43, the Na90 gloss
line 1049	Bella Coola	transcription	q’ʷaykila	page 43, the phonemic notation
line 1050	Hank Nater	note	1050	page 43, the line's number
line 1050	Bella Coola	transcription	√QW’I	page 43, the Na90 entry in the practical orthography
line 1050	Hank Nater	translation	split, divide, separate	page 43, the Na90 gloss
line 1050	Bella Coola	transcription	√q’ʷi	page 43, the phonemic notation
line 1051	Hank Nater	note	1051	page 43, the line's number
line 1051	Bella Coola	transcription	QW’ILAYS	page 43, the Na90 entry in the practical orthography
line 1051	Hank Nater	translation	young seal	page 43, the Na90 gloss
line 1051	Bella Coola	transcription	q’ʷilays	page 43, the phonemic notation
line 1052	Hank Nater	note	1052	page 43, the line's number
line 1052	Bella Coola	transcription	QW’LAS	page 43, the Na90 entry in the practical orthography
line 1052	Hank Nater	translation	strange, different	page 43, the Na90 gloss
line 1052	Bella Coola	transcription	q’ʷlas	page 43, the phonemic notation
line 1053	Hank Nater	note	1053	page 43, the line's number
line 1053	Bella Coola	transcription	QW’LAXW	page 43, the Na90 entry in the practical orthography
line 1053	Hank Nater	translation	thimbleberry leaves	page 43, the Na90 gloss
line 1053	Bella Coola	transcription	q’ʷlaχʷ	page 43, the phonemic notation
line 1054	Hank Nater	note	1054	page 43, the line's number
line 1054	Bella Coola	transcription	QW’LH	page 43, the Na90 entry in the practical orthography
line 1054	Hank Nater	translation	to laugh	page 43, the Na90 gloss
line 1054	Bella Coola	transcription	q’ʷɬ	page 43, the phonemic notation
line 1055	Hank Nater	note	1055	page 43, the line's number
line 1055	Bella Coola	transcription	√QW’WA	page 43, the Na90 entry in the practical orthography
line 1055	Hank Nater	translation	impel, urge on	page 43, the Na90 gloss
line 1055	Bella Coola	transcription	√q’ʷwa	page 43, the phonemic notation
line 1056	Hank Nater	note	1056	page 43, the line's number
line 1056	Bella Coola	transcription	QW’XW	page 43, the Na90 entry in the practical orthography
line 1056	Hank Nater	translation	move	page 43, the Na90 gloss
line 1056	Bella Coola	transcription	q’ʷχʷ	page 43, the phonemic notation
line 1057	Hank Nater	note	1057	page 43, the line's number
line 1057	Bella Coola	transcription	√QW’XW	page 43, the Na90 entry in the practical orthography
line 1057	Hank Nater	translation	slow down, delay	page 43, the Na90 gloss
line 1057	Bella Coola	transcription	√q’ʷχʷ	page 43, the phonemic notation
line 1058	Hank Nater	note	1058	page 43, the line's number
line 1058	Bella Coola	transcription	Q’AKWTS	page 43, the Na90 entry in the practical orthography
line 1058	Hank Nater	translation	blue lupine	page 43, the Na90 gloss
line 1058	Bella Coola	transcription	q’akʷc	page 43, the phonemic notation
line 1059	Hank Nater	note	1059	page 43, the line's number
line 1059	Bella Coola	transcription	Q’AQ’ATSUULH	page 43, the Na90 entry in the practical orthography
line 1059	Hank Nater	translation	wild strawberry	page 43, the Na90 gloss
line 1059	Bella Coola	transcription	q’a:q’ac-uuɬ	page 43, the phonemic notation
line 1060	Hank Nater	note	1060	page 43, the line's number
line 1060	Bella Coola	transcription	Q’ATICTS	page 43, the Na90 entry in the practical orthography
line 1060	Hank Nater	translation	steam-cook food	page 43, the Na90 gloss
line 1060	Bella Coola	transcription	q’atixc	page 43, the phonemic notation
line 1061	Hank Nater	note	1061	page 43, the line's number
line 1061	Bella Coola	transcription	Q’AY	page 43, the Na90 entry in the practical orthography
line 1061	Hank Nater	translation	black hawthorn berry	page 43, the Na90 gloss
line 1061	Bella Coola	transcription	q’ay	page 43, the phonemic notation
line 1062	Hank Nater	note	1062	page 43, the line's number
line 1062	Bella Coola	transcription	Q’AY	page 43, the Na90 entry in the practical orthography
line 1062	Hank Nater	translation	cedar bark basket	page 43, the Na90 gloss
line 1062	Bella Coola	transcription	q’ay	page 43, the phonemic notation
line 1063	Hank Nater	note	1063	page 43, the line's number
line 1063	Bella Coola	transcription	Q’ILH	page 43, the Na90 entry in the practical orthography
line 1063	Hank Nater	translation	scratch	page 43, the Na90 gloss
line 1063	Bella Coola	transcription	q’iɬ	page 43, the phonemic notation
line 1064	Hank Nater	note	1064	page 43, the line's number
line 1064	Bella Coola	transcription	Q’IS	page 43, the Na90 entry in the practical orthography
line 1064	Hank Nater	translation	singe, burn surface of	page 43, the Na90 gloss
line 1064	Bella Coola	transcription	q’is	page 43, the phonemic notation
line 1065	Hank Nater	note	1065	page 43, the line's number
line 1065	Bella Coola	transcription	Q’ITSM	page 43, the Na90 entry in the practical orthography
line 1065	Hank Nater	translation	stink	page 43, the Na90 gloss
line 1065	Bella Coola	transcription	q’ic-m	page 43, the phonemic notation
line 1066	Hank Nater	note	1066	page 43, the line's number
line 1066	Bella Coola	transcription	Q’LHKW	page 43, the Na90 entry in the practical orthography
line 1066	Hank Nater	translation	fix up	page 43, the Na90 gloss
line 1066	Bella Coola	transcription	q’ɬkʷ	page 43, the phonemic notation
line 1067	Hank Nater	note	1067	page 43, the line's number
line 1067	Bella Coola	transcription	√Q’LU	page 43, the Na90 entry in the practical orthography
line 1067	Hank Nater	translation	stick one’s finger into	page 43, the Na90 gloss
line 1067	Bella Coola	transcription	√q’lu	page 43, the phonemic notation
line 1068	Hank Nater	note	1068	page 43, the line's number
line 1068	Bella Coola	transcription	Q’LUK	page 43, the Na90 entry in the practical orthography
line 1068	Hank Nater	translation	barbecued salmon	page 43, the Na90 gloss
line 1068	Bella Coola	transcription	q’luk	page 43, the phonemic notation
line 1069	Hank Nater	note	1069	page 43, the line's number
line 1069	Bella Coola	transcription	Q’M	page 43, the Na90 entry in the practical orthography
line 1069	Hank Nater	translation	step on	page 43, the Na90 gloss
line 1069	Bella Coola	transcription	q’m	page 43, the phonemic notation
line 1070	Hank Nater	note	1070	page 43, the line's number
line 1070	Bella Coola	transcription	√Q’P	page 43, the Na90 entry in the practical orthography
line 1070	Hank Nater	translation	dull	page 43, the Na90 gloss
line 1070	Bella Coola	transcription	√q’p	page 43, the phonemic notation
line 1071	Hank Nater	note	1071	page 43, the line's number
line 1071	Bella Coola	transcription	Q’TSM	page 43, the Na90 entry in the practical orthography
line 1071	Hank Nater	translation	creak, make sharp sound	page 43, the Na90 gloss
line 1071	Bella Coola	transcription	q’c-m	page 43, the phonemic notation
line 1072	Hank Nater	note	1072	page 43, the line's number
line 1072	Bella Coola	transcription	Q’UX	page 43, the Na90 entry in the practical orthography
line 1072	Hank Nater	translation	filled to capacity	page 43, the Na90 gloss
line 1072	Bella Coola	transcription	q’ʷuχ	page 43, the phonemic notation
line 1073	Hank Nater	note	1073	page 43, the line's number
line 1073	Bella Coola	transcription	Q’UX	page 43, the Na90 entry in the practical orthography
line 1073	Hank Nater	translation	invite sb, call	page 43, the Na90 gloss
line 1073	Bella Coola	transcription	q’ʷuχ	page 43, the phonemic notation
line 1074	Hank Nater	note	1074	page 43, the line's number
line 1074	Bella Coola	transcription	Q’X	page 43, the Na90 entry in the practical orthography
line 1074	Hank Nater	translation	carve	page 43, the Na90 gloss
line 1074	Bella Coola	transcription	q’χ	page 43, the phonemic notation
line 1075	Hank Nater	note	1075	page 43, the line's number
line 1075	Bella Coola	transcription	Q’XNXNA	page 43, the Na90 entry in the practical orthography
line 1075	Hank Nater	translation	berries of false Solomon’s seal	page 43, the Na90 gloss
line 1075	Bella Coola	transcription	q’χn:χna	page 43, the phonemic notation
line 1076	Hank Nater	note	1076	page 43, the line's number
line 1076	Bella Coola	transcription	Q’XTIS	page 43, the Na90 entry in the practical orthography
line 1076	Hank Nater	translation	fish weir made of rocks	page 43, the Na90 gloss
line 1076	Bella Coola	transcription	q’χtis	page 43, the phonemic notation
line 1077	Hank Nater	note	1077	page 43, the line's number
line 1077	Bella Coola	transcription	√SAK’	page 43, the Na90 entry in the practical orthography
line 1077	Hank Nater	translation	spread	page 43, the Na90 gloss
line 1077	Bella Coola	transcription	√sak’	page 43, the phonemic notation
line 1078	Hank Nater	note	1078	page 43, the line's number
line 1078	Bella Coola	transcription	√SAK’A	page 43, the Na90 entry in the practical orthography
line 1078	Hank Nater	translation	do immediately	page 43, the Na90 gloss
line 1078	Bella Coola	transcription	√sak’a	page 43, the phonemic notation
line 1079	Hank Nater	note	1079	page 43, the line's number
line 1079	Bella Coola	transcription	SAK’AM	page 43, the Na90 entry in the practical orthography
line 1079	Hank Nater	translation	injured	page 43, the Na90 gloss
line 1079	Bella Coola	transcription	sak’am	page 43, the phonemic notation
line 1080	Hank Nater	note	1080	page 43, the line's number
line 1080	Bella Coola	transcription	SAK’IMA	page 43, the Na90 entry in the practical orthography
line 1080	Hank Nater	translation	twine, string	page 43, the Na90 gloss
line 1080	Bella Coola	transcription	sak’ima	page 43, the phonemic notation
line 1081	Hank Nater	note	1081	page 43, the line's number
line 1081	Bella Coola	transcription	SAQW’	page 43, the Na90 entry in the practical orthography
line 1081	Hank Nater	translation	holding much, insatiable	page 43, the Na90 gloss
line 1081	Bella Coola	transcription	saq’ʷ	page 43, the phonemic notation
line 1082	Hank Nater	note	1082	page 43, the line's number
line 1082	Bella Coola	transcription	SAST	page 43, the Na90 entry in the practical orthography
line 1082	Hank Nater	translation	move house	page 43, the Na90 gloss
line 1082	Bella Coola	transcription	sast	page 43, the phonemic notation
line 1083	Hank Nater	note	1083	page 43, the line's number
line 1083	Bella Coola	transcription	SATSQWLA	page 43, the Na90 entry in the practical orthography
line 1083	Hank Nater	translation	log used as raft	page 43, the Na90 gloss
line 1083	Bella Coola	transcription	sacqʷla	page 43, the phonemic notation
line 1084	Hank Nater	note	1084	page 43, the line's number
line 1084	Bella Coola	transcription	SAWA, SAWSAWA	page 43, the Na90 entry in the practical orthography
line 1084	Hank Nater	translation	pillow, cushion	page 43, the Na90 gloss
line 1084	Bella Coola	transcription	sawa, saw:sawa	page 43, the phonemic notation
line 1085	Hank Nater	note	1085	page 43, the line's number
line 1085	Bella Coola	transcription	S7AYK’S	page 43, the Na90 entry in the practical orthography
line 1085	Hank Nater	translation	grave	page 43, the Na90 gloss
line 1085	Bella Coola	transcription	sʔayk’s	page 43, the phonemic notation
line 1086	Hank Nater	note	1086	page 43, the line's number
line 1086	Bella Coola	transcription	S7AYK’SA7NA	page 43, the Na90 entry in the practical orthography
line 1086	Hank Nater	translation	caterpillar	page 43, the Na90 gloss
line 1086	Bella Coola	transcription	sʔayk’saʔna	page 43, the phonemic notation
line 1087	Hank Nater	note	1087	page 43, the line's number
line 1087	Bella Coola	transcription	S7AYM	page 43, the Na90 entry in the practical orthography
line 1087	Hank Nater	translation	to always do	page 43, the Na90 gloss
line 1087	Bella Coola	transcription	sʔaym	page 43, the phonemic notation
line 1088	Hank Nater	note	1088	page 43, the line's number
line 1088	Bella Coola	transcription	S7AYT	page 43, the Na90 entry in the practical orthography
line 1088	Hank Nater	translation	year	page 43, the Na90 gloss
line 1088	Bella Coola	transcription	sʔayt	page 43, the phonemic notation
line 1089	Hank Nater	note	1089	page 44, the line's number
line 1089	Bella Coola	transcription	S7AYULH	page 44, the Na90 entry in the practical orthography
line 1089	Hank Nater	translation	thunder, Thunderbird	page 44, the Na90 gloss
line 1089	Bella Coola	transcription	sʔayuɬ	page 44, the phonemic notation
line 1090	Hank Nater	note	1090	page 44, the line's number
line 1090	Bella Coola	transcription	SC	page 44, the Na90 entry in the practical orthography
line 1090	Hank Nater	translation	bad	page 44, the Na90 gloss
line 1090	Bella Coola	transcription	sx	page 44, the phonemic notation
line 1091	Hank Nater	note	1091	page 44, the line's number
line 1091	Bella Coola	transcription	SCIMNK	page 44, the Na90 entry in the practical orthography
line 1091	Hank Nater	translation	cooked fish tails	page 44, the Na90 gloss
line 1091	Bella Coola	transcription	s-xim-nk	page 44, the phonemic notation
line 1092	Hank Nater	note	1092	page 44, the line's number
line 1092	Bella Coola	transcription	SCLHH	page 44, the Na90 entry in the practical orthography
line 1092	Hank Nater	translation	afterbirth	page 44, the Na90 gloss
line 1092	Bella Coola	transcription	sx-ɬɬ	page 44, the phonemic notation
line 1093	Hank Nater	note	1093	page 44, the line's number
line 1093	Bella Coola	transcription	SCW	page 44, the Na90 entry in the practical orthography
line 1093	Hank Nater	translation	burn	page 44, the Na90 gloss
line 1093	Bella Coola	transcription	sxʷ	page 44, the phonemic notation
line 1094	Hank Nater	note	1094	page 44, the line's number
line 1094	Bella Coola	transcription	√SCWTL’	page 44, the Na90 entry in the practical orthography
line 1094	Hank Nater	translation	inadequate	page 44, the Na90 gloss
line 1094	Bella Coola	transcription	√sxʷƛ’	page 44, the phonemic notation
line 1095	Hank Nater	note	1095	page 44, the line's number
line 1095	Bella Coola	transcription	SIISCMI	page 44, the Na90 entry in the practical orthography
line 1095	Hank Nater	translation	type of moss (mnium affine)	page 44, the Na90 gloss
line 1095	Bella Coola	transcription	sii:sxmi	page 44, the phonemic notation
line 1096	Hank Nater	note	1096	page 44, the line's number
line 1096	Bella Coola	transcription	√SIKW’IK	page 44, the Na90 entry in the practical orthography
line 1096	Hank Nater	translation	line things up	page 44, the Na90 gloss
line 1096	Bella Coola	transcription	√sik’ʷik	page 44, the phonemic notation
line 1097	Hank Nater	note	1097	page 44, the line's number
line 1097	Bella Coola	transcription	SIK’M	page 44, the Na90 entry in the practical orthography
line 1097	Hank Nater	translation	(there is a) noise	page 44, the Na90 gloss
line 1097	Bella Coola	transcription	sik’m	page 44, the phonemic notation
line 1098	Hank Nater	note	1098	page 44, the line's number
line 1098	Bella Coola	transcription	SIK’S	page 44, the Na90 entry in the practical orthography
line 1098	Hank Nater	translation	trap, snare	page 44, the Na90 gloss
line 1098	Bella Coola	transcription	sik’s	page 44, the phonemic notation
line 1099	Hank Nater	note	1099	page 44, the line's number
line 1099	Bella Coola	transcription	SILIN	page 44, the Na90 entry in the practical orthography
line 1099	Hank Nater	translation	kidney	page 44, the Na90 gloss
line 1099	Bella Coola	transcription	silin	page 44, the phonemic notation
line 1100	Hank Nater	note	1100	page 44, the line's number
line 1100	Bella Coola	transcription	SIM	page 44, the Na90 entry in the practical orthography
line 1100	Hank Nater	translation	limbs of red cedar	page 44, the Na90 gloss
line 1100	Bella Coola	transcription	sim	page 44, the phonemic notation
line 1101	Hank Nater	note	1101	page 44, the line's number
line 1101	Bella Coola	transcription	SIQ’AAX	page 44, the Na90 entry in the practical orthography
line 1101	Hank Nater	translation	fish near death (after spawning)	page 44, the Na90 gloss
line 1101	Bella Coola	transcription	siq’-aaχ	page 44, the phonemic notation
line 1102	Hank Nater	note	1102	page 44, the line's number
line 1102	Bella Coola	transcription	SISAWK, SUSAWK	page 44, the Na90 entry in the practical orthography
line 1102	Hank Nater	translation	high class dance	page 44, the Na90 gloss
line 1102	Bella Coola	transcription	sisawk, susawk	page 44, the phonemic notation
line 1103	Hank Nater	note	1103	page 44, the line's number
line 1103	Bella Coola	transcription	SISKSUM	page 44, the Na90 entry in the practical orthography
line 1103	Hank Nater	translation	aunt	page 44, the Na90 gloss
line 1103	Bella Coola	transcription	sisksum	page 44, the phonemic notation
line 1104	Hank Nater	note	1104	page 44, the line's number
line 1104	Bella Coola	transcription	SITAAXSU	page 44, the Na90 entry in the practical orthography
line 1104	Hank Nater	translation	catfish	page 44, the Na90 gloss
line 1104	Bella Coola	transcription	sitaaχsu	page 44, the phonemic notation
line 1105	Hank Nater	note	1105	page 44, the line's number
line 1105	Bella Coola	transcription	SKALKW	page 44, the Na90 entry in the practical orthography
line 1105	Hank Nater	translation	porcupine	page 44, the Na90 gloss
line 1105	Bella Coola	transcription	skalkʷ	page 44, the phonemic notation
line 1106	Hank Nater	note	1106	page 44, the line's number
line 1106	Bella Coola	transcription	√SKI	page 44, the Na90 entry in the practical orthography
line 1106	Hank Nater	translation	knead, massage	page 44, the Na90 gloss
line 1106	Bella Coola	transcription	√ski	page 44, the phonemic notation
line 1107	Hank Nater	note	1107	page 44, the line's number
line 1107	Bella Coola	transcription	SKIP’	page 44, the Na90 entry in the practical orthography
line 1107	Hank Nater	translation	carrots	page 44, the Na90 gloss
line 1107	Bella Coola	transcription	skip’	page 44, the phonemic notation
line 1108	Hank Nater	note	1108	page 44, the line's number
line 1108	Bella Coola	transcription	SKLI	page 44, the Na90 entry in the practical orthography
line 1108	Hank Nater	translation	supernatural being that controls death	page 44, the Na90 gloss
line 1108	Bella Coola	transcription	skli	page 44, the phonemic notation
line 1109	Hank Nater	note	1109	page 44, the line's number
line 1109	Bella Coola	transcription	SKMA	page 44, the Na90 entry in the practical orthography
line 1109	Hank Nater	translation	moose	page 44, the Na90 gloss
line 1109	Bella Coola	transcription	skma	page 44, the phonemic notation
line 1110	Hank Nater	note	1110	page 44, the line's number
line 1110	Bella Coola	transcription	SKSI	page 44, the Na90 entry in the practical orthography
line 1110	Hank Nater	translation	in-laws	page 44, the Na90 gloss
line 1110	Bella Coola	transcription	sksi	page 44, the phonemic notation
line 1111	Hank Nater	note	1111	page 44, the line's number
line 1111	Bella Coola	transcription	SKTSULHK	page 44, the Na90 entry in the practical orthography
line 1111	Hank Nater	translation	heart	page 44, the Na90 gloss
line 1111	Bella Coola	transcription	skcuɬk	page 44, the phonemic notation
line 1112	Hank Nater	note	1112	page 44, the line's number
line 1112	Bella Coola	transcription	SKULUKT	page 44, the Na90 entry in the practical orthography
line 1112	Hank Nater	translation	canoe pole	page 44, the Na90 gloss
line 1112	Bella Coola	transcription	skʷulukt	page 44, the phonemic notation
line 1113	Hank Nater	note	1113	page 44, the line's number
line 1113	Bella Coola	transcription	SKWTSALS	page 44, the Na90 entry in the practical orthography
line 1113	Hank Nater	translation	cheek	page 44, the Na90 gloss
line 1113	Bella Coola	transcription	s-kʷc-als	page 44, the phonemic notation
line 1114	Hank Nater	note	1114	page 44, the line's number
line 1114	Bella Coola	transcription	SKW’ANIK’S	page 44, the Na90 entry in the practical orthography
line 1114	Hank Nater	translation	black twinberry	page 44, the Na90 gloss
line 1114	Bella Coola	transcription	sk’ʷanik’s	page 44, the phonemic notation
line 1115	Hank Nater	note	1115	page 44, the line's number
line 1115	Bella Coola	transcription	SKW’YAN	page 44, the Na90 entry in the practical orthography
line 1115	Hank Nater	translation	knee	page 44, the Na90 gloss
line 1115	Bella Coola	transcription	sk’ʷyan	page 44, the phonemic notation
line 1116	Hank Nater	note	1116	page 44, the line's number
line 1116	Bella Coola	transcription	SK’	page 44, the Na90 entry in the practical orthography
line 1116	Hank Nater	translation	scrape, rake, comb	page 44, the Na90 gloss
line 1116	Bella Coola	transcription	sk’	page 44, the phonemic notation
line 1117	Hank Nater	note	1117	page 44, the line's number
line 1117	Bella Coola	transcription	SK’ALHUTSLAYC	page 44, the Na90 entry in the practical orthography
line 1117	Hank Nater	translation	eyelashes	page 44, the Na90 gloss
line 1117	Bella Coola	transcription	sk’aɬ-uc-layx	page 44, the phonemic notation
line 1118	Hank Nater	note	1118	page 44, the line's number
line 1118	Bella Coola	transcription	SK’AMTSK	page 44, the Na90 entry in the practical orthography
line 1118	Hank Nater	translation	mythical sea monster	page 44, the Na90 gloss
line 1118	Bella Coola	transcription	s-k’am-ck	page 44, the phonemic notation
line 1119	Hank Nater	note	1119	page 44, the line's number
line 1119	Bella Coola	transcription	SK’APTSANILH	page 44, the Na90 entry in the practical orthography
line 1119	Hank Nater	translation	posterior abdominal fin	page 44, the Na90 gloss
line 1119	Bella Coola	transcription	sk’apc-an-iɬ	page 44, the phonemic notation
line 1120	Hank Nater	note	1120	page 44, the line's number
line 1120	Bella Coola	transcription	SK’C	page 44, the Na90 entry in the practical orthography
line 1120	Hank Nater	translation	black	page 44, the Na90 gloss
line 1120	Bella Coola	transcription	sk’x	page 44, the phonemic notation
line 1121	Hank Nater	note	1121	page 44, the line's number
line 1121	Bella Coola	transcription	√SK’IK	page 44, the Na90 entry in the practical orthography
line 1121	Hank Nater	translation	spread	page 44, the Na90 gloss
line 1121	Bella Coola	transcription	√sk’-ik	page 44, the phonemic notation
line 1122	Hank Nater	note	1122	page 44, the line's number
line 1122	Bella Coola	transcription	SK’LLATAP	page 44, the Na90 entry in the practical orthography
line 1122	Hank Nater	translation	unidentified small seafish	page 44, the Na90 gloss
line 1122	Bella Coola	transcription	sk’llatap	page 44, the phonemic notation
line 1123	Hank Nater	note	1123	page 44, the line's number
line 1123	Bella Coola	transcription	SK’ST	page 44, the Na90 entry in the practical orthography
line 1123	Hank Nater	translation	charcoal	page 44, the Na90 gloss
line 1123	Bella Coola	transcription	sk’st	page 44, the phonemic notation
line 1124	Hank Nater	note	1124	page 44, the line's number
line 1124	Bella Coola	transcription	SK’STLITS’	page 44, the Na90 entry in the practical orthography
line 1124	Hank Nater	translation	skin	page 44, the Na90 gloss
line 1124	Bella Coola	transcription	sk’st-lic’	page 44, the phonemic notation
line 1125	Hank Nater	note	1125	page 44, the line's number
line 1125	Bella Coola	transcription	SLALIMTSKAK	page 44, the Na90 entry in the practical orthography
line 1125	Hank Nater	translation	cone of firpine tree	page 44, the Na90 gloss
line 1125	Bella Coola	transcription	slalimck-ak	page 44, the phonemic notation
line 1126	Hank Nater	note	1126	page 44, the line's number
line 1126	Bella Coola	transcription	SLAWS	page 44, the Na90 entry in the practical orthography
line 1126	Hank Nater	translation	grass	page 44, the Na90 gloss
line 1126	Bella Coola	transcription	slaws	page 44, the phonemic notation
line 1127	Hank Nater	note	1127	page 44, the line's number
line 1127	Bella Coola	transcription	SLAX	page 44, the Na90 entry in the practical orthography
line 1127	Hank Nater	translation	much, many	page 44, the Na90 gloss
line 1127	Bella Coola	transcription	sláχ	page 44, the phonemic notation
line 1128	Hank Nater	note	1128	page 44, the line's number
line 1128	Bella Coola	transcription	SLAYLHXUTS	page 44, the Na90 entry in the practical orthography
line 1128	Hank Nater	translation	misbehave, be obstinate	page 44, the Na90 gloss
line 1128	Bella Coola	transcription	slayɬχʷ-uc	page 44, the phonemic notation
line 1129	Hank Nater	note	1129	page 44, the line's number
line 1129	Bella Coola	transcription	SLHQ’AN	page 44, the Na90 entry in the practical orthography
line 1129	Hank Nater	translation	collar	page 44, the Na90 gloss
line 1129	Bella Coola	transcription	s-ɬq’-an, cf. √ɬq’-m	page 44, the phonemic notation
line 1130	Hank Nater	note	1130	page 44, the line's number
line 1130	Bella Coola	transcription	SLHUL	page 44, the Na90 entry in the practical orthography
line 1130	Hank Nater	translation	sliver	page 44, the Na90 gloss
line 1130	Bella Coola	transcription	sɬul	page 44, the phonemic notation
line 1131	Hank Nater	note	1131	page 44, the line's number
line 1131	Bella Coola	transcription	√SLHULHANI	page 44, the Na90 entry in the practical orthography
line 1131	Hank Nater	translation	cover, shelter	page 44, the Na90 gloss
line 1131	Bella Coola	transcription	√sɬuɬani	page 44, the phonemic notation
line 1132	Hank Nater	note	1132	page 45, the line's number
line 1132	Bella Coola	transcription	SLIQ’UTS	page 45, the Na90 entry in the practical orthography
line 1132	Hank Nater	translation	saliva	page 45, the Na90 gloss
line 1132	Bella Coola	transcription	sliq’ʷ-uc	page 45, the phonemic notation
line 1133	Hank Nater	note	1133	page 45, the line's number
line 1133	Bella Coola	transcription	SLIS	page 45, the Na90 entry in the practical orthography
line 1133	Hank Nater	translation	gall	page 45, the Na90 gloss
line 1133	Bella Coola	transcription	slis	page 45, the phonemic notation
line 1134	Hank Nater	note	1134	page 45, the line's number
line 1134	Bella Coola	transcription	SLQW’	page 45, the Na90 entry in the practical orthography
line 1134	Hank Nater	translation	find	page 45, the Na90 gloss
line 1134	Bella Coola	transcription	slq’ʷ	page 45, the phonemic notation
line 1135	Hank Nater	note	1135	page 45, the line's number
line 1135	Bella Coola	transcription	SLUCTA	page 45, the Na90 entry in the practical orthography
line 1135	Hank Nater	translation	crosspiece of canoe	page 45, the Na90 gloss
line 1135	Bella Coola	transcription	s-lux-ta	page 45, the phonemic notation
line 1136	Hank Nater	note	1136	page 45, the line's number
line 1136	Bella Coola	transcription	SLUQ’	page 45, the Na90 entry in the practical orthography
line 1136	Hank Nater	translation	eulachon grease	page 45, the Na90 gloss
line 1136	Bella Coola	transcription	sluq’	page 45, the phonemic notation
line 1137	Hank Nater	note	1137	page 45, the line's number
line 1137	Bella Coola	transcription	SMA	page 45, the Na90 entry in the practical orthography
line 1137	Hank Nater	translation	myth(ical), legend(ary)	page 45, the Na90 gloss
line 1137	Bella Coola	transcription	sma	page 45, the phonemic notation
line 1138	Hank Nater	note	1138	page 45, the line's number
line 1138	Bella Coola	transcription	SMAK	page 45, the Na90 entry in the practical orthography
line 1138	Hank Nater	translation	prepare eulachon grease	page 45, the Na90 gloss
line 1138	Bella Coola	transcription	smak	page 45, the phonemic notation
line 1139	Hank Nater	note	1139	page 45, the line's number
line 1139	Bella Coola	transcription	√SMAM	page 45, the Na90 entry in the practical orthography
line 1139	Hank Nater	translation	be in constant motion	page 45, the Na90 gloss
line 1139	Bella Coola	transcription	√smam	page 45, the phonemic notation
line 1140	Hank Nater	note	1140	page 45, the line's number
line 1140	Bella Coola	transcription	SMATMC	page 45, the Na90 entry in the practical orthography
line 1140	Hank Nater	translation	friend, relative	page 45, the Na90 gloss
line 1140	Bella Coola	transcription	smat-mx	page 45, the phonemic notation
line 1141	Hank Nater	note	1141	page 45, the line's number
line 1141	Bella Coola	transcription	SMICMIXWTS	page 45, the Na90 entry in the practical orthography
line 1141	Hank Nater	translation	thrush	page 45, the Na90 gloss
line 1141	Bella Coola	transcription	smix:miχʷc	page 45, the phonemic notation
line 1142	Hank Nater	note	1142	page 45, the line's number
line 1142	Bella Coola	transcription	SMIKS	page 45, the Na90 entry in the practical orthography
line 1142	Hank Nater	translation	mussel	page 45, the Na90 gloss
line 1142	Bella Coola	transcription	smiks	page 45, the phonemic notation
line 1143	Hank Nater	note	1143	page 45, the line's number
line 1143	Bella Coola	transcription	SNANIK	page 45, the Na90 entry in the practical orthography
line 1143	Hank Nater	translation	pitch, gum	page 45, the Na90 gloss
line 1143	Bella Coola	transcription	snanik	page 45, the phonemic notation
line 1144	Hank Nater	note	1144	page 45, the line's number
line 1144	Bella Coola	transcription	SNQW’S	page 45, the Na90 entry in the practical orthography
line 1144	Hank Nater	translation	be very mad at someone	page 45, the Na90 gloss
line 1144	Bella Coola	transcription	snq’ʷs	page 45, the phonemic notation
line 1145	Hank Nater	note	1145	page 45, the line's number
line 1145	Bella Coola	transcription	SNX	page 45, the Na90 entry in the practical orthography
line 1145	Hank Nater	translation	sun	page 45, the Na90 gloss
line 1145	Bella Coola	transcription	snχ	page 45, the phonemic notation
line 1146	Hank Nater	note	1146	page 45, the line's number
line 1146	Bella Coola	transcription	SPATL’TN	page 45, the Na90 entry in the practical orthography
line 1146	Hank Nater	translation	put roofing on a house	page 45, the Na90 gloss
line 1146	Bella Coola	transcription	spaƛ’tn	page 45, the phonemic notation
line 1147	Hank Nater	note	1147	page 45, the line's number
line 1147	Bella Coola	transcription	SPIKW’	page 45, the Na90 entry in the practical orthography
line 1147	Hank Nater	translation	groundhog	page 45, the Na90 gloss
line 1147	Bella Coola	transcription	spik’ʷ	page 45, the phonemic notation
line 1148	Hank Nater	note	1148	page 45, the line's number
line 1148	Bella Coola	transcription	SPUTC	page 45, the Na90 entry in the practical orthography
line 1148	Hank Nater	translation	eulachon	page 45, the Na90 gloss
line 1148	Bella Coola	transcription	sputx	page 45, the phonemic notation
line 1149	Hank Nater	note	1149	page 45, the line's number
line 1149	Bella Coola	transcription	√SQUM	page 45, the Na90 entry in the practical orthography
line 1149	Hank Nater	translation	spread, open up	page 45, the Na90 gloss
line 1149	Bella Coola	transcription	√sqʷum	page 45, the phonemic notation
line 1150	Hank Nater	note	1150	page 45, the line's number
line 1150	Bella Coola	transcription	SQUSA	page 45, the Na90 entry in the practical orthography
line 1150	Hank Nater	translation	left over food taken home	page 45, the Na90 gloss
line 1150	Bella Coola	transcription	sqʷusa	page 45, the phonemic notation
line 1151	Hank Nater	note	1151	page 45, the line's number
line 1151	Bella Coola	transcription	SQUTS’	page 45, the Na90 entry in the practical orthography
line 1151	Hank Nater	translation	sack made of cedar bark	page 45, the Na90 gloss
line 1151	Bella Coola	transcription	sqʷuc’	page 45, the phonemic notation
line 1152	Hank Nater	note	1152	page 45, the line's number
line 1152	Bella Coola	transcription	SQWAAX(W)QWA	page 45, the Na90 entry in the practical orthography
line 1152	Hank Nater	translation	bullhead	page 45, the Na90 gloss
line 1152	Bella Coola	transcription	sqʷaaχ(ʷ)qʷa	page 45, the phonemic notation
line 1153	Hank Nater	note	1153	page 45, the line's number
line 1153	Bella Coola	transcription	SQWAL	page 45, the Na90 entry in the practical orthography
line 1153	Hank Nater	translation	love song	page 45, the Na90 gloss
line 1153	Bella Coola	transcription	sqʷal	page 45, the phonemic notation
line 1154	Hank Nater	note	1154	page 45, the line's number
line 1154	Bella Coola	transcription	SQWINACW	page 45, the Na90 entry in the practical orthography
line 1154	Hank Nater	translation	flesh of crushed eulachons	page 45, the Na90 gloss
line 1154	Bella Coola	transcription	sqʷinaxʷ	page 45, the phonemic notation
line 1155	Hank Nater	note	1155	page 45, the line's number
line 1155	Bella Coola	transcription	SQWLH	page 45, the Na90 entry in the practical orthography
line 1155	Hank Nater	translation	fishbone	page 45, the Na90 gloss
line 1155	Bella Coola	transcription	sqʷɬ	page 45, the phonemic notation
line 1156	Hank Nater	note	1156	page 45, the line's number
line 1156	Bella Coola	transcription	SQWLITQ	page 45, the Na90 entry in the practical orthography
line 1156	Hank Nater	translation	dried up rotten fish	page 45, the Na90 gloss
line 1156	Bella Coola	transcription	sqʷlitq	page 45, the phonemic notation
line 1157	Hank Nater	note	1157	page 45, the line's number
line 1157	Bella Coola	transcription	SQWSN	page 45, the Na90 entry in the practical orthography
line 1157	Hank Nater	translation	loon	page 45, the Na90 gloss
line 1157	Bella Coola	transcription	sqʷsn	page 45, the phonemic notation
line 1158	Hank Nater	note	1158	page 45, the line's number
line 1158	Bella Coola	transcription	SQWTSILH	page 45, the Na90 entry in the practical orthography
line 1158	Hank Nater	translation	posterior abdominal fin	page 45, the Na90 gloss
line 1158	Bella Coola	transcription	sqʷc-iɬ	page 45, the phonemic notation
line 1159	Hank Nater	note	1159	page 45, the line's number
line 1159	Bella Coola	transcription	SQW’ALM	page 45, the Na90 entry in the practical orthography
line 1159	Hank Nater	translation	edible male fern root	page 45, the Na90 gloss
line 1159	Bella Coola	transcription	sq’ʷalm	page 45, the phonemic notation
line 1160	Hank Nater	note	1160	page 45, the line's number
line 1160	Bella Coola	transcription	SQ’ALH	page 45, the Na90 entry in the practical orthography
line 1160	Hank Nater	translation	flesh, meat	page 45, the Na90 gloss
line 1160	Bella Coola	transcription	sq’aɬ	page 45, the phonemic notation
line 1161	Hank Nater	note	1161	page 45, the line's number
line 1161	Bella Coola	transcription	√SQ’ATC	page 45, the Na90 entry in the practical orthography
line 1161	Hank Nater	translation	nails	page 45, the Na90 gloss
line 1161	Bella Coola	transcription	√sq’atx	page 45, the phonemic notation
line 1162	Hank Nater	note	1162	page 45, the line's number
line 1162	Bella Coola	transcription	SQ’SK	page 45, the Na90 entry in the practical orthography
line 1162	Hank Nater	translation	saskatoon berry	page 45, the Na90 gloss
line 1162	Bella Coola	transcription	sq’sk	page 45, the phonemic notation
line 1163	Hank Nater	note	1163	page 45, the line's number
line 1163	Bella Coola	transcription	SQ’TALHP	page 45, the Na90 entry in the practical orthography
line 1163	Hank Nater	translation	douglas maple	page 45, the Na90 gloss
line 1163	Bella Coola	transcription	sq’ta-ɬp	page 45, the phonemic notation
line 1164	Hank Nater	note	1164	page 45, the line's number
line 1164	Bella Coola	transcription	SQ’USA	page 45, the Na90 entry in the practical orthography
line 1164	Hank Nater	translation	knothole	page 45, the Na90 gloss
line 1164	Bella Coola	transcription	sq’ʷusa	page 45, the phonemic notation
line 1165	Hank Nater	note	1165	page 45, the line's number
line 1165	Bella Coola	transcription	√STAP	page 45, the Na90 entry in the practical orthography
line 1165	Hank Nater	translation	steep	page 45, the Na90 gloss
line 1165	Bella Coola	transcription	√stap	page 45, the phonemic notation
line 1166	Hank Nater	note	1166	page 45, the line's number
line 1166	Bella Coola	transcription	STCUS	page 45, the Na90 entry in the practical orthography
line 1166	Hank Nater	translation	opponent	page 45, the Na90 gloss
line 1166	Bella Coola	transcription	stxʷus	page 45, the phonemic notation
line 1167	Hank Nater	note	1167	page 45, the line's number
line 1167	Bella Coola	transcription	STCWTS’	page 45, the Na90 entry in the practical orthography
line 1167	Hank Nater	translation	cottonwood buds	page 45, the Na90 gloss
line 1167	Bella Coola	transcription	stxʷc’	page 45, the phonemic notation
line 1168	Hank Nater	note	1168	page 45, the line's number
line 1168	Bella Coola	transcription	STILWA	page 45, the Na90 entry in the practical orthography
line 1168	Hank Nater	translation	fat floating on preserved fish	page 45, the Na90 gloss
line 1168	Bella Coola	transcription	stilwa	page 45, the phonemic notation
line 1169	Hank Nater	note	1169	page 45, the line's number
line 1169	Bella Coola	transcription	STITS’	page 45, the Na90 entry in the practical orthography
line 1169	Hank Nater	translation	watery excrement	page 45, the Na90 gloss
line 1169	Bella Coola	transcription	stic’	page 45, the phonemic notation
line 1170	Hank Nater	note	1170	page 45, the line's number
line 1170	Bella Coola	transcription	STLKW’A	page 45, the Na90 entry in the practical orthography
line 1170	Hank Nater	translation	jellyfish	page 45, the Na90 gloss
line 1170	Bella Coola	transcription	stlk’ʷa	page 45, the phonemic notation
line 1171	Hank Nater	translation	caribou	page 45, the Na90 gloss, its number erased, a derivation or allomorph not counted
line 1171	Bella Coola	transcription	s-ƛ’aχ-t (cf. wiƛ’aχ)	page 45, the phonemic notation
line 1172	Hank Nater	note	1172	page 45, the line's number
line 1172	Bella Coola	transcription	STQ’	page 45, the Na90 entry in the practical orthography
line 1172	Hank Nater	translation	add to sth	page 45, the Na90 gloss
line 1172	Bella Coola	transcription	stq’	page 45, the phonemic notation
line 1173	Hank Nater	note	1173	page 45, the line's number
line 1173	Bella Coola	transcription	STS	page 45, the Na90 entry in the practical orthography
line 1173	Hank Nater	translation	spread evenly over surface	page 45, the Na90 gloss
line 1173	Bella Coola	transcription	sc	page 45, the phonemic notation
line 1174	Hank Nater	translation	cover horizontal surface	page 45, the Na90 gloss, its number erased, a derivation or allomorph not counted
line 1174	Bella Coola	transcription	√nu-sc-aaχ	page 45, the phonemic notation
line 1175	Hank Nater	note	1175	page 46, the line's number
line 1175	Bella Coola	transcription	√STSAY	page 46, the Na90 entry in the practical orthography
line 1175	Hank Nater	translation	news, information	page 46, the Na90 gloss
line 1175	Bella Coola	transcription	√scay	page 46, the phonemic notation
line 1176	Hank Nater	note	1176	page 46, the line's number
line 1176	Bella Coola	transcription	STSICALT	page 46, the Na90 entry in the practical orthography
line 1176	Hank Nater	translation	bridge	page 46, the Na90 gloss
line 1176	Bella Coola	transcription	scixalt	page 46, the phonemic notation
line 1177	Hank Nater	note	1177	page 46, the line's number
line 1177	Bella Coola	transcription	STSLI	page 46, the Na90 entry in the practical orthography
line 1177	Hank Nater	translation	keep caught fish alive on a line	page 46, the Na90 gloss
line 1177	Bella Coola	transcription	scli	page 46, the phonemic notation
line 1178	Hank Nater	note	1178	page 46, the line's number
line 1178	Bella Coola	transcription	STSLTSLI	page 46, the Na90 entry in the practical orthography
line 1178	Hank Nater	translation	bush of dwarf blueberry	page 46, the Na90 gloss
line 1178	Bella Coola	transcription	scl:cli	page 46, the phonemic notation
line 1179	Hank Nater	note	1179	page 46, the line's number
line 1179	Bella Coola	transcription	STSUC	page 46, the Na90 entry in the practical orthography
line 1179	Hank Nater	translation	film, thin layer	page 46, the Na90 gloss
line 1179	Bella Coola	transcription	scux	page 46, the phonemic notation
line 1180	Hank Nater	note	1180	page 46, the line's number
line 1180	Bella Coola	transcription	STSUMAY	page 46, the Na90 entry in the practical orthography
line 1180	Hank Nater	translation	river freezes over	page 46, the Na90 gloss
line 1180	Bella Coola	transcription	scumay	page 46, the phonemic notation
line 1181	Hank Nater	note	1181	page 46, the line's number
line 1181	Bella Coola	transcription	STSUNXWA	page 46, the Na90 entry in the practical orthography
line 1181	Hank Nater	translation	tear stains	page 46, the Na90 gloss
line 1181	Bella Coola	transcription	scunχʷa	page 46, the phonemic notation
line 1182	Hank Nater	note	1182	page 46, the line's number
line 1182	Bella Coola	transcription	STSUTSWANYULHIIXW	page 46, the Na90 entry in the practical orthography
line 1182	Hank Nater	translation	have dandruff	page 46, the Na90 gloss
line 1182	Bella Coola	transcription	scu:cw-any-uɬ-iiχʷ	page 46, the phonemic notation
line 1183	Hank Nater	note	1183	page 46, the line's number
line 1183	Bella Coola	transcription	STS’	page 46, the Na90 entry in the practical orthography
line 1183	Hank Nater	translation	disperse, scatter, spray	page 46, the Na90 gloss
line 1183	Bella Coola	transcription	sc’	page 46, the phonemic notation
line 1184	Hank Nater	note	1184	page 46, the line's number
line 1184	Bella Coola	transcription	STS’ICIN	page 46, the Na90 entry in the practical orthography
line 1184	Hank Nater	translation	roe skein; cracklings	page 46, the Na90 gloss
line 1184	Bella Coola	transcription	sc’ixin	page 46, the phonemic notation
line 1185	Hank Nater	note	1185	page 46, the line's number
line 1185	Bella Coola	transcription	STS’IKNULH	page 46, the Na90 entry in the practical orthography
line 1185	Hank Nater	translation	half-decayed stump	page 46, the Na90 gloss
line 1185	Bella Coola	transcription	sc’ikn-uɬ	page 46, the phonemic notation
line 1186	Hank Nater	note	1186	page 46, the line's number
line 1186	Bella Coola	transcription	STS’MAS	page 46, the Na90 entry in the practical orthography
line 1186	Hank Nater	translation	devilfish	page 46, the Na90 gloss
line 1186	Bella Coola	transcription	sc’mas	page 46, the phonemic notation
line 1187	Hank Nater	note	1187	page 46, the line's number
line 1187	Bella Coola	transcription	STS’PIILH	page 46, the Na90 entry in the practical orthography
line 1187	Hank Nater	translation	unidentified bird	page 46, the Na90 gloss
line 1187	Bella Coola	transcription	sc’piiɬ	page 46, the phonemic notation
line 1188	Hank Nater	note	1188	page 46, the line's number
line 1188	Bella Coola	transcription	STS’Q	page 46, the Na90 entry in the practical orthography
line 1188	Hank Nater	translation	animal fat	page 46, the Na90 gloss
line 1188	Bella Coola	transcription	sc’q	page 46, the phonemic notation
line 1189	Hank Nater	note	1189	page 46, the line's number
line 1189	Bella Coola	transcription	STS’QAAXQA	page 46, the Na90 entry in the practical orthography
line 1189	Hank Nater	translation	wren	page 46, the Na90 gloss
line 1189	Bella Coola	transcription	sc’qaaχqa	page 46, the phonemic notation
line 1190	Hank Nater	note	1190	page 46, the line's number
line 1190	Bella Coola	transcription	STS’QWASMA	page 46, the Na90 entry in the practical orthography
line 1190	Hank Nater	translation	red face paint	page 46, the Na90 gloss
line 1190	Bella Coola	transcription	sc’qʷasma	page 46, the phonemic notation
line 1191	Hank Nater	note	1191	page 46, the line's number
line 1191	Bella Coola	transcription	STS’QYAAXAKSTA	page 46, the Na90 entry in the practical orthography
line 1191	Hank Nater	translation	tree stump	page 46, the Na90 gloss
line 1191	Bella Coola	transcription	sc’qy-aaχ-ak-sta	page 46, the phonemic notation
line 1192	Hank Nater	note	1192	page 46, the line's number
line 1192	Bella Coola	transcription	STS’UP	page 46, the Na90 entry in the practical orthography
line 1192	Hank Nater	translation	to itch	page 46, the Na90 gloss
line 1192	Bella Coola	transcription	s-c’up	page 46, the phonemic notation
line 1193	Hank Nater	translation	scratch one’s privates	page 46, the Na90 gloss, its number erased, a derivation or allomorph not counted
line 1193	Bella Coola	transcription	c’up-iɬ-m	page 46, the phonemic notation
line 1194	Hank Nater	note	1194	page 46, the line's number
line 1194	Bella Coola	transcription	STS’UUXIN	page 46, the Na90 entry in the practical orthography
line 1194	Hank Nater	translation	brains	page 46, the Na90 gloss
line 1194	Bella Coola	transcription	sc’uu-χin	page 46, the phonemic notation
line 1195	Hank Nater	note	1195	page 46, the line's number
line 1195	Bella Coola	transcription	STUQ’	page 46, the Na90 entry in the practical orthography
line 1195	Hank Nater	translation	snag	page 46, the Na90 gloss
line 1195	Bella Coola	transcription	stuq’	page 46, the phonemic notation
line 1196	Hank Nater	note	1196	page 46, the line's number
line 1196	Bella Coola	transcription	ST’ALA	page 46, the Na90 entry in the practical orthography
line 1196	Hank Nater	translation	hemlock bark	page 46, the Na90 gloss
line 1196	Bella Coola	transcription	st’ala	page 46, the phonemic notation
line 1197	Hank Nater	note	1197	page 46, the line's number
line 1197	Bella Coola	transcription	ST’A7M	page 46, the Na90 entry in the practical orthography
line 1197	Hank Nater	translation	be or lie flat on floor	page 46, the Na90 gloss
line 1197	Bella Coola	transcription	st’aʔm	page 46, the phonemic notation
line 1198	Hank Nater	note	1198	page 46, the line's number
line 1198	Bella Coola	transcription	ST’ANIKW	page 46, the Na90 entry in the practical orthography
line 1198	Hank Nater	translation	boil, carbuncle	page 46, the Na90 gloss
line 1198	Bella Coola	transcription	st’anikʷ	page 46, the phonemic notation
line 1199	Hank Nater	note	1199	page 46, the line's number
line 1199	Bella Coola	transcription	ST’AWLHT	page 46, the Na90 entry in the practical orthography
line 1199	Hank Nater	translation	whetstone	page 46, the Na90 gloss
line 1199	Bella Coola	transcription	st’awɬt	page 46, the phonemic notation
line 1200	Hank Nater	note	1200	page 46, the line's number
line 1200	Bella Coola	transcription	ST’AXW	page 46, the Na90 entry in the practical orthography
line 1200	Hank Nater	translation	hard, difficult	page 46, the Na90 gloss
line 1200	Bella Coola	transcription	st’aχʷ	page 46, the phonemic notation
line 1201	Hank Nater	note	1201	page 46, the line's number
line 1201	Bella Coola	transcription	ST’CWM	page 46, the Na90 entry in the practical orthography
line 1201	Hank Nater	translation	mat, mattress	page 46, the Na90 gloss
line 1201	Bella Coola	transcription	st’xʷm	page 46, the phonemic notation
line 1202	Hank Nater	note	1202	page 46, the line's number
line 1202	Bella Coola	transcription	ST’UMTS’A	page 46, the Na90 entry in the practical orthography
line 1202	Hank Nater	translation	ripe crabapple	page 46, the Na90 gloss
line 1202	Bella Coola	transcription	st’umc’a	page 46, the phonemic notation
line 1203	Hank Nater	note	1203	page 46, the line's number
line 1203	Bella Coola	transcription	SUCA, √SUCN	page 46, the Na90 entry in the practical orthography
line 1203	Hank Nater	translation	hand, lower arm	page 46, the Na90 gloss
line 1203	Bella Coola	transcription	suxa, √suxn	page 46, the phonemic notation
line 1204	Hank Nater	note	1204	page 46, the line's number
line 1204	Bella Coola	transcription	SUKWWAAT	page 46, the Na90 entry in the practical orthography
line 1204	Hank Nater	translation	cat’s cradle	page 46, the Na90 gloss
line 1204	Bella Coola	transcription	sukʷwaat	page 46, the phonemic notation
line 1205	Hank Nater	note	1205	page 46, the line's number
line 1205	Bella Coola	transcription	SULUT	page 46, the Na90 entry in the practical orthography
line 1205	Hank Nater	translation	sea, inlet	page 46, the Na90 gloss
line 1205	Bella Coola	transcription	sulut	page 46, the phonemic notation
line 1206	Hank Nater	note	1206	page 46, the line's number
line 1206	Bella Coola	transcription	SUM	page 46, the Na90 entry in the practical orthography
line 1206	Hank Nater	translation	pants	page 46, the Na90 gloss
line 1206	Bella Coola	transcription	sum	page 46, the phonemic notation
line 1207	Hank Nater	note	1207	page 46, the line's number
line 1207	Bella Coola	transcription	SUM	page 46, the Na90 entry in the practical orthography
line 1207	Hank Nater	translation	sip, lap sth	page 46, the Na90 gloss
line 1207	Bella Coola	transcription	sum	page 46, the phonemic notation
line 1208	Hank Nater	note	1208	page 46, the line's number
line 1208	Bella Coola	transcription	S7UNKWTSTA	page 46, the Na90 entry in the practical orthography
line 1208	Hank Nater	translation	human body	page 46, the Na90 gloss
line 1208	Bella Coola	transcription	s-ʔun-kʷc-ta	page 46, the phonemic notation
line 1209	Hank Nater	note	1209	page 46, the line's number
line 1209	Bella Coola	transcription	SUPT	page 46, the Na90 entry in the practical orthography
line 1209	Hank Nater	translation	to whistle	page 46, the Na90 gloss
line 1209	Bella Coola	transcription	sup-t	page 46, the phonemic notation
line 1210	Hank Nater	note	1210	page 46, the line's number
line 1210	Bella Coola	transcription	√SUQ'W, √SUQ'U	page 46, the Na90 entry in the practical orthography
line 1210	Hank Nater	translation	hump, lump	page 46, the Na90 gloss
line 1210	Bella Coola	transcription	√suq’ʷ(u)	page 46, the phonemic notation
line 1211	Hank Nater	note	1211	page 46, the line's number
line 1211	Bella Coola	transcription	SUSU	page 46, the Na90 entry in the practical orthography
line 1211	Hank Nater	translation	berry sauce	page 46, the Na90 gloss
line 1211	Bella Coola	transcription	su:su	page 46, the phonemic notation
line 1212	Hank Nater	note	1212	page 46, the line's number
line 1212	Bella Coola	transcription	SWANALHKW	page 46, the Na90 entry in the practical orthography
line 1212	Hank Nater	translation	green algae	page 46, the Na90 gloss
line 1212	Bella Coola	transcription	swanaɬkʷ	page 46, the phonemic notation
line 1213	Hank Nater	note	1213	page 46, the line's number
line 1213	Bella Coola	transcription	SXAYAXW	page 46, the Na90 entry in the practical orthography
line 1213	Hank Nater	translation	taboo	page 46, the Na90 gloss
line 1213	Bella Coola	transcription	sχayaχʷ	page 46, the phonemic notation
line 1214	Hank Nater	note	1214	page 46, the line's number
line 1214	Bella Coola	transcription	SXP	page 46, the Na90 entry in the practical orthography
line 1214	Hank Nater	translation	tie up	page 46, the Na90 gloss
line 1214	Bella Coola	transcription	sχp	page 46, the phonemic notation
line 1215	Hank Nater	note	1215	page 46, the line's number
line 1215	Bella Coola	transcription	SXTL’IK	page 46, the Na90 entry in the practical orthography
line 1215	Hank Nater	translation	fish backbone	page 46, the Na90 gloss
line 1215	Bella Coola	transcription	sχƛ’-ik	page 46, the phonemic notation
line 1216	Hank Nater	note	1216	page 46, the line's number
line 1216	Bella Coola	transcription	SXTS	page 46, the Na90 entry in the practical orthography
line 1216	Hank Nater	translation	thimbleberry/salmonberry sprouts	page 46, the Na90 gloss
line 1216	Bella Coola	transcription	sχc	page 46, the phonemic notation
line 1217	Hank Nater	note	1217	page 46, the line's number
line 1217	Bella Coola	transcription	SXWILH	page 46, the Na90 entry in the practical orthography
line 1217	Hank Nater	translation	arrogant, conceited	page 46, the Na90 gloss
line 1217	Bella Coola	transcription	sχʷiɬ	page 46, the phonemic notation
line 1218	Hank Nater	note	1218	page 47, the line's number
line 1218	Bella Coola	transcription	SXWLXWLI	page 47, the Na90 entry in the practical orthography
line 1218	Hank Nater	translation	mole (animal)	page 47, the Na90 gloss
line 1218	Bella Coola	transcription	sχʷl:χʷli	page 47, the phonemic notation
line 1219	Hank Nater	note	1219	page 47, the line's number
line 1219	Bella Coola	transcription	SXWNATA	page 47, the Na90 entry in the practical orthography
line 1219	Hank Nater	translation	nickname	page 47, the Na90 gloss
line 1219	Bella Coola	transcription	sχʷnata	page 47, the phonemic notation
line 1220	Hank Nater	note	1220	page 47, the line's number
line 1220	Bella Coola	transcription	TAKAN	page 47, the Na90 entry in the practical orthography
line 1220	Hank Nater	translation	arrive	page 47, the Na90 gloss
line 1220	Bella Coola	transcription	takan	page 47, the phonemic notation
line 1221	Hank Nater	note	1221	page 47, the line's number
line 1221	Bella Coola	transcription	TALAWS	page 47, the Na90 entry in the practical orthography
line 1221	Hank Nater	translation	get married	page 47, the Na90 gloss
line 1221	Bella Coola	transcription	talaws	page 47, the phonemic notation
line 1222	Hank Nater	note	1222	page 47, the line's number
line 1222	Bella Coola	transcription	TANKSTA, √TANKSTN	page 47, the Na90 entry in the practical orthography
line 1222	Hank Nater	translation	ear	page 47, the Na90 gloss
line 1222	Bella Coola	transcription	tanksta, √tankstn	page 47, the phonemic notation
line 1223	Hank Nater	note	1223	page 47, the line's number
line 1223	Bella Coola	transcription	√TAQ’	page 47, the Na90 entry in the practical orthography
line 1223	Hank Nater	translation	thick, dense	page 47, the Na90 gloss
line 1223	Bella Coola	transcription	√taq’	page 47, the phonemic notation
line 1224	Hank Nater	note	1224	page 47, the line's number
line 1224	Bella Coola	transcription	TATA	page 47, the Na90 entry in the practical orthography
line 1224	Hank Nater	translation	daddy	page 47, the Na90 gloss
line 1224	Bella Coola	transcription	ta:ta	page 47, the phonemic notation
line 1225	Hank Nater	note	1225	page 47, the line's number
line 1225	Bella Coola	transcription	TAY	page 47, the Na90 entry in the practical orthography
line 1225	Hank Nater	translation	boy (term of address)	page 47, the Na90 gloss
line 1225	Bella Coola	transcription	tay	page 47, the phonemic notation
line 1226	Hank Nater	note	1226	page 47, the line's number
line 1226	Bella Coola	transcription	TAY	page 47, the Na90 entry in the practical orthography
line 1226	Hank Nater	translation	hit, pound	page 47, the Na90 gloss
line 1226	Bella Coola	transcription	tay	page 47, the phonemic notation
line 1227	Hank Nater	translation	cast a spell on sb	page 47, the Na90 gloss, its number erased, a derivation or allomorph not counted
line 1227	Bella Coola	transcription	ta:ti=iiχʷ	page 47, the phonemic notation
line 1228	Hank Nater	note	1228	page 47, the line's number
line 1228	Bella Coola	transcription	√TI	page 47, the Na90 entry in the practical orthography
line 1228	Hank Nater	translation	hard, firm, steady	page 47, the Na90 gloss
line 1228	Bella Coola	transcription	√ti	page 47, the phonemic notation
line 1229	Hank Nater	note	1229	page 47, the line's number
line 1229	Bella Coola	transcription	TICTIK’	page 47, the Na90 entry in the practical orthography
line 1229	Hank Nater	translation	kindling	page 47, the Na90 gloss
line 1229	Bella Coola	transcription	tix:tik’	page 47, the phonemic notation
line 1230	Hank Nater	note	1230	page 47, the line's number
line 1230	Bella Coola	transcription	TICTSAMULH	page 47, the Na90 entry in the practical orthography
line 1230	Hank Nater	translation	red-hot rocks	page 47, the Na90 gloss
line 1230	Bella Coola	transcription	tixcam-uɬ	page 47, the phonemic notation
line 1231	Hank Nater	note	1231	page 47, the line's number
line 1231	Bella Coola	transcription	TILTILIT	page 47, the Na90 entry in the practical orthography
line 1231	Hank Nater	translation	eagle is calling	page 47, the Na90 gloss
line 1231	Bella Coola	transcription	til:til=lit	page 47, the phonemic notation
line 1232	Hank Nater	note	1232	page 47, the line's number
line 1232	Bella Coola	transcription	√TIP	page 47, the Na90 entry in the practical orthography
line 1232	Hank Nater	translation	show, reveal, make visible	page 47, the Na90 gloss
line 1232	Bella Coola	transcription	√tip	page 47, the phonemic notation
line 1233	Hank Nater	note	1233	page 47, the line's number
line 1233	Bella Coola	transcription	√TIPI	page 47, the Na90 entry in the practical orthography
line 1233	Hank Nater	translation	single, mono-, having one …	page 47, the Na90 gloss
line 1233	Bella Coola	transcription	√tipi	page 47, the phonemic notation
line 1234	Hank Nater	translation	single, mono-, having one …	page 47, the Na90 gloss, its number erased, a derivation or allomorph not counted
line 1234	Bella Coola	transcription	√cipi	page 47, the phonemic notation
line 1235	Hank Nater	note	1235	page 47, the line's number
line 1235	Bella Coola	transcription	TKA	page 47, the Na90 entry in the practical orthography
line 1235	Hank Nater	translation	shoot with a gun	page 47, the Na90 gloss
line 1235	Bella Coola	transcription	tka	page 47, the phonemic notation
line 1236	Hank Nater	note	1236	page 47, the line's number
line 1236	Bella Coola	transcription	TKW	page 47, the Na90 entry in the practical orthography
line 1236	Hank Nater	translation	dirty	page 47, the Na90 gloss
line 1236	Bella Coola	transcription	tkʷ	page 47, the phonemic notation
line 1237	Hank Nater	note	1237	page 47, the line's number
line 1237	Bella Coola	transcription	TK’	page 47, the Na90 entry in the practical orthography
line 1237	Hank Nater	translation	sticky	page 47, the Na90 gloss
line 1237	Bella Coola	transcription	tk’	page 47, the phonemic notation
line 1238	Hank Nater	note	1238	page 47, the line's number
line 1238	Bella Coola	transcription	TLH	page 47, the Na90 entry in the practical orthography
line 1238	Hank Nater	translation	strong	page 47, the Na90 gloss
line 1238	Bella Coola	transcription	tɬ	page 47, the phonemic notation
line 1239	Hank Nater	note	1239	page 47, the line's number
line 1239	Bella Coola	transcription	TLKW	page 47, the Na90 entry in the practical orthography
line 1239	Hank Nater	translation	swallow sth	page 47, the Na90 gloss
line 1239	Bella Coola	transcription	tlkʷ	page 47, the phonemic notation
line 1240	Hank Nater	note	1240	page 47, the line's number
line 1240	Bella Coola	transcription	TLQW’	page 47, the Na90 entry in the practical orthography
line 1240	Hank Nater	translation	swallow sth	page 47, the Na90 gloss
line 1240	Bella Coola	transcription	tlq’ʷ	page 47, the phonemic notation
line 1241	Hank Nater	note	1241	page 47, the line's number
line 1241	Bella Coola	transcription	TLTLKW	page 47, the Na90 entry in the practical orthography
line 1241	Hank Nater	translation	slippery	page 47, the Na90 gloss
line 1241	Bella Coola	transcription	tl:tlkʷ	page 47, the phonemic notation
line 1242	Hank Nater	note	1242	page 47, the line's number
line 1242	Bella Coola	transcription	TL’AAYAQM	page 47, the Na90 entry in the practical orthography
line 1242	Hank Nater	translation	song sung to shame spouse	page 47, the Na90 gloss
line 1242	Bella Coola	transcription	ƛ’aayaqm	page 47, the phonemic notation
line 1243	Hank Nater	note	1243	page 47, the line's number
line 1243	Bella Coola	transcription	TL’AKIX	page 47, the Na90 entry in the practical orthography
line 1243	Hank Nater	translation	come on!	page 47, the Na90 gloss
line 1243	Bella Coola	transcription	ƛ’ak-i-χ	page 47, the phonemic notation
line 1244	Hank Nater	note	1244	page 47, the line's number
line 1244	Bella Coola	transcription	TL’ALHIX	page 47, the Na90 entry in the practical orthography
line 1244	Hank Nater	translation	come here!, come on!	page 47, the Na90 gloss
line 1244	Bella Coola	transcription	ƛ’aɬ-i-χ	page 47, the phonemic notation
line 1245	Hank Nater	note	1245	page 47, the line's number
line 1245	Bella Coola	transcription	TL’AMK	page 47, the Na90 entry in the practical orthography
line 1245	Hank Nater	translation	bring sb sth to fix	page 47, the Na90 gloss
line 1245	Bella Coola	transcription	ƛ’amk	page 47, the phonemic notation
line 1246	Hank Nater	note	1246	page 47, the line's number
line 1246	Bella Coola	transcription	TL’AP	page 47, the Na90 entry in the practical orthography
line 1246	Hank Nater	translation	go, start	page 47, the Na90 gloss
line 1246	Bella Coola	transcription	ƛ’ap	page 47, the phonemic notation
line 1247	Hank Nater	note	1247	page 47, the line's number
line 1247	Bella Coola	transcription	TL’IQ’LHKN	page 47, the Na90 entry in the practical orthography
line 1247	Hank Nater	translation	dwarf blueberry	page 47, the Na90 gloss
line 1247	Bella Coola	transcription	ƛ’iq’ɬ-kn	page 47, the phonemic notation
line 1248	Hank Nater	note	1248	page 47, the line's number
line 1248	Bella Coola	transcription	TL’KW	page 47, the Na90 entry in the practical orthography
line 1248	Hank Nater	translation	gather tiny objects	page 47, the Na90 gloss
line 1248	Bella Coola	transcription	ƛ’kʷ	page 47, the phonemic notation
line 1249	Hank Nater	note	1249	page 47, the line's number
line 1249	Bella Coola	transcription	TL’L	page 47, the Na90 entry in the practical orthography
line 1249	Hank Nater	translation	cover sth with a sheet	page 47, the Na90 gloss
line 1249	Bella Coola	transcription	ƛ’l	page 47, the phonemic notation
line 1250	Hank Nater	note	1250	page 47, the line's number
line 1250	Bella Coola	transcription	TL’LHAX	page 47, the Na90 entry in the practical orthography
line 1250	Hank Nater	translation	come on!	page 47, the Na90 gloss
line 1250	Bella Coola	transcription	ƛ’ɬa-χ	page 47, the phonemic notation
line 1251	Hank Nater	note	1251	page 47, the line's number
line 1251	Bella Coola	transcription	TL’PA	page 47, the Na90 entry in the practical orthography
line 1251	Hank Nater	translation	fish spear with three prongs	page 47, the Na90 gloss
line 1251	Bella Coola	transcription	ƛ’pa	page 47, the phonemic notation
line 1252	Hank Nater	note	1252	page 47, the line's number
line 1252	Bella Coola	transcription	TL’TUU	page 47, the Na90 entry in the practical orthography
line 1252	Hank Nater	translation	darn it!, damn it!	page 47, the Na90 gloss
line 1252	Bella Coola	transcription	ƛ’tuu	page 47, the phonemic notation
line 1253	Hank Nater	note	1253	page 47, the line's number
line 1253	Bella Coola	transcription	TL’XA	page 47, the Na90 entry in the practical orthography
line 1253	Hank Nater	translation	having holes, meshes	page 47, the Na90 gloss
line 1253	Bella Coola	transcription	ƛ’χa	page 47, the phonemic notation
line 1254	Hank Nater	note	1254	page 47, the line's number
line 1254	Bella Coola	transcription	TL’YUK	page 47, the Na90 entry in the practical orthography
line 1254	Hank Nater	translation	talk, discuss, argue	page 47, the Na90 gloss
line 1254	Bella Coola	transcription	ƛ’yuk	page 47, the phonemic notation
line 1255	Hank Nater	note	1255	page 47, the line's number
line 1255	Bella Coola	transcription	TMP	page 47, the Na90 entry in the practical orthography
line 1255	Hank Nater	translation	insert sth	page 47, the Na90 gloss
line 1255	Bella Coola	transcription	tmp	page 47, the phonemic notation
line 1256	Hank Nater	note	1256	page 47, the line's number
line 1256	Bella Coola	transcription	√TP	page 47, the Na90 entry in the practical orthography
line 1256	Hank Nater	translation	spot(ted), dot(ted)	page 47, the Na90 gloss
line 1256	Bella Coola	transcription	√tp	page 47, the phonemic notation
line 1257	Hank Nater	note	1257	page 47, the line's number
line 1257	Bella Coola	transcription	√TPI	page 47, the Na90 entry in the practical orthography
line 1257	Hank Nater	translation	next, adjacent, (a)side, half	page 47, the Na90 gloss
line 1257	Bella Coola	transcription	√tpi	page 47, the phonemic notation
line 1258	Hank Nater	note	1258	page 47, the line's number
line 1258	Bella Coola	transcription	√TQM	page 47, the Na90 entry in the practical orthography
line 1258	Hank Nater	translation	have sth sticky on oneself	page 47, the Na90 gloss
line 1258	Bella Coola	transcription	√tqm	page 47, the phonemic notation
line 1259	Hank Nater	note	1259	page 47, the line's number
line 1259	Bella Coola	transcription	TQW’	page 47, the Na90 entry in the practical orthography
line 1259	Hank Nater	translation	remove fur from hide	page 47, the Na90 gloss
line 1259	Bella Coola	transcription	tq’ʷ	page 47, the phonemic notation
line 1260	Hank Nater	note	1260	page 47, the line's number
line 1260	Bella Coola	transcription	TQW’	page 47, the Na90 entry in the practical orthography
line 1260	Hank Nater	translation	lift, hold up	page 47, the Na90 gloss
line 1260	Bella Coola	transcription	tq’ʷ	page 47, the phonemic notation
line 1261	Hank Nater	note	1261	page 48, the line's number
line 1261	Bella Coola	transcription	TQ’LHA, √TQ’LHN	page 48, the Na90 entry in the practical orthography
line 1261	Hank Nater	translation	knife	page 48, the Na90 gloss
line 1261	Bella Coola	transcription	tq’ɬa, √tq’ɬn	page 48, the phonemic notation
line 1262	Hank Nater	note	1262	page 48, the line's number
line 1262	Bella Coola	transcription	TSALTCW	page 48, the Na90 entry in the practical orthography
line 1262	Hank Nater	translation	bark of red cedar	page 48, the Na90 gloss
line 1262	Bella Coola	transcription	caltxʷ	page 48, the phonemic notation
line 1263	Hank Nater	note	1263	page 48, the line's number
line 1263	Bella Coola	transcription	TSAP	page 48, the Na90 entry in the practical orthography
line 1263	Hank Nater	translation	bone	page 48, the Na90 gloss
line 1263	Bella Coola	transcription	cap	page 48, the phonemic notation
line 1264	Hank Nater	note	1264	page 48, the line's number
line 1264	Bella Coola	transcription	√TSATSASLHQ’	page 48, the Na90 entry in the practical orthography
line 1264	Hank Nater	translation	so many	page 48, the Na90 gloss
line 1264	Bella Coola	transcription	√ca:cas-ɬq’	page 48, the phonemic notation
line 1265	Hank Nater	note	1265	page 48, the line's number
line 1265	Bella Coola	transcription	TSAY	page 48, the Na90 entry in the practical orthography
line 1265	Hank Nater	translation	stop, finish; all	page 48, the Na90 gloss
line 1265	Bella Coola	transcription	cay	page 48, the phonemic notation
line 1266	Hank Nater	translation	a little bit	page 48, the Na90 gloss, its number erased, a derivation or allomorph not counted
line 1266	Bella Coola	transcription	caaci	page 48, the phonemic notation
line 1267	Hank Nater	translation	youth, youngster	page 48, the Na90 gloss, its number erased, a derivation or allomorph not counted
line 1267	Bella Coola	transcription	caacti(i)	page 48, the phonemic notation
line 1268	Hank Nater	translation	young people	page 48, the Na90 gloss, its number erased, a derivation or allomorph not counted
line 1268	Bella Coola	transcription	calaacti	page 48, the phonemic notation
line 1269	Hank Nater	translation	youngsters	page 48, the Na90 gloss, its number erased, a derivation or allomorph not counted
line 1269	Bella Coola	transcription	cl:cl-uks-i	page 48, the phonemic notation
line 1270	Hank Nater	translation	limited, having reached limit	page 48, the Na90 gloss, its number erased, a derivation or allomorph not counted
line 1270	Bella Coola	transcription	ʔuci(i)	page 48, the phonemic notation
line 1271	Hank Nater	note	1271	page 48, the line's number
line 1271	Bella Coola	transcription	TSAY	page 48, the Na90 entry in the practical orthography
line 1271	Hank Nater	translation	girl (term of address)	page 48, the Na90 gloss
line 1271	Bella Coola	transcription	cay	page 48, the phonemic notation
line 1272	Hank Nater	note	1272	page 48, the line's number
line 1272	Bella Coola	transcription	TSA7YAMUUS	page 48, the Na90 entry in the practical orthography
line 1272	Hank Nater	translation	Indian paint brush	page 48, the Na90 gloss
line 1272	Bella Coola	transcription	caʔyam-uus	page 48, the phonemic notation
line 1273	Hank Nater	note	1273	page 48, the line's number
line 1273	Bella Coola	transcription	TSCW	page 48, the Na90 entry in the practical orthography
line 1273	Hank Nater	translation	dark	page 48, the Na90 gloss
line 1273	Bella Coola	transcription	cxʷ	page 48, the phonemic notation
line 1274	Hank Nater	note	1274	page 48, the line's number
line 1274	Bella Coola	transcription	TSCWI	page 48, the Na90 entry in the practical orthography
line 1274	Hank Nater	translation	sufficient	page 48, the Na90 gloss
line 1274	Bella Coola	transcription	cxʷi	page 48, the phonemic notation
line 1275	Hank Nater	note	1275	page 48, the line's number
line 1275	Bella Coola	transcription	√TSI	page 48, the Na90 entry in the practical orthography
line 1275	Hank Nater	translation	cause to move forward/protrude	page 48, the Na90 gloss
line 1275	Bella Coola	transcription	√ci	page 48, the phonemic notation
line 1276	Hank Nater	note	1276	page 48, the line's number
line 1276	Bella Coola	transcription	TSIIXWT	page 48, the Na90 entry in the practical orthography
line 1276	Hank Nater	translation	wedge	page 48, the Na90 gloss
line 1276	Bella Coola	transcription	ciiχʷt	page 48, the phonemic notation
line 1277	Hank Nater	note	1277	page 48, the line's number
line 1277	Bella Coola	transcription	TSIM	page 48, the Na90 entry in the practical orthography
line 1277	Hank Nater	translation	get hit, bumped	page 48, the Na90 gloss
line 1277	Bella Coola	transcription	cim	page 48, the phonemic notation
line 1278	Hank Nater	note	1278	page 48, the line's number
line 1278	Bella Coola	transcription	TSIMILT	page 48, the Na90 entry in the practical orthography
line 1278	Hank Nater	translation	draw in mountain, gully	page 48, the Na90 gloss
line 1278	Bella Coola	transcription	cim-ilt	page 48, the phonemic notation
line 1279	Hank Nater	note	1279	page 48, the line's number
line 1279	Bella Coola	transcription	TSIQW’	page 48, the Na90 entry in the practical orthography
line 1279	Hank Nater	translation	break, smash sth	page 48, the Na90 gloss
line 1279	Bella Coola	transcription	ciq’ʷ	page 48, the phonemic notation
line 1280	Hank Nater	note	1280	page 48, the line's number
line 1280	Bella Coola	transcription	TSIX	page 48, the Na90 entry in the practical orthography
line 1280	Hank Nater	translation	new, fresh	page 48, the Na90 gloss
line 1280	Bella Coola	transcription	ciχ	page 48, the phonemic notation
line 1281	Hank Nater	note	1281	page 48, the line's number
line 1281	Bella Coola	transcription	TSKLH	page 48, the Na90 entry in the practical orthography
line 1281	Hank Nater	translation	term used to address little girls	page 48, the Na90 gloss
line 1281	Bella Coola	transcription	ckɬ	page 48, the phonemic notation
line 1282	Hank Nater	note	1282	page 48, the line's number
line 1282	Bella Coola	transcription	TSKW	page 48, the Na90 entry in the practical orthography
line 1282	Hank Nater	translation	heavy	page 48, the Na90 gloss
line 1282	Bella Coola	transcription	ckʷ	page 48, the phonemic notation
line 1283	Hank Nater	note	1283	page 48, the line's number
line 1283	Bella Coola	transcription	TSLH	page 48, the Na90 entry in the practical orthography
line 1283	Hank Nater	translation	break or pull off	page 48, the Na90 gloss
line 1283	Bella Coola	transcription	cɬ	page 48, the phonemic notation
line 1284	Hank Nater	note	1284	page 48, the line's number
line 1284	Bella Coola	transcription	TSP	page 48, the Na90 entry in the practical orthography
line 1284	Hank Nater	translation	to wipe	page 48, the Na90 gloss
line 1284	Bella Coola	transcription	cp	page 48, the phonemic notation
line 1285	Hank Nater	note	1285	page 48, the line's number
line 1285	Bella Coola	transcription	√TSQW	page 48, the Na90 entry in the practical orthography
line 1285	Hank Nater	translation	wet	page 48, the Na90 gloss
line 1285	Bella Coola	transcription	√cqʷ	page 48, the phonemic notation
line 1286	Hank Nater	note	1286	page 48, the line's number
line 1286	Bella Coola	transcription	TSQ’M	page 48, the Na90 entry in the practical orthography
line 1286	Hank Nater	translation	curl up, shrink	page 48, the Na90 gloss
line 1286	Bella Coola	transcription	cq’m	page 48, the phonemic notation
line 1287	Hank Nater	note	1287	page 48, the line's number
line 1287	Bella Coola	transcription	TS(S)T, HATS(S)T	page 48, the Na90 entry in the practical orthography
line 1287	Hank Nater	translation	hey!	page 48, the Na90 gloss
line 1287	Bella Coola	transcription	c(s)t, hac(s)t	page 48, the phonemic notation
line 1288	Hank Nater	note	1288	page 48, the line's number
line 1288	Bella Coola	transcription	TSUM	page 48, the Na90 entry in the practical orthography
line 1288	Hank Nater	translation	make rustling sound	page 48, the Na90 gloss
line 1288	Bella Coola	transcription	cum	page 48, the phonemic notation
line 1289	Hank Nater	note	1289	page 48, the line's number
line 1289	Bella Coola	transcription	TSUMTSUMIS	page 48, the Na90 entry in the practical orthography
line 1289	Hank Nater	translation	horsetail	page 48, the Na90 gloss
line 1289	Bella Coola	transcription	cum:cumis	page 48, the phonemic notation
line 1290	Hank Nater	note	1290	page 48, the line's number
line 1290	Bella Coola	transcription	TSUNTSUP	page 48, the Na90 entry in the practical orthography
line 1290	Hank Nater	translation	to whistle	page 48, the Na90 gloss
line 1290	Bella Coola	transcription	cun:cup	page 48, the phonemic notation
line 1291	Hank Nater	note	1291	page 48, the line's number
line 1291	Bella Coola	transcription	TSUPINAALH	page 48, the Na90 entry in the practical orthography
line 1291	Hank Nater	translation	shinbone	page 48, the Na90 gloss
line 1291	Bella Coola	transcription	cupin-aaɬ	page 48, the phonemic notation
line 1292	Hank Nater	note	1292	page 48, the line's number
line 1292	Bella Coola	transcription	√TSX	page 48, the Na90 entry in the practical orthography
line 1292	Hank Nater	translation	drip on sth	page 48, the Na90 gloss
line 1292	Bella Coola	transcription	√cχ	page 48, the phonemic notation
line 1293	Hank Nater	note	1293	page 48, the line's number
line 1293	Bella Coola	transcription	TSYAP	page 48, the Na90 entry in the practical orthography
line 1293	Hank Nater	translation	loincloth	page 48, the Na90 gloss
line 1293	Bella Coola	transcription	cyap	page 48, the phonemic notation
line 1294	Hank Nater	note	1294	page 48, the line's number
line 1294	Bella Coola	transcription	TS’AAQALUUSLH	page 48, the Na90 entry in the practical orthography
line 1294	Hank Nater	translation	white springsalmon	page 48, the Na90 gloss
line 1294	Bella Coola	transcription	c’aaq-al-uus=sɬ	page 48, the phonemic notation
line 1295	Hank Nater	note	1295	page 48, the line's number
line 1295	Bella Coola	transcription	TS’AAXWM	page 48, the Na90 entry in the practical orthography
line 1295	Hank Nater	translation	red clouds at sunset	page 48, the Na90 gloss
line 1295	Bella Coola	transcription	c’aaχʷm	page 48, the phonemic notation
line 1296	Hank Nater	note	1296	page 48, the line's number
line 1296	Bella Coola	transcription	TS’ACAM	page 48, the Na90 entry in the practical orthography
line 1296	Hank Nater	translation	fermented, sour-tasting	page 48, the Na90 gloss
line 1296	Bella Coola	transcription	c’axam	page 48, the phonemic notation
line 1297	Hank Nater	note	1297	page 48, the line's number
line 1297	Bella Coola	transcription	TS’ALH	page 48, the Na90 entry in the practical orthography
line 1297	Hank Nater	translation	rockweed	page 48, the Na90 gloss
line 1297	Bella Coola	transcription	c’aɬ	page 48, the phonemic notation
line 1298	Hank Nater	note	1298	page 48, the line's number
line 1298	Bella Coola	transcription	TS’ICW	page 48, the Na90 entry in the practical orthography
line 1298	Hank Nater	translation	grate, scour	page 48, the Na90 gloss
line 1298	Bella Coola	transcription	c’ixʷ	page 48, the phonemic notation
line 1299	Hank Nater	note	1299	page 48, the line's number
line 1299	Bella Coola	transcription	TS’IPSCILI	page 48, the Na90 entry in the practical orthography
line 1299	Hank Nater	translation	wild currant	page 48, the Na90 gloss
line 1299	Bella Coola	transcription	c’ipsxili	page 48, the phonemic notation
line 1300	Hank Nater	note	1300	page 48, the line's number
line 1300	Bella Coola	transcription	TS’K	page 48, the Na90 entry in the practical orthography
line 1300	Hank Nater	translation	fix, prepare sth	page 48, the Na90 gloss
line 1300	Bella Coola	transcription	c’k	page 48, the phonemic notation
line 1301	Hank Nater	note	1301	page 48, the line's number
line 1301	Bella Coola	transcription	TS’KT	page 48, the Na90 entry in the practical orthography
line 1301	Hank Nater	translation	arrive	page 48, the Na90 gloss
line 1301	Bella Coola	transcription	c’kt	page 48, the phonemic notation
line 1302	Hank Nater	translation	ten	page 48, the Na90 gloss, its number erased, a derivation or allomorph not counted
line 1302	Bella Coola	transcription	c’klákt	page 48, the phonemic notation
line 1303	Hank Nater	note	1303	page 48, the line's number
line 1303	Bella Coola	transcription	TS’LS	page 48, the Na90 entry in the practical orthography
line 1303	Hank Nater	translation	mistaken, confused	page 48, the Na90 gloss
line 1303	Bella Coola	transcription	c’ls	page 48, the phonemic notation
line 1304	Hank Nater	note	1304	page 49, the line's number
line 1304	Bella Coola	transcription	TS’QAMIN	page 49, the Na90 entry in the practical orthography
line 1304	Hank Nater	translation	mountain jack	page 49, the Na90 gloss
line 1304	Bella Coola	transcription	c’qamin	page 49, the phonemic notation
line 1305	Hank Nater	note	1305	page 49, the line's number
line 1305	Bella Coola	transcription	TS’U	page 49, the Na90 entry in the practical orthography
line 1305	Hank Nater	translation	grey	page 49, the Na90 gloss
line 1305	Bella Coola	transcription	c’u	page 49, the phonemic notation
line 1306	Hank Nater	note	1306	page 49, the line's number
line 1306	Bella Coola	transcription	TS’UMLC	page 49, the Na90 entry in the practical orthography
line 1306	Hank Nater	translation	half-smoked fish	page 49, the Na90 gloss
line 1306	Bella Coola	transcription	c’um-lx	page 49, the phonemic notation
line 1307	Hank Nater	note	1307	page 49, the line's number
line 1307	Bella Coola	transcription	TS’XLHM	page 49, the Na90 entry in the practical orthography
line 1307	Hank Nater	translation	fall in water, drown	page 49, the Na90 gloss
line 1307	Bella Coola	transcription	c’χɬm	page 49, the phonemic notation
line 1308	Hank Nater	note	1308	page 49, the line's number
line 1308	Bella Coola	transcription	TS’XLHN	page 49, the Na90 entry in the practical orthography
line 1308	Hank Nater	translation	kick	page 49, the Na90 gloss
line 1308	Bella Coola	transcription	c’χɬn	page 49, the phonemic notation
line 1309	Hank Nater	note	1309	page 49, the line's number
line 1309	Bella Coola	transcription	TS’XWTALHP	page 49, the Na90 entry in the practical orthography
line 1309	Hank Nater	translation	red willow, red osier dogwood	page 49, the Na90 gloss
line 1309	Bella Coola	transcription	c’χʷ-ta-ɬp	page 49, the phonemic notation
line 1310	Hank Nater	note	1310	page 49, the line's number
line 1310	Bella Coola	transcription	TTS	page 49, the Na90 entry in the practical orthography
line 1310	Hank Nater	translation	term used to address little boys	page 49, the Na90 gloss
line 1310	Bella Coola	transcription	tc	page 49, the phonemic notation
line 1311	Hank Nater	note	1311	page 49, the line's number
line 1311	Bella Coola	transcription	TUK’, √TUKW’	page 49, the Na90 entry in the practical orthography
line 1311	Hank Nater	translation	stretch sth	page 49, the Na90 gloss
line 1311	Bella Coola	transcription	tuk’, √tuk’ʷ	page 49, the phonemic notation
line 1312	Hank Nater	note	1312	page 49, the line's number
line 1312	Bella Coola	transcription	TULTAYA	page 49, the Na90 entry in the practical orthography
line 1312	Hank Nater	translation	mountain trout	page 49, the Na90 gloss
line 1312	Bella Coola	transcription	tultaya	page 49, the phonemic notation
line 1313	Hank Nater	note	1313	page 49, the line's number
line 1313	Bella Coola	transcription	TULU, TUULU	page 49, the Na90 entry in the practical orthography
line 1313	Hank Nater	translation	manage, succeed, win	page 49, the Na90 gloss
line 1313	Bella Coola	transcription	tulu, tuulu	page 49, the phonemic notation
line 1314	Hank Nater	note	1314	page 49, the line's number
line 1314	Bella Coola	transcription	TUM	page 49, the Na90 entry in the practical orthography
line 1314	Hank Nater	translation	impale, poke with a stick	page 49, the Na90 gloss
line 1314	Bella Coola	transcription	tum	page 49, the phonemic notation
line 1315	Hank Nater	note	1315	page 49, the line's number
line 1315	Bella Coola	transcription	TUPA, TUUPA	page 49, the Na90 entry in the practical orthography
line 1315	Hank Nater	translation	navel	page 49, the Na90 gloss
line 1315	Bella Coola	transcription	tupa, tuupa	page 49, the phonemic notation
line 1316	Hank Nater	note	1316	page 49, the line's number
line 1316	Bella Coola	transcription	TUTS	page 49, the Na90 entry in the practical orthography
line 1316	Hank Nater	translation	wet, soak sth	page 49, the Na90 gloss
line 1316	Bella Coola	transcription	tuc	page 49, the phonemic notation
line 1317	Hank Nater	note	1317	page 49, the line's number
line 1317	Bella Coola	transcription	TUTUSTIQ’	page 49, the Na90 entry in the practical orthography
line 1317	Hank Nater	translation	flying squirrel	page 49, the Na90 gloss
line 1317	Bella Coola	transcription	tu:tustiq’	page 49, the phonemic notation
line 1318	Hank Nater	note	1318	page 49, the line's number
line 1318	Bella Coola	transcription	TWA, √TW(I)N	page 49, the Na90 entry in the practical orthography
line 1318	Hank Nater	translation	ask, beg	page 49, the Na90 gloss
line 1318	Bella Coola	transcription	twa, √tw(i)n	page 49, the phonemic notation
line 1319	Hank Nater	note	1319	page 49, the line's number
line 1319	Bella Coola	transcription	√TWIN	page 49, the Na90 entry in the practical orthography
line 1319	Hank Nater	translation	be(come) visible	page 49, the Na90 gloss
line 1319	Bella Coola	transcription	√twin	page 49, the phonemic notation
line 1320	Hank Nater	note	1320	page 49, the line's number
line 1320	Bella Coola	transcription	TX	page 49, the Na90 entry in the practical orthography
line 1320	Hank Nater	translation	carve with adze	page 49, the Na90 gloss
line 1320	Bella Coola	transcription	tχ	page 49, the phonemic notation
line 1321	Hank Nater	note	1321	page 49, the line's number
line 1321	Bella Coola	transcription	TXWNAYAAX	page 49, the Na90 entry in the practical orthography
line 1321	Hank Nater	translation	across the river	page 49, the Na90 gloss
line 1321	Bella Coola	transcription	tχʷnay-aaχ	page 49, the phonemic notation
line 1322	Hank Nater	note	1322	page 49, the line's number
line 1322	Bella Coola	transcription	T’AS	page 49, the Na90 entry in the practical orthography
line 1322	Hank Nater	translation	wren	page 49, the Na90 gloss
line 1322	Bella Coola	transcription	t’as	page 49, the phonemic notation
line 1323	Hank Nater	note	1323	page 49, the line's number
line 1323	Bella Coola	transcription	T’AWS	page 49, the Na90 entry in the practical orthography
line 1323	Hank Nater	translation	wet, damp	page 49, the Na90 gloss
line 1323	Bella Coola	transcription	t’aws	page 49, the phonemic notation
line 1324	Hank Nater	note	1324	page 49, the line's number
line 1324	Bella Coola	transcription	T’ICLHALA	page 49, the Na90 entry in the practical orthography
line 1324	Hank Nater	translation	robin	page 49, the Na90 gloss
line 1324	Bella Coola	transcription	t’ix-ɬala	page 49, the phonemic notation
line 1325	Hank Nater	note	1325	page 49, the line's number
line 1325	Bella Coola	transcription	T’ICT’IIXLHALAM	page 49, the Na90 entry in the practical orthography
line 1325	Hank Nater	translation	hop on one leg	page 49, the Na90 gloss
line 1325	Bella Coola	transcription	t’ix:t’iiχ-ɬala-m	page 49, the phonemic notation
line 1326	Hank Nater	note	1326	page 49, the line's number
line 1326	Bella Coola	transcription	T’IN	page 49, the Na90 entry in the practical orthography
line 1326	Hank Nater	translation	small dorsal fin	page 49, the Na90 gloss
line 1326	Bella Coola	transcription	t’in	page 49, the phonemic notation
line 1327	Hank Nater	note	1327	page 49, the line's number
line 1327	Bella Coola	transcription	√T’KA	page 49, the Na90 entry in the practical orthography
line 1327	Hank Nater	translation	move sth up & down	page 49, the Na90 gloss
line 1327	Bella Coola	transcription	√t’ka	page 49, the phonemic notation
line 1328	Hank Nater	note	1328	page 49, the line's number
line 1328	Bella Coola	transcription	T’LI	page 49, the Na90 entry in the practical orthography
line 1328	Hank Nater	translation	dog salmon	page 49, the Na90 gloss
line 1328	Bella Coola	transcription	t’li	page 49, the phonemic notation
line 1329	Hank Nater	note	1329	page 49, the line's number
line 1329	Bella Coola	transcription	√T'Q	page 49, the Na90 entry in the practical orthography
line 1329	Hank Nater	translation	be in close contact, adhere to	page 49, the Na90 gloss
line 1329	Bella Coola	transcription	√t’q	page 49, the phonemic notation
line 1330	Hank Nater	note	1330	page 49, the line's number
line 1330	Bella Coola	transcription	T’QWM	page 49, the Na90 entry in the practical orthography
line 1330	Hank Nater	translation	rotten	page 49, the Na90 gloss
line 1330	Bella Coola	transcription	t’qʷ-m	page 49, the phonemic notation
line 1331	Hank Nater	note	1331	page 49, the line's number
line 1331	Bella Coola	transcription	√T’U	page 49, the Na90 entry in the practical orthography
line 1331	Hank Nater	translation	more than enough, extra, a lot	page 49, the Na90 gloss
line 1331	Bella Coola	transcription	√t’u	page 49, the phonemic notation
line 1332	Hank Nater	note	1332	page 49, the line's number
line 1332	Bella Coola	transcription	T’UKA, √T’UKWA, √T’UKWN	page 49, the Na90 entry in the practical orthography
line 1332	Hank Nater	translation	mink	page 49, the Na90 gloss
line 1332	Bella Coola	transcription	t’uka, √t’ukʷa, √t’ukʷn	page 49, the phonemic notation
line 1333	Hank Nater	note	1333	page 49, the line's number
line 1333	Bella Coola	transcription	√T’UP(I)	page 49, the Na90 entry in the practical orthography
line 1333	Hank Nater	translation	break, split sth	page 49, the Na90 gloss
line 1333	Bella Coola	transcription	√t’up(i)	page 49, the phonemic notation
line 1334	Hank Nater	note	1334	page 49, the line's number
line 1334	Bella Coola	transcription	√T’UUTS	page 49, the Na90 entry in the practical orthography
line 1334	Hank Nater	translation	get diverted, sidetracked	page 49, the Na90 gloss
line 1334	Bella Coola	transcription	√t’uuc	page 49, the phonemic notation
line 1335	Hank Nater	note	1335	page 49, the line's number
line 1335	Bella Coola	transcription	UK’UM	page 49, the Na90 entry in the practical orthography
line 1335	Hank Nater	translation	groan (under stress)	page 49, the Na90 gloss
line 1335	Bella Coola	transcription	ʔuk’ʷum	page 49, the phonemic notation
line 1336	Hank Nater	note	1336	page 49, the line's number
line 1336	Bella Coola	transcription	√ULHA	page 49, the Na90 entry in the practical orthography
line 1336	Hank Nater	translation	dependable, responsible	page 49, the Na90 gloss
line 1336	Bella Coola	transcription	√ʔuɬa	page 49, the phonemic notation
line 1337	Hank Nater	translation	take immediate action	page 49, the Na90 gloss, its number erased, a derivation or allomorph not counted
line 1337	Bella Coola	transcription	sm-ʔuɬa	page 49, the phonemic notation
line 1338	Hank Nater	note	1338	page 49, the line's number
line 1338	Bella Coola	transcription	ULHTSAX	page 49, the Na90 entry in the practical orthography
line 1338	Hank Nater	translation	go ahead!	page 49, the Na90 gloss
line 1338	Bella Coola	transcription	ʔuɬca-χ	page 49, the phonemic notation
line 1339	Hank Nater	note	1339	page 49, the line's number
line 1339	Bella Coola	transcription	√ULX, √ULQ	page 49, the Na90 entry in the practical orthography
line 1339	Hank Nater	translation	dizzy/silly/foolish	page 49, the Na90 gloss
line 1339	Bella Coola	transcription	√ʔulχ, √ʔulq	page 49, the phonemic notation
line 1340	Hank Nater	note	1340	page 49, the line's number
line 1340	Bella Coola	transcription	UM	page 49, the Na90 entry in the practical orthography
line 1340	Hank Nater	translation	get off, disembark	page 49, the Na90 gloss
line 1340	Bella Coola	transcription	ʔum	page 49, the phonemic notation
line 1341	Hank Nater	note	1341	page 49, the line's number
line 1341	Bella Coola	transcription	√UN	page 49, the Na90 entry in the practical orthography
line 1341	Hank Nater	translation	subject to strain/pressure	page 49, the Na90 gloss
line 1341	Bella Coola	transcription	√ʔun	page 49, the phonemic notation
line 1342	Hank Nater	note	1342	page 49, the line's number
line 1342	Bella Coola	transcription	UPK	page 49, the Na90 entry in the practical orthography
line 1342	Hank Nater	translation	send, dispatch	page 49, the Na90 gloss
line 1342	Bella Coola	transcription	ʔupk	page 49, the phonemic notation
line 1343	Hank Nater	note	1343	page 49, the line's number
line 1343	Bella Coola	transcription	UQ’AL	page 49, the Na90 entry in the practical orthography
line 1343	Hank Nater	translation	cinquefoil roots	page 49, the Na90 gloss
line 1343	Bella Coola	transcription	ʔuq’al	page 49, the phonemic notation
line 1344	Hank Nater	note	1344	page 49, the line's number
line 1344	Bella Coola	transcription	USMACMIKSM	page 49, the Na90 entry in the practical orthography
line 1344	Hank Nater	translation	fat has come to surface	page 49, the Na90 gloss
line 1344	Bella Coola	transcription	ʔus-max:miksm	page 49, the phonemic notation
line 1345	Hank Nater	note	1345	page 49, the line's number
line 1345	Bella Coola	transcription	USXLH	page 49, the Na90 entry in the practical orthography
line 1345	Hank Nater	translation	bring out, produce, exhibit	page 49, the Na90 gloss
line 1345	Bella Coola	transcription	ʔusχɬ	page 49, the phonemic notation
line 1346	Hank Nater	note	1346	page 49, the line's number
line 1346	Bella Coola	transcription	√UTS’	page 49, the Na90 entry in the practical orthography
line 1346	Hank Nater	translation	top, upper	page 49, the Na90 gloss
line 1346	Bella Coola	transcription	√ʔuc’	page 49, the phonemic notation
line 1347	Hank Nater	note	1347	page 50, the line's number
line 1347	Bella Coola	transcription	UT’P	page 50, the Na90 entry in the practical orthography
line 1347	Hank Nater	translation	rotten wood	page 50, the Na90 gloss
line 1347	Bella Coola	transcription	ʔut’p	page 50, the phonemic notation
line 1348	Hank Nater	note	1348	page 50, the line's number
line 1348	Bella Coola	transcription	UXW	page 50, the Na90 entry in the practical orthography
line 1348	Hank Nater	translation	cause to come down, lower	page 50, the Na90 gloss
line 1348	Bella Coola	transcription	√ʔuχʷ	page 50, the phonemic notation
line 1349	Hank Nater	note	1349	page 50, the line's number
line 1349	Bella Coola	transcription	WAKAYAK	page 50, the Na90 entry in the practical orthography
line 1349	Hank Nater	translation	overdo	page 50, the Na90 gloss
line 1349	Bella Coola	transcription	wakayak	page 50, the phonemic notation
line 1350	Hank Nater	note	1350	page 50, the line's number
line 1350	Bella Coola	transcription	√WAN	page 50, the Na90 entry in the practical orthography
line 1350	Hank Nater	translation	miss, be late	page 50, the Na90 gloss
line 1350	Bella Coola	transcription	√wan	page 50, the phonemic notation
line 1351	Hank Nater	note	1351	page 50, the line's number
line 1351	Bella Coola	transcription	WAPAT	page 50, the Na90 entry in the practical orthography
line 1351	Hank Nater	translation	turn sideways, make transverse	page 50, the Na90 gloss
line 1351	Bella Coola	transcription	wapat	page 50, the phonemic notation
line 1352	Hank Nater	note	1352	page 50, the line's number
line 1352	Bella Coola	transcription	WAWSLC	page 50, the Na90 entry in the practical orthography
line 1352	Hank Nater	translation	jumpy, skittish, nervous	page 50, the Na90 gloss
line 1352	Bella Coola	transcription	wa:ws-lx	page 50, the phonemic notation
line 1353	Hank Nater	note	1353	page 50, the line's number
line 1353	Bella Coola	transcription	WAXWAXTSYA	page 50, the Na90 entry in the practical orthography
line 1353	Hank Nater	translation	great-grandchildren	page 50, the Na90 gloss
line 1353	Bella Coola	transcription	waχ:waχcya	page 50, the phonemic notation
line 1354	Hank Nater	note	1354	page 50, the line's number
line 1354	Bella Coola	transcription	WIK’	page 50, the Na90 entry in the practical orthography
line 1354	Hank Nater	translation	cut wood into shingles	page 50, the Na90 gloss
line 1354	Bella Coola	transcription	wik’	page 50, the phonemic notation
line 1355	Hank Nater	note	1355	page 50, the line's number
line 1355	Bella Coola	transcription	√WIK’	page 50, the Na90 entry in the practical orthography
line 1355	Hank Nater	translation	shake, wiggle back & forth	page 50, the Na90 gloss
line 1355	Bella Coola	transcription	√wik’	page 50, the phonemic notation
line 1356	Hank Nater	note	1356	page 50, the line's number
line 1356	Bella Coola	transcription	WILC	page 50, the Na90 entry in the practical orthography
line 1356	Hank Nater	translation	have sth in the way, be obstructed	page 50, the Na90 gloss
line 1356	Bella Coola	transcription	wilx	page 50, the phonemic notation
line 1357	Hank Nater	note	1357	page 50, the line's number
line 1357	Bella Coola	transcription	WINUSM	page 50, the Na90 entry in the practical orthography
line 1357	Hank Nater	translation	lower one’s face, bend over	page 50, the Na90 gloss
line 1357	Bella Coola	transcription	win-us-m	page 50, the phonemic notation
line 1358	Hank Nater	note	1358	page 50, the line's number
line 1358	Bella Coola	transcription	WINWINTS	page 50, the Na90 entry in the practical orthography
line 1358	Hank Nater	translation	sandpiper	page 50, the Na90 gloss
line 1358	Bella Coola	transcription	win:winc	page 50, the phonemic notation
line 1359	Hank Nater	note	1359	page 50, the line's number
line 1359	Bella Coola	transcription	WISXW, WIISXW	page 50, the Na90 entry in the practical orthography
line 1359	Hank Nater	translation	yes indeed!	page 50, the Na90 gloss
line 1359	Bella Coola	transcription	wisχʷ, wiisχʷ	page 50, the phonemic notation
line 1360	Hank Nater	note	1360	page 50, the line's number
line 1360	Bella Coola	transcription	WLXLHA	page 50, the Na90 entry in the practical orthography
line 1360	Hank Nater	translation	lame	page 50, the Na90 gloss
line 1360	Bella Coola	transcription	wlχɬa	page 50, the phonemic notation
line 1361	Hank Nater	note	1361	page 50, the line's number
line 1361	Bella Coola	transcription	WNTS’	page 50, the Na90 entry in the practical orthography
line 1361	Hank Nater	translation	beat, kill	page 50, the Na90 gloss
line 1361	Bella Coola	transcription	wnc’	page 50, the phonemic notation
line 1362	Hank Nater	note	1362	page 50, the line's number
line 1362	Bella Coola	transcription	WNTS’LHT	page 50, the Na90 entry in the practical orthography
line 1362	Hank Nater	translation	fish for halibut	page 50, the Na90 gloss
line 1362	Bella Coola	transcription	wnc’ɬt	page 50, the phonemic notation
line 1363	Hank Nater	note	1363	page 50, the line's number
line 1363	Bella Coola	transcription	XAATCSYA	page 50, the Na90 entry in the practical orthography
line 1363	Hank Nater	translation	to sneeze	page 50, the Na90 gloss
line 1363	Bella Coola	transcription	χaatxsya	page 50, the phonemic notation
line 1364	Hank Nater	note	1364	page 50, the line's number
line 1364	Bella Coola	transcription	√XAM	page 50, the Na90 entry in the practical orthography
line 1364	Hank Nater	translation	insulted	page 50, the Na90 gloss
line 1364	Bella Coola	transcription	√χam	page 50, the phonemic notation
line 1365	Hank Nater	note	1365	page 50, the line's number
line 1365	Bella Coola	transcription	XAMLAYC	page 50, the Na90 entry in the practical orthography
line 1365	Hank Nater	translation	one’s eyesight is returning	page 50, the Na90 gloss
line 1365	Bella Coola	transcription	χam-layx	page 50, the phonemic notation
line 1366	Hank Nater	note	1366	page 50, the line's number
line 1366	Bella Coola	transcription	XAMU	page 50, the Na90 entry in the practical orthography
line 1366	Hank Nater	translation	dip sth out of container, ladle	page 50, the Na90 gloss
line 1366	Bella Coola	transcription	χamu	page 50, the phonemic notation
line 1367	Hank Nater	note	1367	page 50, the line's number
line 1367	Bella Coola	transcription	XAPA, √XAPN	page 50, the Na90 entry in the practical orthography
line 1367	Hank Nater	translation	pack, carry	page 50, the Na90 gloss
line 1367	Bella Coola	transcription	χapa, √χapn	page 50, the phonemic notation
line 1368	Hank Nater	note	1368	page 50, the line's number
line 1368	Bella Coola	transcription	√XAQ’AKW	page 50, the Na90 entry in the practical orthography
line 1368	Hank Nater	translation	protruding horizontally	page 50, the Na90 gloss
line 1368	Bella Coola	transcription	√χaq’akʷ	page 50, the phonemic notation
line 1369	Hank Nater	note	1369	page 50, the line's number
line 1369	Bella Coola	transcription	XI	page 50, the Na90 entry in the practical orthography
line 1369	Hank Nater	translation	peek through hole at sb, spy on	page 50, the Na90 gloss
line 1369	Bella Coola	transcription	χi	page 50, the phonemic notation
line 1370	Hank Nater	note	1370	page 50, the line's number
line 1370	Bella Coola	transcription	XILAAX	page 50, the Na90 entry in the practical orthography
line 1370	Hank Nater	translation	tilt a boat	page 50, the Na90 gloss
line 1370	Bella Coola	transcription	χil-aaχ	page 50, the phonemic notation
line 1371	Hank Nater	note	1371	page 50, the line's number
line 1371	Bella Coola	transcription	XITL’	page 50, the Na90 entry in the practical orthography
line 1371	Hank Nater	translation	lean, skinny	page 50, the Na90 gloss
line 1371	Bella Coola	transcription	χiƛ’	page 50, the phonemic notation
line 1372	Hank Nater	note	1372	page 50, the line's number
line 1372	Bella Coola	transcription	XITS’	page 50, the Na90 entry in the practical orthography
line 1372	Hank Nater	translation	metal axe	page 50, the Na90 gloss
line 1372	Bella Coola	transcription	χic’	page 50, the phonemic notation
line 1373	Hank Nater	note	1373	page 50, the line's number
line 1373	Bella Coola	transcription	XIXI	page 50, the Na90 entry in the practical orthography
line 1373	Hank Nater	translation	marten	page 50, the Na90 gloss
line 1373	Bella Coola	transcription	χi:χi	page 50, the phonemic notation
line 1374	Hank Nater	note	1374	page 50, the line's number
line 1374	Bella Coola	transcription	√XL	page 50, the Na90 entry in the practical orthography
line 1374	Hank Nater	translation	be sent, directed	page 50, the Na90 gloss
line 1374	Bella Coola	transcription	√χl	page 50, the phonemic notation
line 1375	Hank Nater	note	1375	page 50, the line's number
line 1375	Bella Coola	transcription	XMXMAATSLH	page 50, the Na90 entry in the practical orthography
line 1375	Hank Nater	translation	minnow	page 50, the Na90 gloss
line 1375	Bella Coola	transcription	χm:χmaacɬ	page 50, the phonemic notation
line 1376	Hank Nater	note	1376	page 50, the line's number
line 1376	Bella Coola	transcription	√XP’	page 50, the Na90 entry in the practical orthography
line 1376	Hank Nater	translation	permeate, penetrate	page 50, the Na90 gloss
line 1376	Bella Coola	transcription	√χp’	page 50, the phonemic notation
line 1377	Hank Nater	note	1377	page 50, the line's number
line 1377	Bella Coola	transcription	XSASA	page 50, the Na90 entry in the practical orthography
line 1377	Hank Nater	translation	salmon roe on skein	page 50, the Na90 gloss
line 1377	Bella Coola	transcription	χsa:sa	page 50, the phonemic notation
line 1378	Hank Nater	note	1378	page 50, the line's number
line 1378	Bella Coola	transcription	XT	page 50, the Na90 entry in the practical orthography
line 1378	Hank Nater	translation	brittle	page 50, the Na90 gloss
line 1378	Bella Coola	transcription	χt	page 50, the phonemic notation
line 1379	Hank Nater	note	1379	page 50, the line's number
line 1379	Bella Coola	transcription	XTS’A, QTS’A	page 50, the Na90 entry in the practical orthography
line 1379	Hank Nater	translation	little furry thing	page 50, the Na90 gloss
line 1379	Bella Coola	transcription	χc’a, qc’a	page 50, the phonemic notation
line 1380	Hank Nater	note	1380	page 50, the line's number
line 1380	Bella Coola	transcription	XUL	page 50, the Na90 entry in the practical orthography
line 1380	Hank Nater	translation	push or press down	page 50, the Na90 gloss
line 1380	Bella Coola	transcription	χʷul	page 50, the phonemic notation
line 1381	Hank Nater	note	1381	page 50, the line's number
line 1381	Bella Coola	transcription	XULXULIS	page 50, the Na90 entry in the practical orthography
line 1381	Hank Nater	translation	spring tide	page 50, the Na90 gloss
line 1381	Bella Coola	transcription	χʷul:χʷulis	page 50, the phonemic notation
line 1382	Hank Nater	note	1382	page 50, the line's number
line 1382	Bella Coola	transcription	√XUM	page 50, the Na90 entry in the practical orthography
line 1382	Hank Nater	translation	to flow, stream	page 50, the Na90 gloss
line 1382	Bella Coola	transcription	√χʷum	page 50, the phonemic notation
line 1383	Hank Nater	note	1383	page 50, the line's number
line 1383	Bella Coola	transcription	XUP	page 50, the Na90 entry in the practical orthography
line 1383	Hank Nater	translation	insert, cook in oven	page 50, the Na90 gloss
line 1383	Bella Coola	transcription	χʷup	page 50, the phonemic notation
line 1384	Hank Nater	translation	pin, brooch	page 50, the Na90 gloss, its number erased, a derivation or allomorph not counted
line 1384	Bella Coola	transcription	nu-s-χʷaap-sta	page 50, the phonemic notation
line 1385	Hank Nater	note	1385	page 50, the line's number
line 1385	Bella Coola	transcription	XWIIXN	page 50, the Na90 entry in the practical orthography
line 1385	Hank Nater	translation	type of box	page 50, the Na90 gloss
line 1385	Bella Coola	transcription	χʷiiχn	page 50, the phonemic notation
line 1386	Hank Nater	note	1386	page 50, the line's number
line 1386	Bella Coola	transcription	√XWITS, √XWIITS	page 50, the Na90 entry in the practical orthography
line 1386	Hank Nater	translation	shake sth	page 50, the Na90 gloss
line 1386	Bella Coola	transcription	√χʷic, √χʷiic	page 50, the phonemic notation
line 1387	Hank Nater	note	1387	page 50, the line's number
line 1387	Bella Coola	transcription	√XWLH	page 50, the Na90 entry in the practical orthography
line 1387	Hank Nater	translation	cross barrier, pass through, surpass	page 50, the Na90 gloss
line 1387	Bella Coola	transcription	√χʷɬ	page 50, the phonemic notation
line 1388	Hank Nater	note	1388	page 50, the line's number
line 1388	Bella Coola	transcription	XWLHTN	page 50, the Na90 entry in the practical orthography
line 1388	Hank Nater	translation	brace sth	page 50, the Na90 gloss
line 1388	Bella Coola	transcription	χʷɬtn	page 50, the phonemic notation
line 1389	Hank Nater	note	1389	page 50, the line's number
line 1389	Bella Coola	transcription	XWLXWLUULHI	page 50, the Na90 entry in the practical orthography
line 1389	Hank Nater	translation	stocky, short person	page 50, the Na90 gloss
line 1389	Bella Coola	transcription	χʷl:χʷl-uuɬi	page 50, the phonemic notation
line 1390	Hank Nater	note	1390	page 51, the line's number
line 1390	Bella Coola	transcription	√XWTN	page 51, the Na90 entry in the practical orthography
line 1390	Hank Nater	translation	hold open	page 51, the Na90 gloss
line 1390	Bella Coola	transcription	√χʷtn	page 51, the phonemic notation
line 1391	Hank Nater	note	1391	page 51, the line's number
line 1391	Bella Coola	transcription	YA	page 51, the Na90 entry in the practical orthography
line 1391	Hank Nater	translation	good	page 51, the Na90 gloss
line 1391	Bella Coola	transcription	ya	page 51, the phonemic notation
line 1392	Hank Nater	note	1392	page 51, the line's number
line 1392	Bella Coola	transcription	YACW	page 51, the Na90 entry in the practical orthography
line 1392	Hank Nater	translation	approach, call sb’s attention	page 51, the Na90 gloss
line 1392	Bella Coola	transcription	yaxʷ	page 51, the phonemic notation
line 1393	Hank Nater	note	1393	page 51, the line's number
line 1393	Bella Coola	transcription	YACWM7MAYLH	page 51, the Na90 entry in the practical orthography
line 1393	Hank Nater	translation	old female sealion	page 51, the Na90 gloss
line 1393	Bella Coola	transcription	yaxʷmʔmayɬ	page 51, the phonemic notation
line 1394	Hank Nater	note	1394	page 51, the line's number
line 1394	Bella Coola	transcription	YAKI	page 51, the Na90 entry in the practical orthography
line 1394	Hank Nater	translation	mountain goat	page 51, the Na90 gloss
line 1394	Bella Coola	transcription	yaki	page 51, the phonemic notation
line 1395	Hank Nater	note	1395	page 51, the line's number
line 1395	Bella Coola	transcription	√YALH7AY	page 51, the Na90 entry in the practical orthography
line 1395	Hank Nater	translation	possibility, opportunity	page 51, the Na90 gloss
line 1395	Bella Coola	transcription	√yaɬʔay	page 51, the phonemic notation
line 1396	Hank Nater	note	1396	page 51, the line's number
line 1396	Bella Coola	transcription	YALLAK	page 51, the Na90 entry in the practical orthography
line 1396	Hank Nater	translation	sleepy	page 51, the Na90 gloss
line 1396	Bella Coola	transcription	yallak	page 51, the phonemic notation
line 1397	Hank Nater	note	1397	page 51, the line's number
line 1397	Bella Coola	transcription	YANK	page 51, the Na90 entry in the practical orthography
line 1397	Hank Nater	translation	pole a boat	page 51, the Na90 gloss
line 1397	Bella Coola	transcription	yank	page 51, the phonemic notation
line 1398	Hank Nater	note	1398	page 51, the line's number
line 1398	Bella Coola	transcription	YAQAS	page 51, the Na90 entry in the practical orthography
line 1398	Hank Nater	translation	round	page 51, the Na90 gloss
line 1398	Bella Coola	transcription	√yaqas	page 51, the phonemic notation
line 1399	Hank Nater	note	1399	page 51, the line's number
line 1399	Bella Coola	transcription	YAXAT	page 51, the Na90 entry in the practical orthography
line 1399	Hank Nater	translation	ridicule sb	page 51, the Na90 gloss
line 1399	Bella Coola	transcription	yaχat	page 51, the phonemic notation
line 1400	Hank Nater	note	1400	page 51, the line's number
line 1400	Bella Coola	transcription	√YAXW	page 51, the Na90 entry in the practical orthography
line 1400	Hank Nater	translation	allowed, having permission	page 51, the Na90 gloss
line 1400	Bella Coola	transcription	√yaχʷ	page 51, the phonemic notation
line 1401	Hank Nater	note	1401	page 51, the line's number
line 1401	Bella Coola	transcription	YAYAASI(I)	page 51, the Na90 entry in the practical orthography
line 1401	Hank Nater	translation	pretty, handsome	page 51, the Na90 gloss
line 1401	Bella Coola	transcription	ya:yaasi(i)	page 51, the phonemic notation
line 1402	Hank Nater	note	1402	page 51, the line's number
line 1402	Bella Coola	transcription	YAYAX	page 51, the Na90 entry in the practical orthography
line 1402	Hank Nater	translation	horn played in KUSYUT dance	page 51, the Na90 gloss
line 1402	Bella Coola	transcription	ya:yaχ	page 51, the phonemic notation
line 1403	Hank Nater	note	1403	page 51, the line's number
line 1403	Bella Coola	transcription	YUM	page 51, the Na90 entry in the practical orthography
line 1403	Hank Nater	translation	shy, embarrassed, ashamed	page 51, the Na90 gloss
line 1403	Bella Coola	transcription	yum	page 51, the phonemic notation
line 1404	Hank Nater	note	1404	page 51, the line's number
line 1404	Bella Coola	transcription	YUMALCW	page 51, the Na90 entry in the practical orthography
line 1404	Hank Nater	translation	sour	page 51, the Na90 gloss
line 1404	Bella Coola	transcription	yum-alxʷ	page 51, the phonemic notation
line 1405	Hank Nater	note	1405	page 51, the line's number
line 1405	Bella Coola	transcription	√YUP	page 51, the Na90 entry in the practical orthography
line 1405	Hank Nater	translation	move over, make room for	page 51, the Na90 gloss
line 1405	Bella Coola	transcription	√yup	page 51, the phonemic notation
line 1406	Hank Nater	note	1406	page 51, the line's number
line 1406	Bella Coola	transcription	YUP’ALCW	page 51, the Na90 entry in the practical orthography
line 1406	Hank Nater	translation	arrive at point of land	page 51, the Na90 gloss
line 1406	Bella Coola	transcription	yup’-alxʷ	page 51, the phonemic notation
line 1407	Hank Nater	note	1407	page 51, the line's number
line 1407	Bella Coola	transcription	YUYUCW	page 51, the Na90 entry in the practical orthography
line 1407	Hank Nater	translation	bracelet	page 51, the Na90 gloss
line 1407	Bella Coola	transcription	yu:yuxʷ	page 51, the phonemic notation
references	Hank Nater	heading	References	page 51
references	Hank Nater	reference	Blevins, Juliette. 2003. Yurok syllable weight. IJAL 69:4-24.	page 51
references	Hank Nater	reference	Carrier Dictionary Committee. 1974. Central Carrier Bilingual Dictionary. Fort St. James, B.C.	page 51
references	Hank Nater	reference	Davidson, Matthew. 2002. Studies in Southern Wakashan (Nootkan) Grammar. University of New York at Buffalo. (PhD dissertation)	page 51
references	Hank Nater	reference	Davis, Henry & Jan P. Van Eijk. 2012. Lillooet bird terminology. 47th ICSNL. Cranbrook, B.C.	page 51, the raised th of 47th set flat
references	Hank Nater	reference	Goddard, Ives. 1975. Algonquian, Wiyot, and Yurok: Proving a Distant Genetic Relationship. The Peter de Ridder Press. Lisse, Netherlands.	page 51
references	Hank Nater	reference	Kuipers, Aert H. 1967. The Squamish Language. Mouton & Co. The Hague. --------. 1969. The Squamish Language II. Mouton & Co. The Hague. --------. 1974. The Shuswap Language. Mouton & Co. The Hague. --------. 1998. Towards a Salish etymological dictionary V. 33rd ICSNL. University of Washington, Seattle. --------. 2002. Salish Etymological Dictionary. UM Occasional Papers in Linguistics No. 16. Missoula, MT.	page 51
references	Hank Nater	reference	Lincoln, Neville J. & John C. Rath. 1980. North Wakashan Comparative Root List. Canadian Ethnology Service Paper No. 68. Canadian Museum of Civilization Mercury Series. --------. 1986. Phonology, Dictionary and Listing of Roots and Lexical Derivates of the Haisla Language of Kitlope and Kitimaat, BC (2 vols). Canadian Ethnology Service Paper No. 103. Canadian Museum of Civilization Mercury Series.	page 51
references	Hank Nater	reference	Morice, A.G. 1932. The Carrier Language (vols. I-II). Linguistische Bibliothek “Anthropos”. Mödling bei Wien, St. Gabriel, Austria.	page 52
references	Hank Nater	reference	Nater, Hank. 1973-4. Southern Carrier fieldnotes. --------. 1984. The Bella Coola Language. Canadian Ethnology Service Paper 92. Canadian Museum of Civilization Mercury Series. --------. 1990. A Concise Nuxalk-English Dictionary. Canadian Ethnology Service Paper 115. Canadian Museum of Civilization Mercury Series. --------. 1994. The Athapaskan component of Nuxalk. IJAL 60:177-190. --------. 2010. Bella Coola /-uks/: diffusion from distant sources. A Festschrift for Thomas A. Hess on the Occasion of his Seventieth Birthday. Whatcom Museum Publications No. 21.	page 52
references	Hank Nater	reference	Newman, Stanley. 1973. Linguistic retention and diffusion in Bella Coola. Language in Society 2:201-214.	page 52
references	Hank Nater	reference	Pinnow, Heinz-Jürgen. 1964. Die Nordamerikanischen Indianersprachen (Ein Überblick über ihren Bau und ihre Besonderheiten). Otto Harrassowitz, Wiesbaden.	page 52
references	Hank Nater	reference	Rath, John C. 2010. Digital Heiltsuk-English Dictionary (version 2.2.1). Heiltsuk Cultural Education Centre. Bella Bella, B.C.	page 52
references	Hank Nater	reference	Timmers, J. A. 1977. A Classified English-Sechelt Word-List. The Peter de Ridder Press. Lisse, Netherlands.	page 52
references	Hank Nater	reference	Van Eijk, J. P. 1985. The Lillooet Language. Universiteit van Amsterdam. Amsterdam, Netherlands.	page 52
end	Hank Nater	note	139 Poplar Drive Conklin, AB T0P 1H1 hanknater@gmail.com	page 52, the author's address and e-mail address
