where	who	kind	form	gloss
front	John Lyon	note	Papers for the International Conference on Salish and Neighbouring Languages 59. D. K. E. Reisinger, Laura Griffin, Ella Hannon, Gloria Mellesmoen, Sander Nederveen, Bruce Oliver, Julia Schillo, Lauren Schneider, Bailey Trotter (eds.). Vancouver, BC: UBCWPL, 2024.	page 1
title	John Lyon	title	Nsyilxcn Continuous Aspect: Bridging the Progressive and Perfect*	page 1, the title, its star the acknowledgement footnote's
title	John Lyon	note	John Lyon University of British Columbia – Okanagan	page 1, the author and affiliation
title	John Lyon	name	John Lyon	author, University of British Columbia – Okanagan
front	John Lyon	note	Abstract: This paper provides a description and analysis of Nsyilxcn continuous aspect, building on work by A. Mattina (1993) and N. Mattina (1996). I show that a circumfixal continuative marker s----(mi)x (or s----(a)m with transitives) attaches to a perfective, imperfective, or derived stative stem, functioning as an additional layer of viewpoint aspect. With imperfectives it yields a progressive interpretation, while with perfectives, a perfect-like interpretation results. Expressed within an mereological, event-structural framework, I analyze the continuative as introducing a sum operation (Krifka 1989) over singular event stages. This paper represents one of several first steps towards a more nuanced understanding of Nsyilxcn sentential aspect and event structure.	page 1, the abstract
§1	John Lyon	heading	1 Introduction	page 1
§1	John Lyon	note	Nsyilxcn (a.k.a. Okanagan Salish) is a Southern Interior Salish language spoken fluently by perhaps as few as 30 elders in south central British Columbia and north central Washington. The examples in this paper come primarily from elicitation and storyboard sessions involving two elder L1 speakers, Delphine Derickson-Armstrong and Dave Michele, both of whom reside in Westbank, BC. Additional examples come from my prior work with elder speakers in the Upper Nicola, as well as other published materials.	page 1
§1	nsyilxcn	cited form	talíʔ	page 1
§1	nsyilxcn	cited form	kʷu	page 1
§1	nsyilxcn	cited form	kʷukstp	page 1
§1	nsyilxcn	cited form	naʔɬ	page 1
§1	nsyilxcn	cited form	c̓əskʕáknaʔ	page 1
§1	nsyilxcn	cited form	uɬ	page 1
§1	nsyilxcn	cited form	isxʷsxʷknxtiɬn	page 1
§1	nsyilxcn	cited form	st̓aʔqʷalqs	page 1
§1	nsyilxcn	cited form	sxʷəxʷəlík̓ʷm	page 1
§1	John Lyon	note	This paper examines the structure and meaning of ‘continuous’ aspect in Nsyilxcn (A. Mattina 1993; N. Mattina 1996). There have been two continuous aspects described in previous studies. These have been termed perfect (A. Mattina 1993) or perfect continuous (N. Mattina 1996), and imperfective (A. Mattina 1993) or continuous (N. Mattina 1996).1 These are illustrated in (1 ) and (2).2 * talíʔ kʷu kʷukstp, Delphine Derickson-Armstrong naʔɬ c̓əskʕáknaʔ Dave Michel, uɬ isxʷsxʷknxtiɬn st̓aʔqʷalqs naʔɬ sxʷəxʷəlík̓ʷm. Many thanks to fluent elders Delphine Derickson -Armstrong and Dave Michele, without whom this work would not have been possible. Thanks also to my research assistants Hailey Causton and Ashley Gregoire.	page 1
footnote 1	John Lyon	note	1 I use the terms ‘continuous’ and ‘continuative’ interchangeably.	page 1, footnote
footnote 2	John Lyon	note	2 Glossing and other abbreviations used are as follows: ADJT adjunct; C complementizer; C2 final reduplication; CAUS causative; CISL cislocative; CONT continuous; CRED consonant reduplication; DEM demonstrative; DET determiner; DIR directive transitivizer; DUB dubitative; EXCL exclusive; ERG ergative; FUT future; IND indirective (i.e., benefactive); INCH inchoative; INTR intransitive; IPFV imperfective; LOC locative; MID middle; OBJ object; OBL oblique; NEG negative; NEG.FAC negative factual particle; NMLZ nominalizer; P.CONT perfect continuous; PASS passive; PFV perfective; PL plural; POSS possessive; PROS prospective; Q yes- no question; REDR redirective (di)transitivizer; REFL reflexive; RES resultative; TRED total reduplication; SG singular; STAT stative; SUBJ subject; VF volunteered form; VG volunteered gloss. I use N. Mattina’s (1996) glossing convention for the continuative for (1) and (2), but revise these immediately below. For interlinear parsings, ‘-‘ indicates a prefix or suffix (excluding reduplication), ‘< >’ indicates an infix, and ‘•’ indicates reduplication.	page 1, footnote
(1) line 1	John Lyon	note	perfect / perfect continuous	page 2, engine english
(1a) line 1	nsyilxcn	segmentation	s-k̓ʷul̓-x k̓l sámaʔ.	page 2, engine language
(1a) line 2	nsyilxcn	gloss	P.CONT-work-P.CONT to white.person	page 2, engine english
(1a) line 3	A. Mattina 1993:12	translation	‘He has gone working at the white man’s.’	page 2, engine english, cited A. Mattina 1993:12
(1a) line 3	John Lyon	citation	(A. Mattina 1993:12)	the tag or source at the right of the translation
(1b) line 1	nsyilxcn	segmentation	s-tər̓q-míx.	page 2, engine language
(1b) line 2	nsyilxcn	gloss	P.CONT-dance-P.CONT	page 2, engine english
(1b) line 3	N. Mattina 1996:61	translation	‘He has been dancing.’	page 2, engine english, cited N. Mattina 1996:61
(1b) line 3	John Lyon	citation	(N. Mattina 1996:61)	the tag or source at the right of the translation
(2) line 1	John Lyon	note	imperfective / continuous	page 2, engine english
(2a) line 1	nsyilxcn	segmentation	lut t̓ álaʔ, sc-k̓ʷul̓-x.	page 2, engine language
(2a) line 2	nsyilxcn	gloss	NEG NEG.FAC here CONT-work-CONT	page 2, engine english
(2a) line 3	A. Mattina 1993:13	translation	‘She’s not here, she’s working.’	page 2, engine english, cited A. Mattina 1993:13
(2a) line 3	John Lyon	citation	(A. Mattina 1993:13)	the tag or source at the right of the translation
(2b) line 1	nsyilxcn	segmentation	kn sc-tər̓q-míx.	page 2, engine language
(2b) line 2	nsyilxcn	gloss	1SG.SUBJ CONT-dance-CONT	page 2, engine english
(2b) line 3	John Lyon	translation	‘I’m dancing now.’ (Dave Michele | VG)	page 2, engine english
§1	John Lyon	note	The examples in (1) are described by A. Mattina (1993:12) as working “something like the English perfect, with present relevance”, or as “a situation in progress with present relevance” (N. Mattina 1996:61). These descriptions resemble Comrie’s (1976) definition of perfect aspect as a “past event of current relevance”. The examples in (2) are described as indicating “a situation in progress” (N. Mattina 1996:61).	page 2
§1	John Lyon	note	The morphological similarities between (1) and (2) are apparent. Both contain an s- segment as part of a continuous prefix (historically a nominalizer), and both contain -(mi)x in their suffixal portions. The allomorph -x surfaces with inherently stressed (‘strong’) roots, while -mix surfaces with unstressed (‘weak’) roots. Despite the resemblances, A. Mattina (1993) and N. Mattina (1996) do not discuss the possibility of a compositional relation between the s- and sc- prefixed forms. This paper proceeds as follows:	page 2
§1	John Lyon	note	I first show that continuous aspect in Nsyilxcn is circumfixal and compositional (Section 2). Continuativity is always realized by a circumfix s-…-(mi)x (for intransitives (see (1) and (2)) or s- …(a)m (for transitives, see Section 2). These attach to formally perfective (∅-), imperfective (c-), or stative (c-) predicates. Thus, the examples in (1) contain a null perfective prefix, while those in (2) contain the imperfective c- prefix. Example (3) below shows my parsings of what I shall refer to as perfective continuatives, imperfective continuatives, and stative continuatives.3	page 2
(3a) line 1	nsyilxcn	segmentation	s-∅-tər̓q-míx. perfective continuative	page 2, engine english
(3a) line 2	nsyilxcn	gloss	CONT-PFV-dance-CONT	page 2, engine english
(3a) line 3	N. Mattina 1996:61	translation	‘He has been dancing.’	page 2, engine english, cited N. Mattina 1996:61
(3a) line 3	John Lyon	citation	(N. Mattina 1996:61)	the tag or source at the right of the translation
footnote 3	John Lyon	note	3 I do not discuss c- stative continuatives in detail in this paper, except insofar as they support arguments for a compositional approach. In a nutshell, they are interpretatively very similar to c- statives and have resultative meanings (see Section 3.3). There are questions relating to whether stative continuatives pattern with perfective continuatives built on dynamic predicates in showing resultative perfect-like interpretations, or whether these may pattern with perfective continuatives built on adjectival states, and show universal readings (see sections 3 to 5). Examining stative continuatives in the context of since clauses may help shed some light, but I leave this for future work.	page 2, footnote
(3b) line 1	nsyilxcn	segmentation	kn s-c-tər̓q-míx. imperfective continuative	page 3, engine english
(3b) line 2	nsyilxcn	gloss	1SG.SUBJ CONT-IPFV-dance-CONT	page 3, engine english
(3b) line 3	John Lyon	translation	‘I’m dancing now.’ (Dave Michele, VG)	page 3, engine english
(3c) line 1	nsyilxcn	segmentation	s-c-q̓əy̓-míx i-s-c-k̓ʷúl̓. stative continuative	page 3, engine language
(3c) line 2	nsyilxcn	gloss	CONT-STAT-get.written-CONT 1SG.POSS-NMLZ-STAT-get.made	page 3, engine english
(3c) line 3	John Lyon	translation	‘My work is written.’ (Delphine Derickson Armstrong)	page 3, engine english
§1	John Lyon	note	In Section 3, I examine the possibility that perfective continuatives are actually a ‘perfect’ aspect, as implied by A. and N. Mattina’s descriptions. This is a reasonable hypothesis, especially given that the compositional approach outlined in Section 2 directly enables an analysis of the continuative as an additional outer layer of viewpoint aspect, similarly to how perfects have been analyzed in other languages (Pancheva 2003). Empirically, I show that Nsyilxcn perfective continuatives share many cross-linguistic similarities with perfects in languages across the world (Bertrand et al. 2022). In particular, perfective continuatives built on stative predicates such as ‘being on a horse’ allow for both existential (4a) and universal perfect readings (4b), whereas those built on dynamic predicates (Olsen 1997) allow only existential readings (5) (Dowty 1979; Iatridou et al. 2001; Portner 2003). Existential readings require that an eventuality has completed at least once prior to the reference time, while universal readings require that the eventuality hold at the reference time.	page 3
(4a) line 1	John Lyon	note	Answer to “Who has ever ridden in the Omak Stampede?” existential	page 3, engine english
(4a) line 2	nsyilxcn	segmentation	way̓ kn s-∅-k-ʔəm•ʔəmt-íw̓s-x iʔ k̓l Omak	page 3, engine language
(4a) line 3	nsyilxcn	gloss	already 1SG.SUBJ CONT-PFV-RES-TRED•sit-middle-CONT DET to Omak	page 3, engine english
(4a) line 4	nsyilxcn	segmentation	iʔ snpan̓uscút-s.	page 3, engine language
(4a) line 5	nsyilxcn	gloss	DET rodeo-3POSS	page 3, engine english
(4a) line 6	John Lyon	translation	‘I’ve ridden in the Omak Stampede.’ (Dave Michele)	page 3, engine english
(4b) line 1	nsyilxcn	segmentation	ha kʷ s-∅-k-ʔəmt-íw̓s-x iʔ l snkɬc̓aʔsqáx̌aʔ? universal	page 3, engine language
(4b) line 2	nsyilxcn	gloss	Q 2SG.SUBJ CONT-PFV-RES-sit-middle-CONT DET to horse	page 3, engine english
(4b) line 3	John Lyon	translation	‘Are you on a horse (like right now)?’ (Delphine Derickson Armstrong | VG)	page 3, engine english
(5) line 1	nsyilxcn	segmentation	way̓ kn s-∅-k̓ʷúl̓•əl̓-x kiʔ sic existential	page 3, engine language
(5) line 2	nsyilxcn	gloss	already 1SG.SUBJ CONT-PFV-get.made•C2.INCH-CONT ADJT.C new	page 3, engine english
(5) line 3	nsyilxcn	segmentation	iʔ kíc-nt-əm iʔ s-n-q̓lt-iɬxʷ-tn.	page 3, engine language
(5) line 4	nsyilxcn	gloss	DET arrive-DIR-1PL.ERG DET NMLZ-LOC-sick-place-INTR	page 3, engine english
(5) line 5	John Lyon	translation	‘I had already been born by the time we reached the hospital.’	page 3, engine english
(5) line 6	John Lyon	citation	(Delphine Derickson Armstrong | VF)	page 3, engine english
§1	John Lyon	note	In Section 4, I weigh the Nsyilxcn pattern against an ‘extended-now’ perfect approach (Dowty 1979; Iatridou et al. 2001; Pancheva 2003), whereby the perfect introduces a time span which is a temporal function from reference times to reference times, e.g., an interval (i’,i) where i is a final sub-interval of t’. I then raise four issues which question its applicability in Nsyilxcn. First, I show that the continuative forces a singular event in-progress interpretation of an imperfective, to the exclusion of habitual readings (6). The continuative derives a progressive (6c) from a general imperfective (6b), in other words. This does not follow from a standard extended-now approach.	page 3
(6a) line 1	nsyilxcn	segmentation	Q: ha kʷ c-k̓ʕa-m?	page 4, engine language
(6a) line 2	nsyilxcn	gloss	Q 2SG.SUBJ IPFV-pray-MID	page 4, engine english
(6a) line 3	John Lyon	translation	‘Do you pray?’ (Dave Michele | VF)	page 4, engine english
(6b) line 1	nsyilxcn	segmentation	A: lut, náx̌əmɬ kn c-k̓ʕa-m pútiʔ kn ɬaʔ q̓ʷʕaylqs.	page 4, engine language
(6b) line 2	nsyilxcn	gloss	NEG but 1SG.SUBJ IPFV-pray-MID still 1SG.SUBJ when priest	page 4, engine english
(6b) line 3	John Lyon	translation	‘No, but I used to pray when I was still a priest.’	page 4, engine english
(6b) line 4	John Lyon	citation	(Delphine Derickson Armstrong | VF)	page 4, engine english
(6c) line 1	nsyilxcn	segmentation	A’:# lut, náx̌əmɬ kn s-c-k̓ʕa-míx pútiʔ kn ɬaʔ	page 4, engine language
(6c) line 2	nsyilxcn	gloss	NEG but 1SG.SUBJ CONT-IPFV-pray-MID+CONT still 1SG.SUBJ when	page 4, engine english
(6c) line 3	nsyilxcn	transcription	q̓ʷʕaylqs.	page 4, engine language
(6c) line 4	nsyilxcn	transcription	priest	page 4, engine english
§1	John Lyon	note	# ‘No, but I was praying when I was still a priest.’ (Delphine Derickson Armstrong, Dave Michele) Second, imperfective continuous forms do not clearly behave as perfects. In the absence of any adverbial, there are no unambiguous cases which indicate that a retrospective perfect time span is being introduced. These cannot be used as existential perfects, in other words, in contrast to perfect progressives in English (Iatridou et al. 2001). Instead, they require that the event includes the reference time (7). As such I argue that they are better analyzed as progressives.	page 4
(7) line 1	John Lyon	note	Context: Mary is out of breath from running and has been sitting on a bench for 5 minutes.	page 4, engine english
(7) line 2	nsyilxcn	segmentation	marí way̓ s-c-ntr̓qpncút-x ʕapnáʔ sx̌əlx̌ʕált uɬ lut	page 4, engine language
(7) line 3	nsyilxcn	gloss	Mary already CONT-IPFV-run-CONT now day and NEG	page 4, engine english
(7) line 4	nsyilxcn	segmentation	t̓ ks-qícəlx-aʔx ʕapnáʔ.	page 4, engine language
(7) line 5	nsyilxcn	gloss	NEG.FAC PROS-run-PROS now	page 4, engine english
(7) line 6	John Lyon	translation	Target: ‘Mary has already been running today, but she isn’t going to now.’	page 4, engine english
(7) line 7	John Lyon	translation	Actual: #‘Mary is already running today, but she isn’t going to now.’	page 4, engine english
(7) line 8	John Lyon	citation	(Delphine Derickson Armstrong)	page 4, engine english
§1	John Lyon	note	Nevertheless, imperfective continuatives do show perfect-like behavior in the context of a since adverbial. The time span whose left boundary is set by the since adverbial is filled by a single, durative event under a universal interpretation in transitive continuative (8a), and by potentially multiple events under an inclusive interpretation (8b). While (8) challenges the idea that imperfective continuatives are simply progressives, it also indicates that perfect-like interpretations of imperfective continuatives are dependent on adverbials (see Section 6).	page 4
(8a) line 1	nsyilxcn	segmentation	t siwɬkʷkʷkʕást kiʔ i-s-c-knxít-əm i-sw̓aʔw̓ásaʔ.	page 4, engine language
(8a) line 2	nsyilxcn	gloss	OBL early.morning ADJT.C 1SG.POSS-CONT-IPFV-help(-DIR)-CONT 1SG.POSS-aunt	page 4, engine english
(8a) line 3	John Lyon	translation	‘I’ve been helping my aunt since early this morning.’	page 4, engine english
(8a) line 4	John Lyon	citation	(Delphine Derickson Armstrong)	page 4, engine english
(8b) line 1	nsyilxcn	segmentation	kn ɬə sk̓ʷək̓ʷíymalt kiʔ i-s-c-knxít-əm	page 5, engine language
(8b) line 2	nsyilxcn	gloss	1SG.SUBJ when young ADJT.C 1SG.POSS-CONT-IPFV-help(-DIR)-CONT	page 5, engine english
(8b) line 3	nsyilxcn	segmentation	i-sw̓aʔw̓ásaʔ.	page 5, engine language
(8b) line 4	nsyilxcn	gloss	1SG.POSS-aunt	page 5, engine english
(8b) line 5	John Lyon	translation	‘I’ve been helping my aunt ever since I was young.’ (Delphine Derickson Armstrong)	page 5, engine english
§1	John Lyon	note	Third, there are volunteered cases of perfective continuous forms with prospective readings (9), which indicates that any time span introduced by the continuative need not be retrospective. This is consistent with progressive cases such as (7) above, which are also not retrospective.	page 5
(9) line 1	nsyilxcn	segmentation	x̌lap mi kn c-p̓lak̓ məɬ	page 5, engine language
(9) line 2	nsyilxcn	gloss	tomorrow FUT.C 1SG.SUBJ CISL-return and.then	page 5, engine english
(9) line 3	nsyilxcn	segmentation	kn s-∅-xʷuy-x k̓l w̓í<•w̓>ast.	page 5, engine language
(9) line 4	nsyilxcn	gloss	1SG.SUBJ CONT-PFV-go-CONT to high<•CRED>	page 5, engine english
(9) line 5	John Lyon	translation	‘Tomorrow I’ll get back and then I’m going up the little hill.’	page 5, engine english
(9) line 6	John Lyon	citation	(Delphine Derickson Armstrong)	page 5, engine english
§1	John Lyon	note	Fourth, continuatives strengthen the culmination/termination implicatures seen in basic dynamic perfective predicates into entailments. For example, whereas a basic perfective accomplishment can be interpreted either as culminating or non-culminating (10a), a continuative perfective accomplishment must culminate (10b). In my analysis, I treat this as a semantic effect of the continuative.	page 5
(10) line 1	John Lyon	note	Context: You see John looking around for his key, and tell your friend:	page 5, engine english
(10a) line 1	nsyilxcn	segmentation	John ∅-ƛ̓aʔƛ̓aʔ-nt-ís iʔ laklí.	page 5, engine language
(10a) line 2	nsyilxcn	gloss	John PFV-look.for-DIR-3ERG DET key	page 5, engine english
(10a) line 3	Lottie Lindley, Dunham 2011	translation	‘John looked for the key / John is looking for the key.’	page 5, engine english, cited Lottie Lindley, Dunham 2011
(10a) line 3	John Lyon	citation	(Lottie Lindley, Dunham 2011)	the tag or source at the right of the translation
(10b) line 1	nsyilxcn	segmentation	# John s-∅-ƛ̓aʔƛ̓aʔ-ám-s iʔ lakli-s.	page 5, engine language
(10b) line 2	nsyilxcn	gloss	John CONT-PFV-look.for(-DIR)-CONT-3POSS DET key-3POSS	page 5, engine english
§1	John Lyon	note	# ‘John looked for his key.’ Comment: “You have to have the c- if he’s looking for it.” (Delphine Derickson Armstrong, Dave Michele) In Section 5, I present a partitive analysis of the continuative, which introduces a sum over singular, overlapping event stages across worlds, relative to the reference time. This returns a culminating event in the case of a dynamic perfective continuative, which derives the absence of universal readings in these cases, while the singular nature of the sum event is responsible for the progressive interpretation of an imperfective continuative. Overall, the progressive versus perfect- like interpretations seen with continuatives reduce, I argue, to the presence versus absence of a non- maximality specification at the lexical (with states) or aspectual (imperfective) level. Section 6 discusses several types of continuative examples which require modifications to the basic analysis proposed in Section 5: these include since and always sentences.	page 5
§1	John Lyon	note	Section 7 provides a summary and conclusion.	page 5
§2	John Lyon	heading	2 A compositional approach to the continuative	page 6
§2	John Lyon	note	This section presents arguments that the two continuous aspects described by A. and N. Mattina (1–2) are compositional, and that in fact there is only one continuous aspect that attaches to perfective, imperfective, and stative predicates. In Section 2.1, I give a summary discussion of the imperfective/perfective distinction in the language. In Section 2.2, I distinguish c- prefixed stative forms from c- prefixed imperfective forms (Lyon 2023). In Section 2.3, I introduce continuous aspect and show that core underlying aspectual distinctions remain by-and-large preserved with continuative forms.	page 6
§2.1	John Lyon	heading	2.1 Imperfective vs. perfective	page 6
§2.1	John Lyon	language	Skwxwú7mesh	Skwxwú7mesh, Squamish
§2.1	nsyilxcn	cited form	ník̓əm	page 6, ‘to cut something’
§2.1	nsyilxcn	cited form	ɬʕat̓	page 6, ‘wet’
§2.1	John Lyon	note	Lyon (2023) argues that most types of eventuality-denoting predicates in Nsyilxcn may occur as ∅- perfectives or c- imperfectives. Perfective predicates typically yield completive readings, though activities and accomplishments only imply termination/cancellation while states imply neither. This means that ongoing readings of perfectives are possible (see Bar-el 2005 for Skwxwú7mesh; sections 5 and 6 below). With imperfective c-, predicates yield either habitual interpretations or single event in-progress interpretations. The perfective/imperfective distinction is illustrated for middle intransitive ník̓əm ‘to cut something’ in (11), and stage-level adjective ɬʕat̓ ‘wet’ in (12).4 Basic adjectives are unbounded states, and so the only apparent interpretive difference between perfective and imperfective adjectives is that the latter have habitual readings, while the former do not.	page 6
(11a) line 1	nsyilxcn	segmentation	kn ∅-ník̓-əm.	page 6, engine residue
(11a) line 2	nsyilxcn	gloss	1SG.SUBJ PFV-get.cut-MID	page 6, engine english
(11a) line 3	John Lyon	translation	‘I’m cutting.’ / ‘I cut something.’ (Delphine Derickson Armstrong)	page 6, engine english
(11b) line 1	nsyilxcn	segmentation	(nyʕip) kn c-ník̓-əm t layán.	page 6, engine language
(11b) line 2	nsyilxcn	gloss	always 1SG.SUBJ IPFV-get.cut-MID OBL cloth	page 6, engine english
(11b) line 3	John Lyon	translation	‘I (always) cut cloth.’ (Delphine Derickson Armstrong)	page 6, engine english
(11c) line 1	nsyilxcn	segmentation	i-sqʷsíʔ c-ník̓-əm t q̓əy̓mín.	page 6, engine language
(11c) line 2	nsyilxcn	gloss	1SG.POSS-son IPFV-get.cut-MID OBL paper	page 6, engine english
(11c) line 3	John Lyon	translation	‘My son is cutting paper.’ (Delphine Derickson Armstrong)	page 6, engine english
(12a) line 1	nsyilxcn	segmentation	t̓i ∅-ɬʕat̓.	page 6, engine residue
(12a) line 2	nsyilxcn	gloss	EXCL PFV-wet	page 6, engine english
(12a) line 3	John Lyon	translation	‘It’s wet.’ (A. Mattina, n.d.)	page 6, engine english
(12b) line 1	nsyilxcn	segmentation	nyʕip kʷu c-ɬʕat̓ kʷu ɬ sk̓ʷək̓ʷíyməlt.	page 6, engine language
(12b) line 2	nsyilxcn	gloss	always 1PL.SUBJ IPFV-wet 1PL.SUBJ when child	page 6, engine english
(12b) line 3	John Lyon	translation	‘We were always wet when we were kids.’ (Delphine Derickson Armstrong | VF)	page 6, engine english
(12c) line 1	nsyilxcn	segmentation	kʷu c-ɬʕat̓ ʕapnáʔ.	page 6, engine language
(12c) line 2	nsyilxcn	gloss	1PL.SUBJ IPFV-wet now	page 6, engine english
(12c) line 3	John Lyon	translation	‘We’re wet now.’ (Delphine Derickson Armstrong)	page 6, engine english
footnote 4	John Lyon	note	4 Individual-level adjectives do not take the imperfective marker (Lyon 2023).	page 6, footnote
§2.1	John Lyon	note	The same contrast is shown below for an inchoativized adjective. Inchoativized predicates in Nsyilxcn entail a change-of-state (Lyon 2023). A temporal adverb encompasses the entire event runtime with a perfective (13a), while it anchors internally to the event transition as an in-progress, imperfective (13b), and internally to a larger, habitual event as a habitual imperfective (13c).	page 7
(13a) line 1	nsyilxcn	segmentation	sməsásq̓ət kiʔ ∅-t̓<ʔ>ʕas iʔ kt̓íɬmən.	page 7, engine language
(13a) line 2	nsyilxcn	gloss	Thursday ADJT.C PFV-hard<INCH> DET glue	page 7, engine english
(13a) line 3	John Lyon	translation	‘The glue got hard on Thursday.’ (Delphine Derickson Armstrong)	page 7, engine english
(13b) line 1	nsyilxcn	segmentation	iʔ sqʔim c̓<ʔ>aq, uɬ c-t̓<ʔ>ʕas.	page 7, engine language
(13b) line 2	nsyilxcn	gloss	DET cream sour<INCH> and IPFV-hard<INCH>	page 7, engine english
(13b) line 3	John Lyon	translation	‘The cream got sour, and it’s slowly getting hard.’ (Delphine Derickson Armstrong)	page 7, engine english
(13c) line 1	nsyilxcn	segmentation	nyʕip c-t̓<ʔ>ʕas iʔ sqʔim.	page 7, engine language
(13c) line 2	nsyilxcn	gloss	always IPFV-hard<INCH> DET cream	page 7, engine english
(13c) line 3	John Lyon	translation	‘The cream always gets hard (after you churn it).’ (Delphine Derickson Armstrong)	page 7, engine english
§2.1	John Lyon	note	Predicates transitivized by the causative marker -st- show a similar distinction.5	page 7
(14a) line 1	nsyilxcn	segmentation	∅-qʷəl•qʷíl-st-əm iʔ t sumíx-s.	page 7, engine language
(14a) line 2	nsyilxcn	gloss	PFV-TRED•speak-CAUS-PASS DET OBL spirit.power-3POSS	page 7, engine english
(14a) line 3	A. Mattina 1993:24	translation	‘His spirit power talked to him.’	page 7, engine english, cited A. Mattina 1993:24
(14a) line 3	John Lyon	citation	(A. Mattina 1993:24)	the tag or source at the right of the translation
(14b) line 1	nsyilxcn	segmentation	kʷu c-qʷəl•qʷíl-st-s.	page 7, engine language
(14b) line 2	nsyilxcn	gloss	1SG.OBJ IPFV-TRED•speak-CAUS-3ERG	page 7, engine english
(14b) line 3	A. Mattina 1993:24	translation	‘He (always) talks to me.’	page 7, engine english, cited A. Mattina 1993:24
(14b) line 3	John Lyon	citation	(A. Mattina 1993:24)	the tag or source at the right of the translation
§2.1	John Lyon	note	With the arguable exception of basic adjectival states, the interpretations of the non-imperfective predicates above are consistent with there being a null perfective prefix which alternates with the c- imperfective across all lexical-aspectual categories (see Bar-el 2005 for Skwxwu7mesh, Rullmann & Matthewson 2018, and others).6	page 7
§2.2	John Lyon	heading	2.2 Imperfective vs. stative	page 7
footnote 5	John Lyon	note	5 Basic directive (-nt-) transitives do not take imperfective marking in Nsyilxcn, though directive transitive continuatives do, by hypothesis. The -nt- never surfaces in transitive continuatives, but other transitivizers do, so I assume -nt- reduces in this environment, similarly to how it reduces with strong roots in the 1st and 3rd person.	page 7, footnote
footnote 6	John Lyon	note	6 An imperfective/perfective distinction is further supported by punctual adverbs tests, which show that perfectives give sequential readings (excepting states), while imperfective readings show temporal overlap. Relevant examples are not shown here for reasons of space, but see Lyon (2023).	page 7, footnote
§2.2	John Lyon	note	There is a homophonous stative marker c-, distinct from imperfective c- described above, which attaches to bare change-of-state roots, yielding a resulting, target state (Lyon 2023).	page 7
(15a) line 1	nsyilxcn	segmentation	iʔ snkɬc̓aʔsqáx̌aʔ c-naq̓ʷ l sntəx̌ʷəx̌ʷqín.	page 8, engine language
(15a) line 2	nsyilxcn	gloss	DET horse STAT-get.stolen at noon	page 8, engine english
(15a) line 3	John Lyon	translation	‘The horse was already stolen by noon.’ (Delphine Derickson Armstrong)	page 8, engine english
(15b) line 1	nsyilxcn	segmentation	ɬaʔ k̓ɬnk̓ahk̓ʷíp-s iʔ k̓ɬnk̓mip John, uɬ c-c̓axʷ	page 8, engine language
(15b) line 2	nsyilxcn	gloss	when open.door(-DIR)-3ERG DET door John and STAT-get.spilled	page 8, engine english
(15b) line 3	nsyilxcn	segmentation	iʔ siwɬkʷ aʔ c-kɬcaq iʔ l sx̌lilp.	page 8, engine language
(15b) line 4	nsyilxcn	gloss	DET water DET IPFV-container.facing.up DET on floor	page 8, engine english
(15b) line 5	John Lyon	translation	‘The water sitting on the floor was already spilled when John opened the door.’	page 8, engine english
(15b) line 6	John Lyon	citation	(Delphine Derickson Armstrong)	page 8, engine english
§2.2	John Lyon	note	This is not the imperfective c-: There are no habitual readings, as shown in (16).7	page 8
(16) line 1	John Lyon	note	a. Context: Showing someone new around in a kitchen.	page 8, the caption
§2.2	nsyilxcn	cited form	c-p̓y̓q	page 8
§2.2	nsyilxcn	cited form	iʔ	page 8
§2.2	nsyilxcn	cited form	sɬiqʷ	page 8
§2.2	nsyilxcn	cited form	aláʔ	page 8
§2.2	nsyilxcn	cited form	nk̓ʷl̓cncútən	page 8
§2.2	John Lyon	note	# c-p̓y̓q iʔ sɬiqʷ aláʔ iʔ l nk̓ʷl̓cncútən.	page 8
§2.2	nsyilxcn	cited form	q̓sápi	page 8
§2.2	nsyilxcn	cited form	c-pul̓	page 8
§2.2	nsyilxcn	cited form	sip̓y̓	page 8
§2.2	John Lyon	note	STAT-get.cooked DET meat here DET in cooking.container Target: ‘Meat is cooked in this pot.’ Actual: ‘The meat was cooked in this pot.’ (Delphine Derickson Armstrong) b. q̓sápi c-pul̓ iʔ sip̓y̓.	page 8
§2.2	nsyilxcn	cited form	ʕac̓-nt	page 8
§2.2	nsyilxcn	cited form	c-q̓ay̓	page 8
§2.2	nsyilxcn	cited form	ʕapnáʔ	page 8
§2.2	nsyilxcn	cited form	q̓əy̓mín	page 8
§2.2	John Lyon	note	long.ago STAT-get.tanned DET hide ‘Long ago, the hide was tanned.’ Target: ‘Long ago, hides were tanned.’ Comment: “You’re just talking about one hide.” (Delphine Derickson Armstrong) c. ʕac̓-nt, c-q̓ay̓ ʕapnáʔ iʔ q̓əy̓mín.	page 8
footnote 7	John Lyon	note	7 It may be possible to provide a relatively abstract, unified analysis of both c- markers by arguing that in all cases, some entity x is the holder of some state s, where s is a non-maximal sub-eventuality of a larger event(uality) e (Masliukov & Kulikova 2024). Such an approach does not however appear to explain the resultative vs. imperfective interpretations without appealing to two distinct syntactic positions (which is necessary in any case), along with additional pragmatic restrictions. For now, I assume these are two homophonous, but historically related, prefixes.	page 8, footnote
footnote 8	John Lyon	note	8 Lyon (2023) claims that the stativizer creates a predicate of caused states by saturating an underlying event variable in a change-of-state root, and foregrounding an underlying target state. Crucially both variables must be an underlying part of the root, and open to modification or saturation. This approach offers a semantic explanation for why c- stative does not attach to adjectives or derived verbs: the latter are predicates of event(ualitie)s, as opposed to predicates of event(ualitie)s and states.	page 8, footnote
§2.2	John Lyon	note	look-DIR STAT-get.written now DET paper Target: ‘Look, the paper is being written right now.’ Comment: “Okay, but it’s already written.” (Delphine Derickson Armstrong) Stative c- does not attach to predicates which do not involve a change-of-state (i.e., basic adjectives and nouns), or to derived, verbal predicates (e.g., inchoatives, middle intransitives, transitives). c- affixed forms in these cases always have habitual or ongoing event readings, never resulting state readings.8	page 8
§2.3	John Lyon	heading	2.3 Perfective, imperfective, and stative continuatives	page 9
§2.3	John Lyon	note	This section shows how continuatives beginning with sc- have in-progress interpretations similar to either imperfectives or statives (see Section 2.2 above), while continuatives with s- typically do not. This pattern follows, I argue, if sc- continuatives contain a c- IPFV or c- STAT prefix, and if s- continuatives contain a ∅- PFV prefix. I also demonstrate how continuous aspect does not affect argument structure: i.e., patient-oriented adjectives, statives, and inchoatives remain patient- oriented, and agent-oriented middles remain agent-oriented. This is of course consistent with an analysis of continuous aspect as a second layer of viewpoint aspect, meaning it should be structurally too high to affect argument structure. In addition, through the course of this subsection, I show that some continuatives are transitive, a fact not previously noted in the Nsyilxcn literature. First, consider that a range of predicate aktionsarten show an imperfective/perfective-like distinction with respect to pun ctual adverbs in the continuous aspect .9 Imperfective continuous forms are interpreted as ongoing relative to the punctual adverb, whereas the perfective continuous forms are by default interpreted as complete, with the possibility of ongoing readings in some cases as indicated by speaker comments. This is shown for activities in (17) to (19).10	page 9
(17a) line 1	nsyilxcn	segmentation	ɬaʔ c-nʔuɬxʷ Hailey, way̓ kn s-c-tər̓q-míx.	page 9, engine language
(17a) line 2	nsyilxcn	gloss	when CISL-enter Hailey already 1SG.SUBJ CONT-IPFV-dance-MID+CONT	page 9, engine english
(17a) line 3	John Lyon	translation	‘When Hailey came in, I was dancing.’	page 9, engine english
(17a) line 4	Delphine Derickson Armstrong	speaker comment	Comment: “You were dancing when she walked in.” (Delphine Derickson Armstrong)	page 9, engine english, named after the comment
(17b) line 1	nsyilxcn	segmentation	ɬaʔ c-nʔuɬxʷ Hailey, way̓ kn s-∅-tər̓q-míx.	page 9, engine language
(17b) line 2	nsyilxcn	gloss	when CISL-enter Hailey already 1SG.SUBJ CONT-PFV-dance-MID+CONT	page 9, engine english
(17b) line 3	John Lyon	translation	‘When Hailey came in, I was done dancing.’	page 9, engine english
(17b) line 4	Dave Michele	speaker comment	Comment: “You were already done dancing by the time she went in.” (Dave Michele)	page 9, engine english, named after the comment
(18a) line 1	nsyilxcn	segmentation	kn s-c-pix̌-x uɬ in-tkɬmílxʷ kʷu	page 9, engine language
(18a) line 2	nsyilxcn	gloss	1SG.SUBJ NMLZ-IPFV-hunt-MID+CONT CONJ 1SG.POSS-woman 1SG.OBJ	page 9, engine english
(18a) line 3	nsyilxcn	segmentation	tq̣ʷəlqʷəltíw̓-ɬt-s.	page 9, engine language
(18a) line 4	nsyilxcn	gloss	call-REDR-3ERG	page 9, engine english
(18a) line 5	John Lyon	translation	‘I was hunting (deer) when my wife called me on the phone.’ (Dave Michele | VF)	page 9, engine english
(18b) line 1	nsyilxcn	segmentation	kn s-∅-pix̌-x uɬ in-tkɬmílxʷ kʷu	page 9, engine language
(18b) line 2	nsyilxcn	gloss	1SG.SUBJ NMLZ-PFV-hunt-MID+CONT CONJ 1SG.POSS-woman 1SG.OBJ	page 9, engine english
(18b) line 3	nsyilxcn	segmentation	tq̣ʷəlqʷəltíw̓-ɬt-s.	page 9, engine language
(18b) line 4	nsyilxcn	gloss	call-REDR-3ERG	page 9, engine english
(18b) line 5	John Lyon	translation	‘I was hunting and then my wife called me.’	page 9, engine english
(18b) line 6	Dave Michele	speaker comment	Comment: “You were hunting, and then she called.” (Dave Michele)	page 9, engine english, named after the comment
footnote 9	John Lyon	note	9 I analyze the agentive, intransitive continuatives in this section as containing a middle -m which coalesces with continuative -(mi)x, and then the (-mi) part drops out with strong roots, leaving -x. I do not analyze the -m in -(mi)x as itself being the middle, since -mix occurs on patient-oriented, stative, and inchoative continuatives which do not take the middle (Lyon 2023).	page 9, footnote
footnote 10	John Lyon	note	10 Example (19) could be argued to be an accomplishment, however given that intransitive t objects must be non-specific, I suggest that this example is more analogous to cutting rope; an activity in other words. This is non-crucial for the present paper and analysis.	page 9, footnote
(19a) line 1	nsyilxcn	segmentation	ɬaʔ c-nʔuɬxʷ Hailey, kn s-c-nik̓-x t sp̓íc̓ən.	page 10, engine language
(19a) line 2	nsyilxcn	gloss	when CISL-enter Hailey 1SG.SUBJ CONT-IPFV-dance-MID+CONT OBL rope	page 10, engine english
(19a) line 3	John Lyon	translation	‘When Hailey came in, I was (still) cutting a rope.’	page 10, engine english
(19a) line 4	Delphine Derickson Armstrong	speaker comment	Comment: “You were cutting the rope when Hailey walked in.”	page 10, engine english
(19a) line 5	John Lyon	citation	(Delphine Derickson Armstrong | VF)	page 10, engine english
(19a) line 1	nsyilxcn	segmentation	ɬaʔ c-nʔuɬxʷ Hailey, kn s-∅-nik̓-x t sp̓íc̓ən.	page 10, engine language
(19a) line 2	nsyilxcn	gloss	when CISL-enter Hailey 1SG.SUBJ CONT-PFV-dance-MID+CONT OBL rope	page 10, engine english
(19a) line 3	John Lyon	translation	‘When Hailey came in, I had already cut the rope.’	page 10, engine english
(19a) line 4	Delphine Derickson Armstrong	speaker comment	DD Comment: “For me there would be a question, kʷ scxkənkínaʔx? ‘What are you doing?’ And you answer, it’s already cut, sitting there.”	page 10, engine english
(19a)	nsyilxcn	cited form	kʷ	in the speaker comment, page 10
(19a)	nsyilxcn	cited form	scxkənkínaʔx	in the speaker comment, page 10
(19a) line 5	Dave Michele	speaker comment	DM Comment: “Or it could mean you were cutting the rope when she walked in.”	page 10, engine english
(19a) line 6	John Lyon	citation	(Delphine Derickson Armstrong, Dave Michele)	page 10, engine english
§2.3	John Lyon	note	This is likewise shown for transitive accomplishments in (20) and (21). These were classified by A. Mattina (1993) as transitive completives/perfectives, though I suggest these be reclassified as transitive continuatives, since they are interpretively parallel to intransitive continuatives in terms of their ongoing vs. completive interpretations, and in terms of pronominal agreement, these are parallel to transitive/intransitive alternations for other Nsyilxcn aspects.11	page 10
(20a) line 1	nsyilxcn	segmentation	ɬaʔ c-nʔuɬxʷ Hailey, kʷ i-s-c-knxít-əm.	page 10, engine language
(20a) line 2	nsyilxcn	gloss	when CISL-enter Hailey 2SG.OBJ 1SG.POSS-CONT-IPFV-help(-DIR)-CONT	page 10, engine english
(20a) line 3	John Lyon	translation	‘When Hailey walked into the room, I was helping you.’ (Derickson Armstrong | VF)	page 10, engine english
(20b) line 1	nsyilxcn	segmentation	? ɬaʔ c-nʔuɬxʷ Hailey, kʷ i-s-∅-knxít-əm.	page 10, engine language
(20b) line 2	nsyilxcn	gloss	when CISL-enter Hailey 2SG.OBJ 1SG.POSS-CONT-PFV-help(-DIR)-CONT	page 10, engine english
(20b) line 3	John Lyon	translation	‘When Hailey walked into the room, I had been helping you.’	page 10, engine english
(20b) line 4	John Lyon	speaker comment	Comment: “Kind of past tense, but not really clear enough, could be present or past.”	page 10, engine english
(20b) line 5	John Lyon	citation	(Delphine Derickson Armstrong)	page 10, engine english
(21a) line 1	nsyilxcn	segmentation	iʔ sqəltmíxʷ s-c-píx̌-əm-s iʔ sƛ̓aʔcínəm.	page 10, engine language
(21a) line 2	nsyilxcn	gloss	DET man CONT-IPFV-hunt(-DIR)-CONT-3POSS DET deer	page 10, engine english
(21a) line 3	John Lyon	translation	‘The man is hunting a deer right now.’	page 10, engine english
(21a) line 4	John Lyon	citation	(Delphine Derickson Armstrong, Dave Michele)	page 10, engine english
footnote 11	John Lyon	note	11 While the directive -nt- transitivizer never surfaces for transitive continuatives, other transitivizers do. Agreement with transitive continuatives is possessor/absolutive, just as it is for transitive prospectives, not discussed here. Transitive continuatives, like other transitives, select for an internal DP argument headed by iʔ, rather than an oblique-marked quasi-object (Lyon 2013). As A. Mattina (1993) discusses, transitive continuative -m ‘signals an object’. Although this -m is homophonous with middle intransitivizing -m, it is distinct: First, continuous -m occurs after a transitivizer, rather than before. Second, continuous -m does not affect argument structure, whereas middle -m introduces an agent to an unaccusative predicate. The same object-signaling -m surfaces in transitive prospectives (26b, 27c).	page 10, footnote
§2.3	nsyilxcn	cited form	iʔ	page 10
(21b) line 1	nsyilxcn	segmentation	iʔ sqəltmíxʷ s-∅-pix̌-əm-s iʔ sƛ̓aʔcínəm,	page 11, engine language
(21b) line 2	nsyilxcn	gloss	DET man CONT-PFV-hunt(-DIR)-CONT-3POSS DET deer	page 11, engine english
(21b) line 3	nsyilxcn	segmentation	uɬ kaʔɬís iʔ ləɣ-p-nú-s.	page 11, engine language
(21b) line 4	nsyilxcn	gloss	and three DET sting-INCH-manage.to(-DIR)-3ERG	page 11, engine english
(21b) line 5	John Lyon	translation	‘The man was hunting deer, and he hit three.’	page 11, engine english
(21b) line 6	John Lyon	citation	(Delphine Derickson Armstrong | VF conjunct)	page 11, engine english
§2.3	John Lyon	note	The inchoative achievement in (22) below patterns similarly.	page 11
(22a) line 1	nsyilxcn	segmentation	way̓ kn s-c-k̓ʷúl̓•əl̓-x kiʔ sic	page 11, engine language
(22a) line 2	nsyilxcn	gloss	already 1SG.SUBJ CONT-IPFV-get.made•C2.INCH-CONT ADJT.C new	page 11, engine english
(22a) line 3	nsyilxcn	segmentation	iʔ kíc-nt-əm iʔ s-n-q̓lt-iɬxʷ-tn.	page 11, engine language
(22a) line 4	nsyilxcn	gloss	DET arrive-DIR-1PL.ERG DET NMLZ-LOC-sick-place-INTR	page 11, engine english
(22a) line 5	John Lyon	translation	‘I was in the middle of being born when we reached the hospital.’	page 11, engine english
(22a) line 6	Dave Michele	speaker comment	DM Comment: “You’re starting to be born. Got to have the c- in there.”	page 11, engine english
(22a) line 7	John Lyon	citation	(Delphine Derickson Armstrong)	page 11, engine english
(22b) line 1	nsyilxcn	segmentation	way̓ kn s-∅-k̓ʷúl̓•əl̓-x kiʔ sic	page 11, engine language
(22b) line 2	nsyilxcn	gloss	already 1SG.SUBJ CONT-PFV-get.made•C2.INCH-CONT ADJT.C new	page 11, engine english
(22b) line 3	John Lyon	translation	‘I had already been born by the time we reached the hospital.’	page 11, engine english
(22b) line 4	John Lyon	citation	(Delphine Derickson Armstrong | VF)	page 11, engine english
§2.3	John Lyon	note	Finally, adjectival states also show an imperfective/perfective contrast as continuatives in certain cases (23) (though the contrast for states is less clear, as will be discussed).	page 11
(23a) line 1	nsyilxcn	segmentation	talíʔ kn s-c-x̌əst-míx ʕapnáʔ t sx̌əlx̌ʕált.	page 11, engine language
(23a) line 2	nsyilxcn	gloss	really 1SG.SUBJ CONT-IPFV-good-CONT now OBL day	page 11, engine english
(23a) line 3	John Lyon	translation	‘I’m doing really good today.’ (Delphine Derickson Armstrong)	page 11, engine english
(23b) line 1	nsyilxcn	segmentation	talíʔ kn s-∅-x̌əst-míx ʕapnáʔ t sx̌əlx̌ʕált	page 11, engine language
(23b) line 2	nsyilxcn	gloss	really 1SG.SUBJ CONT-PFV-good-CONT now OBL day	page 11, engine english
(23b) line 3	nsyilxcn	transcription	aɬíʔ ʕapnáʔ talíʔ kn x̌ʷupt.	page 11, engine language
(23b) line 4	nsyilxcn	gloss	but now really 1SG.SUBJ weak	page 11, engine english
(23b) line 5	John Lyon	translation	‘I was good today, but now I am tired.’ (Delphine Derickson Armstrong)	page 11, engine english
footnote 12	John Lyon	note	12 Regarding the underlying agentive -m, it is important to note that middle -m (or other (in)transitivizer) is generally required to derive an agentive interpretation of a change-of-state root like q̓ay̓ ‘get written’ or q̓əc̓ ‘get braided’, and this -m surfaces in non-continuative forms. Conversely, middle -m is incompatible with c- statives, which must remain patient-oriented (Lyon 2023).	page 11, footnote
§2.3	nsyilxcn	cited form	q̓ay̓	page 11, ‘get written’
§2.3	nsyilxcn	cited form	q̓əc̓	page 11
§2.3	John Lyon	note	It is important to note that the continuative does not affect argument structure. As the examples above show, intransitive agentive continuatives select for oblique t objects just as basic middle intransitives do, transitive continuatives select for core iʔ DP objects just as regular transitives do, and patient-oriented continuatives retain the patient-oriented property of their underlying predicate. At first glance, some intransitive continuatives appear ambiguous between agentive and patient-oriented readings (24–26). This is however explained if the agentive forms (a cases) contain the c- imperfective marker and a coalesced agent-introducing middle -m,12 whereas the patient- oriented forms (b cases) are bare change-of-state roots prefixed by the stative marker c-, without any -m suffix.	page 11
(24a) line 1	nsyilxcn	segmentation	kn s-c-q̓əy̓-míx.	page 12, engine language
(24a) line 2	nsyilxcn	gloss	1SG.SUBJ CONT-IPFV-get.written(-MID)+CONT	page 12, engine english
(24a) line 3	John Lyon	translation	‘I’m writing.’ (Delphine Derickson Armstrong)	page 12, engine english
(24b) line 1	nsyilxcn	segmentation	s-c-q̓əy̓-míx i-s-c-k̓ʷúl̓.	page 12, engine language
(24b) line 2	nsyilxcn	gloss	CONT-STAT-get.written-CONT 1SG.POSS-NMLZ-STAT-get.made	page 12, engine english
(24b) line 3	John Lyon	translation	‘My work is written.’ (Delphine Derickson Armstrong)	page 12, engine english
(25a) line 1	nsyilxcn	segmentation	kn s-c-q̓əc̓-míx t sq̓əq̓átəlqs.	page 12, engine language
(25a) line 2	nsyilxcn	gloss	1SG.SUBJ CONT-IPFV-get.braided(-MID)+CONT OBL sweater	page 12, engine english
(25a) line 3	John Lyon	translation	‘I’m braiding/knitting a sweater.’ (Delphine Derickson Armstrong)	page 12, engine english
(25b) line 1	nsyilxcn	segmentation	s-c-q̓əc̓-míx i-sq̓əq̓átəlqs.	page 12, engine language
(25b) line 2	nsyilxcn	gloss	CONT-STAT-get.braided-CONT 1SG.POSS-sweater	page 12, engine english
(25b) line 3	John Lyon	translation	‘My sweater is (already) knitted (lit. ‘braided’)’ (Delphine Derickson Armstrong)	page 12, engine english
(26a) line 1	nsyilxcn	segmentation	kn s-c-nik̓-x t sp̓íc̓ən.	page 12, engine language
(26a) line 2	nsyilxcn	gloss	1SG.SUBJ CONT-IPFV-get.cut(-MID)+CONT OBL rope	page 12, engine english
(26a) line 3	John Lyon	translation	‘I’m cutting a rope.’ (Dave Michele | VF)	page 12, engine english
(26b) line 1	nsyilxcn	segmentation	lut t̓ a-k-s-k̓ʷúl̓-əm ixíʔ iʔ sp̓íc̓ən,	page 12, engine language
(26b) line 2	nsyilxcn	gloss	NEG NEG.FAC 2SG.POSS-PROS-CONT-get.made(-DIR)-CONT that DET rope	page 12, engine english
(26b) line 3	nsyilxcn	segmentation	s-c-nik̓-x iʔ sp̓íc̓ən.	page 12, engine language
(26b) line 4	nsyilxcn	gloss	CONT-STAT-get.cut-CONT DET rope	page 12, engine english
(26b) line 5	John Lyon	translation	‘You can’t use that rope, it’s (already) cut.’ (Delphine Derickson Armstrong | VF)	page 12, engine english
§2.3	John Lyon	note	This analysis is motivated in part by their clearly imperfective vs. stative interpretations, but additional evidence that c- is the stative marker in the (b) cases above, rather than the imperfective, comes from the fact that while a c- prefix is optional in agentive continuatives such as the (a) cases above (in which case they will be interpreted as ∅- perfectives), a c- prefix is required for the patient-oriented (b) cases, as shown by (27, cf. 24–26 b cases).	page 12
(27a) line 1	nsyilxcn	segmentation	* s-q̓əy̓-míx i-s-c-k̓ʷúl̓.	page 12, engine residue
(27a) line 2	nsyilxcn	gloss	CONT-get.written-CONT 1SG.POSS-NMLZ-STAT-get.made	page 12, engine english
(27a) line 3	John Lyon	translation	‘My work is written.’ (Delphine Derickson Armstrong)	page 12, engine english
(27b) line 1	nsyilxcn	segmentation	* s-q̓əc̓-míx i-sq̓əq̓átəlqs.	page 12, engine language
(27b) line 2	nsyilxcn	gloss	CONT-get.braided-CONT 1SG.POSS-sweater	page 12, engine english
(27b) line 3	John Lyon	translation	‘My sweater is knitted (lit. ‘braided’).’ (Delphine Derickson Armstrong)	page 12, engine english
(27c) line 1	nsyilxcn	segmentation	* lut t̓ a-k-s-k̓ʷúl̓-əm ixíʔ iʔ sp̓íc̓ən,	page 12, engine language
(27c) line 2	nsyilxcn	gloss	NEG NEG.FAC 2SG.POSS-PROS-CONT-get.made(-DIR)-CONT that DET rope	page 12, engine english
(27c) line 3	nsyilxcn	segmentation	s-nik̓-x iʔ sp̓íc̓ən.	page 12, engine language
(27c) line 4	nsyilxcn	gloss	CONT-get.cut-CONT DET rope	page 12, engine english
(27c) line 5	John Lyon	translation	‘You can’t use that rope, it’s (already) cut.’ (Delphine Derickson Armstrong)	page 12, engine english
§2.3	John Lyon	note	The bolded continuous predicates in (27) are ungrammatical as patient-oriented, ∅- perfective predicates because imperfective and perfective viewpoint aspect cannot combine directly with a bare unaccusative, change-of-state root (Lyon 2023). Stative c- can, however. Thus, although stative c- is in complementary distribution with imperfective c- and perfective ∅-, these examples support an argument whereby stative c- is not, semantically or syntactically, a viewpoint aspect.13 Stative c- nevertheless derives the type of predicate which the continuative can combine with. Overall, the pattern in (24) to (27) provides additional evidence for a compositional approach to continuous aspect, since continuative predicates show the same derivational and inflectional contrasts as the imperfective, perfective, and stative predicates they combine with. This is clearly consistent with an analysis of the continuative as an outer layer of viewpoint aspect, applying on top of the (im)perfective layer.	page 13
§2.3	John Lyon	note	I conclude that continuous aspect in Nsyilxcn is compositional and consists of a circumfix s-…- (mi)x for intransitive predicates, and s-…-(a)m for transitive predicates. These circumfixes apply to formally perfective, imperfective, and stative predicates, and preserve both the argument structure of the underlying predicate as well as core features of the viewpoint aspect of the underlying predicate.	page 13
§3	John Lyon	heading	3 Is continuous aspect a perfect?	page 13
§3	John Lyon	note	This section examines Nsyilxcn continuous forms, particularly perfectives, with respect to a range of tests presented and discussed in Bertrand et al. (2022), a cross-linguistic study of perfect constructions aimed at determining whether ‘perfect’ is a grammatically valid category, and what empirical properties perfects share cross-linguistically.	page 13
§3	John Lyon	note	Nsyilxcn perfective continuatives show all the cross-linguistic properties of perfects (See Table 1). In contrast, in the absence of specific adverbials, imperfective continuatives seem very un- perfect-like, though given that they require an eventuality to be in-progress at a reference time, they do occur in contexts which favour universal-perfect interpretations.	page 13
§3	John Lyon	note	Table 1: Nsyilxcn continuative results for Bertrand et al. (2022) perfect tests Perfective continuous Imperfective continuous Experiential reading √ # Dead subjects possible √ ?	page 13
§3	John Lyon	note	Result state reading √ # Cancellation of result state √ # Recent past √ # Narrative progression √ ?	page 13
footnote 13	John Lyon	note	13 Lyon (2023) argues that change-of-state roots minimally require derivation into stative or inchoative forms, to yield a patient-oriented interpretation, or middle -m (or a transitivizer) for an agentive interpretation. Given that the stativizer, inchoativizer, and middle marker are in complementary distribution, stative c- is likely lower in the clause.	page 13, footnote
§3	John Lyon	note	Definite time adverbials √ # Continuous reading √ (√) I present examples and argumentation below showing how Nsyilxcn continuatives satisfy or fail to satisfy each of the tests in Table 1 above.	page 13
§3.1	John Lyon	heading	3.1 Experientials	page 14
§3.1	John Lyon	note	Perfect interpretations are commonly grouped into two kinds: existentials, whereby an event must have been true at least once at some time in the past, and universal or ‘continuous’ readings, whereby an event or eventuality can hold at the evaluation time. Experiential readings are one subcase of an existential perfect. For experiential perfect readings, the event must occur (at least once) sometime prior to the reference time (Figure 1).	page 14
§3.1	John Lyon	note	Figure 1: Experiential perfect In Nsyilxcn, basic imperfectives (28a) and perfectives (28b, 29) (as well as statives, not shown here) are volunteered in experiential contexts. This makes sense given that both habituals and perfectives are interpreted as involving at least one completed event.	page 14
(28a) line 1	nsyilxcn	segmentation	ha kʷ c-k-ʔəmt-íw̓s iʔ l snkɬc̓aʔsqáx̌aʔ.	page 14, engine language
(28a) line 2	nsyilxcn	gloss	Q 2SG.SUBJ IPFV-RES-ride.on-middle DET on horse	page 14, engine english
(28a) line 3	John Lyon	translation	Target: ‘Have you ever ridden horses before?’	page 14, engine english
(28a) line 4	John Lyon	translation	Literally: ‘Do you ride on horses?’ (Dave Michele | VF)	page 14, engine english
(28b) line 1	John Lyon	note	Answer to: “Who has ever ridden in the Omak Stampede?”	page 14, engine english
(28b) line 2	nsyilxcn	segmentation	way̓ kn ∅-k-ʔəmt-íw̓s iʔ k̓l Omak iʔ snpan̓uscút-s.	page 14, engine language
(28b) line 3	nsyilxcn	gloss	yes 1SG.SUBJ PFV-RES-ride.on-middle DET to Omak DET rodeo-3POSS	page 14, engine english
(28b) line 4	John Lyon	translation	Target: ‘I’ve ridden in the Omak Stampede.’	page 14, engine english
(28b) line 5	John Lyon	translation	Literally: ‘I rode in the Omak stampede.’ (Dave Michele | VF)	page 14, engine english
(29) line 1	nsyilxcn	segmentation	uc pənʔkín kiʔ ∅-ʔaq̓ʷ-nt-xʷ an-c̓ásy̓qən?	page 14, engine language
(29) line 2	nsyilxcn	gloss	DUB when ADJT.C PFV-shave-DIR-2SG.ERG 2SG.POSS-head	page 14, engine english
(29) line 3	John Lyon	translation	Target: ‘Have you ever shaved your head before?’	page 14, engine english
(29) line 4	John Lyon	translation	Literally: ‘Did you ever shave your head?’ (Dave Michele | VF)	page 14, engine english
§3.1	John Lyon	note	Perfective continuatives are also judged good, however, and are sometimes volunteered in experiential contexts. The perfective continuatives in (30a,b) form near-minimal pairs with basic perfectives (28b, 29).	page 14
(30a) line 1	John Lyon	note	Answer to: “Who has ever ridden in the Omak Stampede?”	page 14, engine english
(30a) line 2	nsyilxcn	segmentation	way̓ kn s-∅-k-ʔəm•ʔəmt-íw̓s-x iʔ k̓l Omak	page 14, engine language
(30a) line 3	nsyilxcn	gloss	yes 1SG.SUBJ CONT-PFV-RES-TRED•ride.on-middle-CONT DET to Omak	page 14, engine english
(30a) line 4	nsyilxcn	segmentation	iʔ snpan̓uscút-s.	page 14, engine language
(30a) line 5	nsyilxcn	gloss	DET rodeo-3POSS	page 14, engine english
(30a) line 6	John Lyon	translation	‘I’ve ridden in the Omak Stampede.’ (Dave Michele)	page 14, engine english
(30b) line 1	nsyilxcn	segmentation	uc pənʔkín kiʔ a-s-∅-ʔáq̓ʷ-əm an-c̓ásy̓qən?	page 15, engine language
(30b) line 2	nsyilxcn	gloss	DUB when ADJT.C 2SG.POSS-CONT-PFV-shave(-DIR)-CONT 2SG.POSS-head	page 15, engine english
(30b) line 3	John Lyon	translation	‘Have you ever shaved your head before?’ (Dave Michele)	page 15, engine english
(30c) line 1	nsyilxcn	segmentation	swit ha s-∅-wík-əm-s iʔ yəx̌ʷyx̌ʷútqn?	page 15, engine language
(30c) line 2	nsyilxcn	gloss	who Q CONT-PFV-see(-DIR)-CONT-3POSS DET badger	page 15, engine english
(30c) line 3	John Lyon	translation	‘Who has ever seen a badger before?’ (Delphine Derickson Armstrong | VF)	page 15, engine english
§3.1	John Lyon	note	In the absence of any adverbial, imperfective continuatives require that the event be in-progress, and so these are not acceptable in experiential contexts.	page 15
(31) line 1	John Lyon	note	Context: Answer to question “Has Mary ever cooked before?”	page 15, engine english
(31a) line 1	nsyilxcn	segmentation	Marí way̓ s-∅-k̓ʷəl̓-c-ncút-x.	page 15, engine language
(31a) line 2	nsyilxcn	gloss	Mary already CONT-PFV-make-food-REFL-CONT	page 15, engine english
(31a) line 3	John Lyon	translation	‘Mary has cooked before.’ (Delphine Derickson Armstrong, Dave Michele)	page 15, engine english
(31b) line 1	nsyilxcn	segmentation	# Marí way̓ s-c-k̓ʷəl̓-c-ncút-x.	page 15, engine language
(31b) line 2	nsyilxcn	gloss	Mary already CONT-IPFV-make-food-REFL-CONT	page 15, engine english
§3.1	John Lyon	note	# ‘Mary’s cooking now.’ (Delphine Derickson Armstrong, Dave Michele)	page 15
(32a) line 1	nsyilxcn	segmentation	# səxm̓aʔm̓áyaʔm Smith siw-s iʔ scəcm̓álaʔ, “swit iʔ	page 15, engine language
(32a) line 2	nsyilxcn	gloss	teacher Smith ask(-DIR)-3ERG DET children who DET	page 15, engine english
(32a) line 3	nsyilxcn	segmentation	s-c-qilt-x iʔ k̓l wist?”	page 15, engine language
(32a) line 4	nsyilxcn	gloss	CONT-IPFV-summit-CONT DET to high	page 15, engine english
(32a) line 5	John Lyon	translation	‘Miss Smith asks the kids, “Who has ever climbed a mountain?”’	page 15, engine english
(32a) line 6	Delphine Derickson Armstrong	speaker comment	Comment: “They’re already on their way (even though they are sitting in the classroom).” (Delphine Derickson Armstrong, cf. Matthewson 2014)	page 15, engine english, named after the comment
(32b) line 1	nsyilxcn	segmentation	# ha kʷ s-c-k-ʔəmt-íw̓s-x iʔ l snkɬc̓aʔsqáx̌aʔ?	page 15, engine language
(32b) line 2	nsyilxcn	gloss	Q 2SG.SUBJ CONT-IPFV-RES-ride.on-middle-CONT DET on horse	page 15, engine english
(32b) line 3	John Lyon	translation	Target: ‘Have you ever been riding on a horse?’	page 15, engine english
(32b) line 4	John Lyon	translation	Actual: ‘Are you riding on a horse?’ (Dave Michele)	page 15, engine english
§3.1	John Lyon	note	Notice the contrast between imperfective continuative (32b) and basic imperfective in (33, cf. 28a). This illustrates an important semantic effect of the continuative: to remove the possibility of a habitual reading.	page 15
(33) line 1	nsyilxcn	segmentation	ha kʷ c-k̓əmt-íw̓s iʔ l snkɬc̓aʔsqáx̌aʔ?	page 15, engine language
(33) line 2	nsyilxcn	gloss	Q 2SG.SUBJ IPFV-ride-middle DET on horse	page 15, engine english
(33) line 3	John Lyon	translation	Target: ‘Have you ever ridden horses before?’	page 15, engine english
(33) line 4	John Lyon	translation	Literally: ‘Do you ride on horses?’ (Dave Michele | VF)	page 15, engine english
§3.1	John Lyon	note	It is important to note that although imperfective continuatives are often translated as “happening right now”, they may easily be interpreted in the present or past tense (34), since Tense in Nsyilxcn is null for past, present, and future (Dunham 2011; see Matthewson 2006 for St’át’imcets).14	page 16
(34a) line 1	nsyilxcn	segmentation	kʷ s-c-ʔkin-x t spiʔsc̓íɬt?	page 16, engine language
(34a) line 2	nsyilxcn	gloss	2SG.SUBJ CONT-IPFV-do.what-CONT OBL yesterday	page 16, engine english
(34a) line 3	John Lyon	translation	‘What were you doing yesterday?’	page 16, engine english
(34b) line 1	nsyilxcn	segmentation	kn s-c-k̓ʷul̓-x t spiʔscíɬt.	page 16, engine language
(34b) line 2	nsyilxcn	gloss	1SG.SUBJ CONT-IPFV-work(-MID)-CONT OBL yesterday	page 16, engine english
(34b) line 3	John Lyon	translation	‘I was working yesterday.’ (Delphine Derickson Armstrong)	page 16, engine english
§3.1	John Lyon	note	Given imperfective continuatives are not possible as experiential perfects in the present tense, I take this as evidence that past tense imperfective continuatives are also not experiential perfects. To clarify, just as present tense (32b) is better translated as Are you riding on a horse? as opposed to Have you been riding on a horse? (which has an experiential reading on one interpretation in English, Iatridou et al. 2001), past tense (34b) corresponds more closely to English past progressive I was working yesterday, as opposed to past perfect progressive I had been working yesterday. This represents one major difference between English and Nsyilxcn. In English, experiential readings of progressives are common, consider for example Have you ever been climbing before? (Iatridou et al. 2001; Pancheva 2003). I take this as evidence that the continuative itself is not contributing a perfect semantics.	page 16
§3.1	John Lyon	note	Note that habitual-like readings of imperfective continuatives are possible in the context of an adverbial clause under a since interpretation, as discussed in detail below in sections 4 and 6. The events of ‘praying’ or ‘helping my aunt’ in (35a,b) are most naturally interpreted as not in progress at utterance time, but rather as part of some larger interval which does include the utterance time.	page 16
(35a) line 1	nsyilxcn	segmentation	kn ɬə sk̓ʷək̓ʷíyməlt kiʔ kn s-c-k̓ʕa-x.	page 16, engine language
(35a) line 2	nsyilxcn	gloss	1SG.SUBJ when young ADJT.C 1SG.SUBJ CONT-IPFV-pray-CONT	page 16, engine english
(35a) line 3	John Lyon	translation	‘I’ve been praying ever since I was a young.’ (Dave Michele | VF)	page 16, engine english
(35b) line 1	nsyilxcn	segmentation	kn ɬə sk̓ʷək̓ʷíyməlt kiʔ i-s-c-knxít-əm	page 16, engine language
(35b) line 2	nsyilxcn	gloss	1SG.SUBJ when young ADJT.C 1SG.POSS-CONT-IPFV-help(-DIR)-CONT	page 16, engine english
(35b) line 3	nsyilxcn	segmentation	i-sw̓aʔw̓ásaʔ.	page 16, engine language
(35b) line 4	nsyilxcn	gloss	1SG.POSS-aunt	page 16, engine english
(35b) line 5	John Lyon	translation	‘I’ve been helping my aunt ever since I was young.’ (Dave Michele)	page 16, engine english
footnote 14	John Lyon	note	14 Imperfective continuatives are typically not accepted in the future without prospective k(s)-. This is interesting, since perfective continuatives do allow future readings in some cases without a prospective marker (Section 4.3). More work is needed here.	page 16, footnote
§3.1	John Lyon	note	Overall, the Nsyilxcn examples in this section show that perfective continuatives are good in contexts which favour an experiential perfect in English, but that imperfective continuatives are not, except possibly in the presence of certain adverbial clauses. This raises questions around whether imperfective continuatives must contain a perfect-like semantics as part of their core meaning, or whether they are simple progressives. I return to these questions below.	page 16
§3.2	John Lyon	heading	3.2 No lifetime effect	page 17
§3.2	John Lyon	note	Lifetime effects have been reported for perfect constructions in other languages, including the English present perfect. For example, #Abraham Lincoln has signed the Emancipation Proclamation sounds odd, given that Lincoln is no longer alive. In Nsyilxcn, statives and basic perfectives are often volunteered in contexts involving deceased subjects, but perfective continuatives are also volunteered, showing the probable absence of any lifetime effect for the continuative.	page 17
(36a) line 1	nsyilxcn	segmentation	(twi-)Pit Simu s-∅-k-laʕ-míx t xʷʔit t smaʔmáy̓.	page 17, engine language
(36a) line 2	nsyilxcn	gloss	(twi-)Pete Seymour CONT-PFV-RES-put.on(-MID)-CONT OBL many OBL story	page 17, engine english
§3.2	nsyilxcn	cited form	sílxʷaʔ	page 17
§3.2	nsyilxcn	cited form	iʔ	page 17
§3.2	nsyilxcn	cited form	ylmíxʷəm	page 17
§3.2	nsyilxcn	cited form	p̓lk̓múlaʔxʷ	page 17
§3.2	nsyilxcn	cited form	s-∅-x̌əlwís-m-s	page 17
§3.2	nsyilxcn	cited form	yaʕyáʕt	page 17
§3.2	nsyilxcn	cited form	tmxʷúlaʔxʷ	page 17
§3.2	John Lyon	note	# ‘Pete Seymour has recorded many stories.’ (Delphine Derickson Armstrong, Dave Michele | VF) b. sílxʷaʔ iʔ ylmíxʷəm p̓lk̓múlaʔxʷ s-∅-x̌əlwís-m-s big DET chief p̓lk̓múlaʔxʷ CONT-PFV-go.around(-DIR)-CONT-3POSS yaʕyáʕt iʔ tmxʷúlaʔxʷ.	page 17
§3.2	nsyilxcn	cited form	x̌əlwísəm(nt)s	page 17
§3.2	John Lyon	note	all DET land # ‘Chief p̓lk̓múlaʔxʷ has travelled all over the land.’ (Dave Michele) DD Comment: “Either way, with or without the s-.” (i.e., plain perfective transitive x̌əlwísəm(nt)s is good in this context) Note that because Tense is null in Nsyilxcn, the examples in (36) might equally well be translated as past tense Pete Seymour had recorded many stories, and Chief p̓lk̓múlaʔxʷ had travelled all over the land, which sound much better in English. Indeed, Nsyilxcn perfective continuatives must be interpreted in the past tense in some instances (37).	page 17
(37) line 1	nsyilxcn	segmentation	way̓ kn s-∅-k̓ʷúl̓•əl̓-x kiʔ sic	page 17, engine language
(37) line 2	nsyilxcn	gloss	already 1SG.SUBJ CONT-PFV-get.made•C2.INCH-CONT ADJT.C new	page 17, engine english
(37) line 3	nsyilxcn	segmentation	iʔ kíc-nt-əm iʔ s-n-q̓lt-iɬxʷ-tn.	page 17, engine language
(37) line 4	nsyilxcn	gloss	DET arrive-DIR-1PL.ERG DET NMLZ-LOC-sick-place-INTR	page 17, engine english
(37) line 5	John Lyon	translation	‘I had already been born by the time we reached the hospital.’	page 17, engine english
(37) line 6	John Lyon	citation	(Delphine Derickson Armstrong | VF)	page 17, engine english
§3.2	John Lyon	note	Because (i) Nsyilxcn Tense is null, and (ii) a person who may be described as deceased has necessarily passed away at some prior time, it is difficult to definitively rule out the possibility that Nsyilxcn continuatives do have a lifetime effect and that the examples in (36) are acceptable only because they have a null past tense marker. In Section 3.8, I show that perfective continuative states show present tense, universal readings. I therefore assume that a present tense interpretation of the sentences in (36) remains a possibility.	page 17
§3.3	John Lyon	heading	3.3 Resultatives	page 17
§3.3	John Lyon	note	For resultative perfects, the result state (E2 in Figure 2) of an event (E1) must hold at the reference time. This distinguishes resultatives from experiential perfects, where a result state need not hold at the reference time.	page 17
§3.3	John Lyon	note	Figure 2: Resultative perfect In Nsyilxcn, perfective continuatives are volunteered in resultative contexts, as are basic perfectives and statives. In (38) below, the E1 event of falling asleep (a),15 being birthed (b), or arriving (c) must have occurred prior to the reference time, and the resulting state of being asleep or having been born (E2) continues at the reference time.	page 18
(38) line 1	nsyilxcn	transcription	a. Marí	page 18, the orthography
(38) line 1	nsyilxcn	transcription	t̓i	page 18, the orthography
(38) line 1	nsyilxcn	transcription	uɬ	page 18, the orthography
(38) line 1	nsyilxcn	transcription	cut	page 18, the orthography
(38) line 1	John Lyon	translation	“sxʷm̓aʔm̓áyaʔm Smith, Bob way̓ s-∅-ʔítx-əx.”	page 18
§3.3	nsyilxcn	cited form	way̓	page 18
§3.3	nsyilxcn	cited form	ʔitx	page 18
§3.3	nsyilxcn	cited form	s-∅-k̓ʷúl̓•əl̓-x	page 18
§3.3	nsyilxcn	cited form	kiʔ	page 18
§3.3	nsyilxcn	cited form	iʔ	page 18
§3.3	nsyilxcn	cited form	kíc-nt-əm	page 18
§3.3	nsyilxcn	cited form	s-n-q̓lt-iɬxʷ-tn	page 18
§3.3	John Lyon	note	Mary EXCL and say teacher Smith Bob already CONT-PFV-sleep-CONT ‘Mary interrupts to say, “Miss Smith, Bob has fallen asleep!”’ Comment: “Or you could say Bob way̓ ʔitx.” (Delphine Derickson Armstrong, cf. Matthewson 2014) b. way̓ kn s-∅-k̓ʷúl̓•əl̓-x kiʔ sic already 1SG.SUBJ CONT-PFV-get.made•C2.INCH-CONT ADJT.C new iʔ kíc-nt-əm iʔ s-n-q̓lt-iɬxʷ-tn.	page 18
§3.3	nsyilxcn	cited form	uɬ	page 18
§3.3	nsyilxcn	cited form	s-∅-kícx-əx	page 18
§3.3	John Lyon	note	DET arrive-DIR-1PL.ERG DET NMLZ-LOC-sick-place-INTR ‘I had already been born by the time we reached the hospital.’ (Delphine Derickson Armstrong | VF) c. Context: My friend Kathy is flying to Vancouver, but her flight keeps getting delayed. Eventually, she gets here after all, and she sends me a message. (context from Reisinger & Huijsmans 2023) way̓ uɬ sic kn s-∅-kícx-əx.	page 18
§3.3	John Lyon	note	already and new 1SG.SUBJ CONT-PFV-arrive-CONT ‘I’ve finally arrived.’ Comment: “Or you could say way̓ uɬ sic kn kicx.” (Delphine Derickson Armstrong) In contrast, imperfective continuatives do not have resultative meanings. In (39a,b) below, nothing is being asserted about some resulting state (E2) as separate from the event (E1), only that the reference time is included within some in-progress event.	page 18
(39a) line 1	nsyilxcn	segmentation	# Marí t̓i uɬ cut, “sxʷm̓aʔm̓áyaʔm Smith, Bob way̓ s-c-ʔítx-əx.”	page 18, engine language
(39a) line 2	nsyilxcn	gloss	Mary EXCL and say teacher Smith Bob already CONT-IPFV-sleep-CONT	page 18, engine english
(39a) line 3	John Lyon	translation	Target: ‘Mary interrupts to say, “Miss Smith, Bob has fallen asleep.”’	page 18, engine english
(39a) line 4	Delphine Derickson Armstrong	speaker comment	Comment: “One without c- is better because he had fallen asleep. This one means he is sleeping. You could also say way̓ ʔitx.” (Delphine Derickson Armstrong | VF)	page 18, engine english, named after the comment
footnote 15	John Lyon	note	15 Both continuous perfective inchoative sʔitxəx and basic perfective inchoative ʔitx mean roughly ‘has fallen asleep’ in this context. ʔitx itself is ambiguous between a zero-derived inchoative ‘fall asleep’ and an activity of ‘sleeping’.	page 18, footnote
§3.3	nsyilxcn	cited form	sʔitxəx	page 18
(39b) line 1	nsyilxcn	segmentation	way̓ kn s-c-k̓ʷúl̓•əl̓-x kiʔ sic	page 19, engine language
(39b) line 2	nsyilxcn	gloss	already 1SG.SUBJ CONT-IPFV-get.made•C2.INCH-CONT ADJT.C new	page 19, engine english
(39b) line 3	nsyilxcn	segmentation	iʔ kíc-nt-əm iʔ s-n-q̓lt-iɬxʷ-tn.	page 19, engine language
(39b) line 4	nsyilxcn	gloss	DET arrive-DIR-1PL.ERG DET NMLZ-LOC-sick-place-INTR	page 19, engine english
(39b) line 5	John Lyon	translation	‘I was in the middle of being born when we reached the hospital.’	page 19, engine english
(39b) line 6	John Lyon	citation	(Delphine Derickson Armstrong | VG)	page 19, engine english
§3.3	John Lyon	note	In sum, perfective continuatives can be used in both experiential (see Section 3.1) and resultative contexts, which are sometimes grouped together as ‘existential’ perfects (McCawley 1981; Mittwoch 1988): In both cases, the transitory event itself occurs prior to the reference time, but a result state may (resultative) or may not (experiential) continue to hold at the reference time. This predicts that result states can be cancelled for perfective continuatives, as discussed in the next section.	page 19
§3.4	John Lyon	heading	3.4 Cancellation of result state	page 19
§3.4	John Lyon	note	Result states, and states in general, are cancellable as perfective continuatives, just as they are as basic perfectives. This is shown for a perfective continuative built on an adjectival state predicate in (40a,b) and a result state predicate in (40c).	page 19
(40a) line 1	nsyilxcn	segmentation	iʔ siwɬkʷ [s]-∅-səl•sult-x t sk̓aʔɬásq̓ət uɬ ʕapnáʔ	page 19, engine language
(40a) line 2	nsyilxcn	gloss	DET water CONT-PFV-TRED•frozen-CONT OBL last.week and now	page 19, engine english
(40a) line 3	nsyilxcn	segmentation	way̓ s-c-ʕam̓•m̓-míx.	page 19, engine language
(40a) line 4	nsyilxcn	gloss	already CONT-IPFV-melt•C2.INCH-CONT	page 19, engine english
(40a) line 5	John Lyon	translation	Target: ‘The water has been frozen since last week but now it is melting.’	page 19, engine english
(40a) line 6	John Lyon	citation	(Delphine Derickson Armstrong | VF)	page 19, engine english
(40b) line 1	nsyilxcn	segmentation	in-pús t sk̓aʔɬásq̓ət s-∅-q̓ilt-x uɬ way̓	page 19, engine language
(40b) line 2	nsyilxcn	gloss	1SG.POSS-cat OBL last.week CONT-PFV-sick-CONT and already	page 19, engine english
(40b) line 3	nsyilxcn	segmentation	ʕapnáʔ s-∅-x̌əst-wílx-əx.	page 19, engine language
(40b) line 4	nsyilxcn	gloss	now CONT-PFV-good-become-CONT	page 19, engine english
(40b) line 5	John Lyon	translation	Target: ‘My cat has been sick since last week, but now she is better.’	page 19, engine english
(40b) line 6	John Lyon	citation	(Delphine Derickson Armstrong)	page 19, engine english
(40c) line 1	nsyilxcn	segmentation	iʔ citxʷ s-∅-n-qʷəlx-úlaʔxʷ-əx ɬ-k̓ʷul̓-səlx.	page 19, engine language
(40c) line 2	nsyilxcn	gloss	DET house CONT-PFV-LOC-get.burned-land-CONT again-get.made(-DIR)-3PL.ERG	page 19, engine english
(40c) line 3	John Lyon	translation	Target: ‘The house has been burned, but now it is rebuilt.’	page 19, engine english
(40c) line 4	John Lyon	citation	(Delphine Derickson Armstrong | VF: nqʷəlxúlaʔxʷ)	page 19, engine residue
§3.4	John Lyon	note	As discussed in Section 3.2, it is possible that the (initial) bolded predicates in (40) are being interpreted relative to a null past tense, rather than the present tense indicated in the target sentence. Regardless, the eventuality denoted by the (initial) bolded predicates no longer holds at the final reference time.	page 19
§3.4	John Lyon	note	Imperfective continuatives also seem to allow cancellation, but because Tense is null, and given the examples in sections 3.1 to 3.3 showing that these do not have existential perfect interpretations, I suggest that these are better analyzed as past tense progressives whose eventualities have ceased. In other words, the initial conjuncts below are evaluated relative to a past reference time, while the second conjuncts are evaluated relative to the present.	page 19
(41a) line 1	nsyilxcn	segmentation	iʔ siwɬkʷ s-c-sult-míx t sk̓aʔɬásq̓ət uɬ ʕapnáʔ	page 20, engine language
(41a) line 2	nsyilxcn	gloss	DET water CONT-IPFV-frozen-CONT OBL last.week and now	page 20, engine english
(41a) line 3	nsyilxcn	segmentation	way̓ s-c-ʕam̓•m̓-míx.	page 20, engine language
(41a) line 4	nsyilxcn	gloss	already CONT-IPFV-melt•C2.INCH-CONT	page 20, engine english
(41a) line 5	John Lyon	translation	‘The water has been frozen since last week, but now it is melting.’	page 20, engine english
§3.4	nsyilxcn	cited form	in-pús	page 20
§3.4	nsyilxcn	cited form	sk̓aʔɬásq̓ət	page 20
§3.4	nsyilxcn	cited form	s-c-q̓ilt-x	page 20
§3.4	nsyilxcn	cited form	uɬ	page 20
§3.4	nsyilxcn	cited form	way̓	page 20
§3.4	nsyilxcn	cited form	ʕapnáʔ	page 20
§3.4	nsyilxcn	cited form	s-∅-x̌əst-wílx-əx	page 20
§3.4	John Lyon	note	-or- ‘The water was frozen last week but now it is melting.’ (Delphine Derickson Armstrong) b. in-pús t sk̓aʔɬásq̓ət s-c-q̓ilt-x uɬ way̓ 1SG.POSS-cat OBL last.week CONT-IPFV-sick-CONT and already ʕapnáʔ s-∅-x̌əst-wílx-əx.	page 20
§3.4	John Lyon	note	now CONT-PFV-good-become-CONT ‘My cat has been sick since last week, but now she is better.’ -or- ‘My cat was sick last week, but now she is better.’ (Delphine Derickson Armstrong | VF)	page 20
§3.5	John Lyon	heading	3.5 Recent past	page 20
§3.5	John Lyon	note	For recent past readings, no result state is necessary, but the event must be complete by reference time. These are essentially experientials, but ones whose events have only recently ended. Figure 3: ‘Recent past’ perfect Identically to the experientials discussed in Section 3.1, perfective continuatives are volunteered in these contexts (42a, 43a), as well as basic perfectives and c- statives (not shown here). Example (42b) shows, again, that an imperfective continuative event must be interpreted as in-progress.	page 20
(42) line 1	John Lyon	note	Context: The teacher is trying to teach, but a child interrupts to say:	page 20, engine english
(42a) line 1	John Lyon	translation	“sxʷm̓aʔm̓áyaʔm Smith, way̓ iʔ hiw̓t s-∅-ƛ̓əl•l-míx.”	page 20, engine language
§3.5	nsyilxcn	cited form	sxʷm̓aʔm̓áyaʔm	page 20
§3.5	nsyilxcn	cited form	way̓	page 20
§3.5	nsyilxcn	cited form	iʔ	page 20
§3.5	nsyilxcn	cited form	hiw̓t	page 20
§3.5	nsyilxcn	cited form	s-c-ƛ̓əl•l-míx	page 20
§3.5	nsyilxcn	cited form	ƛ̓lal	page 20
§3.5	John Lyon	note	teacher Smith already DET rat CONT-PFV-stop•C2.INCH-CONT ‘“Miss Smith, the class pet rat has just died!”’ (Delphine Derickson Armstrong | VF, Matthewson 2014) b. # “sxʷm̓aʔm̓áyaʔm Smith, way̓ iʔ hiw̓t s-c-ƛ̓əl•l-míx.” teacher Smith already DET rat CONT-IPFV-stop•C2.INCH-CONT # ‘“Miss Smith, the class pet rat is/was dying.”’ Comment: “It’s not dying now, it’s dead already, way̓ ƛ̓lal.” (Dave Michele)	page 20
(43) line 1	John Lyon	note	Context: The teacher is trying to teach, but a child interrupts to say:	page 21, engine english
(43a) line 1	nsyilxcn	segmentation	s-∅-nɬəm̓t-míx iʔ híw̓t-(t)ət ʕapnáʔ.	page 21, engine language
(43a) line 2	nsyilxcn	gloss	CONT-PFV-cough-CONT DET rat-1PL.POSS now	page 21, engine english
(43a) line 3	Delphine Derickson Armstrong	translation	‘Our pet rat just coughed.’	page 21, engine english, cited Delphine Derickson Armstrong | VF, Matthewson 2014, volunteered, from Matthewson 2014
(43a) line 4	Delphine Derickson Armstrong	speaker comment	Comment: “Or you could say əcnɬam̓t iʔ hiw̓t.”	page 21, engine language
(43a)	nsyilxcn	cited form	əcnɬam̓t	in the speaker comment, page 21
(43a)	nsyilxcn	cited form	iʔ	in the speaker comment, page 21
(43a)	nsyilxcn	cited form	hiw̓t	in the speaker comment, page 21
(43a) line 5	John Lyon	citation	(Delphine Derickson Armstrong | VF, Matthewson 2014)	page 21, engine english
(43b) line 1	nsyilxcn	segmentation	s-c-nɬəm̓t-míx iʔ híw̓t-(t)ət ʕapnáʔ.	page 21, engine language
(43b) line 2	nsyilxcn	gloss	CONT-IPFV-cough-CONT DET rat-1PL.POSS now	page 21, engine english
(43b) line 3	John Lyon	translation	‘Our pet rat is coughing.’ (Delphine Derickson Armstrong)	page 21, engine english
§3.6	John Lyon	heading	3.6 Narrative progression	page 21
§3.6	John Lyon	note	Perfective continuatives allow narrative progression (44a), similar to basic perfectives (44b).16	page 21
(44a) line 1	nsyilxcn	segmentation	kn s-∅-xʷt̓-ílx-əx, uɬ kn s-∅-cáʕ-lx-əx,	page 21, engine language
(44a) line 2	nsyilxcn	gloss	1SG.SUBJ CONT-PFV-jump.up-AUT-CONT and 1SG.SUBJ CONT-PFV-bathe-AUT-CONT	page 21, engine english
(44a) line 3	nsyilxcn	segmentation	kn s-∅-k̓ʷəl̓-c-ncút-x uɬ kn ks-ʔíɬn-aʔx,	page 21, engine language
(44a) line 4	nsyilxcn	gloss	1SG.SUBJ CONT-PFV-make-food-REFL-CONT and 1SG.SUBJ PROS-eat-PROS	page 21, engine english
(44a) line 5	nsyilxcn	segmentation	uɬ kn ks-xʷaʔxʷíst-aʔx.	page 21, engine language
(44a) line 6	nsyilxcn	gloss	and 1SG.SUBJ PROS-walk-PROS	page 21, engine english
(44a) line 7	John Lyon	translation	‘I got up, I took a shower, I made myself breakfast, and now I’m going to eat and go for a walk.’ (Delphine Derickson Armstrong | VF)	page 21, engine english
(44b) line 1	nsyilxcn	segmentation	kn ∅-xʷt̓-ilx, uɬ kn ∅-caʕ-lx, kn	page 21, engine language
(44b) line 2	nsyilxcn	gloss	1SG.SUBJ PFV-jump.up-AUT and 1SG.SUBJ PFV-bathe-AUT 1SG.SUBJ	page 21, engine english
(44b) line 3	nsyilxcn	segmentation	∅-k̓ʷəl̓-c-ncút uɬ kn ∅-ʔiɬn, uɬ ixíʔ i-s-xʷaʔxʷist.	page 21, engine language
(44b) line 4	nsyilxcn	gloss	PFV-make-food-REFL and 1SG.SUBJ PFV-eat and then 1SG.POSS-NMLZ-walk	page 21, engine english
(44b) line 5	John Lyon	translation	‘I got up, then I took a shower, then I made myself breakfast and I ate, then I went on a walk.’ (Delphine Derickson Armstrong | VF)	page 21, engine english
§3.6	John Lyon	note	The below example shows how narrative progression is compatible with result state cancellation.	page 21
(45) line 1	nsyilxcn	segmentation	in-pús t sk̓aʔɬásq̓ət s-∅-q̓ilt-x uɬ way̓ ʕapnáʔ	page 21, engine language
(45) line 2	nsyilxcn	gloss	1SG.POSS-cat OBL last.week CONT-PFV-sick-CONT and already now	page 21, engine english
(45) line 3	nsyilxcn	segmentation	s-∅-x̌əst-wílx-əx.	page 21, engine language
(45) line 4	nsyilxcn	gloss	CONT-PFV-good-become-CONT	page 21, engine english
(45) line 5	John Lyon	translation	‘My cat has been sick since last week, but now she is better.’	page 21, engine english
(45) line 6	John Lyon	citation	(Delphine Derickson Armstrong | VF)	page 21, engine english
§3.6	nsyilxcn	cited form	uɬ	page 21
footnote 16	John Lyon	note	16 This is somewhat surprising, given that St’át’imcets plan ‘already’ does not (Bertrand et al. 2022).	page 21, footnote
§3.6	John Lyon	language	St’át’imcets	St’át’imcets, Lillooet
§3.6	John Lyon	note	Actions do not necessarily progress with conjoined perfectives. This is shown below for both basic (46a) and continuous perfectives (46b), where the two verbs describe simultaneous actions. I assume that this is because the conjunction uɬ does not require temporal ordering.	page 21
(46a) line 1	nsyilxcn	segmentation	∅-manxʷ-əm uɬ ∅-q̓ʷy-ilx i-slax̌t.	page 22, engine language
(46a) line 2	nsyilxcn	gloss	PFV-smoke-MID and PFV-dance-AUT 1SG.POSS-friend	page 22, engine english
(46a) line 3	John Lyon	translation	‘My friend smoked and danced (at the same time).’	page 22, engine english
(46a) line 4	John Lyon	citation	(Delphine Derickson Armstrong, Dave Michele)	page 22, engine english
(46b) line 1	nsyilxcn	segmentation	s-∅-manxʷ-míx uɬ s-∅-q̓ʷy-ílx-əx i-slax̌t.	page 22, engine language
(46b) line 2	nsyilxcn	gloss	CONT-PFV-smoke(-MID)-CONT and CONT-PFV-dance-AUT-CONT 1SG.POSS-friend	page 22, engine english
(46b) line 3	John Lyon	translation	‘My friend smoked and danced (at the same time).’	page 22, engine english
(46b) line 4	John Lyon	citation	(Delphine Derickson Armstrong, Dave Michele)	page 22, engine english
§3.6	John Lyon	note	The difference in meaning between basic and continuative perfectives is subtle and not apparent from an investigation of narrative progression specifically, but two clear differences emerge later in this paper. First, the continuative is required for a universal (‘continuous’) reading of a perfective state in the context of a still adverbial (sections 3.8, 4.1), and second, the continuative strengthens a culmination/termination implicature of a perfective into an entailment (Section 4.4).	page 22
§3.7	John Lyon	heading	3.7 Definite time adverbials	page 22
§3.7	John Lyon	note	Definite time adverbials are grammatical with perfective continuatives (47a), just as with other perfectives (47b).	page 22
(47a) line 1	nsyilxcn	segmentation	kn s-∅-k̓ʷul̓-x t spiʔsc̓íɬt.	page 22, engine language
(47a) line 2	nsyilxcn	gloss	1SG.SUBJ CONT-PFV-get.made(-MID)-CONT OBL yesterday	page 22, engine english
(47a) line 3	John Lyon	translation	‘I worked yesterday.’ (Delphine Derickson Armstrong | VF)	page 22, engine english
(47b) line 1	nsyilxcn	segmentation	kn ∅-k̓ʷúl̓-əm t spiʔsc̓íɬt.	page 22, engine language
(47b) line 2	nsyilxcn	gloss	1SG.SUBJ PFV-get.made-MID OBL yesterday	page 22, engine english
(47b) line 3	John Lyon	translation	‘I worked yesterday.’ (Dave Michele | VF)	page 22, engine english
§3.7	John Lyon	note	Imperfective continuatives also take definite past adverbials, given an appropriate context (48).	page 22
(48) line 1	nsyilxcn	segmentation	kn s-c-k̓ʷul̓-x t spiʔsc̓íɬt.	page 22, engine language
(48) line 2	nsyilxcn	gloss	1SG.SUBJ NMLZ-IPFV-work(-MID)-CONT OBL yesterday	page 22, engine english
(48) line 3	John Lyon	translation	‘I was working yesterday.’ (Delphine Derickson Armstrong | VF)	page 22, engine english
§3.7	John Lyon	note	The compatibility of perfective continuatives with narrative progression, and their co-occurrence with time adverbials, shows that they are similar in some ways to Bertrand et al.’s (2022) past perfective category, as discussed in more detail in the summary (Section 3.9).	page 22
§3.8	John Lyon	heading	3.8 Continuous reading	page 22
§3.8	John Lyon	note	For continuous, or ‘universal’ readings, an event holds throughout an interval whose left boundary is fixed by the context or by an adverbial clause (e.g., since…) and whose right boundary is fixed by the reference time. The event includes the reference time in this case (Figure 4). This matches A. and N. Mattina’s descriptive characterization of Nsyilxcn ‘perfect continuous’ aspect as conveying “continuing relevance”.	page 22
§3.8	nsyilxcn	cited form	mut	page 23, ‘living somewhere’
§3.8	John Lyon	note	since… R Figure 4: Universal perfect In Nsyilxcn, continuatives built from state-denoting predicates are volunteered with continuous readings (McCawley 1981). In (49a), the eventuality of mut ‘living somewhere’ (lit. ‘sitting’) holds at the reference time. Imperfective continuatives are also possible (49b).	page 23
(49a) line 1	nsyilxcn	segmentation	l nk̓maplqs kn s-∅-mut-x uɬ way̓ ʔasəl-sxʷípəpkst	page 23, engine language
(49a) line 2	nsyilxcn	gloss	at head.of.the.lake 1SG.SUBJ CONT-PFV-sit-CONT and already two-thousand	page 23, engine english
(49a) line 3	nsyilxcn	segmentation	uɬ ʔupənkst-əɬ-cílkst spintk.	page 23, engine language
(49a) line 4	nsyilxcn	gloss	and ten-and-five year	page 23, engine english
(49a) line 5	John Lyon	translation	‘I have lived in Vernon since 2015.’	page 23, engine english
(49a) line 6	Delphine Derickson Armstrong	speaker comment	Comment: “You’re talking about how you’ve been staying there since 2015.”	page 23, engine english
(49a) line 7	John Lyon	citation	(Delphine Derickson Armstrong | VF)	page 23, engine english
(49b) line 1	nsyilxcn	segmentation	l nk̓maplqs kn s-c-mut-x uɬ way̓ 2015.	page 23, engine residue
(49b) line 2	nsyilxcn	gloss	at head.of.the.lake 1SG.SUBJ CONT-IPFV-sit-CONT and already 2015	page 23, engine english
(49b) line 3	John Lyon	translation	‘I have been living in Vernon since 2015.’	page 23, engine english
(49b) line 4	John Lyon	citation	(Delphine Derickson Armstrong, Dave Michele)	page 23, engine english
§3.8	John Lyon	note	Perfective continuative states can have either universal (50a) or existential readings, as with experiential (50b).	page 23
(50a) line 1	nsyilxcn	segmentation	ha kʷ s-∅-k-ʔəmt-íw̓s-x iʔ l universal	page 23, engine language
(50a) line 2	nsyilxcn	gloss	Q 2SG.SUBJ CONT-PFV-RES-sit.on-middle-CONT DET on	page 23, engine english
(50a) line 3	nsyilxcn	transcription	snkɬc̓aʔsqáx̌aʔ?	page 23, engine language
(50a) line 4	nsyilxcn	transcription	horse	page 23, engine english
(50a) line 5	John Lyon	translation	‘Are you on a horse (right now)?’ (Delphine Derickson Armstrong | VG)	page 23, engine english
(50b) line 1	John Lyon	note	Answer to: “Who has ever ridden in the Omak Stampede?” experiential	page 23, engine english
(50b) line 2	nsyilxcn	segmentation	way̓ kn s-∅-k-ʔəm•ʔəmt-íw̓s-x iʔ k̓l Omak	page 23, engine language
(50b) line 3	nsyilxcn	gloss	already 1SG.SUBJ CONT-PFV-RES-TRED•sit.on-middle-CONT DET to Omak	page 23, engine english
(50b) line 4	nsyilxcn	segmentation	iʔ snpan̓uscút-s.	page 23, engine language
(50b) line 5	nsyilxcn	gloss	DET rodeo-3POSS	page 23, engine english
(50b) line 6	John Lyon	translation	‘I’ve ridden in the Omak Stampede.’ (Dave Michele)	page 23, engine english
§3.8	nsyilxcn	cited form	aláʔ	page 23, ‘(to be) here’
§3.8	John Lyon	note	In (51), the demonstrative predicate aláʔ ‘(to be) here’ can occur as a continuative with a universal reading (51a,b) and as a basic perfective (51c).	page 23
(51a) line 1	nsyilxcn	segmentation	nyʕip kʷu s-∅-ʔaláʔ-x.	page 23, engine language
(51a) line 2	nsyilxcn	gloss	always 1PL.SUBJ CONT-PFV-here-CONT	page 23, engine english
(51a) line 3	John Lyon	translation	‘We have always been here.’ (language/translation from ONA website)	page 23, engine english
(51b) line 1	nsyilxcn	segmentation	pútiʔ kʷu s-∅-ʔaláʔ-x.	page 24, engine language
(51b) line 2	nsyilxcn	gloss	still 1PL.SUBJ CONT-PFV-here-CONT	page 24, engine english
(51b) line 3	John Lyon	translation	‘We are still here.’	page 24, engine english
(51b) line 4	Delphine Derickson Armstrong	speaker comment	DD Translation: “We’ve been here for a while.”	page 24, engine english
(51b) line 5	John Lyon	citation	(Delphine Derickson Armstrong, Dave Michele)	page 24, engine english
(51c) line 1	nsyilxcn	segmentation	pútiʔ kʷu ∅-aláʔ.	page 24, engine language
(51c) line 2	nsyilxcn	gloss	still 1PL.SUBJ PFV-here	page 24, engine english
(51c) line 3	John Lyon	translation	‘We are still here.’ (Dave Michele, VF)	page 24, engine english
§3.8	John Lyon	note	In (52), the bolded perfective continuative adjectival states have universal readings.	page 24
(52a) line 1	John Lyon	note	Context: Delphine telling a story about how when she was small trees used to explode when it got extremely cold. In the story she hears a loud sound, and asks her father what it was.	page 24, engine english
(52a) line 2	nsyilxcn	segmentation	kʷu cu-s, “ixíʔ aʔ c-c̓l̓•c̓al̓ ałíʔ talíʔ	page 24, engine language
(52a) line 3	nsyilxcn	gloss	1SG.OBJ say-3ERG that DET IPFV-TRED•stand because very	page 24, engine english
(52a) line 4	nsyilxcn	segmentation	s-∅-c̓ałt-x”…	page 24, engine residue
(52a) line 5	nsyilxcn	gloss	CONT-PFV-cold-CONT	page 24, engine english
(52a) line 6	John Lyon	translation	‘He told me, “It’s the trees, because it has been very cold.”’	page 24, engine english
(52a) line 7	John Lyon	citation	(Delphine Derickson Armstrong, VF)	page 24, engine english
(52b) line 1	John Lyon	note	Context: Dave addressing a student who is eating something in class.	page 24, engine english
(52b) line 2	nsyilxcn	segmentation	nikxnáʔ, ha kʷ s-∅-ʔilxʷt-x?	page 24, engine language
(52b) line 3	nsyilxcn	gloss	gee Q 2SG.SUBJ CONT-PFV-hungry-CONT	page 24, engine english
(52b) line 4	John Lyon	translation	‘Goodness, are you still hungry?’ (Dave Michele, VF)	page 24, engine english
(52c) line 1	nsyilxcn	segmentation	taɬt s-∅-nʕast-x iʔ knəxnáx kiʔ maʕt aʔ	page 24, engine language
(52c) line 2	nsyilxcn	gloss	straight CONT-PFV-heavy-CONT DET box ADJT.C get.broken DET	page 24, engine english
(52c) line 3	nsyilxcn	segmentation	nk̓mip-s.	page 24, engine language
(52c) line 4	nsyilxcn	gloss	bottom-3POSS	page 24, engine english
(52c) line 5	John Lyon	translation	‘The box was already heavy by the time the bottom fell out.’	page 24, engine english
(52c) line 6	John Lyon	citation	(Delphine Derickson Armstrong, VF)	page 24, engine english
§3.8	John Lyon	note	Temporary (‘S-level’) states such as those above can occur with or without imperfective c-, while permanent (‘I-level’) states cannot occur with an imperfective (Lyon 2023), similarly to other Salish languages. This also holds for the continuatives built on these predicates (53).	page 24
(53a) line 1	nsyilxcn	transcription	tl pnicíʔ ɬaʔ k̓ʷúl̓•əl̓ kiʔ	page 24, engine language
(53a) line 2	nsyilxcn	gloss	from at.that.time when get.made•C2.INCH ADJT.C	page 24, engine english
(53a) line 3	nsyilxcn	segmentation	s-∅-n-qʷəy•qʷʕáy-s-x.	page 24, engine language
(53a) line 4	nsyilxcn	gloss	CONT-PFV-LOC-TRED•blue-eye-CONT	page 24, engine english
(53a) line 5	John Lyon	translation	‘He has had blue eyes ever since he was born.’ (Delphine Derickson Armstrong, VF)	page 24, engine english
(53b) line 1	nsyilxcn	segmentation	isqʷsíʔ pútiʔ s-∅-n-qʷəy•qʷʕáy-s-x.	page 25, engine language
(53b) line 2	nsyilxcn	gloss	1SG.POSS-son still CONT-PFV-LOC-TRED•blue-eye-CONT	page 25, engine english
(53b) line 3	John Lyon	translation	‘My son still has blue eyes.’ (Dave Michele, VF)	page 25, engine english
(53c) line 1	nsyilxcn	transcription	* tl pnicíʔ ɬaʔ k̓ʷúl̓•əl̓ kiʔ	page 25, engine language
(53c) line 2	nsyilxcn	gloss	from at.that.time when get.made•C2.INCH ADJT.C	page 25, engine english
(53c) line 3	nsyilxcn	segmentation	s-c-n-qʷəy•qʷʕáy-s-x.	page 25, engine language
(53c) line 4	nsyilxcn	gloss	CONT-IPFV-LOC-TRED•blue-eye-CONT	page 25, engine english
footnote *	John Lyon	note	* ‘My son has been having blue eyes ever since he was born.’ (Delphine Derickson Armstrong, Dave Michele) This provides additional evidence for a compositional approach to continuativity, since if sc- were non-compositional, and simply indicated an eventuality in progress, there is no reason to expect that it should be ungrammatical with an I-level state. Continuatives instead follow the same S-/I- level imperfective pattern seen with non-continuative adjectives.17 Adverbial clauses which are contextually equivalent to English since clauses typically give rise to universal perfect-like interpretations. In Nsyilxcn, though there is no dedicated word for since, a target sentence given in English which includes since will nearly always be translated into Nsyilxcn using a continuative with an associated temporal clause which is interpreted as specifying the left boundary of the eventuality .18 In these contexts, dynamic predicates must occur as imperfective continuatives (54a), while for stative predicates, there is a strong tendency for these to be perfective continuatives (54b).	page 25
(54a) line 1	nsyilxcn	segmentation	way̓ ntəx̌ʷx̌ʷqín Bob kiʔ s-c-ʔítx-əx.	page 25, engine language
(54a) line 2	nsyilxcn	gloss	already noon Bob ADJT.C CONT-IPFV-sleep-CONT	page 25, engine english
(54a) line 3	John Lyon	translation	‘Bob has been sleeping since noon.’ (Dave Michele, VF)	page 25, engine english
(54b) line 1	nsyilxcn	segmentation	ɬaʔ c-xʔítiʔ ɬə k̓ʷúl̓•əl̓ uɬ	page 25, engine language
(54b) line 2	nsyilxcn	gloss	when STAT-at.first when get.made•C2.INCH and	page 25, engine english
(54b) line 3	nsyilxcn	segmentation	s-∅-n-qʷəy•qʷʕáy-s-x.	page 25, engine language
(54b) line 4	nsyilxcn	gloss	CONT-PFV-LOC-TRED•blue-eye-CONT	page 25, engine english
(54b) line 5	John Lyon	translation	‘My son has had blue eyes since he was born.’ (Delphine Derickson Armstrong, VF)	page 25, engine english
footnote 17	John Lyon	note	17 Consider as well that continuative I-level adjectives must have continuous readings, otherwise they would not be I-level.	page 25, footnote
footnote 18	John Lyon	note	18 There are occasionally examples of non-continuative, state predicates which may be compatible with a since interpretation, for example (i):	page 25, footnote
§3.8	John Lyon	note	Basic perfectives, in contrast, are sometimes judged infelicitous in since-type sentences with continuous readings. The speaker’s comments in (55, cf. 54b) indicate that the state of being blue eyed is interpreted relative to the event of being born, and not relative to the present reference time, resulting in infelicity. In (54b), the property applies to every point in time between the event of being born, and up to and including the present reference time. I take this to be evidence that either	page 25
footnote 18 (i) line 1	nsyilxcn	segmentation	k̓l nk̓mapəlqs kiʔ kn ∅-mut ʔasil ʔupənkst iʔ sxʷipəpkst-[s].	page 25, engine language
footnote 18 (i) line 2	nsyilxcn	gloss	to head.of.the.lake ADJT.C 1SG.SUBJ PFV-sit two ten DET thousand-3POSS	page 25, engine english
footnote 18 (i) line 3	John Lyon	translation	‘I’ve lived in Vernon since 2000.’ (Delphine Derickson Armstrong | VF)	page 25, engine english
§3.8	John Lyon	note	the continuative, or the since clause, involves or introduces a temporal span within which the eventuality holds (see Section 6).19	page 26
(55) line 1	nsyilxcn	segmentation	# ɬaʔ c-xʔítiʔ ɬə k̓ʷúl̓•əl̓uɬ ∅-n-qʷəy•qʷʕáy-s.	page 26, engine language
(55) line 2	nsyilxcn	gloss	when STAT-at.first when get.made•C2.INCH and PFV-LOC-TRED•blue-eye	page 26, engine english
(55) line 3	John Lyon	translation	Target: ‘My son has had blue eyes since he was born.’	page 26, engine english
(55) line 4	Delphine Derickson Armstrong	speaker comment	Comment: “He’s still blue eyed, isn’t he?” (Delphine Derickson Armstrong)	page 26, engine english, named after the comment
§3.8	John Lyon	note	As a rule, perfective continuatives built from dynamic aktionsarts do not have continuous readings. This is most obviously shown for dynamic predicates in the context of punctual adverbs, as discussed at length above in Section 2.3. By way of further examples, if imperfective c- is absent in the continuative forms in (56) and (57) below, the event cannot hold at the reference time, and the sentences are instead interpreted as experientials (Section 3.1).	page 26
(56) line 1	John Lyon	note	Context: I was in the middle of planting my garden when a late frost took care of the seedlings I had already planted.	page 26, engine english
(56a) line 1	nsyilxcn	segmentation	way̓ kn s-c-k̓ʷanɬq-x´ kiʔ kʷu kíc-nt-əm	page 26, engine language
(56a) line 2	nsyilxcn	gloss	already 1SG.SUBJ CONT-IPFV-plant-CONT ADJT.C 1PL.OBJ arrive-DIR-3ERG	page 26, engine english
(56a) line 3	nsyilxcn	segmentation	iʔ súl-laʔxʷ.	page 26, engine language
(56a) line 4	nsyilxcn	gloss	DET frozen-ground	page 26, engine english
(56a) line 5	John Lyon	translation	‘I was planting (didn’t finish) when the frost came.’ (Dave Michele)	page 26, engine english
(56b) line 1	nsyilxcn	segmentation	# way̓ kn s-∅-k̓ʷanɬq-x kiʔ kʷu kíc-nt-əm	page 26, engine language
(56b) line 2	nsyilxcn	gloss	already 1SG.SUBJ CONT-PFV-plant-CONT ADJT.C 1PL.OBJ arrive-DIR-3ERG	page 26, engine english
(56b) line 3	nsyilxcn	segmentation	iʔ súl-laʔxʷ.	page 26, engine language
(56b) line 4	nsyilxcn	gloss	DET frozen-ground.	page 26, engine english
(56b) line 5	John Lyon	translation	‘I had already planted when the frost came.’	page 26, engine english
(56b) line 6	Dave Michele	speaker comment	Comment: “You need the c-.” (Dave Michele)	page 26, engine english, named after the comment
(57) line 1	John Lyon	note	Context: I was in the middle of cooking when my wife called me with the good news that her sister’s baby was born.	page 26, engine english
(57a) line 1	nsyilxcn	segmentation	way̓ kn s-c-k̓ʷəl̓-c-ncút-x kiʔ i(n)-náx̌ʷnəx̌ʷ	page 26, engine language
(57a) line 2	nsyilxcn	gloss	already 1SG.SUBJ CONT-IPFV-make-food-REFL-CONT ADJT.C 1SG.POSS-wife	page 26, engine english
(57a) line 3	nsyilxcn	segmentation	kʷu cu-s iʔ x̌ast iʔ scm̓iy̓máy̓.	page 26, engine language
(57a) line 4	nsyilxcn	gloss	1SG.OBJ say(-DIR)-3ERG DET good DET news	page 26, engine english
(57a) line 5	John Lyon	translation	‘I had already started cooking dinner when my wife called with the good news.’	page 26, engine english
(57a) line 6	Dave Michele	speaker comment	Comment: “You’re already cooking.” (Dave Michele)	page 26, engine english, named after the comment
footnote 19	John Lyon	note	19 More specifically, the continuative seems to be a semantic ‘conduit’ through which the underlying predicate’s non-maximality can interact with an adverbial’s time span. Section 6.1 provides a preliminary analysis.	page 26, footnote
(57b) line 1	nsyilxcn	segmentation	# way̓ kn s-∅-k̓ʷəl̓-c-ncút-x kiʔ i(n)-náx̌ʷnəx̌ʷ.	page 27, engine language
(57b) line 2	nsyilxcn	gloss	already 1SG.SUBJ CONT-PFV-make-food-REFL-CONT ADJT.C 1SG.POSS-wife	page 27, engine english
(57b) line 3	nsyilxcn	segmentation	kʷu cu-s iʔ x̌ast iʔ scm̓iy̓máy̓.	page 27, engine language
(57b) line 4	nsyilxcn	gloss	1SG.OBJ say(-DIR)-3ERG DET good DET news	page 27, engine english
(57b) line 5	John Lyon	translation	‘I had already finished cooking dinner when my wife called with the good news.’	page 27, engine english
(57b) line 6	Dave Michele	speaker comment	Comment: “Without the c-, you were finished cooking.” (Dave Michele)	page 27, engine english, named after the comment
§3.8	John Lyon	note	Transitive accomplishments (58) and intransitive, inchoative achievements (59) likewise disallow universal interpretations as perfective continuatives. Imperfective c- is required.	page 27
(58) line 1	John Lyon	note	Context: I’m telling you about this house I’ve been working on.	page 27, engine english
(58) line 2	nsyilxcn	segmentation	ʔasəl-spíntk kiʔ i-s-c-/?/#∅-k̓ʷúl̓-ɬxʷ-əm	page 27, engine language
(58) line 3	nsyilxcn	gloss	two-year ADJT.C 1SG.POSS-CONT-IPFV-/PFV-get.made-house(-DIR)-CONT	page 27, engine english
(58) line 4	nsyilxcn	segmentation	uɬ way̓ ʕapnáʔ lut t̓ wiʔ-st-ín.	page 27, engine language
(58) line 5	nsyilxcn	gloss	and already now NEG NEG.FAC finished-CAUS-1SG.ERG	page 27, engine english
(58) line 6	John Lyon	translation	‘I’ve been building this house for 2 years already, and it still isn’t finished.’	page 27, engine english
(58) line 7	Dave Michele	speaker comment	Comment: “I like the other one (with c-) better.” (Dave Michele, VF)	page 27, engine english, named after the comment
(59) line 1	John Lyon	note	Context: A broken watermain has been spilling water since last night at midnight.	page 27, engine english
(59) line 2	nsyilxcn	segmentation	s-c-/#∅-c̓xʷ•əxʷ-míx iʔ tl s-n-c̓xʷ-min-s	page 27, engine language
(59) line 3	nsyilxcn	gloss	CONT-IPFV-/PFV-get.spilled•C2.INCH-CONT DET from NMLZ-LOC-get.spilled-INST-3POSS	page 27, engine english
(59) line 4	nsyilxcn	segmentation	iʔ siwɬkʷ uɬ way̓ ʕapnáʔ s-n-tx̌ʷ-iw̓s iʔ snkʷkʷʔac.	page 27, engine language
(59) line 5	nsyilxcn	gloss	DET water and already now NMLZ-LOC-half-middle DET night	page 27, engine english
(59) line 6	John Lyon	translation	‘The water has been spilling from the pipe since midnight.’	page 27, engine english
(59) line 7	Dave Michele	speaker comment	Comment: “No, you need c-, it’s spilling from the pipe.” (Dave Michele, VF)	page 27, engine english, named after the comment
§3.8	John Lyon	note	There are nevertheless a few cases of perfective continuatives built on non-stative predicates that could, arguably, allow universal readings.20 The speakers’ comments in (60) and (61) indicate that a completive interpretation is preferred, but that there may be some interpretive room.	page 27
(60) line 1	nsyilxcn	segmentation	Marí c̓q̓-c-iʔ-s uɬ cu-s, “sxʷm̓aʔm̓áyaʔm Smith,	page 27, engine language
(60) line 2	nsyilxcn	gloss	Mary get.hit-mouth-DIR-3ERG and say(-DIR)-3ERG teacher Smith	page 27, engine english
(60) line 3	nsyilxcn	segmentation	Tom kʷu s-∅-klk̓-áyaʔ-qn-m-s uɬ way̓ aláʔ	page 27, engine language
(60) line 4	nsyilxcn	gloss	Tom 1SG.OBJ CONT-PFV-pull-top-head(-DIR)-CONT-3POSS and already here	page 27, engine english
(60) line 5	nsyilxcn	segmentation	kʷu ɬaʔ ʔúl̓lus ɬaʔ c-xʔítiʔ.”	page 27, engine language
(60) line 6	nsyilxcn	gloss	1PL.SUBJ when gather when IPFV-begin	page 27, engine english
(60) line 7	Delphine Derickson Armstrong	translation	‘Mary interrupts to complain, “Miss Smith, Tom has been pulling my hair since the class began!”’	page 27, engine english, cited Delphine Derickson Armstrong | VF, Matthewson 2014, volunteered, from Matthewson 2014
(60) line 8	Delphine Derickson Armstrong	speaker comment	Comment: “Doesn’t mean right now, could be now or the past.”	page 27, engine english
(60) line 9	John Lyon	citation	(Delphine Derickson Armstrong | VF, Matthewson 2014)	page 27, engine english
footnote 20	John Lyon	note	20 This perhaps explains A. Mattina’s (2015) decision to label both continuative aspects as ‘imperfective’, and to disuade N. Mattina from pursuing a compositional analysis.	page 27, footnote
(61) line 1	nsyilxcn	segmentation	ɬaʔ c-nʔuɬxʷ Hailey, kn s-∅-nik̓-x t sp̓íc̓ən.	page 28, engine language
(61) line 2	nsyilxcn	gloss	when CISL-enter Hailey 1SG.SUBJ CONT-PFV-dance-MID+CONT OBL rope	page 28, engine english
(61) line 3	John Lyon	translation	‘When Hailey came in, I had already cut the rope.’ (Dave Michele | VF)	page 28, engine english
(61) line 4	Delphine Derickson Armstrong	speaker comment	DD Comment: “For me there would be a question, kʷ scxkənkínaʔx? ‘What are you doing?’ And you answer, it’s already cut, sitting there.”	page 28, engine english
(61)	nsyilxcn	cited form	kʷ	in the speaker comment, page 28
(61)	nsyilxcn	cited form	scxkənkínaʔx	in the speaker comment, page 28
(61) line 5	Dave Michele	speaker comment	DM Comment: “Or it could mean you were cutting the rope when she walked in.”	page 28, engine english
§3.8	nsyilxcn	cited form	way̓	page 28
§3.8	John Lyon	note	My sense is that the outliers in (60) and (61) may actually be classified as ‘recent past’ existentials, but that what counts as a complete event in these cases is an event which has paused as the result of an interruption. For example, Tom has pulled Mary’s hair (possibly multiple times) since class began, but he stops at the point where Mary interrupts in (60), and the rope had already been (partially) cut at the moment Hailey interrupts in (61). These are complete (i.e., maximal) events in and of themselves, but because there is an expectation that these interrupted events will continue, a quasi-continuous reading surfaces. In support of this hypothesis, note that the clear-cut cases in (56) to (59) either do not involve interruptions (58–59) or else involve an adverb way̓ ‘already’ (56–57) which help clarify that either the initial (with imperfectives) or final (with perfectives) event transitions have been completed. There are several alternative possibilities which are important to consider for (60) and (61): (i) cancellation of the termination/culmination implicatures associated with dynamic predicates (Bar-el 2005), (ii) a resultative analysis (Bertrand et al. 2022, Pancheva 2003), and (iii) a neutral analysis (Pancheva 2003). I briefly discuss these as possibilities in Section 6.3.	page 28
§3.8	John Lyon	note	The overwhelming pattern is that continuative states allow continuous (‘universal’) readings, whereas continuatives built on dynamic predicates require an imperfective for a universal reading. This pattern is very perfect-like. I argue that this follows from a semantic distinction between perfective and imperfective continuatives, which is itself sensitive to predicate dynamicity.	page 28
§3.9	John Lyon	heading	3.9 Section summary	page 28
§3.9	John Lyon	note	Bertrand et al. (2022) define four cross-linguistic categories of ‘perfect’ constructions, based on clusterings of the properties discussed above and summarized in Table 1. These four categories are (i) resultatives, (ii) experientials, (iii) hybrid perfects, and (iv) past perfectives. For each category, they sketch what a semantic analysis might look like.	page 28
§3.9	John Lyon	note	The first three categories above (i–iii) seem like non-starters for Nsyilxcn continuous aspect. Experientials (i) are analyzed as involving existential quantification over (past) times (“∃t […t…] where t is included in an interval right-bounded by t0”), which has the effect of blocking continuous readings as well as narrative progression. Nsyilxcn perfective continuatives allow both of these, however. Resultatives (ii) involve existential quantification of an event or state (“∃e […e…] where the result-state of e holds at t0, or e is included in a short interval right-bounded by t0”). Because Nsyilxcn perfective continuatives do not require a result state to hold, this classification also does not seem correct.21 Hybrid perfects (iii) have both experiential and resultative readings, similar to Nsyilxcn, however, they disallow cancellation of the result state, unlike Nsyilxcn. Regarding (iv), Bertrand et al. (2022) define past perfectives as perfects which allow dead subjects and the cancellation of a result state, are compatible with narrative progression, and allow definite time adverbials. Nsyilxcn perfective continuatives have all these properties. Bertrand et al. state:	page 28
footnote 21	John Lyon	note	21 To be clear, my analysis of the continuative in Section 5 involves existential quantification over events, but the interpretations are not limited to those described in Bertrand et al. (2022) for their resultative class.	page 28, footnote
§3.9	John Lyon	note	[…] we hypothesize that the forms in this category contain pronominal tenses in the sense of Partee (1973): they are free variables that pick out a time that is salient in the discourse context (the reference time, in Reichenbachian terms), as illustrated in (62) t is a free temporal variable referring to a contextually salient interval preceding the utterance time (t0), which contains the event time.	page 29
§3.9	John Lyon	note	(62) [ … t … ] (where t < t0 ) (Bertrand et al. 2020) This represents one plausible analysis of the Nsyilxcn perfective continuative, with the caveat that with continuous readings, the contextually salient interval can overlap with the utterance time. There are however several major issues with an analysis of Nsyilxcn continuatives as past perfectives, or as an extended-now perfect. These issues are discussed in the next section.	page 29
§4	John Lyon	heading	4 Against a perfect analysis	page 29
§4	John Lyon	note	As shown in Section 3, Nsyilxcn perfective continuatives clearly share properties with perfects cross-linguistically: In particular, states allow continuous readings in the absence of any imperfective marker, while dynamic predicates require the imperfective for a continuous reading (Dowty 1979; Mittwoch 1988; Vlach 1993; Iatridou et al. 2001; Portner 2003). Further, in the context of an adverbial clause, continuatives could be argued to contribute a perfect-like time span which is not present in an underlying perfective or imperfective. The availability of both existential and universal interpretations support the possibility that perfective continuatives might be analyzed as an ‘extended-now’ perfect (Dowty 1979; Pancheva 2003).	page 29
§4	John Lyon	note	Under an extended-now approach (e.g., 63 below from Pancheva 2003), the continuative would introduce a Perfect Time Span (PTS) whose left boundary is some prior time i’, and the right boundary of the time span is the reference time i, which is set by tense. A predicate P, which is inflected for viewpoint aspect, is then asserted to be true at i’ and some portion of the time span (i’,i) up to and possibly including the reference time. The perfect in (63a) combines with an imperfective or perfective predicate to yield (63b) and (63c), respectively.22	page 29
(63a) line 1	John Lyon	rule	⟦PERFECT⟧ = 𝜆Pλi∃i’.[PTS(i’,i) ∧ P(i’)] extended-now perfect	page 29, engine english
§4	John Lyon	notation	λi∃i’.[PTS(i’,i	part of the denotation of the perfect
§4	John Lyon	note	PTS(i’,i) iff i is a final subinterval of i’ b. λi∃i’.[PTS(i’,i) ∧ ∃e.[P(e) ∧ i’ ⊆ 𝜏(e)]] perfect imperfective c. λi∃i’.[PTS(i’,i) ∧ ∃e.[P(e) ∧ 𝜏(e) ⊆ i’]] perfect perfective Assuming the compositional approach motivated in Section 2 is correct, there are at least four problems with such an approach for Nsyilxcn, which I discuss in this section. First, imperfective continuatives generally lack habitual readings, which does not follow from (63b) (Section 4.1). Second, imperfectives seem to behave as progressives, suggesting that any introduced time span is not necessarily retrospective (Section 4.2). Third, any time span associated with a perfective continuative is not necessarily retrospective either, as shown by examples with prospective readings (Section 4.3). Fourth, the continuative has the effect of strengthening a perfective predicate’s culmination/termination implicature into an entailment (Section 4.4).	page 29
footnote 22	John Lyon	note	22 Pancheva (2003) also proposes two other viewpoint aspect categories, resultative and neutral, which I briefly discuss in Section 6.3.	page 29, footnote
§4.1	John Lyon	heading	4.1 Limitations on habitual readings in imperfective continuatives	page 30
§4.1	John Lyon	note	Imperfectives (by definition) have both event in-progress and habitual interpretations, and basic imperfectives in Nsyilxcn are no exception. In this section, I show that in most sentential contexts, imperfective continuatives have only event in-progress readings, rendering them infelicitous in contexts which require a habitual reading. This is as expected if the continuative derives a progressive from a general imperfective, and is unexpected if the continuative is deriving an extended-now perfect. As briefly mentioned in Section 3.8, a notable exception to this pattern includes sentences which utilize the equivalent of durative or inclusive since (Iatridou et al. 2001): under an inclusive reading, habitual-like readings are possible. In this section, I first demonstrate the general limitation on habitual readings before presenting examples involving since adverbials. The (a) examples below question a habitual activity using a basic imperfective, and the (b) examples provide a habitual answer which also utilize a basic imperfective. Imperfective (c cases) and perfective (d cases) continuous forms are not acceptable here.	page 30
(64a) line 1	nsyilxcn	segmentation	Q: ha kʷ c-tər̓q-ám?	page 30, engine language
(64a) line 2	nsyilxcn	gloss	Q 2SG.SUBJ IPFV-get.kicked-MID	page 30, engine english
(64a) line 3	John Lyon	translation	‘Do you dance?’ (Delphine Derickson Armstrong | VF)	page 30, engine english
(64b) line 1	nsyilxcn	segmentation	A: ki, kn c-tər̓q-ám kn ɬaʔ sk̓ʷək̓ʷíyməlt.	page 30, engine language
(64b) line 2	nsyilxcn	gloss	yes 1SG.SUBJ IPFV-get.kicked-MID 1SG.SUBJ when child	page 30, engine english
(64b) line 3	John Lyon	translation	‘Yes, I danced when I was younger.’	page 30, engine english
(64b) line 4	John Lyon	citation	(Delphine Derickson Armstrong, Dave Michele)	page 30, engine english
(64c) line 1	nsyilxcn	segmentation	A’:#ki, kn s-c-tər̓q-míx kn ɬaʔ	page 30, engine language
(64c) line 2	nsyilxcn	gloss	yes 1SG.SUBJ CONT-IPFV-get.kicked-MID+CONT 1SG.SUBJ when	page 30, engine english
(64c) line 3	nsyilxcn	transcription	sk̓ʷək̓ʷíyməlt.	page 30, engine language
(64c) line 4	nsyilxcn	transcription	child	page 30, engine english
§4.1	nsyilxcn	cited form	s-∅-tər̓q-míx	page 30
§4.1	nsyilxcn	cited form	ɬaʔ	page 30
§4.1	nsyilxcn	cited form	sk̓ʷək̓ʷíyməlt	page 30
§4.1	John Lyon	note	# ‘Yes, I was dancing when I was younger.’ DD Comment: “That’s present tense.” (Delphine Derickson Armstrong, Dave Michele) d. A”:#ki, kn s-∅-tər̓q-míx kn ɬaʔ yes 1SG.SUBJ CONT-PFV-get.kicked-MID+CONT 1SG.SUBJ when sk̓ʷək̓ʷíyməlt.	page 30
§4.1	nsyilxcn	cited form	way̓	page 30
§4.1	nsyilxcn	cited form	ctr̓qám	page 30
§4.1	nsyilxcn	cited form	sk̓ʷək̓̓ʷiyməlt	page 30
§4.1	John Lyon	note	child ‘Yes, I danced when I was younger.’ DM Comment: “That doesn’t sound right. way̓ kn ctr̓qám kn ɬaʔ sk̓ʷək̓̓ʷiyməlt.” (Delphine Derickson Armstrong, Dave Michele)	page 30
(65a) line 1	nsyilxcn	segmentation	Q: ha kʷ c-k̓ʕa-m?	page 30, engine language
(65a) line 2	nsyilxcn	gloss	Q 2SG.SUBJ IPFV-pray-MID	page 30, engine english
(65a) line 3	John Lyon	translation	‘Do you pray?’ (Dave Michele | VF)	page 30, engine english
(65b) line 1	nsyilxcn	segmentation	A: lut, náx̌əmɬ kn c-k̓ʕa-m pútiʔ kn ɬaʔ q̓ʷʕaylqs.	page 30, engine language
(65b) line 2	nsyilxcn	gloss	NEG but 1SG.SUBJ IPFV-pray-MID still 1SG.SUBJ when priest	page 30, engine english
(65b) line 3	John Lyon	translation	‘No, but I used to pray when I was still a priest.’	page 30, engine english
(65b) line 4	John Lyon	citation	(Delphine Derickson Armstrong | VF)	page 30, engine english
(65c) line 1	nsyilxcn	segmentation	A’:# lut, náx̌əmɬ kn s-c-k̓ʕa-míx pútiʔ kn ɬaʔ	page 31, engine language
(65c) line 2	nsyilxcn	gloss	NEG but 1SG.SUBJ CONT-IPFV-pray-MID+CONT still 1SG.SUBJ when	page 31, engine english
(65c) line 3	nsyilxcn	transcription	q̓ʷʕaylqs.	page 31, engine language
(65c) line 4	nsyilxcn	transcription	priest	page 31, engine english
§4.1	nsyilxcn	cited form	náx̌əmɬ	page 31
§4.1	nsyilxcn	cited form	s-∅-k̓ʕa-míx	page 31
§4.1	nsyilxcn	cited form	pútiʔ	page 31
§4.1	nsyilxcn	cited form	q̓ʷʕaylqs	page 31
§4.1	John Lyon	note	# ‘No, but I was praying when I was still a priest.’ (Delphine Derickson Armstrong, Dave Michele) d. A”:#lut, náx̌əmɬ kn s-∅-k̓ʕa-míx pútiʔ kn ɬaʔ NEG but 1SG.SUBJ CONT-PFV-pray-MID+CONT still 1SG.SUBJ when q̓ʷʕaylqs.	page 31
§4.1	John Lyon	note	priest ‘No, but I prayed back when I was still a priest.’ (Delphine Derickson Armstrong, Dave Michele) Questioning a habitual state using a continuative is also unacceptable. The judgement of example (66b) is consistent with imperfective continuatives not being allowed in experiential perfect contexts (Section 3.1). (66c is good in an experiential context, but not one that is habitual.)	page 31
(66a) line 1	nsyilxcn	segmentation	ha kʷ c-k-ʔəmt-íw̓s iʔ l snkɬc̓aʔsqáx̌aʔ?	page 31, engine language
(66a) line 2	nsyilxcn	gloss	Q 2SG.SUBJ IPFV-RES-ride.on-middle DET on horse	page 31, engine english
(66a) line 3	John Lyon	translation	‘Do you ride on horses?’ (Dave Michele | VF)	page 31, engine english
(66b) line 1	nsyilxcn	segmentation	# ha kʷ s-c-k-ʔəmt-íw̓s-x iʔ l snkɬc̓aʔsqáx̌aʔ?	page 31, engine language
(66b) line 2	nsyilxcn	gloss	Q 2SG.SUBJ CONT-IPFV-RES-ride.on-middle-CONT DET on horse	page 31, engine english
(66b) line 3	John Lyon	translation	Target: ‘Do you ride horses?’	page 31, engine english
(66b) line 4	John Lyon	translation	Actual: ‘Are you already on a horse?’ (Dave Michele | VG)	page 31, engine english
(66c) line 1	nsyilxcn	segmentation	# ha kʷ s-∅-k-ʔəmt-íw̓s-x iʔ l snkɬc̓aʔsqáx̌aʔ?	page 31, engine language
(66c) line 2	nsyilxcn	gloss	Q 2SG.SUBJ CONT-PFV-RES-ride.on-middle-CONT DET on horse	page 31, engine english
(66c) line 3	John Lyon	translation	Target: ‘Do you ride horses?’	page 31, engine english
(66c) line 4	John Lyon	translation	Actual: ‘Are you on a horse (like right now)?’ (Delphine Derickson Armstrong | VG)	page 31, engine english
§4.1	John Lyon	note	In (67) and (68), the imperfectives are part of a temporal adverbial ɬaʔ clause. For basic imperfectives (a cases), the main clauses are interpreted relative to multiple ice-melting (67) or climbing events (68). For imperfective continuatives (b cases), the main clauses are interpreted relative to a single, in-progress event, which sounds odd to speakers if the intended reading is habitual.	page 31
(67a) line 1	nsyilxcn	segmentation	ɬaʔ c-ʕam-áp iʔ sxʷuynt, məɬ ixíʔ s-c<ʔ>ix-s	page 31, engine language
(67a) line 2	nsyilxcn	gloss	when IPFV-melt-INCH DET ice and.then DEM NMLZ-hot<INCH>-3POSS	page 31, engine english
(67a) line 3	nsyilxcn	transcription	iʔ st̓ik̓l.	page 31, engine language
(67a) line 4	nsyilxcn	gloss	DET meal	page 31, engine english
(67a) line 5	John Lyon	translation	‘When the ice melts, the food gets warm.’ (Delphine Derickson Armstrong | VF)	page 31, engine english
(67b) line 1	nsyilxcn	segmentation	?/# ɬaʔ s-c-ʕam-áp-x iʔ sxʷuynt,	page 32, engine language
(67b) line 2	nsyilxcn	gloss	when CONT-IPFV-melt-INCH-CONT DET ice	page 32, engine english
(67b) line 3	nsyilxcn	segmentation	məɬ ixíʔ s-c<ʔ>ix-s iʔ st̓ik̓l.	page 32, engine language
(67b) line 4	nsyilxcn	gloss	and.then DEM NMLZ-hot<INCH>-3POSS DET meal	page 32, engine english
(67b) line 5	John Lyon	translation	‘When the ice is melting, the food gets warm.’ (Delphine Derickson Armstrong)	page 32, engine english
(68a) line 1	nsyilxcn	segmentation	taɬt t̓yt̓ym kn ɬaʔ c-x̌íƛ̓-əm k̓l wist kn ɬə	page 32, engine language
(68a) line 2	nsyilxcn	gloss	straight easy 1SG.SUBJ when IPFV-climb-MID to high 1SG.SUBJ when	page 32, engine english
(68a) line 3	nsyilxcn	transcription	sk̓ʷək̓ʷíyməlt.	page 32, engine language
(68a) line 4	nsyilxcn	transcription	young	page 32, engine english
(68a) line 5	John Lyon	translation	‘It was easy for me to climb the hill when I was young.’	page 32, engine english
(68a) line 6	John Lyon	citation	(Delphine Derickson Armstrong | VF)	page 32, engine english
(68b) line 1	nsyilxcn	segmentation	?/# taɬt t̓yt̓ym kn ɬaʔ s-c-x̌əƛ̓-míx k̓l wist	page 32, engine language
(68b) line 2	nsyilxcn	gloss	straight easy 1SG.SUBJ when CONT-IPFV-climb-MID+CONT to high	page 32, engine english
(68b) line 3	nsyilxcn	transcription	kn ɬə sk̓ʷək̓ʷíyməlt.	page 32, engine language
(68b) line 4	nsyilxcn	gloss	1SG.SUBJ when young	page 32, engine english
(68b) line 5	John Lyon	translation	‘It was easy for me as I climbed the hill when I was young.’	page 32, engine english
(68b) line 6	John Lyon	citation	(Delphine Derickson Armstrong | VG)	page 32, engine english
§4.1	nsyilxcn	cited form	nyʕip	page 32, ‘always’
§4.1	John Lyon	note	Under the universal adverb nyʕip ‘always’, imperfective continuatives may marginally have habitual readings for Delphine Derickson (69–70), though she never volunteers a continuative in a habitual context, and her comments indicate that these are preferentially interpreted as single events in progress. For Dave Michele (71–72), there is no marginal habitual interpretation, only a single- event interpretation. If an Nsyilxcn progressive event must be interpreted as true of the entire time span included by always, infelicity follows. For Dave Michele, the event seems to ‘scope’ over always, but it cannot literally be true that, for example, I am always losing my sunglasses (71b).23	page 32
(69a) line 1	nsyilxcn	segmentation	Q: kʷ c-ʔkín-əm kiʔ kʷ c-xʷuy k̓l town?	page 32, engine language
(69a) line 2	nsyilxcn	gloss	2SG.SUBJ IPFV-do.what-MID ADJ.C 2SG.SUBJ IPFV-go to town	page 32, engine english
(69a) line 3	nsyilxcn	segmentation	ha kʷ c-n-kx-ám?	page 32, engine language
(69a) line 4	nsyilxcn	gloss	Q 2SG.SUBJ IPFV-LOC-walk-MID	page 32, engine english
(69a) line 5	John Lyon	translation	‘How do you usually get to town? Do you walk?’	page 32, engine english
(69a) line 6	John Lyon	citation	(Delphine Derickson Armstrong | VF)	page 32, engine english
footnote 23	John Lyon	note	23 Notice that in (70) to (72) below, the bare imperfectives have a causative transitivizer, whereas the imperfective continuatives are glossed as having a null directive. This is because while the causative does surface in transitive continuatives, the directive never does, and so plausibly reduces to zero similarly to its behaviour in other morpho-phonological environments. Positing a null directive for imperfective continuatives, however, raises important questions as to why the directive is incompatible with a basic imperfective, but compatible with an imperfective continuative. Given that the directive -nt- transitivizer never surfaces in continuatives, it may in fact be preferable to analyze the null transitivizer in this case as a non-directive, null allomorph of the causative, whose distribution remains unclear. Regardless, the absence of causative -st- in the (b) cases in no way explains their ungrammaticality, since they are perfectly acceptable in other contexts, e.g., (73a).	page 32, footnote
(69b) line 1	nsyilxcn	segmentation	A: (nyʕip) kn c-n-kx-ám k̓l town.	page 33, engine residue
(69b) line 2	nsyilxcn	gloss	always 1SG.SUBJ IPFV-LOC-walk-MID to town	page 33, engine english
(69b) line 3	John Lyon	translation	‘I (usually/always) walk to town.’ (Delphine Derickson Armstrong | VF)	page 33, engine english
(69c) line 1	nsyilxcn	segmentation	A’: ? nyʕip kn s-c-n-kx-míx k̓l town.	page 33, engine language
(69c) line 2	nsyilxcn	gloss	always 1SG.SUBJ CONT-IPFV-LOC-walk-MID+ CONT to town	page 33, engine english
(69c) line 3	John Lyon	translation	Target: ‘I usually walk to town.’	page 33, engine english
(69c) line 4	John Lyon	speaker comment	Comment: “Almost right now, it means you’re walking right now. It’s kind of like a metaphor, I can see you walking to town.”	page 33, engine english
(69c) line 5	John Lyon	citation	(Delphine Derickson Armstrong)	page 33, engine english
(70a) line 1	nsyilxcn	segmentation	nyʕip c-k̓ʷəƛ̓-st-ín iʔ nʕast iʔ sq̓əq̓átəlqs.	page 33, engine language
(70a) line 2	nsyilxcn	gloss	always IPFV-get.taken.out-CAUS-1SG.ERG DET heavy DET sweater	page 33, engine english
(70a) line 3	John Lyon	translation	‘I usually take off my sweater.’ (Delphine Derickson Armstrong | VF)	page 33, engine english
(70b) line 1	nsyilxcn	segmentation	? nyʕip i-s-c-k̓ʷəƛ̓-ám iʔ nʕast iʔ sq̓əq̓átəlqs.	page 33, engine language
(70b) line 2	nsyilxcn	gloss	always 1SG.POSS-CONT-IPFV-get.taken.out(-DIR)-CONT DET heavy DET sweater	page 33, engine english
(70b) line 3	John Lyon	translation	‘I am always taking off my sweater.’	page 33, engine english
(70b) line 4	Delphine Derickson Armstrong	speaker comment	Comment: “You’re taking it off right now.” (Delphine Derickson Armstrong)	page 33, engine english, named after the comment
(71a) line 1	nsyilxcn	segmentation	kn ɬə tətwít nyʕip c-sl-mi-st-n	page 33, engine language
(71a) line 2	nsyilxcn	gloss	1SG.SUBJ when boy always IPFV-lose-APPL-CAUS-1SG.ERG	page 33, engine english
(71a) line 3	nsyilxcn	segmentation	in-k̓ɬ-c̓əl•c̓íl-s-tn.	page 33, engine language
(71a) line 4	nsyilxcn	gloss	1SG.POSS-under-TRED•shade-eye-INST	page 33, engine english
(71a) line 5	John Lyon	translation	‘I always used to lose my sunglasses when I was young.’ (Dave Michele | VF)	page 33, engine english
(71b) line 1	nsyilxcn	segmentation	* kn ɬə tətwít nyʕip i-s-c-sl-mín-m	page 33, engine language
(71b) line 2	nsyilxcn	gloss	1SG.SUBJ when boy always 1SG.POSS-CONT-IPFV-lose-APPL(-DIR)-CONT	page 33, engine english
(71b) line 3	nsyilxcn	segmentation	in-k̓ɬ-c̓əl•c̓íl-s-tn.	page 33, engine language
(71b) line 4	nsyilxcn	gloss	1SG.POSS-under-TRED•shade-eye-INST	page 33, engine english
(71b) line 5	John Lyon	translation	‘I always used to lose my sunglasses when I was young.’ (Dave Michele)	page 33, engine english
(72a) line 1	nsyilxcn	segmentation	nyʕip c-knxít-st-n i-swaʔwásaʔ kn ɬə tətwít.	page 33, engine language
(72a) line 2	nsyilxcn	gloss	always IPFV-help-CAUS-1SG.ERG 1SG.POSS-aunt 1SG.SUBJ when boy	page 33, engine english
(72a) line 3	John Lyon	translation	‘I used to help my aunt when I was young.’ (Dave Michele | VF)	page 33, engine english
(72a) line 1	nsyilxcn	segmentation	* nyʕip i-s-c-knxít-əm i-swaʔwásaʔ kn ɬə	page 33, engine language
(72a) line 2	nsyilxcn	gloss	always 1SG.POSS-CONT-IPFV-help(-DIR)-1SG.ERG 1SG.POSS-aunt 1SG.SUBJ when	page 33, engine english
(72a) line 3	nsyilxcn	transcription	tətwít.	page 33, engine language
(72a) line 4	nsyilxcn	transcription	boy	page 33, engine english
(72a) line 5	John Lyon	translation	‘I used to help my aunt when I was young.’ (Dave Michele)	page 33, engine english
§4.1	John Lyon	note	However, when the English target is a perfect sentence whose context requires a since interpretation of an Nsyilxcn adverbial clause, imperfective continuatives are freely volunteered, both in contexts which favour an in-progress reading (a cases), and contexts which strongly favour a habitual, or repetitive reading (b cases).	page 33
(73a) line 1	nsyilxcn	segmentation	t siwɬkʷkʷkʕást kiʔ i-s-c-knxít-əm i-sw̓aʔw̓ásaʔ.	page 34, engine language
(73a) line 2	nsyilxcn	gloss	OBL early.morning ADJT.C 1SG.POSS-CONT-IPFV-help(-DIR)-CONT 1SG.POSS-aunt	page 34, engine english
(73a) line 3	John Lyon	translation	‘I’ve been helping my aunt since early this morning.’	page 34, engine english
(73a) line 4	Dave Michele	speaker comment	Comment: “You’re doing it now.” (Dave Michele | VF)	page 34, engine english, named after the comment
(73b) line 1	nsyilxcn	segmentation	kn ɬə sk̓ʷək̓ʷíymelt kiʔ i-s-c-knxít-əm	page 34, engine language
(73b) line 2	nsyilxcn	gloss	1SG.SUBJ when child ADJT.C 1SG.POSS-CONT-IPFV-help(-DIR)-CONT	page 34, engine english
(73b) line 3	nsyilxcn	segmentation	i-sw̓aʔw̓ásaʔ.	page 34, engine language
(73b) line 4	nsyilxcn	gloss	1SG.POSS-aunt	page 34, engine english
(73b) line 5	John Lyon	translation	‘I’ve been helping my aunt ever since I was young.’ (Dave Michele | VF)	page 34, engine english
(74a) line 1	John Lyon	note	Context: It’s 2pm right now.	page 34, engine english
(74a) line 2	nsyilxcn	segmentation	way̓ ʔasil sxlákəks iʔ x̌əx̌yáɬnəx̌ʷ, John s-c-ntr̓qpncut-x t	page 34, engine language
(74a) line 3	nsyilxcn	gloss	already two o’clock DET sun John CONT-IPFV-run-CONT OBL	page 34, engine english
(74a) line 4	nsyilxcn	transcription	sntəx̌ʷx̌ʷqín.	page 34, engine language
(74a) line 5	nsyilxcn	transcription	noon	page 34, engine english
(74a) line 6	John Lyon	translation	‘It’s 2pm and John has been running since noon.’	page 34, engine english
(74a) line 7	John Lyon	citation	(Delphine Derickson Armstrong | VF)	page 34, engine english
(74b) line 1	nsyilxcn	segmentation	John ʔupənkst uɬ ʔasil spintk iʔ s-ƛ̓x̌ap-s kiʔ	page 34, engine language
(74b) line 2	nsyilxcn	gloss	John ten and two year DET NMLZ-age-3POSS ADJT.C	page 34, engine english
(74b) line 3	nsyilxcn	segmentation	s-c-ntr̓qpncut-x.	page 34, engine language
(74b) line 4	nsyilxcn	gloss	CONT-IPFV-run-CONT	page 34, engine english
(74b) line 5	John Lyon	translation	‘John has been running since he was 12 years old.’ (Delphine Derickson Armstrong)	page 34, engine english
§4.1	John Lyon	note	It is important to reiterate that there is no single lexical equivalent of since in Nsyilxcn. Instead, either oblique temporal phrases, or clauses introduced by the complementizer ɬaʔ, function to set a past reference time, and the continuative event either spans the entire time between the past reference time and the speech time (a cases above), or else occurs within that time span (b cases).24 I suggest that these two distinct interpretations correspond to Iatridou et al.’s (2001) durative (‘universal’) and inclusive (‘existential’) uses of since adverbials in English perfect contexts, and present an analysis of these cases in Section 6.1.	page 34
§4.1	John Lyon	note	Basic imperfectives are judged as having a different meaning in these contexts, and the same adverbial clauses are not translated as meaning since (75, cf. 73–74). This shows that the continuative is integral to an imperfective sentence being interpretable as containing a since adverbial clause.	page 34
(75a) line 1	nsyilxcn	segmentation	kn ɬə sk̓ʷək̓ʷíyməlt kaʔ c-knxít-st-n i-sw̓aʔw̓ásaʔ.	page 34, engine language
(75a) line 2	nsyilxcn	gloss	1SG.SUBJ when child ADJT.C IPFV-help-CAUS-1SG.ERG 1SG.POSS-aunt	page 34, engine english
(75a) line 3	John Lyon	translation	Target: ‘I’ve been helping my aunt ever since I was young.’	page 34, engine english
(75a) line 4	John Lyon	translation	Actual: ‘I helped my aunt when I was young.’ (Delphine Derickson Armstrong)	page 34, engine english
footnote 24	John Lyon	note	24 Adjunct complementizer kiʔ (sometimes kaʔ) is commonly volunteered, but not required in these sentences. This occurs when the adverbial ‘since’ clause has been moved to the front of the sentence. There appears to be no relevant interpretive difference associated with this fronting. A systematic review of the different ways since is expressed in Nsyilxcn has yet to be done.	page 34, footnote
§4.1	nsyilxcn	cited form	kiʔ	page 34
§4.1	nsyilxcn	cited form	kaʔ	page 34
(75b) line 1	nsyilxcn	segmentation	John ʔúpənkst uɬ ʔasil spintk iʔ s-ƛ̓x̌ap-s kaʔ c-ntr̓qpncút.	page 35, engine language
(75b) line 2	nsyilxcn	gloss	John ten and two year DET NMLZ-age-3POSS ADJT.C IPFV-run	page 35, engine english
(75b) line 3	John Lyon	translation	Target: ‘John has been running since he was 12 years old.’	page 35, engine english
(75b) line 4	John Lyon	translation	Actual: ‘John ran / was running when he was 12 years old.’	page 35, engine english
(75b) line 5	John Lyon	citation	(Delphine Derickson Armstrong)	page 35, engine english
§4.1	John Lyon	note	Perfective continuatives built on states also allow both durative (76a) and inclusive (76b) since interpretations. This is important in that it shows that imperfective c- is not itself a prerequisite for a since interpretation.	page 35
(76a) line 1	nsyilxcn	segmentation	l nk̓maplqs kn s-∅-mut-x uɬ way̓ ʔasəl-sxʷípəpkst	page 35, engine language
(76a) line 2	nsyilxcn	gloss	at head.of.the.lake 1SG.SUBJ CONT-PFV-sit-CONT and already two-thousand	page 35, engine english
(76a) line 3	nsyilxcn	segmentation	uɬ ʔupənkst-əɬ-cílkst spintk.	page 35, engine language
(76a) line 4	nsyilxcn	gloss	and ten-and-five year	page 35, engine english
(76a) line 5	John Lyon	translation	‘I have lived in Vernon since 2015.’	page 35, engine english
(76a) line 6	Delphine Derickson Armstrong	speaker comment	Comment: “You’re talking about how you’ve been staying there since 2015.”	page 35, engine english
(76a) line 7	John Lyon	citation	(Delphine Derickson Armstrong | VF)	page 35, engine english
(76b) line 1	nsyilxcn	segmentation	t st̓əx̌íyut t̓i cəlkst-ásq̓ət kiʔ kn s-∅-q̓ilt-x.	page 35, engine language
(76b) line 2	nsyilxcn	gloss	OBL last.year EXCL five-day ADJT.C 1SG.SUBJ CONT-PFV-sick-CONT	page 35, engine english
(76b) line 3	John Lyon	translation	‘I have only been sick for 5 days since last year.’	page 35, engine english
(76b) line 4	Dave Michele	speaker comment	DM Comment: “You were sick five days out of last year.”	page 35, engine english
(76b) line 5	John Lyon	citation	(Delphine Derickson Armstrong | VF)	page 35, engine english
§4.1	John Lyon	note	In contrast to English (Iatridou et al. 2001), only continuatives which independently allow a universal interpretation are compatible with a since interpretation of the adverbial. Perfective continuatives built from dynamic predicates allow neither durative nor inclusive interpretations (77).	page 35
(77a) line 1	nsyilxcn	segmentation	# t sʔaslásq̓ət, Marí kiʔ s-∅-k̓ʷəl̓-c-ncut-x.	page 35, engine language
(77a) line 2	nsyilxcn	gloss	OBL Tuesday Mary ADJT.C CONT-PFV-get.made-food-REFL-CONT	page 35, engine english
(77a) line 3	John Lyon	translation	Target: ‘Mary has been cooking since Tuesday.’	page 35, engine english
(77a) line 4	Dave Michele	speaker comment	DM Comment: “You have to have the c- in there.” (Dave Michele)	page 35, engine english, named after the comment
(77b) line 1	nsyilxcn	segmentation	# kn ʔupənkst-əɬ-ʔasil-spintk kiʔ	page 35, engine language
(77b) line 2	nsyilxcn	gloss	1SG.SUBJ ten-and-two-year ADJT.C	page 35, engine english
(77b) line 3	nsyilxcn	segmentation	i-s-∅-səl-mín-əm	page 35, engine language
(77b) line 4	nsyilxcn	gloss	1SG.POSS-CONT-PFV-lose-APPL(-DIR)-CONT	page 35, engine english
(77b) line 5	nsyilxcn	segmentation	i-s-k̓ɬ-c̓əl•c̓il-s-tn.	page 35, engine language
(77b) line 6	nsyilxcn	gloss	1SG.POSS-NMLZ-under-TRED•shade-eye-INST	page 35, engine english
§4.1	John Lyon	note	# ‘Since I was twelve years old I lost my glasses.’ (Dave Michele) Because perfective continuatives built on states allow both durative and inclusive since readings (76), similarly to imperfective continuatives (73–74), the inclusive ‘habitual’ reading cannot be due to the imperfective marker c-. Furthermore, the continuative itself cannot be solely responsible for a since interpretation, since inclusive readings of perfective continuatives built on dynamic predicates are not possible (77). In Section 6, I present a preliminary analysis which builds on the intuition that since interpretations are dependent on the underlying predicate being unbounded, either lexically unbounded as a state, or aspectually unbounded as an imperfective.	page 35
§4.2	John Lyon	heading	4.2 Imperfective continuatives: progressives or perfect progressives?	page 36
§4.2	John Lyon	note	The morphosyntactic difference between progressives and perfect progressives in English is clear. Tense is carried by be in the former (78a,b), and by have (78c) in the latter.	page 36
§4.2	John Lyon	note	(78) a. I am writing.	page 36
§4.2	John Lyon	note	b. I was writing.	page 36
§4.2	John Lyon	note	c. I have been writing.	page 36
§4.2	John Lyon	note	In Nsyilxcn, there is no tense morphology or auxiliaries to distinguish (78a,b,c).25 Hence, ( 79) could in principle have any of the three interpretations.	page 36
(79) line 1	nsyilxcn	segmentation	kn s-c-q̓əy̓-míx.	page 36, engine language
(79) line 2	nsyilxcn	gloss	1SG.SUBJ CONT-IPFV-get.written(-MID)+CONT	page 36, engine english
(79) line 3	John Lyon	translation	‘I am writing.’ / ‘I was writing.’ / ‘I have been writing.’ (Rita Stewart, VF)	page 36, engine english
§4.2	John Lyon	note	The question arises: Is it the case that (79) (i) necessarily involves a retrospective perfect-like time span? Or (ii), are these always simple progressives? Or (iii), might these be simple progressives, with some other element introducing a perfect-like time span in certain cases?	page 36
§4.2	John Lyon	note	Against (i), sections 3.1 to 3.3 showed that imperfective continuatives lack existential perfect readings (except with inclusive since adverbials, Section 4.1): Because the reference time must be included within the event time, these only have continuous readings. The entailment that the reference time includes the event time cannot be cancelled in an imperfective (80b).26	page 36
(80) line 1	John Lyon	note	Context: Mary is out of breath from running and has been sitting on a bench for 5 minutes.	page 36, engine english
(80a) line 1	nsyilxcn	segmentation	marí way̓ s-∅-ntr̓qpncút-x ʕapnáʔ sx̌əlx̌ʕalt uɬ lut	page 36, engine language
(80a) line 2	nsyilxcn	gloss	Mary already CONT-PFV-run-CONT now day and NEG	page 36, engine english
(80a) line 3	nsyilxcn	segmentation	t̓ ks-qicəlx-aʔx ʕapnáʔ.	page 36, engine language
(80a) line 4	nsyilxcn	gloss	NEG.FAC PROS-run-PROS now	page 36, engine english
(80a) line 5	John Lyon	translation	‘Mary has already been running today, but she isn’t going to now.’	page 36, engine english
(80a) line 6	John Lyon	citation	(Delphine Derickson Armstrong | VF)	page 36, engine english
(80b) line 1	nsyilxcn	segmentation	#marí way̓ s-c-ntr̓qpncút-x ʕapnáʔ sx̌əlx̌ʕalt uɬ lut	page 36, engine language
(80b) line 2	nsyilxcn	gloss	Mary already CONT-IPFV-run-CONT now day and NEG	page 36, engine english
(80b) line 3	nsyilxcn	segmentation	t̓ ks-qicəlx-aʔx ʕapnáʔ.	page 36, engine language
(80b) line 4	nsyilxcn	gloss	NEG.FAC PROS-run-PROS now	page 36, engine english
(80b) line 5	John Lyon	translation	Target: ‘Mary has already been running today, but she isn’t going to now.’	page 36, engine english
(80b) line 6	John Lyon	translation	Actual: #‘Mary is already running today, but she isn’t going to now.’	page 36, engine english
(80b) line 7	John Lyon	citation	(Delphine Derickson Armstrong)	page 36, engine english
footnote 25	John Lyon	note	25 Adverbs such as way̓ ‘already’ or ʕápnaʔ ‘now’ are commonly used to disambiguate tense, but these are by no means required, and cannot be tense markers for this reason.	page 36, footnote
§4.2	nsyilxcn	cited form	way̓	page 36, ‘already’
§4.2	nsyilxcn	cited form	ʕápnaʔ	page 36, ‘now’
footnote 26	John Lyon	note	26 Because tense is null, (80b) should be salvageable under the interpretation Mary was already running today, but she isn’t going to now, but in this case the first clause is interpreted as a past progressive, and the second as a present prospective. The context here is intended to favour a present tense reading, but a present perfect interpretation is unavailable.	page 36, footnote
§4.2	John Lyon	note	Again, this represents one major difference with English, where existential readings of progressives are common, e.g., Have you ever been climbing before? or I have been working very hard lately (Pancheva 2003).27 I argue that this is because the continuative does not introduce a retrospective time span. This leaves possibilities (ii) and (iii).	page 37
§4.2	John Lyon	note	Against (ii), reconsider examples discussed in the Section 4.1 showing that the continuative is necessary for a since reading with imperfectives (81a,b). If imperfective continuatives were always simply progressives, the expectation is that basic imperfectives (81b) might also be compatible with a since interpretation under an in-progress reading, but this is not the case.	page 37
(81a) line 1	nsyilxcn	segmentation	John ʔúpənkst uɬ ʔasíl spintk iʔ s-ƛ̓x̌ap-s kiʔ	page 37, engine language
(81a) line 2	nsyilxcn	gloss	John ten and two year DET NMLZ-age-3POSS ADJT.C	page 37, engine english
(81a) line 3	nsyilxcn	segmentation	s-c-ntr̓qpncút-x.	page 37, engine language
(81a) line 4	nsyilxcn	gloss	CONT-IPFV-run-CONT	page 37, engine english
(81a) line 5	John Lyon	translation	‘John has been running since he was 12 years old.’	page 37, engine english
(81a) line 6	John Lyon	citation	(Delphine Derickson Armstrong | VF)	page 37, engine english
(81b) line 1	nsyilxcn	segmentation	John ʔúpənkst uɬ ʔasíl spintk iʔ s-ƛ̓x̌ap-s kiʔ	page 37, engine language
(81b) line 2	nsyilxcn	gloss	John ten and two year DET NMLZ-age-3POSS ADJT.C	page 37, engine english
(81b) line 3	nsyilxcn	segmentation	c-ntr̓qpncút.	page 37, engine language
(81b) line 4	nsyilxcn	gloss	IPFV-run	page 37, engine english
(81b) line 5	John Lyon	translation	Target: ‘John has been running since he was 12 years old.’	page 37, engine english
(81b) line 6	John Lyon	translation	Actual: ‘John ran / was running when he was 12 years old.’	page 37, engine english
(81b) line 7	John Lyon	citation	(Delphine Derickson Armstrong)	page 37, engine english
§4.2	John Lyon	note	I argue for (iii): continuative imperfectives go over and beyond a simple progressive. In Section 6.1, I show how the continuative might be analyzed as projecting an extended temporal span that is underlying in a non-maximal eventuality, i.e., an imperfective or a state. The temporal span is not itself retrospective but interacts semantically with retrospective adverbs like since. Thus, a continuative predicate can have either a perfect progressive or progressive interpretation, depending on the context. In support of this general approach, consider examples (82) and (83) below, which were volunteered as translations of English perfect progressive since sentences, yet they were translated back as regular progressives with punctual adverbials. This is due to the fact that the equivalent of since adverbials in Nsyilxcn are ambiguously interpretable as punctual adverbs.	page 37
(82) line 1	John Lyon	note	Context: Your friend Mary has been working non-stop in the kitchen for three days, since Tuesday.	page 37, engine english
(82) line 2	nsyilxcn	segmentation	t sʔaslásq̓ət, Marí kiʔ s-c-k̓ʷəl̓-c-ncut-x.	page 37, engine language
(82) line 3	nsyilxcn	gloss	OBL Tuesday Mary ADJT.C CONT-IPFV-cook-food-REFL-CONT	page 37, engine english
(82) line 4	John Lyon	translation	Target: ‘Mary has been cooking since Tuesday.’	page 37, engine english
(82) line 5	Dave Michele	speaker comment	Back Translation: ‘Mary was cooking on Tuesday.’ (Dave Michele | VF)	page 37, engine english, his back translation
footnote 27	John Lyon	note	27 Note that Pancheva (2003:286) argues these English examples involve a null neutral aspect, where the eventuality may or may not hold at utterance time, but that these are nevertheless experiential, and therefore existential, perfects.	page 37, footnote
(83a) line 1	nsyilxcn	segmentation	iʔ siwɬkʷ s-c-sult-míx t sk̓aʔɬásq̓ət uɬ ʕapnáʔ	page 38, engine language
(83a) line 2	nsyilxcn	gloss	DET water CONT-IPFV-frozen-CONT OBL last.Wednesday and now	page 38, engine english
(83a) line 3	nsyilxcn	segmentation	way̓ s-c-ʕam̓•m̓-míx.	page 38, engine language
(83a) line 4	nsyilxcn	gloss	already CONT-IPFV-melt•C2.INCH-CONT	page 38, engine english
(83a) line 5	John Lyon	translation	Target: ‘The water has been frozen since last week, but now it is melting.’	page 38, engine english
(83a) line 6	Delphine Derickson Armstrong	speaker comment	Back Translation: ‘The water was frozen last week but now it is melting.’	page 38, engine english, her back translation
(83a) line 7	John Lyon	citation	(Delphine Derickson Armstrong)	page 38, engine english
(83b) line 1	nsyilxcn	segmentation	in-pús t sk̓aʔɬásq̓ət s-c-q̓ilt-x uɬ way̓	page 38, engine language
(83b) line 2	nsyilxcn	gloss	1SG.POSS-cat OBL last.Wednesday CONT-IPFV-sick-CONT and already	page 38, engine english
(83b) line 3	nsyilxcn	segmentation	ʕapnáʔ s-x̌əst-wilx-əx.	page 38, engine language
(83b) line 4	nsyilxcn	gloss	now CONT-good-become-CONT	page 38, engine english
(83b) line 5	John Lyon	translation	Target: ‘My cat has been sick since last week, but now she is better.’	page 38, engine english
(83b) line 6	Delphine Derickson Armstrong	speaker comment	Back Translation: ‘My cat was sick last week, but now she is better.’	page 38, engine english, her back translation
(83b) line 7	John Lyon	citation	(Delphine Derickson Armstrong | VF)	page 38, engine english
§4.2	John Lyon	note	It is worth considering that on its universal ‘durative’ reading, a present perfect progressive like Mary has been cooking since Tuesday entails the past progressive Mary was cooking on Tuesday, but not vice versa. Hence it is not entirely unexpected that sentences volunteered in response to a perfect target sentence might be translated back as simple progressives, in the absence of any tense- bearing auxiliary or a dedicated lexical item for since.	page 38
§4.3	John Lyon	heading	4.3 Prospective readings of perfective continuatives	page 38
§4.3	John Lyon	note	As discussed in Section 3 above, perfective continuatives resemble a past perfective class of perfect (Bertrand et al. 2022) in that they have experiential and resultative (‘existential’) readings in the absence of an imperfective (see Table 1), and continuous (‘universal’) readings are only available for continuative states (Dowty 1979; Mittwoch 1988; Vlach 1993; Iatridou et al. 2001). However, prospective readings may also be possible in some cases, as indicated by the speaker’s comments in (84b).28	page 38
(84) line 1	John Lyon	note	Context: My mother is in the kitchen fixing dinner, I am hungry, so I ask her when we are going to eat, then she replies.	page 38, engine english
(84a) line 1	nsyilxcn	segmentation	way̓ sic kn s-c-k̓ʷəl̓-c-ncút-x.	page 38, engine language
(84a) line 2	nsyilxcn	gloss	already new 1SG.SUBJ CONT-IPFV-get.made-food-REFL-CONT	page 38, engine english
(84a) line 3	John Lyon	translation	‘I am just starting to cook.’ (Delphine Derickson Armstrong, Dave Michele | VF)	page 38, engine english
(84b) line 1	nsyilxcn	segmentation	way̓ sic kn s-∅-k̓ʷəl̓-c-ncút-x.	page 38, engine language
(84b) line 2	nsyilxcn	gloss	already new 1SG.SUBJ CONT-PFV-get.made-food-REFL-CONT	page 38, engine english
(84b) line 3	John Lyon	translation	‘I’m just about to start cooking.’	page 38, engine english
(84b) line 4	Dave Michele	speaker comment	DM Comment: “It means you didn’t start yet!”	page 38, engine english
(84b) line 5	John Lyon	citation	(Delphine Derickson Armstrong, Dave Michel)	page 38, engine english
footnote 28	John Lyon	note	28 Example (84b) was judged good separately in a context where the speaker is gathering pots and pans and cutting equipment together to start cooking.	page 38, footnote
§4.3	John Lyon	note	Note that for the context given in (84) a present perfect sentence I have just about started cooking could be used in English to indicate that all necessary preparations needed for cooking have been completed. This remains a possibility for Nsyilxcn (84b), however other cases are more difficult to assign a perfect interpretation to. For example, (85a) does not mean Tomorrow I’ll get back and then I will have gone up the little hill. To be clear, such prospective uses always alternate with formally prospective predicates, such as (85b).	page 39
(85a) line 1	nsyilxcn	segmentation	x̌lap mi kn c-p̓lak̓ məɬ kn s-∅-xʷuy-x	page 39, engine language
(85a) line 2	nsyilxcn	gloss	tomorrow FUT 1SG.SUBJ CISL-return and.then 1SG.SUBJ CONT-PFV-go-CONT	page 39, engine english
(85a) line 3	nsyilxcn	segmentation	k̓l w̓í<•w̓>ast.	page 39, engine language
(85a) line 4	nsyilxcn	gloss	to high<•CRED>	page 39, engine english
(85a) line 5	John Lyon	translation	‘Tomorrow I’ll get back and then I’m going up the little hill.’	page 39, engine english
(85a) line 6	John Lyon	citation	(Delphine Derickson Armstrong | from VFd example)	page 39, engine english
(85b) line 1	nsyilxcn	segmentation	x̌lap mi kn c-p̓lak̓ məɬ kn ks-∅-xʷúy-aʔx	page 39, engine language
(85b) line 2	nsyilxcn	gloss	tomorrow FUT 1SG.SUBJ CISL-return and.then 1SG.SUBJ PROS-PFV-go-PROS	page 39, engine english
(85b) line 3	nsyilxcn	segmentation	k̓l w̓í<•w̓>ast.	page 39, engine language
(85b) line 4	nsyilxcn	gloss	to high<•CRED>	page 39, engine english
(85b) line 5	John Lyon	translation	‘Tomorrow I’ll get back and then I’m going up the little hill.’	page 39, engine english
(85b) line 6	John Lyon	citation	(Delphine Derickson Armstrong)	page 39, engine english
§4.3	John Lyon	note	Importantly, formally prospective predicates are the only option in some cases, for reasons that are currently unclear (86).	page 39
(86a) line 1	nsyilxcn	segmentation	* way̓ sic kn s-∅-k̓ʷəl̓-c-ncút-x. kiʔ	page 39, engine language
(86a) line 2	nsyilxcn	gloss	already new 1SG.SUBJ CONT-PFV-get.made-food-REFL-CONT ADJT.C	page 39, engine english
(86a) line 3	nsyilxcn	segmentation	i(n)-náx̌ʷnəx̌ʷ kʷu m̓ay̓-xít-s t x̌ast t scm̓aʔmáy̓.	page 39, engine language
(86a) line 4	nsyilxcn	gloss	1SG.POSS-wife 1SG.OBJ tell-IND-3ERG OBL good OBL story	page 39, engine english
(86a) line 5	John Lyon	translation	‘I was about to start cooking when my wife called me with the good news.’	page 39, engine english
(86a) line 6	John Lyon	citation	(Delphine Derickson Armstrong)	page 39, engine english
(86b) line 1	nsyilxcn	segmentation	way̓ sic kn ks-∅-k̓ʷəl̓-c-ncút-aʔx kiʔ	page 39, engine language
(86b) line 2	nsyilxcn	gloss	already new 1SG.SUBJ PROS-PFV-get.made-food-REFL-PROS ADJT.C	page 39, engine english
(86b) line 3	nsyilxcn	segmentation	i(n)-náx̌ʷnəx̌ʷ kʷu m̓ay̓-xít-s t x̌ast t scm̓aʔmáy̓.	page 39, engine language
(86b) line 4	nsyilxcn	gloss	1SG.POSS-wife 1SG.OBJ tell-IND-3ERG OBL good OBL story	page 39, engine english
(86b) line 5	John Lyon	translation	‘I was about to start cooking when my wife called me with the good news.’	page 39, engine english
(86b) line 6	John Lyon	citation	(Delphine Derickson Armstrong | VF)	page 39, engine english
§4.3	John Lyon	note	While further work is needed on possible prospective uses of continuatives, the fact that these are sometimes volunteered strengthens the idea that any time span associated with perfective continuative need not necessarily be oriented retrospectively. Though typically retrospective, this could be due to a scalar implicature between formally non-prospective and prospective forms, such that perfective continuatives imply retrospection without entailing it. Such a view, whereby the temporal ordering of a continuative event is underspecified, is consistent with the progressive uses of imperfective continuatives discussed in sections 4.1 and 4.2, which only seem to involve a retrospective time span in the context of a since adverbial.	page 39
§4.4	John Lyon	heading	4.4 Perfective continuatives and implicature strengthening	page 40
§4.4	John Lyon	note	Iatridou et al. (2001) claim that for perfects, a subinterval property (87) must hold within the perfect time span to enable a universal reading (Dowty 1979; Mittwoch 1988).29 (87) Subinterval Property (Iatridou et al. 2001): “The continuous reading requires events to be homogeneous throughout the Perfect Time Span (events must hold at each subinterval of a time t).” This is intended to capture the fact that only states have continuous readings in the absence of an imperfective. Iatridou et al. also argue that the continuative incorporates the ‘boundedness’ of the underlying predicate. They state (2001:171):	page 40
§4.4	John Lyon	note	(88) “Perfective morphology on the predicate describing the eventuality blocks the subinterval property. It presents the eventuality as bounded, and bounded eventualities are not homogeneous since any interval including the completion/termination differs in nature from the preceding intervals.” In Nsyilxcn, non-imperfective dynamic predicates are bounded, and therefore non-homogenous. However, while states in Salish have been analyzed as formally perfective in the absence of an imperfective (Bar-el 2005), these are homogenous, unbounded in other words. Bar-el (2005) shows that for Skwxwu7mesh perfectives, activities imply termination, accomplishments imply culmination, achievements entail culmination, while states have no final termination or culmination, and by default hold at a reference time, perfectivity notwithstanding. In this section, I demonstrate that Nsyilxcn follows the same pattern. The immediate implication is that the continuative incorporates the boundedness of an underlying predicate, and that this potentially accounts for the distinction between non-imperfective state and dynamic continuative predicates, but that if bare adjectival states are to be considered perfective in a sentential context, (88) needs to be limited to dynamic predicates only in Salish languages.30 For Nsyilxcn, the absence of any termination implicature in a perfective state has the effect that these are interpretively equivalent to imperfective states under a non-habitual reading (89).	page 40
(89) line 1	nsyilxcn	segmentation	iʔ knəxnáx c-/∅-nʕast t spiʔsc̓íɬt, uɬ pútiʔ c-/∅-nʕast ʕapnáʔ.	page 40, engine language
(89) line 2	nsyilxcn	gloss	DET box IPFV-/ PFV-heavy OBL yesterday and still IPFV-/PFV-heavy now	page 40, engine english
(89) line 3	John Lyon	translation	‘The box was heavy yesterday, and it is still heavy today.’	page 40, engine english
(89) line 4	John Lyon	citation	(Delphine Derickson Armstrong)	page 40, engine english
footnote 29	John Lyon	note	29 Dowty’s (1979) original version states, “The subinterval property holds of an interval iff the eventuality that holds at that interval holds of every subinterval of that interval.”	page 40, footnote
footnote 30	John Lyon	note	30 Rullmann & Matthewson (2018:14) propose a null non-prospective aspect which may or may not include the utterance time and which enables “both eventive and stative perfective predicates [to] pick out eventualities which are ongoing at the utterance time, without the need for imperfective marking.” A similar non-prospective aspect in Nsyilxcn could explain ongoing readings of perfective states, both bare and continuative, but it may incorrectly level the distinction between bare and continuous dynamic predicates with respect to event culmination/termination.	page 40, footnote
§4.4	John Lyon	note	Likewise, although continuative states are typically volunteered as ∅- perfectives with universal readings (Section 3.8), they can also easily occur as imperfective continuatives (90), with no apparent change in interpretation.	page 41
(90) line 1	nsyilxcn	segmentation	in-pús t sk̓aʔɬásq̓ət s-c-/∅-q̓ilt-x	page 41, engine language
(90) line 2	nsyilxcn	gloss	1SG.POSS-cat OBL Wednesday CONT-IPFV-/PFV-sick-CONT	page 41, engine english
(90) line 3	nsyilxcn	segmentation	uɬ way̓ ʕapnáʔ s-∅-x̌əst-wílx-əx.	page 41, engine language
(90) line 4	nsyilxcn	gloss	and already now CONT-PFV-good-become-CONT	page 41, engine english
(90) line 5	John Lyon	translation	‘My cat has been sick since last Wednesday, but now she is better.’	page 41, engine english
(90) line 6	John Lyon	citation	(Dave Michele | VF with PFV- ∅-)	page 41, engine english
§4.4	John Lyon	note	If perfective continuative adjectival states like (90) are unbounded because the underlying states themselves (89) are unbounded, the prediction is that these should behave similarly to imperfective states under an ongoing reading, and this seems to be the case. Continuative states thus ‘inherit’ the unboundedness of their underlying states.	page 41
§4.4	John Lyon	note	In contrast, perfectives built on dynamic predicates are not interpretively equivalent to imperfectives, as shown above in sections 2 to 4. Dynamic predicates in Nsyilxcn imply termination or culmination, and hence are bounded under Iatridou et al.’s definition. That these are implicatures in Nsyilxcn as opposed to entailments is shown by the fact that basic perfective activities (91–92) and (transitive) accomplishments (93–94) can have both completive and ongoing readings. For Dave Michel, an in-progress reading is not available for a perfective activity, which demonstrates that for at least some speakers, termination is an entailment.	page 41
(91) line 1	John Lyon	note	Context: Your friend calls to you from across the room while they are dancing and says:	page 41, engine english
(91a) line 1	nsyilxcn	segmentation	kn ∅-q̓ʷəyílx.	page 41, engine language
(91a) line 2	nsyilxcn	gloss	1SG.SUBJ PFV-dance	page 41, engine english
(91a) line 3	Lottie Lindley, Dunham 2011	translation	‘I’m dancing.’ / ‘I danced.’	page 41, engine english, cited Lottie Lindley, Dunham 2011
(91a) line 3	John Lyon	citation	(Lottie Lindley, Dunham 2011)	the tag or source at the right of the translation
(91b) line 1	nsyilxcn	segmentation	húmaʔ kʷu ∅-ʕac̓-nt, kn ∅-q̓ʷəyílx.	page 41, engine language
(91b) line 2	nsyilxcn	gloss	excuse.me 1SG.OBJ PFV-look-DIR 1SG.SUBJ PFV-dance	page 41, engine english
(91b) line 3	John Lyon	translation	‘Look at me, I’m dancing.’ (Delphine Derickson Armstrong | VF)	page 41, engine english
(91b) line 4	Dave Michele	speaker comment	DM Comment: “Means ‘Look at me, I already danced. You need to say scq̣̓̓ʷəyílxəx.’”	page 41, engine residue
(91b)	nsyilxcn	cited form	scq̣̓̓ʷəyílxəx	in the speaker comment, page 41
(92) line 1	John Lyon	note	Context: You see John having a smoke through the window outside, and say to your friend:	page 41, engine english
(92a) line 1	nsyilxcn	segmentation	John ∅-mán̓xʷ-əm.	page 41, engine language
(92a) line 2	nsyilxcn	gloss	John PFV-smoke-MID	page 41, engine english
(92a) line 3	Lottie Lindley, Dunham 2011	translation	‘John is smoking.’	page 41, engine english, cited Lottie Lindley, Dunham 2011
(92a) line 3	John Lyon	citation	(Lottie Lindley, Dunham 2011)	the tag or source at the right of the translation
(92b) line 1	nsyilxcn	segmentation	∅-ʕac̓-nt, John ∅-mán̓xʷ-əm.	page 41, engine language
(92b) line 2	nsyilxcn	gloss	PFV-look-DIR John PFV-smoke-MID	page 41, engine english
(92b) line 3	John Lyon	translation	‘Look at him, John is smoking.’ (Delphine Derickson Armstrong)	page 41, engine english
(92b) line 4	John Lyon	translation	‘Look at him, John had a smoke.’ (Dave Michele)	page 41, engine english
(92b) line 5	Dave Michele	speaker comment	DM Comment: “He had a smoke, he’s not there now.”	page 41, engine english
(93a) line 1	nsyilxcn	segmentation	John ∅-ʔiɬ-s iʔ ápəl uɬ lút t̓ ∅-k̓aw-st-s.	page 42, engine language
(93a) line 2	nsyilxcn	gloss	John PFV-eat(-DIR)-3ERG DET apple and NEG NEG.FAC PFV-all.gone-CAUS-3ERG	page 42, engine english
(93a) line 3	Lottie Lindley, Dunham 2011	translation	‘John ate the apple but he didn’t finish it.’	page 42, engine english, cited Lottie Lindley, Dunham 2011
(93a) line 3	John Lyon	citation	(Lottie Lindley, Dunham 2011)	the tag or source at the right of the translation
(93b) line 1	nsyilxcn	segmentation	∅-ʕac̓-nt, John ∅-ʔiɬ-s iʔ ápəl.	page 42, engine language
(93b) line 2	nsyilxcn	gloss	PFV-look-DIR John PFV-eat(-DIR)-3ERG DET apple	page 42, engine english
(93b) line 3	John Lyon	translation	‘Look at him, John is eating an apple.’ (Delphine Derickson Armstrong)	page 42, engine english
(93b) line 4	Dave Michele	speaker comment	DM Comment: “It’s okay, but usually it means he finished it.”	page 42, engine english
(94a) line 1	nsyilxcn	segmentation	John ∅-ƛ̓aʔƛ̓aʔ-nt-ís iʔ laklí.	page 42, engine language
(94a) line 2	nsyilxcn	gloss	John PFV-look.for-DIR-3ERG DET key	page 42, engine english
(94a) line 3	Lottie Lindley, Dunham 2011	translation	‘John looked for the key.’ / ‘John is looking for the key.’	page 42, engine english, cited Lottie Lindley, Dunham 2011
(94a) line 4	John Lyon	citation	(Lottie Lindley, Dunham 2011)	page 42, engine english
(94b) line 1	nsyilxcn	segmentation	k̓liʔ kiʔ ∅-ƛ̓aʔƛ̓aʔ-nt-ís iʔ lakli-s.	page 42, engine language
(94b) line 2	nsyilxcn	gloss	to.there ADJT.C PFV-look.for-DIR-3ERG DET key-3POSS	page 42, engine english
(94b) line 3	John Lyon	translation	‘John is looking for his key over there.’ (Delphine Derickson Armstrong)	page 42, engine english
§4.4	John Lyon	note	Ongoing readings are not possible for perfective continuatives built on dynamic predicates; these must be realized as imperfectives instead (95–98). This shows how the continuative strengthens the implicature of termination/culmination inherent in dynamic predicates into an entailment. This is one of the core differences between bare and continuative perfectives. In my analysis, I treat this as a semantic effect of the continuative, though pragmatic strengthening remains a possibility.	page 42
(95) line 1	John Lyon	note	Context: Your friend calls to you from across the room while they are dancing and says:	page 42, engine english
(95a) line 1	nsyilxcn	segmentation	húmaʔ kʷu ∅-ʕac̓-nt, kn s-c-q̓ʷəyílx-əx.	page 42, engine language
(95a) line 2	nsyilxcn	gloss	excuse.me 1SG.OBJ PFV-look-DIR 1SG.SUBJ CONT-IPFV-dance-CONT	page 42, engine english
(95a) line 3	John Lyon	translation	‘Look at me, I’m dancing.’ (Dave Michele | VF)	page 42, engine english
(95b) line 1	nsyilxcn	segmentation	# húmaʔ kʷu ∅-ʕac̓-nt, kn s-∅-q̓ʷəyílx-əx.	page 42, engine language
(95b) line 2	nsyilxcn	gloss	excuse.me 1SG.OBJ PFV-look-DIR 1SG.SUBJ CONT-PFV-dance-CONT	page 42, engine english
§4.4	John Lyon	note	# ‘Look at me, I danced.’ (Delphine Derickson Armstrong, Dave Michel)	page 42
(96) line 1	John Lyon	note	Context: You see John having a smoke through the window outside, and say to your friend:	page 42, engine english
(96a) line 1	nsyilxcn	segmentation	∅-ʕac̓-nt John ilíʔ kiʔ s-c-mánxʷ-əx.	page 42, engine language
(96a) line 2	nsyilxcn	gloss	PFV-look-DIR John there ADJT.C CONT-IPFV-smoke-MID+CONT	page 42, engine english
(96a) line 3	John Lyon	translation	‘Look at John, he’s smoking over there.’ (Dave Michele | VF)	page 42, engine english
(96b) line 1	nsyilxcn	segmentation	# ∅-ʕac̓-nt John ilíʔ kiʔ s-∅-mánxʷ-əx.	page 42, engine language
(96b) line 2	nsyilxcn	gloss	PFV-look-DIR John there ADJT.C CONT-PFV-smoke-(MID)+CONT	page 42, engine english
§4.4	John Lyon	note	# ‘Look at John, he smoked.’ (Delphine Derickson Armstrong, Dave Michele)	page 42
(97) line 1	John Lyon	note	Context: You’re looking at your friend John who is currently eating an apple.	page 42, engine english
(97a) line 1	nsyilxcn	segmentation	∅-ʕac̓-nt, John s-c-ʔiɬn-m-s iʔ ápəl.	page 42, engine language
(97a) line 2	nsyilxcn	gloss	PFV-look-DIR John CONT-IPFV-eat(-DIR)-CONT-3POSS DET apple	page 42, engine english
(97a) line 3	John Lyon	translation	‘Look at him, John is eating an apple.’ (Delphine Derickson Armstrong | VF)	page 42, engine english
(97a) line 4	Dave Michele	speaker comment	DM Comment: “Good, or you could say John cʔiɬsts iʔ ápəl.”	page 42, engine residue
(97a)	nsyilxcn	cited form	cʔiɬsts	in the speaker comment, page 42
(97a)	nsyilxcn	cited form	iʔ	in the speaker comment, page 42
(97a)	nsyilxcn	cited form	ápəl	in the speaker comment, page 42
(97b) line 1	nsyilxcn	segmentation	# ∅-ʕac̓-nt, John s-∅-ʔiɬn-m-s iʔ ápəl.	page 43, engine language
(97b) line 2	nsyilxcn	gloss	PFV-look-DIR John CONT-PFV-eat(-DIR)-CONT-3POSS DET apple	page 43, engine english
§4.4	John Lyon	note	# ‘Look at him, John has eaten the apple.’ (Delphine Derickson Armstrong, Dave Michele)	page 43
(98) line 1	John Lyon	note	Context: You see John looking around for his key, and tell your friend:	page 43, engine english
(98a) line 1	nsyilxcn	segmentation	John s-c-ƛ̓aʔƛ̓aʔ-ám-s iʔ lakli-s.	page 43, engine language
(98a) line 2	nsyilxcn	gloss	John CONT-IPFV-look.for(-DIR)-CONT-3POSS DET key-3POSS	page 43, engine english
(98a) line 3	John Lyon	translation	‘John is looking for his key.’ (Delphine Derickson Armstrong, Dave Michele)	page 43, engine english
(98b) line 1	nsyilxcn	segmentation	# John s-∅-ƛ̓aʔƛ̓aʔ-ám-s iʔ lakli-s.	page 43, engine language
(98b) line 2	nsyilxcn	gloss	John CONT-PFV-look.for(-DIR)-CONT-3POSS DET key-3POSS	page 43, engine english
§4.4	John Lyon	note	# ‘John looked for his key.’ (Delphine Derickson Armstrong, Dave Michele) DD/DM Comment: “You have to have the c- if he’s looking for it.” Overall, Nsyilxcn continuatives seem to follow Iatridou et al.’s (2001) observation about the perfect insofar as it incorporates the boundedness of the underlying predicate, and that this boundedness is what blocks the subinterval property in dynamic continuatives, and with it, the possibility of a universal reading. Overall, this explains why continuative states allow universal readings (99a), but not perfective continuatives built on dynamic predicates (99b,c).	page 43
(99a) line 1	nsyilxcn	segmentation	i-sqʷsíʔ pútiʔ s-∅-n-qʷəyqʷʕáy-s-x. state	page 43, engine language
(99a) line 2	nsyilxcn	gloss	1SG.POSS-son still CONT-PFV-LOC-blue-eye-CONT	page 43, engine english
(99a) line 3	John Lyon	translation	‘My son still has blue eyes.’ (Dave Michele | VF)	page 43, engine english
(99b) line 1	nsyilxcn	segmentation	# t sʔaslásq̓ət, Marí kiʔ s-∅-k̓ʷəl̓-c-ncút-x. activity	page 43, engine language
(99b) line 2	nsyilxcn	gloss	OBL Tuesday Mary ADJT.C CONT-PFV-make-food-REFL-CONT	page 43, engine english
(99b) line 3	John Lyon	translation	Target: ‘Mary has been cooking since Tuesday.’	page 43, engine english
(99b) line 4	Dave Michele	speaker comment	DM Comment: “Got to have the c- in there.” (Dave Michele)	page 43, engine english, named after the comment
(99c) line 1	nsyilxcn	segmentation	#ʔasəl-spintk kiʔ i-s-∅-k̓ʷúl̓-ɬxʷ-m accomplishment	page 43, engine language
(99c) line 2	nsyilxcn	gloss	two-year ADJT.C 1SG.POSS-CONT-PFV-make-house(-DIR)-CONT	page 43, engine english
(99c) line 3	nsyilxcn	segmentation	uɬ way̓ ʕapnáʔ lut t̓ wiʔ-st-ín.	page 43, engine language
(99c) line 4	nsyilxcn	gloss	and already now NEG NEG.FAC finish-CAUS-1SG.ERG	page 43, engine english
(99c) line 5	John Lyon	translation	‘I’ve been building this house for 2 years already, and it still isn’t finished.’	page 43, engine english
(99c) line 6	Dave Michele	speaker comment	DM Comment: “Better with the c-.” (Dave Michel)	page 43, engine english
§4.4	John Lyon	note	I suggest that boundedness in the Salish context may be understood, roughly speaking, as the existence of an implicature of termination or culmination. In my analysis (Section 5), I formalize this in negative terms by building unboundedness (i.e., non-maximality) into the meaning of states and imperfectives. Boundedness is the elsewhere condition, under my analysis.	page 43
§4.4	John Lyon	note	To summarize and conclude this section, Nsyilxcn presents several challenges to a standard extended-now perfect analysis. These include the absence of habitual readings with imperfective continuatives in most contexts (Section 4.1), the interpretations of imperfective continuatives as progressives as opposed to perfect progressives in most contexts (Section 4.2), apparent prospective uses of perfective continuatives (Section 4.3), and the strengthening of culmination/termination implicatures into entailments for dynamic predicates (Section 4.4). The analysis presented in the next section attempts to address these challenges.	page 43
§5	John Lyon	heading	5 Towards a partitive analysis	page 44
§5	John Lyon	note	A summary of the patterns to account for are as follows:	page 44
§5	John Lyon	note	Perfective continuatives do not require an eventuality or resulting state to hold at the reference time. With states, the eventuality easily holds, yielding a ‘continuous’ or ‘universal’ reading. With activities, accomplishments, and achievements (‘dynamic predicates’), the eventuality does not hold at utterance time, yielding an ‘existential’ reading. With few exceptions, dynamic predicates must occur in the imperfective in order to have a universal reading. Overall, perfective continuatives closely resemble the English perfect.	page 44
§5	John Lyon	note	Imperfective continuatives do require an eventuality to hold relative to a reference time, meaning they do not by themselves allow existential readings. The continuative has the effect of blocking habitual readings characteristic of the base imperfective. An exception to the rule is in since-type sentences, where existential, habitual-like readings of imperfective continuatives are possible. These facts have led me to the hypothesis that imperfective continuatives are basically derived progressives, rather than perfect progressives, but that perfect-like interpretations occur in combination with certain adverbs (namely the functional equivalents of since).	page 44
§5	John Lyon	note	There were four issues identified with adopting a standard extended-now approach (100), discussed in detail in Section 4, and briefly reiterated below.	page 44
(100a) line 1	John Lyon	rule	⟦PERFECT⟧ = 𝜆Pλi∃i’.[PTS(i’,i) ∧ p(i’)]	page 44, engine residue
§5	John Lyon	notation	λi∃i’.[PTS(i’,i	part of the denotation of the perfect
footnote 31	John Lyon	note	31 The third point above could be addressed by replacing the requirement that i be a final subinterval of i’, with a requirement that i be a ‘boundary’ subinterval, i.e., either the initial or final subinterval of (i’,i). A (possibly null) prospective ordering aspect will then yield a mirror-image, ‘not yet started’ reading for perfective continuatives. The first two points more seriously challenge the applicability of (100) to Nsyilxcn, since there should be nothing to prevent existential perfect or habitual readings of an imperfective continuative if the meaning is as shown in (100b).	page 44, footnote
§5	John Lyon	note	PTS(i’,i) iff i is a final subinterval of i’ b. λi∃i’.[PTS(i’,i) ∧ ∃e.[P(e) ∧ i’ ⊆ 𝜏(e)]] perfect imperfective c. λi∃i’.[PTS(i’,i) ∧ ∃e.[P(e) ∧ 𝜏(e) ⊆ i’]] perfect perfective First, the perfect imperfective in (100b) does not itself derive the general absence of habitual readings in Nsyilcxn imperfective continuatives (Section 4.1). Second, tense does not seem to be the final sub-interval in imperfective continuatives in Nsyilxcn: these are rather more akin to progressives (Section 4.2). Third, tense is not necessarily ordered after the introduced time span with perfective continuatives (Section 4.3). Fourth, the continuative has the effect of strengthening termination and culmination implicatures into entailments for dynamic predicates (Section 4.4).31 Alexyenko’s (2018) treatment of imperfectivity combines an event-plurality approach to habituality (see Ferreira 2005 and many others), with an inertia world semantics developed for the progressive (Dowty 1979; Landman 1992; Portner 1998). By approaching the difference between habituals and progressives as essentially a difference between plural and singular events, they recognize that as variants of a general imperfective, both share a common semantic core (Comrie 1976). For Alexyenko, languages with a dedicated progressive marker include a predicate ATOM (101a) in addition to the common imperfective core, which enforces a singular event reading, whereas dedicated habitual markers include a predicate ¬ATOM (101b) which enforces a plural event reading. Essentially, an event is atomic iff there are no sub-events which are non-identical with the event itself. Conversely, an event is non-atomic if there is some sub-event which is non- identical with the event itself.	page 44
(101a) line 1	John Lyon	formula	ATOM(e) = ∀e’[e’ ⊑ e ➝ e’ = e]	page 45, engine residue
(101b) line 1	John Lyon	formula	¬ATOM(e) = ∃e’[e’ ⊑ e ∧ ¬e’ = e]	page 45, engine residue
§5	John Lyon	note	Building on Dowty (1979), Landman (1992), and Portner (1998), and Ferreira (2016), Alexyenko’s proposed semantics for a general imperfective and a progressive are given in (102a,b). Taking (102b) as an example, “a progressive is true iff there is a ‘stage’ event [‘e’] in the actual world that develops into a complete VP-event [‘𝛆’] in all the worlds in the circumstantial modal base that rank best with respect to the non-interruption ordering source” (2018:780). In other words, a progressive is true “iff there is a singular or plural P-event [‘e’] in the actual world such that it is a non-final part of a singular P-event [‘𝛆’] in all the worlds in which nothing irrelevant accidentally interrupts it and prevents it from continuing” (2018:780).	page 45
(102) line 1	John Lyon	note	a. General Imperfective	page 45, the caption
(102) line 2	John Lyon	rule	λP⟨e,⟨s,t⟩⟩ λtλw∃e.[t ⊆ τ(e) ∧ P(e)(w) ∧ ∀w’[w’ ∈ BEST(CIRC(e)(w))NINT(e)(w)] →	page 45, engine residue
(102) line 3	John Lyon	rule	∃𝛆[τ(e) ⊂nf τ(𝛆) ∧ P(𝛆)(w’)]]	page 45, engine residue
(102) line 4	John Lyon	rule	b. Progressive	page 45, engine english
(102) line 5	John Lyon	rule	λP⟨e,⟨s,t⟩⟩λtλw∃e.[t ⊆ τ(e) ∧ P(e)(w) ∧ ∀w’[w’ ∈ BEST(CIRC(e)(w))NINT(e)(w)] →	page 45, engine residue
(102) line 6	John Lyon	rule	∃𝛆[τ(e) ⊂nf τ(𝛆) ∧ P(𝛆)(w’) ∧ ATOM(𝛆)(w’)]]	page 45, engine residue
§5	John Lyon	note	The key concepts which I borrow from this approach are (i) that event singularity can be enforced through an atomizing predicate, and (ii) that the main event can be associated with a containing, continuing event in some possible world.	page 45
§5	John Lyon	note	Next, rather than assuming Iatridou et al.’s view of boundedness as non-homogeneity within an event (88), I explore a different definition, and suggest that boundedness in Nsyilxcn may be expressed as a lexico-aspectual distinction between states and dynamic predicates such that stative eventualities are by default interpreted as part of a larger continuing event in an accessible possible world, whereas dynamic events have no such default interpretation in the absence of an imperfective marker. More technically, states by default denote a non-maximal eventuality stage, whereas dynamic predicates can denote either a non-maximal or maximal event stage. Maximal event stages are defined as those which either culminate or cease to develop further relative to a possible world, while non-maximal event stages are those which may develop further relative to a possible world (Altshuler 2014).	page 45
§5	John Lyon	note	I define unboundedness as non-maximality for a predicate P with respect to a set of worlds S (103a), and boundedness as maximality (103b) (Ferreira 2016).	page 45
§5	John Lyon	notation	τ(e	part of a denotation, the run time of an event
§5	John Lyon	note	(103) a. ∀w ∈ S, ∃e[P(e,w) ∧ ∃e’[e < e’ ∧ P(e’,w)]] unbounded/non-maximal b. ∀w ∈ S, ∃e[P(e,w) ∧ ¬∃e’[e < e’ ∧ P(e’,w)]] bounded/maximal A non-maximal event stage will be an event which satisfies (103a), whereas a maximal event stage will be one which satisfies (103b). In plain terms, an event stage e is non-maximal if there is some larger event e’ with which it forms a part, at least in some possible world. In order for an event stage e to be maximal, there must be no larger event e’ with which it forms a part. For Nsyilxcn, I suggest that imperfective predicates and basic states encode non-maximality as an intensional relation between an event in some close possible world, and an event in the actual world which is included as a proper part. This is similar to Alexyenko’s treatment of the imperfective and progressive in (102), where the runtime of some event 𝛆 in w’ contains an event e in the evaluation world w. I assume for now that the modal relation between the two worlds may be expressed similarly to (102), where the evaluation world w is part of the modal set unless something accidentally interrupts the event(uality) and prevents it from continuing. I also assume that the part of relation e < e’ in (103) maps onto a temporal inclusion relation τ(e) ⊂nf τ(e’) through a temporal trace function (Krifka 1989).	page 45
§5	John Lyon	note	Nsyilxcn adjectival states are defined as in (104), where an eventuality satisfying some state P with a patient x is presupposed to be non-maximal in all worlds in which nothing irrelevant prevents the eventuality from continuing. Imperfective aspect (105) encodes event non-maximality directly, as well as introducing a reference time variable which is included within the runtime of the event. A progressive interpretation arises in case e denotes a singular event, whereas a habitual interpretation surfaces if e denotes a plural event.32	page 46
(104) line 1	John Lyon	rule	⟦STATE⟧ = λwλe[P(x,e,w)]	page 46, engine residue
§5	John Lyon	note	is defined for e in w iff ∀w’[w’ ∈ BEST(CIRC(e,w))NINT(e,w) → ∃e’[e < e’ ∧ P(e’,w’)]]	page 46
(105) line 1	John Lyon	rule	⟦IPFV⟧ = λPλtλwλe[P(e,w,t) ∧ t ⊆ 𝜏(e) ∧ ∀w’[w’ ∈ BEST(CIRC(e,w))NINT(e,w) →	page 46, engine english
(105) line 2	John Lyon	rule	∃e’[e < e’ ∧ P(e’,w’)]]]	page 46, engine residue
§5	John Lyon	note	With states and imperfectives, e may be either maximal or non -maximal (Altshuler 2014).33 It is either maximal or non-maximal in those worlds in which e is not interrupted (i.e., worlds in the modal base), and maximal in those worlds where it ceases to develop further or is interrupted (i.e., those worlds not in the modal base). In other words, even if e is maximal in the evaluation world, there may still be closely accessible worlds in which e is non-maximal and continues as e’. I assume the following, standard semantics for the perfective (106). Unlike the imperfective, there is no modal restriction on the perfective. I assume that the perfective ranges over both non- maximal event stages, as well as maximal event stages, where a maximal event stage may either be an event stage that ceases to develop further, or an event stage which culminates, depending on the world (Altshuler 2014).	page 46
(106) line 1	John Lyon	note	⟦PFV⟧ = λPλtλwλe[P(e,w,t) ∧ 𝜏(e) ⊆ t]	page 46, the caption
footnote 32	John Lyon	note	32 The Nsyilxcn imperfective patterns similarly to the Russian imperfective as described in Altshuler (2014:757), in either referring to a single event “that holds in the world of evaluation and which is a stage of an event that culminates in a ‘near enough’ world” or else “a series of events that hold in the world of evaluation and which are stages of events that culminate in a ‘near enough’ world.”	page 46, footnote
footnote 33	John Lyon	note	33 Altshuler’s (2014:763) alternative definition of the imperfective is as follows: “An operator is imperfective if it requires a part of an event in the extension of the VP that it combines with, but this part need not be maximal.”	page 46, footnote
§5	John Lyon	note	Unlike Altshuler (2014; see also Filip 2000, 2008), I do not assume a maximal stage requirement for the perfective (i.e., the perfective does not encode 103b). This is for two reasons: First, this effectively renders the perfective incompatible with ‘bare’ adjectival states, which are unbounded, yet are arguably still perfective (Bar-el 2005). More importantly, as (91) to (94) above show, non- continuative dynamic perfectives allow not only maximal event readings whereby the event culminates or ceases to develop further, but also non-maximal continuing event readings, particularly in the case of activities. (Note that I leave the e variable unbound for imperfective (105) and perfective (106), since the continuative will need to access the variable.) The continuative itself, I suggest, takes some predicate P inflected for viewpoint aspect and introduces a sum over overlapping singular P event stages across worlds, relative to some reference time t (see Krifka 1998; Ferreira 2005 for relevant work), and asserts that this sum event holds of P in the actual world (107a). The singular sg operator (Ferreira 2005) limits the application of the sum operation to just the set of minimal, singular (‘atomic’) events (107b). The sum event is the ‘most complete’ version of some singular P event across worlds, relative to some reference time.	page 47
(107a) line 1	John Lyon	rule	⟦CONT⟧ = 𝜆Pλtλw∃e[P(e,w,t) ∧ (e,w,t) = ⊕sg[λe’λw’.P(e’,w’)(t)]]	page 47, engine residue
(107a) line 2	John Lyon	rule	b. sg = 𝜆e𝜆w.ATOM(e,w)	page 47, engine english
§5	John Lyon	note	ATOM(e,w) ⟺ ¬∃e’ < e : e’ holds in w The utility of the sum operation is to bring overlapping world/event pairs into consideration in determining which atomic P event holds in the actual world. This is conceptually similar to how Alexyenko’s (2018) modal semantics for the progressive (102b) determine which worlds the atomic, containing event hold. The difference for continuatives is that because perfectives presumably do not include a modal restriction, a separate mechanism is needed.	page 47
§5	John Lyon	note	Combining the semantics of the continuative (107a) with the perfective (106) as applied to some predicate P with an unsaturated external argument yields a perfective continuative (108).	page 47
(108) line 1	John Lyon	rule	⟦PFV.CONT⟧ = λxλtλw∃e[P(e,w,t,x) ∧ 𝜏(e) ⊆ t ∧ (e,w,t) =	page 47, engine residue
(108) line 2	John Lyon	rule	⊕sg[λe’λw’.P(e’,w’,x) ∧ 𝜏(e’) ⊆ t]]	page 47, engine residue
footnote 34	John Lyon	note	34 As atomic events in their respective worlds, maximal atomic events within the sum may be considered ‘quantized’ and non-maximal atomic events may be considered ‘cumulative’ in the sense of Krifka (1989). The sum operation does not distinguish between these but takes any event stage satisfying P in that world,	page 47, footnote
§5	John Lyon	note	This asserts that there is some P event with some agent x in the actual world whose event runtime is included within the reference time, and that this P event is the sum of all overlapping singular P events across worlds with agent x whose runtimes are included within the reference time. The sum operation ensures that Nsyilxcn perfective continuatives always denote a culminating or terminating maximal, singular event. To illustrate, if e1 is a non-maximal stage of some event in w1, and e2 is an overlapping, non-culminating/terminating maximal stage of the same event in a different w2, and e3 is an overlapping, culminating/terminating maximal stage of the same event in w3, then e1(w1) ⊕ e2(w2) ⊕ e3(w3) = e3(w), given that 𝜏(e1(w1) ⊕ e2(w2) ⊕ e3(w3)) ⊆ t and that e1 , e2 < e3 in the evaluation world w. This is a semantic explanation for the difference between bare perfectives built on dynamic predicates, which need not culminate or terminate just in case e is either a non-maximal or a maximal non-culminating event stage, and perfective continuatives, which must culminate or terminate (barring states, to be discussed).34 Combining the continuative (107a) with the imperfective (105) as applied to some predicate P with an unsaturated external argument, yields an imperfective continuative (109). As a singular sum event whose runtime encompasses the reference time, a progressive interpretation results.	page 47
(109) line 1	John Lyon	rule	⟦IPFV.CONT⟧ = λxλtλw∃e[P(e,w,t,x) ∧ t ⊆ 𝜏(e) ∧ ∀w’[w’ ∈ BEST(CIRC(e,w))NINT(e,w) →	page 48, engine english
§5	John Lyon	notation	⊕sg[λe’λw’.P(e’,w’,x	part of a denotation
§5	John Lyon	note	∃e’[e < e’ ∧ P(e’,w’)]] ∧ (e,w,t) = ⊕sg[λe’λw’.P(e’,w’,x) ∧ t ⊆ 𝜏(e’)] ∧ ∀w’’[w’’ ∈ BEST(CIRC(e’,w’))NINT(e’,w’) → ∃e’’[e’ < e’’ ∧ P(e’’,w’’)]]] This asserts that there is some P event e with some agent x in the actual world whose event runtime includes the reference time, and which is non-maximal in all worlds in which the event is uninterrupted, and that this P event e is the sum of all overlapping singular P events e’ across all worlds w’ with agent x where the event runtime includes the reference time, and that for each of the worlds w’ within the sum, there may be accessible worlds w’’ where the singular event e’ continues as e’’.	page 48
§5	John Lyon	note	For imperfective continuatives, the sum operation ranges over both worlds where the singular event e continues and completes as e’ (i.e., the modal set, where e is non-maximal and e’ is maximal), and worlds where the e does not continue (where e is maximal: it is interrupted and ceases to develop further). The sum of a non-maximal event e in w1 and an overlapping, maximal version of the same event e in w2 is a maximal version of e in the evaluation world w, as illustrated above for perfectives. Similarly to a state (104) or base imperfective (105), however, the sum event e of a continuative being maximal in w (109) does not preclude e from developing further in some other possible world w’. Thus, the only tangible effect of the sum operation on imperfectives is to limit the events under consideration to singular events, and (109) is equivalent to a simplified (110).	page 48
(110) line 1	John Lyon	rule	⟦IPFV.CONT⟧ = λxλtλw∃e[P(e,w,t,x) ∧ t ⊆ 𝜏(e) ∧ (e,w,t) =	page 48, engine english
(110) line 2	John Lyon	rule	⊕sg[λe’λw’.P(e’,w’,x) ∧ t ⊆ 𝜏(e’)] ∧	page 48, engine residue
§5	John Lyon	note	∀w’’[w’’ ∈ BEST(CIRC(e’,w’))NINT(e’,w’) → ∃e’’[e’ < e’’ ∧ P(e’’,w’’)]]] Perfective states inherit the non-maximality of the states themselves (111), which typically has the effect of ‘by-passing’ the inclusion relation. In other words, even if the runtime of an eventuality is properly included within the reference time, it may continue past the reference time as e’ in some possible world. This derives their unboundedness in most contexts. Like other perfectives, however, a state need not hold at the reference time, just in case e is maximal and/or properly contained within the reference time. Like imperfectives, a perfective state may cease to hold if it is interrupted or does not develop further in the actual world.	page 48
(111) line 1	John Lyon	rule	⟦PFV.STATE⟧ = λtλwλe[P(x,e,w,t) ∧ 𝜏(e) ⊆ t]	page 48, engine english
§5	John Lyon	note	is defined for e in w iff ∀w’[w’ ∈ BEST(CIRC(e,w))NINT(e,w) → ∃e’[e < e’ ∧ P(e’,w’)]] The majority of perfective states are interpreted as unbounded/non-maximal. Their non-maximality is what drives their universal interpretations as continuatives and explains why they are relative to a specified reference time. For perfective and imperfective continuatives, the ‘most complete’ event will be a maximal singular event whose runtime fills the reference time and culminates/terminates at t. interpretively equivalent to imperfective states (112) under their single event readings (see Section 4.4, 89–90), just in case 𝜏(e) = t, and/or the event continues as e’ in a close possible world.	page 48
(112) line 1	John Lyon	rule	⟦IPFV.STATE⟧ = λtλwλe[P(x,e,w,t) ∧ t ⊆ 𝜏(e) ∧	page 49, engine english
§5	John Lyon	note	∀w’[w’ ∈ BEST(CIRC(e,w))NINT(e,w) → ∃e’[e < e’ ∧ P(e’,w’)]]] Because states strongly imply non-maximality as both perfectives and imperfectives, and a continuative sum event is still subject to cross-world non-maximality, a perfective continuative state will be semantically very similar to an imperfective continuative state.	page 49
§5	John Lyon	note	In summary, by enriching the ontology of event stages and how these map onto lexical and aspectual classes, this approach provides a unified semantics for the continuative which derives the progressive interpretations of imperfective continuatives and the existential perfect-like pattern seen with perfective continuatives built on dynamic predicates. States show universal readings even as perfectives because they are inherently non-maximal. While dynamic perfectives themselves can denote either a non-maximal, or a culminating or non-culminating maximal event in Nsyilxcn, continuative perfectives built on dynamic predicates entail culmination or termination because these denote the ‘most-developed’ maximal event-stage across worlds, which with accomplishments and achievements will be one which culminates, and with activities will be one which ceases to develop further. Crucially, the semantics for the continuative make no reference to a retrospective temporal interval. As such, there is no reason why a continuative might not give rise to a prospective reading.	page 49
§5	John Lyon	note	The above accounts for the progressive interpretations of imperfective continuatives, the existential perfect-like interpretations of imperfective continuatives, and the continuous interpretations of both perfective and imperfective continuative states. What remains unaccounted for are the ‘time span’ effects seen with imperfective continuatives and continuative states, especially in the context of still adverbials. These are revisited below.	page 49
§6	John Lyon	heading	6 Modifications to the analysis	page 49
§6	nsyilxcn	cited form	nyʕip	page 49, ‘always’
§6	John Lyon	note	This section discusses how the analysis relates to some of the more difficult examples discussed above in Section 4. In particular, I present one account of why habitual-like readings seem to re- emerge for imperfective continuatives in since contexts (Section 6.1), I discuss the infelicity of imperfective continuatives in nyʕip ‘always’ sentences (Section 6.2), and revisit outlier cases of dynamic perfective continuatives with universal-like interpretations (Section 6.3). As a disclaimer, sections 6.1 and 6.2 especially are exploratory in nature, and require further modifications to the analysis presented in Section 5. While these modifications make some correct predications, they are also theoretically problematic, and so require further work.	page 49
§6.1	John Lyon	heading	6.1 Since sentences	page 49
§6.1	John Lyon	note	In Section 4.1, I showed how the continuative has the effect of enforcing a progressive interpretation on an imperfective predicate, removing the possibility of a habitual reading. It was also shown that the equivalent of since sentences in Nsyilxcn seem to be exceptions, with both ongoing (113a) and habitual-like interpretations possible (113b).	page 49
(113a) line 1	nsyilxcn	segmentation	t siwɬkʷkʷkʕást kiʔ i-s-c-knxít-əm	page 50, engine language
(113a) line 2	nsyilxcn	gloss	OBL early.morning ADJT.C 1SG.POSS-CONT-IPFV-help(-DIR)-CONT	page 50, engine english
(113a) line 3	nsyilxcn	segmentation	i-sw̓aʔw̓ásaʔ.	page 50, engine language
(113a) line 4	nsyilxcn	gloss	1SG.POSS-aunt	page 50, engine english
(113a) line 5	John Lyon	translation	‘I’ve been helping my aunt since early this morning.’	page 50, engine english
(113a) line 6	Dave Michele	speaker comment	DM Comment: “You’re doing it now.” (Dave Michele | VF)	page 50, engine english, named after the comment
(113b) line 1	nsyilxcn	segmentation	kn ɬə sk̓ʷək̓ʷíymalt kiʔ i-s-c-knxít-əm	page 50, engine language
(113b) line 2	nsyilxcn	gloss	1SG.SUBJ when child ADJT.C 1SG.POSS-CONT-IPFV-help(-DIR)-CONT	page 50, engine english
(113b) line 3	nsyilxcn	segmentation	i-sw̓aʔw̓ásaʔ.	page 50, engine language
(113b) line 4	nsyilxcn	gloss	1SG.POSS-aunt	page 50, engine english
(113b) line 5	John Lyon	translation	‘I’ve been helping my aunt ever since I was young.’ (Dave Michele | VF)	page 50, engine english
§6.1	John Lyon	note	These two distinct interpretations are not limited to imperfective continuatives: perfective continuative states also follow this pattern (114), though dynamic perfective continuatives do not (Section 4.1). This pattern strongly suggests that the source of this ambiguity is to be found in the since clause, as opposed to either the imperfective specifically or the continuative, and also suggests that Nsyilxcn since interpretations may be dependent on lexical or aspectual non-maximality.	page 50
(114a) line 1	nsyilxcn	segmentation	l nk̓maplqs kn s-∅-mut-x uɬ way̓	page 50, engine language
(114a) line 2	nsyilxcn	gloss	at head.of.the.lake 1SG.SUBJ CONT-PFV-sit-CONT and already	page 50, engine english
(114a) line 3	nsyilxcn	segmentation	ʔasəl-sxʷípəpkst uɬ ʔupənkst-əɬ-cílkst spintk.	page 50, engine language
(114a) line 4	nsyilxcn	gloss	two-thousand and ten-and-five year	page 50, engine english
(114a) line 5	John Lyon	translation	‘I have lived in Vernon since 2015.’ (Delphine Derickson Armstrong | VF)	page 50, engine english
(114b) line 1	nsyilxcn	segmentation	t st̓əx̌íyut t̓i cəlkst-ásq̓ət kiʔ kn s-∅-q̓ilt-x.	page 50, engine language
(114b) line 2	nsyilxcn	gloss	OBL last.year EXCL five-day ADJT.C 1SG.SUBJ CONT-PFV-sick-CONT	page 50, engine english
(114b) line 3	John Lyon	translation	‘I have only been sick for 5 days since last year.’	page 50, engine english
(114b) line 4	John Lyon	citation	(Delphine Derickson Armstrong | VF)	page 50, engine english
§6.1	John Lyon	note	Iatridou et al. (2001:165; see also Vlach 1993; Dowty 1979; Mittwoch 1988) discuss perfect examples involving since in English (115), which are similar to (113) and (114) in having two distinct interpretations. Under the universal reading of (115), for example, the speaker has been sick continuously from 1990 up to and including the speech time. Since is ‘durative’ in this case. For the existential reading, there must be at least one period of time since 1990 during which the speaker has been sick. Since is ‘inclusive’ in this case.	page 50
(115) line 1	John Lyon	note	Since 1990, I have been sick.	page 50, the caption
§6.1	John Lyon	note	∃i (LB = 1990 ∧ RB = now ∧ ∀t ∈ i (sick(t))) ‘durative’ since: universal reading ∃i (LB = 1990 ∧ RB = now ∧ ∃t ∈ i (sick(t))) ‘inclusive’ since: existential reading For Iatridou et al., since is lexically ambiguous, and a since clause applies to a perfect time span: in its durative guise, it contributes universal quantification over times, while in its inclusive guise, it contributes existential quantification. Durative since requires a predicate that satisfies the subinterval property, or under the current analysis, one that is non-maximal. Inclusive since does not, as shown by (116). Reading ‘The Book of Sand’ is a culminating accomplishment, which is a maximal event, and does not satisfy the subinterval property.	page 50
§6.1	John Lyon	note	(116) Since 1990, I have read ‘The Book of Sand’ five times. (Iatridou et al. 2001:165) I suggest that the equivalent of since adverbials in Nsyilxcn have a similar effect on continuatives as that argued for by Iatridou et al. (2001) above: Namely, a since adverbial in Nsyilxcn can introduce either existential or universal quantification over times within an interval. Under the durative, universal reading of (117a) for example, a continuative event must hold for every time within the since time span. Under the inclusive, existential reading (117b), there is at least one time within the since time span for which the continuative event holds. It is the inclusive reading, I suggest, that makes possible a quasi-habitual interpretation.35	page 51
(117a) line 1	nsyilxcn	transcription	t siwɬkʷkʷkʕást kiʔ iscknxítəm isw̓aʔw̓ásaʔ. ‘durative’ since: universal reading	page 51, engine language
(117a) line 2	John Lyon	translation	‘I’ve been helping my aunt since early this morning.’	page 51, engine english
§6.1	nsyilxcn	cited form	ɬə	page 51
§6.1	nsyilxcn	cited form	sk̓ʷək̓ʷíyməlt	page 51
§6.1	nsyilxcn	cited form	kiʔ	page 51
§6.1	nsyilxcn	cited form	iscknxítəm	page 51
§6.1	nsyilxcn	cited form	isw̓aʔw̓ásaʔ	page 51
§6.1	John Lyon	note	∃i (LB = this morning ∧ RB = now ∧ ∀t ∈ i (CONT(helping my aunt)(t))) b. kn ɬə sk̓ʷək̓ʷíyməlt kiʔ iscknxítəm isw̓aʔw̓ásaʔ. ‘inclusive’ since: existential reading ‘I’ve been helping my aunt ever since I was young.’ ∃i (LB = I am young ∧ RB = now ∧ ∃t ∈ i (CONT(helping my aunt)(t))) This approach to since clauses preserves the progressive-only interpretations of imperfective continuatives in other contexts, and correctly predicts that since clauses should not be tied only to imperfectives but should occur with continuatives built on statives as well, as described above. In Nsyilxcn, a continuative can only occur with a since clause if it is built on a non-maximal predicate.36 We might expect dynamic perfective continuatives to allow inclusive readings in since sentences, similar to English (116) above, however, these allow neither durative nor inclusive interpretations (118).37 This is a noteworthy difference between Nsyilxcn continuatives and English perfects.	page 51
(118a) line 1	nsyilxcn	segmentation	# t sʔaslásq̓ət, Marí kiʔ s-∅-k̓ʷəl̓-c-ncut-x.	page 51, engine language
(118a) line 2	nsyilxcn	gloss	OBL Tuesday Mary ADJT.C CONT-PFV-get.made-food-REFL-CONT	page 51, engine english
(118a) line 3	John Lyon	translation	Target: ‘Mary has cooked since Tuesday.’	page 51, engine english
(118a) line 4	John Lyon	translation	Actual: ‘Mary cooked on Tuesday.’ (Dave Michele)	page 51, engine english
footnote 35	John Lyon	note	35 Existential temporal quantifiers like ɬaʔ claʔkín ‘sometimes’ also permit habitual-like interpretations of imperfective continuatives. I assume that cases such as these are semantically similar to the inclusive since sentences discussed above and introduce existential quantification over times within an interval.	page 51, footnote
§6.1	nsyilxcn	cited form	ɬaʔ	page 51
§6.1	nsyilxcn	cited form	claʔkín	page 51, ‘sometimes’
footnote 36	John Lyon	note	36 In fact, as (118a) suggests, the very interpretation of an oblique adverbial as a since adverbial rather than as a punctual adverbial is dependent on the predicate being non-maximal.	page 51, footnote
footnote 37	John Lyon	note	37 Dynamic predicates utilize a different construct for inclusive readings in since contexts, where the predicate is converted into a nominalized argument (iii). These are not continuatives:	page 51, footnote
footnote 37 (iii) line 1	John Lyon	note	iʔ k̓ast iʔ sq̓ilt kʷu ɬaʔ kicntəm, t̓i naqs isxʷuy k̓l Omak, uɬ ixíʔ iʔ l spiʔsxʷəyxʷəytán.	page 51, the language of the words below
footnote 37 (iii) line 2	John Lyon	note	Target:	page 51, ‘Since COVID I’ve only been to Omak once, and that was last August.’
footnote 37 (iii) line 3	John Lyon	note	Literally:	page 51, ‘When the bad sickness came to us, my going to Omak is just once, and that was last August.’
(118b) line 1	nsyilxcn	segmentation	# kn ʔupənkst-əɬ-ʔasil-spíntk kiʔ	page 52, engine language
(118b) line 2	nsyilxcn	gloss	1SG.SUBJ ten-and-two-year ADJT.C	page 52, engine english
(118b) line 3	nsyilxcn	segmentation	i-s-∅-səl-mín-əm	page 52, engine language
(118b) line 4	nsyilxcn	gloss	1SG.POSS-CONT-PFV-lose-APPL(-DIR)-CONT	page 52, engine english
(118b) line 5	nsyilxcn	segmentation	i-s-k̓ɬ-c̓əl•c̓íl-s-tn.	page 52, engine language
(118b) line 6	nsyilxcn	gloss	1SG.POSS-NMLZ-under-TRED•shade-eye-INST	page 52, engine english
§6.1	John Lyon	note	# ‘Since I was twelve years old, I lost my glasses.’ (Dave Michele) Assuming that since clauses in Nsyilxcn introduce or operate on an interval of times similarly to English, and given that Nsyilxcn since clauses require that the continuative be built on a non- maximal predicate, this presents a challenge for the analysis given in Section 5. This is because there is nothing in the analysis so far that should prevent a since clause from modifying a dynamic perfective, or a continuative built on a dynamic perfective.	page 52
§6.1	John Lyon	note	One potential, but theoretically problematic, workaround is to modify the semantics of the imperfective marker to include not just a variable over times, but a variable over intervals of times i, which includes the runtime of the event (bolded in 119). This will then also be included in the semantics of a continuative imperfective predicate (119b), through compositionality.	page 52
(119a) line 1	John Lyon	rule	⟦IPFV⟧ = λPλtλiλwλe[P(e,t,w) ∧ t ⊆ 𝜏(e) ⊆ i ∧	page 52, engine english
§6.1	John Lyon	notation	λxλtλiλw∃e[P(e,w,t,x	part of a denotation
§6.1	John Lyon	notation	⊕sg[λe’λw’.P(e’,w’,x	part of a denotation
§6.1	John Lyon	note	∀w’[w’ ∈ BEST(CIRC(e,w))NINT(e,w) → ∃e’[e < e’ ∧ (e’,w’)]]] b. ⟦IPFV.CONT⟧ = λxλtλiλw∃e[P(e,w,t,x) ∧ t ⊆ 𝜏(e) ⊆ i ∧ (e,w,t) = ⊕sg[λe’λw’.P(e’,w’,x) ∧ t ⊆ 𝜏(e’) ⊆ i] ∧ ∀w’’[w’’ ∈ BEST(CIRC(e’,w’))NINT(e’,w’) → ∃e’’[e’ < e’’ ∧ P(e’’,w’’)]]] A since adverbial can then be defined as requiring a predicate type that includes an open i variable (interval of times), but an existentially closed e variable. (Recall from Section 4.1 that since clauses are not possible with basic imperfectives (119a) but are possible with continuative imperfectives (119b).) Durative and inclusive since then existentially close the i variable in a continuative.	page 52
(120a) line 1	John Lyon	rule	⟦sinceDUR⟧ = λP∃i (LB = X ∧ RB = Y ∧ ∀t ∈ i (P(t)))	page 52, engine english
(120b) line 1	John Lyon	rule	⟦sinceINCL⟧ = λP∃i (LB = X ∧ RB = Y ∧ ∃t ∈ i (P(t)))	page 52, engine english
§6.1	John Lyon	note	Finally, whereas an imperfective predicate will include an open i variable as a property of non- maximal predicates, a perfective predicate will not. This move will effectively limit since adverbials to just those continuative predicates which are non-maximal.	page 52
§6.1	John Lyon	note	But states are also non-maximal and allow since modification as continuatives, even when they are perfective. This means that the semantics for states also needs to be modified, perhaps as follows.	page 52
(121) line 1	John Lyon	rule	⟦STATE⟧ = λxλiλwλe [P(e,w,x) ∧ 𝜏(e) ⊆ i]	page 52, engine english
§6.1	John Lyon	note	is defined for e in w iff ∀w’[w’ ∈ BEST(CIRC(e,w))NINT(e,w) → ∃e’[e < e’ ∧ P(e’,w’)]] Given that the runtime of any event by definition is only interpretable relative to an interval over times, this move is not logically unreasonable. It is also worth considering that under the durative/universal reading of Nsyilxcn since sentences like (117a), the reference time t, the runtime of the event 𝜏(e), and the containing interval i of an imperfective continuative will all be temporally equivalent, which correctly predicts that a singular event will fill up the entire time span i. Unfortunately, it is unlikely from a theoretical standpoint that states, especially, include a temporal interval argument as part of their lexical semantics.	page 52
§6.1	nsyilxcn	cited form	nyʕip	page 53, ‘always’
§6.1	John Lyon	note	Nevertheless, the important point to be made here is that by associating an interval over times with the property of non-maximality, either at the lexical or aspectual level, a semantic conduit is created through which the unboundedness of an underlying predicate is ‘inherited’ by the continuative, which goes a long way towards explaining the co-dependency of continuatives with the interpretation of modifying since adverbials. Since clauses seem to be sensitive to the same mechanism which links progressive interpretations of continuatives to non-maximality, and perfect interpretations to maximality, though the correct formulation of this intuition awaits further work. 6.2 ‘Always’ and other adverbials It is worth revisiting the contrast in acceptability of habitual (i.e., existential/inclusive) readings in sentences with since adverbials (Section 6.1) with those that include always, where habitual readings are much less acceptable. Reconsider (122a) which includes nyʕip ‘always’ with (122b) which involves an adverbial with a since interpretation.	page 53
(122a) line 1	nsyilxcn	segmentation	# kn ɬə tətwít nyʕip i-s-c-səl-mín-əm	page 53, engine language
(122a) line 2	nsyilxcn	gloss	1SG.SUBJ when boy always 1SG.POSS-CONT-IPFV-lose-APPL(-DIR)-CONT	page 53, engine english
(122a) line 3	nsyilxcn	segmentation	in-k̓ɬ-c̓əl•c̓íl-s-tn.	page 53, engine language
(122a) line 4	nsyilxcn	gloss	1SG.POSS-under-TRED•shade-eye-INST	page 53, engine english
(122a) line 5	John Lyon	translation	Target: ‘I always used to lose my sunglasses when I was young.’	page 53, engine english
(122a) line 6	John Lyon	translation	Actual: # ‘I have always been losing my sunglasses when I was young.’	page 53, engine english
(122b) line 1	nsyilxcn	segmentation	kn ʔupənkst-əɬ-ʔasil-spíntk kiʔ	page 53, engine language
(122b) line 2	nsyilxcn	gloss	1SG.SUBJ ten-CONJ-two-year ADJT.C	page 53, engine english
(122b) line 3	nsyilxcn	segmentation	i-s-c-səl-mín-əm	page 53, engine language
(122b) line 4	nsyilxcn	gloss	1SG.POSS-CONT-IPFV-lose-APPL(-DIR)-CONT	page 53, engine english
(122b) line 5	nsyilxcn	segmentation	i-s-kɬ-c̓əl•c̓íl-s-tn, ʕapnáʔ lut t̓a	page 53, engine language
(122b) line 6	nsyilxcn	gloss	1SG.POSS-NMLZ-on-TRED•shade-eye-INST now NEG NEG.FAC	page 53, engine english
(122b) line 7	nsyilxcn	segmentation	c-səl-mí-st-n.	page 53, engine language
(122b) line 8	nsyilxcn	gloss	IPFV-lose-APPL-CAUS-1SG.ERG	page 53, engine english
(122b) line 9	John Lyon	translation	‘I’ve been losing my sunglasses since I was 12 years old, but now I don’t lose them anymore.’ (Delphine Derickson Armstrong | VF)	page 53, engine english
§6.1	John Lyon	note	The intuition is that (122a) is not acceptable because a singular sunglass-losing event fills the entire reference time of being young, which is pragmatically untenable. Note that basic imperfectives are felicitous with nyʕip ‘always’ (123), because they allow plural-event readings.	page 53
(123) line 1	nsyilxcn	segmentation	kn ɬə tətwit nyʕip c-səl-mí-st-n	page 53, engine language
(123) line 2	nsyilxcn	gloss	1SG.SUBJ when boy always IPFV-lose-APPL-CAUS-1SG.ERG	page 53, engine english
(123) line 3	nsyilxcn	segmentation	in-k̓ɬ-c̓əl•c̓il-s-tn.	page 53, engine language
(123) line 4	nsyilxcn	gloss	1SG.POSS-under-TRED•shade-eye-INST	page 53, engine english
(123) line 5	John Lyon	translation	‘I always lost my sunglasses when I was young.’ (Dave Michele | VF)	page 53, engine english
§6.1	John Lyon	note	Cases involving nyʕip ‘always’ are similar to the since clauses discussed in the previous section in that they are sensitive to the possibility of a non-maximal interpretation (i.e., they do not occur with perfectives), but differs in that always can apply to either a basic or continuative imperfective (with the caveat that always with a continuative imperfective may be deemed odd because of the singular event requirement).	page 54
§6.1	John Lyon	note	I assume that nyʕip ‘always’ is a modifier of a temporal interval i and introduces universal quantification over times within the interval.	page 54
(124) line 1	John Lyon	rule	⟦always⟧ = λPλi(∀t ∈ i (P(t)))	page 54, engine residue
§6.1	John Lyon	note	When applied to the (modified) basic imperfective in (119a), a singular or plural event must hold for all times within the time span. Similarly to durative/universal since, this means that the reference time t, the runtime of the singular or plural event 𝜏(e), and a containing interval i must all be temporally equivalent, otherwise, there would be some t within i where P(e) is not true. Applied to a (modified) imperfective continuative (119b) however, a singular sum event must hold for all times within the time span. Because (i) the event must be singular, (ii) it must be case that t ⊆ 𝜏(e) ⊆ i, and (iii) the predicate must hold at all times t within i, a continuative imperfective predicate must hold as a singular event throughout the entire time interval modified by always. This correctly accounts for the infelicity of examples like (122a), and the infelicity, in general, of imperfective continuatives with nyʕip ‘always’.	page 54
§6.1	John Lyon	note	In sum, modifications were made to the semantics of non-maximal predicates in Section 6.1 in order to account for the interactions between continuatives and since adverbials. Despite being theoretically problematic, these modifications make correct predictions regarding the interaction between continuatives and other temporal adverbials such as nyʕip ‘always’.	page 54
§6.3	John Lyon	heading	6.3 Universal readings of dynamic perfective continuatives	page 54
§6.3	John Lyon	note	Before closing, recall from Section 3.8 that there are occasionally cases of perfective continuatives which ambiguously show continuous, universal-like readings (125).	page 54
(125) line 1	nsyilxcn	segmentation	Marí c̓q̓-c-iʔ-s uɬ cu-s, “sxʷm̓aʔm̓áyaʔm Smith,	page 54, engine language
(125) line 2	nsyilxcn	gloss	Mary get.hit-mouth-DIR-3ERG and say(-DIR)-3ERG teacher Smith	page 54, engine english
(125) line 3	nsyilxcn	segmentation	Tom kʷu s-∅-klk̓-áyaʔ-qn-m-s uɬ way̓ aláʔ	page 54, engine language
(125) line 4	nsyilxcn	gloss	Tom 1SG.OBJ CONT-PFV-pull-top-head(-DIR)-CONT-3POSS and already here	page 54, engine english
(125) line 5	nsyilxcn	segmentation	kʷu ɬaʔ ʔúl̓lus ɬaʔ c-xʔítiʔ.”	page 54, engine language
(125) line 6	nsyilxcn	gloss	1PL.SUBJ when gather when IPFV-begin	page 54, engine english
(125) line 7	John Lyon	translation	‘Mary interrupts to complain, “Miss Smith, Tom has been pulling my hair since the class began!”’	page 54, engine english
(125) line 8	Delphine Derickson Armstrong	speaker comment	DD Comment: “Doesn’t mean right now, could be now or the past.”	page 54, engine english
(125) line 9	John Lyon	citation	(Delphine Derickson Armstrong, VF)	page 54, engine english
§6.3	John Lyon	note	Cases like (125) potentially pose problems for the analyses proposed above. Given that pulling hair is a dynamic predicate rather than a state (although see Vlach 1981), pulling hair above must be analyzed as a perfective which denotes a sum over maximal event stages. As such it should only show completive readings. The vast majority of similar cases do in fact, as discussed above. In Section 3.8, I suggested that in cases like (125), there is an expectation on the part of the speakers that the interrupted event will continue, and that this gives rise to a quasi-continuous reading. This was supported by perfective continuative examples which do not involve event interruption, where quasi-continuous readings do not surface. However, there are other potential explanations which I will briefly discuss. These are (i) cancellation of the termination/culmination implicatures associated with dynamic predicates in Salish (Bar-el 2005), (ii) a resultative analysis (Bertrand et al. 2022; Pancheva 2003), and (iii) a neutral analysis (Pancheva 2003). First (i), under the analysis proposed in Section 5, whether a termination or culmination implicature goes through for a perfective predicate is dependent on the world of evaluation, and on whether a maximal event in that world is culminating/terminating, or one that ceases to develop further. The challenge posed by (125) is that under a sum operation, only a culminating/terminating interpretation should be possible. I am then forced to say that in this case, the set of worlds included in the sum operation only include P events which cease to develop further. The problem here is that it is unclear under what pragmatic conditions the set of worlds under consideration will exclude culminating events, and also unclear why in the vast majority of cases, the set of worlds under evaluation includes worlds with a culminating event.	page 54
§6.3	John Lyon	note	Second (ii), Pancheva (2003) discusses a resultative viewpoint aspect, that combines with telic predicates, introducing a resulting state which overlaps with the reference time. Given that pulling my hair is a telic accomplishment in (125), there could be a null resultative aspect in complementary distribution with the perfective. This resultative aspect would also presumably apply to the examples discussed in Section 3.3 on ‘resultative’ existential readings of continuatives. Example (125) could then be understood as the ongoing result of a hair-pulling event, a result state in other words. There is, however, no strong evidence for a separate resultative viewpoint aspect. Result states are easily cancellable with perfective continuatives (Section 3), which suggests that experientials and resultatives are two sub-types of a more general existential interpretation. In other words, whether or not a result state happens to hold at the utterance time is not part of the assertion, as under Pancheva’s resultative aspect. Furthermore, telicity per se does not appear directly relevant to interpretation at the continuative level, rather the important factor is event dynamicity or lack thereof. The utility of a morphologically null resultative viewpoint aspect whose distribution is determined by telicity is therefore suspect.	page 55
§6.3	John Lyon	note	Lastly (iii), we could posit a neutral aspect for cases like (125) which is morphologically ∅-, identical to the perfective, just as in Pancheva’s (2003) account of English. The neutral asserts that the beginning of the event is included in the perfect time span but leaves open the question of whether the end of the event is included (which means that termination/culmination is indeterminate). Pancheva argues that for perfect atelic predicates (i.e., states and activities), a continuous reading is indicative of the neutral as opposed to the perfective. Under this approach, (125) could have a continuous reading because, as a neutral, culmination is not been asserted. Again, similarly to (i), it is unclear how to restrict the distribution of the neutral marker, or why the majority of cases parallel to (125) entail culmination/termination.	page 55
§6.3	John Lyon	note	Examples like (125) clearly require further work. The most plausible explanation, in my view, is the ‘interrupted-event’ hypothesis, as discussed in detail in Section 3.8. Pancheva’s neutral and resultative aspects seem less motivated for reasons discussed above.	page 55
§7	John Lyon	heading	7 Discussion and conclusion	page 55
§7	John Lyon	note	This paper has described previously undocumented properties of continuous aspect in Nsyilxcn and has presented one possible analysis.	page 55
§7	John Lyon	note	I have provided arguments that there is one circumfixal continuous aspect which applies to perfective, imperfective, or stative predicates. The semantic effect of the continuative depends both on the viewpoint aspect of the predicate to which it attaches, and the predicate’s underlying dynamicity/aktionsart. For imperfective predicates of all types, the continuative removes the possibility of a habitual interpretation, in effect deriving a progressive. For perfective predicates, the question of dynamicity enters: A dynamic perfective continuative is felicitous in existential perfect contexts only, while a perfective continuative built on a basic state is felicitous in both existential and universal perfect contexts.	page 55
§7	John Lyon	note	I have argued that an extended-now approach (Dowty 1979; Pancheva 2003) does not apply to the Nsyilxcn continuative, since it cannot derive the absence of habitual readings or existential- perfect-like readings in imperfective continuatives, nor prospective uses, nor explain why termination and culmination implicatures of perfective dynamic predicates are strengthened into entailments (Section 4). Given the correctness of a compositional approach (Section 2), and that a unified semantics for the continuative is warranted, the question I have attempted to address in this paper is how to ‘bridge’ these progressive and perfect uses.	page 56
§7	John Lyon	note	My analysis (Section 5) relies on an ontological distinction between maximal and non-maximal event stages (Altshuler 2014) and proposes that a sensitivity to this distinction can be encoded at the lexical or viewpoint aspectual level. For Salish languages, which allow non-culminating accomplishments, maximal event stages may either be culminating stages or stages which cease to develop further (Altshuler 2014). Non-maximal stages are those which may develop further. The continuative introduces a sum over singular overlapping P events across worlds, relative to a reference time. A continuative built on a dynamic perfective will show a culminative, perfect-like existential reading, because the sum event must be a culminating or terminating maximal event. A continuative built on an imperfective will show a progressive reading: because non-maximality in imperfectives is encoded as an intensional relation between an event and its continuation in some inertia world, a singular sum event, however maximal, will typically have accessible inertia worlds. With some modifications (Section 6), this analysis makes interesting predictions regarding the range of readings seen with the functional equivalent of since adverbials in Nsyilxcn and its interaction with continuative predicates, and of the general incompatibility of continuatives with always.	page 56
§7	John Lyon	note	Overall, this analysis follows the intuition that a unified semantics for the continuative is warranted, and that the progressive and perfect-like interpretations in fact rely on properties that are independent of the continuative itself, namely event non-maximality as specified at the lexical or aspectual level. The analysis is still in need of further refinement, however. First, more understanding is needed around the relation between event boundedness, (non)- maximality, and culmination and termination implicatures in Nsyilxcn, and in Salish generally. This will allow a better evaluation of the merits of the analysis, and whether the more nuanced ontology of event stages I have assumed in this paper is in fact motivated. While it seems empirically correct to say that continuative predicates inherit the boundedness of the underlying predicate (cf. Iatridou et al. 2001), whether the implicature ‘strengthening’ effects of the continuative are semantic, as I have argued, or pragmatic in nature requires further work. Second, the interaction between continuative predicates and since adverbials remains unclear. There is some evidence that the equivalent of since adverbials in Nsyilxcn are introducing a perfect- like time span, but a since interpretation of these adverbials is also generally dependent on a predicate being continuative, and more specifically, a continuative formed from a non-maximal predicate. Clarifying these relationships may shed light on what exactly “present relevance” in continuatives is, as described by A. Mattina (1993) and N. Mattina (1996).	page 56
§7	John Lyon	note	In closing, Nsyilxcn provides additional support for Bertrand et al.’s (2022) conclusion that ‘perfect’ may not be a universally valid grammatical category: perfect-like constructions exist around the world, but they differ widely with respect to the tests described in Section 3. The continuative is the closest analogue to a ‘perfect’ in Nsyilxcn, a fact made most evident by the limitation of universal readings to stative predicates in non-imperfective contexts, and the ‘time span’ effects seen with since adverbials. Nevertheless, the continuative is not a perfect.	page 56
references	John Lyon	heading	References	page 57
references	John Lyon	reference	Alexyenko, S. (2018). The semantics of habituality as an argument for event-mediated quantification. Proceedings of SALT 28:768–788.	
references	John Lyon	reference	Altshuler, D. (2014). A typology of partitive aspectual operators. In Natural Language & Linguistic Theory 32:735–775.	
references	John Lyon	language	Skwxwú7mesh	Skwxwú7mesh, Squamish
references	John Lyon	reference	Bar-el, L. (2005). Aspectual Distinctions in Skwxwú7mesh. Ph.D. Dissertation. University of British Columbia, Vancouver, BC.	
references	John Lyon	reference	Bertrand A., Aonuki Y., Chen S., Davis H., Gambarage J., Griffin L., Huijsmans M., Matthewson L., Reisinger D., Rullmann H., et al. (2022). Nobody’s Perfect. Languages 7(2):148.	
references	John Lyon	reference	Comrie, B. (1976). Aspect. Cambridge, UK: Cambridge University Press.	
references	John Lyon	reference	Dowty, D. (1979). Word Meaning and Montague Grammar: The Semantics of Verbs and Times in Generative Semantics and in Montague’s PTQ. Dordrecht, Netherlands: Reidel.	
references	John Lyon	reference	Dunham, J. (2011). Imperfective, Nominalization (& Irrealis) in Okanagan. Semantics of Underrepresented Languages of the Americas (SULA) 6.	
references	John Lyon	reference	Ferreira, M. (2005). Event quantification and plurality. Ph.D. Dissertation. Massachusetts Institute of Technology. Cambridge, MA.	
references	John Lyon	reference	Ferreira, M. (2016). The semantic ingredients of imperfectivity in progressives, habituals, and counterfactuals. Natural Language Semantics 24:353–397.	
references	John Lyon	reference	Filip, H. (2000). The quantization puzzle. In Carol Tenny and James Pustejovsky (eds.), Events as grammatical objects, from the combined perspectives of lexical semantics, logical semantics and syntax. Stanford, CA: CSLI Press, 39–91.	
references	John Lyon	reference	Filip, H. (2008). Events and maximalization. In Susan Rothstein (ed.), Theoretical and crosslinguistic approaches to the semantics of aspect. Amsterdam, Netherlands: John Benjamins, 217–256.	
references	John Lyon	reference	Iatridou, S., E. Anagnostopoulou, and R. Izvorski. (2001). Observations about the form and meaning of the perfect. In Michael Kenstowicz (ed.), Ken Hale: A Life in Language. Cambridge, MA: MIT Press, 189–238. Re-printed in A. Alexiadou, M. Rathert, & A. von Stechow (eds.), Perfect Explorations (2003). Mouton de Gruyter, 153–204.	
references	John Lyon	reference	Klein, W. (1994). Time in language. London, UK: Routledge.	
references	John Lyon	reference	Kratzer, A. (2000). Building statives. In Lisa J. Jonathan et al. (eds.): Proceedings of the Twenty- Sixth Annual Meeting of the Berkeley Linguistics Society: General Session and Parasession on Aspect. Berkeley, CA: Berkeley Linguistics Society, 385–399.	
references	John Lyon	reference	Krifka, M. (1989). Nominal reference, temporal constitution, and quantification in event semantics. In Renate Bartsch, Johan van Benthem, and Peter van Emde Boas (eds.), Semantics and contextual expressions. Dordrecht, Netherlands: Foris, 75–115.	
references	John Lyon	reference	Krifka, M. (1998). The origins of telicity. In S. Rothstein (ed.), Events and Grammar. Dordrecht, Netherlands: Kluwer, 197–235.	
references	John Lyon	reference	Landman, F. (1992). The progressive. Natural Language Semantics 1:1–32.	
references	John Lyon	reference	Lyon, J. (2013). Predication and Equation in Okanagan Salish: The Syntax and Semantics of Determiner Phrases. Ph.D. Dissertation. University of British Columbia, Vancouver, BC.	
references	John Lyon	reference	Lyon, J. (2020). Re-revisiting Okanagan Sentential Aspect. Presented at the Salish Working Group.	
references	John Lyon	reference	Lyon, J. (2023). Building Statives and Inchoatives in Nsyilxcn. Proceedings of the Annual International Conference on Salish and Neighbouring Languages. Papers for ICSNL 58:230– 290.	
references	John Lyon	reference	Masliukov, V. & A. Kulikova. (2024). Progressive and Resultative: Do Opposites Attract? A Northern Khanty Case Study. Poster presented at the 15th International Conference on Actionality, Tense, Aspect, Modality/Evidentiality (CHRONOS), Toulouse, France.	
references	John Lyon	reference	Mattina, A. (1993). Okanagan Aspect – A Working Paper. Papers for ICSNL 28:232–262.	
references	John Lyon	reference	Mattina, A. (2015). The Complete Seymour: Colville Storyteller. Lincoln, NE: University of Nebraska Press.	
references	John Lyon	reference	Mattina, A. (n.d.). Colville-Okanagan Dictionary. URL: https://www.meltr.org/CvDict.	
references	John Lyon	reference	Mattina, N. (1996). Aspect and category in Okanagan word formation. Ph.D. dissertation. Simon Fraser University, Vancouver, BC.	
references	John Lyon	reference	Matthewson, L. (2006). Temporal semantics in a superficially tense less language. Linguistics in Philosophy 29(6):673–713.	
references	John Lyon	reference	Matthewson, L. (2014). Miss Smith’s Bad Day. Totem Field Storyboards.	
references	John Lyon	reference	URL: http://www.totemfieldstoryboards.org.	
references	John Lyon	reference	McCawley, J. (1981). Tense and time reference in English. In Charles Fillmore and D.T Langendoen (eds.), Studies in Linguistic SemanticsNew York, NY: Holt, Rinehart and Winston, 96–113.	
references	John Lyon	reference	Mittwoch, A. (1988). Aspects of English aspect: On the interaction of perfect, progressive, and durational phrases. Linguistics and Philosophy 11:203–254.	
references	John Lyon	reference	Olsen, M. B. (1997). A Semantic and Pragmatic Model of Lexical and Grammatical Aspect. New York, NY: Garland.	
references	John Lyon	reference	Pancheva, R. (2003). The aspectual makeup of perfect participles and the interpretations of the perfect. In Artemis Alexiadou, Monika Rathert, and Arnim von Stechow (eds.), Perfect Explorations. Berlin, Germany / New York, NY: Walter de Gruyter, 277–306.	
references	John Lyon	reference	Parsons, T. (1990). Events in the semantics of English: a study in subatomic semantics. Cambridge: MA.: MIT Press.	
references	John Lyon	reference	Partee, B. (1973). Some structural analogies between tenses and pronouns in English. Journal of Philosophy 18:601–609.	
references	John Lyon	reference	Portner, P. (1998). The progressive in modal semantics. Language 74:760–787.	
references	John Lyon	reference	Portner, P. (2003). The Temporal Semantics and Modal Pragmatics of the Perfect. Linguistics and Philosophy 26:459–510.	
references	John Lyon	language	ʔayʔaǰuθəm	ʔayʔaǰuθəm, in a reference title
references	John Lyon	reference	Reisinger, D. K. E. & M. Huijsmans. (2023). Iamitives in ʔayʔaǰuθəm. Presented at the 58th Annual International Conference on Salish and Neighbouring Languages, Nanaimo, BC.	
references	John Lyon	reference	Rullmann, H. & L. Matthewson. (2018). Towards a Theory of Modal-Temporal Interaction. Language 94:2.	
references	John Lyon	reference	Smith, C. S. (1991). The Parameter of Aspect, Kluwer, Dordrecht.	
references	John Lyon	reference	Vendler, Z. (1957). “Verbs and Times”, Philosophical Review 56:143–160. Reprinted in Z. Vendler (1967), Linguistics in Philosophy. Ithaca, NY: Cornell University Press, 97–121.	
references	John Lyon	reference	Vlach, F. (1981). The Semantics of the progressive. In Syntax and Semantics 14: Tense and Aspect. New York, NY: Academic Press, 271–292.	
references	John Lyon	reference	Vlach, F. (1993). Temporal Adverbials, Tenses, and the Perfect. Linguistics and Philosophy 19:231–283.	
