where	who	kind	form	gloss
front	John Lyon and Marianne Ignace	title	Comparing Futures: Nsyilxcn mi and Secwepemctsin me7*	page 1, carries footnote *
front	John Lyon and Marianne Ignace	byline	John Lyon Marianne Ignace University of British Columbia – Okanagan Simon Fraser University Simon Fraser University Skeetchestn Indian Band	page 1, the two authors side by side, each over two affiliations
front	John Lyon and Marianne Ignace	name	John Lyon	author, University of British Columbia – Okanagan and Simon Fraser University
front	John Lyon and Marianne Ignace	name	Marianne Ignace	author, Simon Fraser University and the Skeetchestn Indian Band
front	John Lyon and Marianne Ignace	note	Abstract: This paper is a survey which compares and contrasts the distributions and uses of Nsyilxcn future particle mi and Secwepemctsin me7 in their two major syntactic roles: as clefting particles, and as clause-introducing particles. We focus on the comparative syntax of these two particles, rather than on the semantics.	page 1, the abstract
front	John Lyon and Marianne Ignace	note	Keywords: Nsyilxcn, Secwepemctsin, Okanagan, Shuswap, Southern Interior Salish, Northern Interior Salish, syntax, particles	page 1, the keywords
front	John Lyon and Marianne Ignace	note	Papers for the International Conference on Salish and Neighboring Languages 56. D. K. E. Reisinger, Hannah Green, Laura Griffin, Marianne Huijsmans, Gloria Mellesmoen, and Bailey Trotter (eds.). Vancouver, BC: UBCWPL, 2021.	page 1, the volume's header
front	John Lyon and Marianne Ignace	language	Nsyilxcn	Okanagan, Southern Interior Salish, iso 639-3 oka
front	John Lyon and Marianne Ignace	language	Secwepemctsin	Shuswap, Northern Interior Salish, iso 639-3 shs
§1	John Lyon and Marianne Ignace	heading	1 Introduction	page 1
§1	John Lyon and Marianne Ignace	note	Nsyilxcn (a.k.a. Okanagan, iso 639-3: oka) is a Southern Interior Salish language spoken in north- central Washington and south-central British Columbia by approximately 132 Elder speakers (FPCC 2018). There are successful language revitalization efforts on both sides of the international border. The language examples in this paper come primarily from two fluent Elders from the Upper Nicola with whom John Lyon has worked since 2009: Lottie Lindley (who passed away in 2016) and Sarah McLeod.	page 1
§1	John Lyon and Marianne Ignace	name	Lottie Lindley	an Upper Nicola Elder, Nsyilxcn, passed away in 2016
§1	John Lyon and Marianne Ignace	name	Sarah McLeod	an Upper Nicola Elder, Nsyilxcn
§1	Secwepemctsin	cited form	k̓et	page 1
§1	John Lyon and Marianne Ignace	note	Secwepemctsin (a.k.a. Shuswap, iso 639-3: shs) is a Northern Interior Salish language spoken in south-central British Columbia, directly to the north of Syilx territory, by fewer than 200 Elder speakers (FPCC 2018). There are also successful language revitalization efforts in Secwepemc territory, including the Chief Atahm school program, Mentor-Apprentice Programs, programs that have trained speakers in several communities, and a continuing program for advanced learners in collaboration with the Simon Fraser University Indigenous Languages Program. The language examples in this paper come primarily from Bridget Dan and Cecilia DeRose of Es k̓et with additional examples from Mona Jules, Daniel Calhoun, Ron Ignace, and Garlene Dodson from Skeetchestn.	page 1
§1	John Lyon and Marianne Ignace	name	Bridget Dan	an Elder of Es k̓et, Secwepemctsin
§1	John Lyon and Marianne Ignace	name	Cecilia DeRose	an Elder of Es k̓et, Secwepemctsin
§1	John Lyon and Marianne Ignace	name	Mona Jules	of Skeetchestn, Secwepemctsin
§1	John Lyon and Marianne Ignace	name	Daniel Calhoun	of Skeetchestn, Secwepemctsin
§1	John Lyon and Marianne Ignace	name	Ron Ignace	of Skeetchestn, Secwepemctsin
§1	John Lyon and Marianne Ignace	name	Garlene Dodson	of Skeetchestn, Secwepemctsin
§1	Secwepemctsin	cited form	Esk̓et	page 2
§1	John Lyon and Marianne Ignace	note	Though Nsyilxcn and Secwepemctsin come from separate branches of Interior Salish, there are many similarities between the two languages. This comparative study examines the syntactic distributions of Nsyilxcn mi and Secwepemctsin me7, two cognate future tense particles which, with the exception of Kalispel reflex m, are not found in other Interior Salish languages. We provide additional examples and insight into syntactic patterns earlier described in Kuipers (1974), Gardiner (1993), Lai (1998), Kroeber (1999), and Lyon (2013), as well as describe previously undocumented syntactic patterns. With respect to Lai’s (1998) and Gardiner’s (1993) Secwepemctsin work in particular, this paper provides important potential dialectal points of contrast between Elder speakers from the northern dialect of Esk̓et with whom we are primarily working, and the Skeetchestn Elders with whom Lai and Gardiner worked.	page 1
footnote *	John Lyon and Marianne Ignace	note	*John Lyon wishes to express his deep gratitude to Upper Nicola Elders Lottie Lindley and Sarah McLeod for sharing their stories and knowledge of their language with him, and to Sharon Lindley for helping to facilitate Nsyilxcn language work with members of the UNIB. Both authors also wish to express their deep appreciation and gratitude to Bridget Dan and Cecilia DeRose of Es k̓et, and to Daniel Calhoun, Garlene Dodson, Mona Jules, and Ron Ignace from Skeetchestn for sharing their knowledge of Secwepemctsin and for assisting with the LING 431–432 Structure of Secwepemctsin courses taught through Simon Fraser University’s Indigenous Languages Program during Spring-Summer 2021. This work has been financially supported by a partnership grant from the Social Sciences and Humanities Research Council of Canada (Marianne Ignace, PI), a SSHRC Insight Grant (Henry Davis, PI), the Jacobs Research Fund, and the Phillips Fund for Native American Research. Any transcription errors, or otherwise, remain the responsibility of the authors.	page 1, footnote
§1	John Lyon and Marianne Ignace	note	The syntactic and semantic similarities between mi and me7 will be immediately apparent to any learner or linguist with even a moderate degree of familiarity with the two languages. Their differences are less apparent, however no less important. The primary goal of this paper therefore is to compare and contrast the syntactic distributions of mi and me7 structures (with minor notes on the semantics) in order to lay the foundation for further syntactic and semantic analysis of these particles in their respective languages.	page 2
§1	John Lyon and Marianne Ignace	note	The linguistic similarities between Nsyilxcn mi and Secwepemctsin me7 which we examine in this paper seem likely due to areal influence, though this cannot be ascertained for certain without further historical work. Areal influence is not unexpected given the contiguous geographic locations of the two peoples. Factors such as trade, intermarriage, and warfare and peace-treaties between the two peoples supported ongoing language contact, and oral testimony from Elders shows that Syilx-Secwepemc bilingualism was common in both nations into the twentieth century (Ignace & Ignace 2017). A secondary goal of this paper is therefore to set the stage for further research on areal influences across Northern and Southern Interior Salish languages. This paper is organized into two major sections corresponding to two distinct uses of mi and me7: clefting1 vs. non-clefting (i.e., clause-initial) uses. Clefting uses of Nsyilxcn mi and Secwepemctsin me7 are generally distinguishable from clause-initial uses by the non-propositional status of the material which linearly precedes mi or me7 in clefting cases. Section 2 examines future mi and me7 in their functions as adjunct and argument clefting particles, with forays into their analogous non-future structures, pronominal agreement patterns in independent pronoun clefts, apparent vP-related restrictions on clefting uses of mi, negation and DP subject positions with respect to mi and me7, and syntactic reflexes of informational focus in mi and me7 argument clefts. Section 3 explores mi and me7 as they occur in clause-initial positions, including mono-clausal uses, ‘linking’ uses such as introducing future conditionals and in indicating event subsequence, as well as a minor foray into ‘doubling’ with Nsyilxcn mi. Section 4 summarizes, outlines future research, and concludes.	page 2
§2	John Lyon and Marianne Ignace	heading	2 Clefting uses of mi and me7	page 2
footnote 1	John Lyon and Marianne Ignace	note	1 We use the terms ‘cleft’ and ‘residue’ as purely descriptive terms in this paper, without specific theoretical implications: ‘Cleft’ refers to a syntactic structure with a left-focused constituent. ‘Residue’ refers to the remaining, non-focused material in the sentence. We also used the term ‘focus’ somewhat loosely, though in some cases contrastive focus is more clearly playing a role.	page 2, footnote
§2	John Lyon and Marianne Ignace	note	Future mi and me7 clefts generally fall into two categories: adjunct clefts and argument clefts, which in Secwepemctsin are distinguished by the presence of subjunctive marking in the former, but not the latter (Gardiner 1993; Kroeber 1999). After a basic survey of adjunct (§2.1) and argument (§2.2) clefts, we examine several relevant and interesting syntactic and information structural properties across the two languages: non-future analogues of mi / me7 clefts in the two languages (§2.3), pronominal agreement patterns in argument clefts with focused independent pronouns (§2.4), apparent vP-related restrictions in argument mi clefts (§2.5), the position of negation and DP subjects with respect to mi and me7 in clefts (§2.6), and syntactic reflexes of information focus in argument clefts (§2.7).	page 2
§2.1	John Lyon and Marianne Ignace	heading	2.1 Future adjunct clefts	page 3
§2.1	John Lyon and Marianne Ignace	note	Future particles mi and me7 are commonly used in clefts which involve fronted spatial deictic adverbs (1), temporal adverbs (2), adjunct prepositional phrases (3), or adjunct WH-elements (4). In these cases, Secwepemctsin employs subjunctive subject morphology on the residue predicate, which normally indicates clausal embeddedness. The subjunctive morphology doubles-up with ergative marking on transitive predicates (Gardiner 1993). There is no subjunctive morphology in Nsyilxcn, or any other Southern Interior Salish language, and so the residue predicate is itself generally2 indistinguishable from a main clause predicate. Many of these observations have been previously made in Gardiner (1993) and Kroeber (1999), though we here provide additional data.3,4	page 3
(1a) line 1	Nsyilxcn	transcription	atláʔ mi xʷíc̓xtəmən.	page 3, engine language
(1a) line 2	Nsyilxcn	segmentation	atláʔ mi xʷíc̓-xt-m-n	page 3, engine language
(1a) line 3	Nsyilxcn	gloss	from.here FUT give-BEN-2SG.OBJ-1SG.ERG	page 3, engine english
(1a) line 4	Sarah McLeod, VF, 11/06/09, 2776	translation	‘I’ll give you some from this.’	page 3, engine english, cited Sarah McLeod, VF, 11/06/09, 2776
(1a) line 5	John Lyon and Marianne Ignace	citation	(Sarah McLeod, VF, 11/06/09, 2776)	page 3, engine residue
(1b) line 1	Nsyilxcn	transcription	ik̓líʔ mi kn kʔawsq̓ʷyílx.	page 3, engine language
(1b) line 2	Nsyilxcn	segmentation	ik̓líʔ mi kn k-ʔaws-q̓ʷy-ílx	page 3, engine language
(1b) line 3	Nsyilxcn	gloss	to.there FUT 1SG.SUB RSLT-go-dance-AUT	page 3, engine english
(1b) line 4	Sarah McLeod, VF, 4/14/10, 4463	translation	‘That’s where I’m going to dance.’	page 3, engine english, cited Sarah McLeod, VF, 4/14/10, 4463
(1b) line 5	John Lyon and Marianne Ignace	citation	(Sarah McLeod, VF, 4/14/10, 4463)	page 3, engine residue
(1c) line 1	Secwepemctsin	transcription	t̓7élye me7 w7écucw.	page 3, engine english
(1c) line 2	Secwepemctsin	segmentation	t̓7élye me7 w7éc-ucw	page 3, engine english
(1c) line 3	Secwepemctsin	gloss	to.here.VIS FUT be-2SG.SBJV	page 3, engine english
(1c) line 4	John Lyon and Marianne Ignace	translation	‘You will stay at this place.’	page 3, engine english
(1c) line 5	John Lyon and Marianne Ignace	citation	(Daniel Calhoun)	page 3, engine english
(1d) line 1	Secwepemctsin	transcription	tktnú7 me7 nésucw.	page 3, engine english
(1d) line 2	Secwepemctsin	segmentation	tktnú7 me7 nés-ucw	page 3, engine english
(1d) line 3	Secwepemctsin	gloss	towards.there.VIS FUT go-2SG.SBJV	page 3, engine english
(1d) line 4	John Lyon and Marianne Ignace	translation	‘Go way over there on the other side.’	page 3, engine english
(1d) line 5	John Lyon and Marianne Ignace	citation	(Garlene Dodson)	page 3, engine english
footnote 2	John Lyon and Marianne Ignace	note	2 Nsyilxcn does employ nominalization in several subordinate clause environments, though temporal and locative adjunct clefting is not one of them.	page 3, footnote
footnote 3	John Lyon and Marianne Ignace	note	3 We use community-recognized orthographies in this paper: APA for Nsyilxcn, and a practical phonemic Latin orthography for Secwepemctsin. See Appendix A for a conversion chart.	page 3, footnote
footnote 4	John Lyon and Marianne Ignace	note	4 See Appendix B for a list of glossing abbreviations and their meanings.	page 3, footnote
(1e) line 1	Secwepemctsin	transcription	yilén me7 penmíncwes re síllts̓u.	page 4, engine english
(1e) line 2	Secwepemctsin	segmentation	yilén me7 pen-mí-n-c-wes re síllts̓u	page 4, engine english
(1e) line 3	Secwepemctsin	gloss	over.there.VIS FUT find-APPL-DIR-2SG.ERG-3SBJV DET shoe	page 4, engine english
(1e) line 4	John Lyon and Marianne Ignace	translation	‘Over there you will find the shoes.’	page 4, engine english
(1e) line 5	John Lyon and Marianne Ignace	citation	(Garlene Dodson)	page 4, engine english
(2a) line 1	Nsyilxcn	transcription	x̌lap mi xʷuy Alice k̓l səxʷmərím.	page 4, engine language
(2a) line 2	Nsyilxcn	segmentation	x̌lap mi xʷuy Alice k̓l sxʷ-mrím	page 4, engine residue
(2a) line 3	Nsyilxcn	gloss	tomorrow FUT go Alice to OCC-medicine	page 4, engine english
(2a) line 4	Sarah McLeod, VF, 11/06/09, 2611	translation	‘Alice is going to the doctor tomorrow.’	page 4, engine english, cited Sarah McLeod, VF, 11/06/09, 2611
(2a) line 5	John Lyon and Marianne Ignace	citation	(Sarah McLeod, VF, 11/06/09, 2611)	page 4, engine residue
(2b) line 1	Nsyilxcn	transcription	ʕapnáʔ mi kʷ səxʷm̓aʔm̓áyaʔm.	page 4, engine language
(2b) line 2	Nsyilxcn	segmentation	ʕapnáʔ mi kʷ sxʷ-m̓aʔm̓áyaʔm	page 4, engine language
(2b) line 3	Nsyilxcn	gloss	now FUT 2SG.SUB OCC-teach	page 4, engine english
(2b) line 4	Sarah McLeod, VF, 6/11/19, 15382	translation	‘Today you will be the teacher.’	page 4, engine english, cited Sarah McLeod, VF, 6/11/19, 15382
(2b) line 5	John Lyon and Marianne Ignace	citation	(Sarah McLeod, VF, 6/11/19, 15382)	page 4, engine residue
(2c) line 1	Nsyilxcn	transcription	n̓ín̓w̓iʔs mi kn ɬp̓lak̓.	page 4, engine language
(2c) line 2	Nsyilxcn	segmentation	n̓ín̓w̓iʔs mi kn ɬ-p̓lak̓	page 4, engine language
(2c) line 3	Nsyilxcn	gloss	soon FUT 1SG.SUB return-come.back	page 4, engine english
(2c) line 4	Sarah McLeod, 7/03/18, 15020	translation	‘I’ll come back sometime.’ / ‘I’ll be going back soon.’	page 4, engine english, cited Sarah McLeod, 7/03/18, 15020
(2c) line 5	John Lyon and Marianne Ignace	citation	(Sarah McLeod, 7/03/18, 15020)	page 4, engine residue
(2d) line 1	Secwepemctsin	transcription	e nenén̓ses me7 tspelqíq̓ilcwen.	page 4, engine english, carries footnote 5
(2d) line 2	Secwepemctsin	segmentation	e nenén̓s-es me7 ts-pelqíq̓-elc-wen	page 4, engine residue
(2d) line 3	Secwepemctsin	gloss	IRR.C later-3SBJV FUT CISL-come.back.1RDP-AUT-1SG.SBJV	page 4, engine english
(2d) line 4	John Lyon and Marianne Ignace	translation	‘I’ll come back later.’	page 4, engine english
(2d) line 5	John Lyon and Marianne Ignace	citation	(Cecilia DeRose, 6/09/21)	page 4, engine english
(2e) line 1	Nsyilxcn	transcription	pintk mi sqəltmíxʷ iʔ ksylmíxʷaʔx.	page 4, engine language
(2e) line 2	Nsyilxcn	segmentation	pintk mi sqltmíxʷ iʔ ks-ylmíxʷ-aʔx	page 4, engine language
(2e) line 3	Nsyilxcn	gloss	always FUT man DET PROS-chief-INTR	page 4, engine english
(2e) line 4	Lottie Lindley, VF, 10/28/12, 12349	translation	‘It’s always a man that’s the chief.’	page 4, engine english, cited Lottie Lindley, VF, 10/28/12, 12349
(2e) line 5	John Lyon and Marianne Ignace	citation	(Lottie Lindley, VF, 10/28/12, 12349)	page 4, engine residue
footnote 5	John Lyon and Marianne Ignace	note	5 e nenén̓ses is ambiguously interpretable as both a grammaticized temporal adverb, and as a subordinate clause with syntactically-active subjunctive marking. Under the latter interpretation, main clause indicative subject morphology is also a possibility on the me7 clause: e nenén̓ses me7 tspelqíq̓ilc-ken. (Cecilia DeRose, 6/16/21). Fronting of the grammaticized interpretation of e nenén̓ses yields a true cleft, whereas the subordinate clause interpretation is an instance of unmarked fronting. This ambiguity exists generally for subjunctive-marked temporal elements introduced by irrealis complementizer e.	page 4, footnote
§2.1	Nsyilxcn	cited form	nenén̓ses	page 4
§2.1	Secwepemctsin	cited form	tspelqíq̓ilc-ken	page 4
(2f) line 1	Secwepemctsin	transcription	tekwemtús ri7 me7 sqélemcws re kúkwpi7.	page 5, engine residue, carries footnote 6
(2f) line 2	Secwepemctsin	segmentation	tekwemtús ri7 me7 sqélemcw-s re kúkwpi7	page 5, engine english
(2f) line 3	Secwepemctsin	gloss	always that.VIS FUT [NMLZ]-man-3POSS DET chief	page 5, engine english
(2f) line 4	John Lyon and Marianne Ignace	translation	‘(I prefer)7 the chief to always be a man.’	page 5, engine english
(2f) line 5	John Lyon and Marianne Ignace	citation	(Cecilia DeRose, VF, 6/09/21)	page 5, engine english
(2g) line 1	Secwepemctsin	transcription	e pexyéwtes me7 knúcwentsenes.	page 5, engine english, carries footnote 8
(2g) line 2	Secwepemctsin	segmentation	e pexyéwt-es me7 knúcw-n-ts-n-es	page 5, engine english
(2g) line 3	Secwepemctsin	gloss	IRR.C next.day-3SBJV FUT help-DIR-2SG.OBJ-1SG.ERG-3SBJV	page 5, engine english
(2g) line 4	John Lyon and Marianne Ignace	translation	‘I will help you tomorrow.’	page 5, engine english
(2g) line 5	John Lyon and Marianne Ignace	citation	(Cecilia DeRose, 6/2/21; Bridget Dan, 6/16/21)	page 5, engine english
(3a) line 1	Nsyilxcn	transcription	k̓l nk̓ʷritkʷ mi kn pulx.	page 5, engine language
(3a) line 2	Nsyilxcn	segmentation	k̓l n-k̓ʷr-itkʷ mi kn pulx	page 5, engine language
(3a) line 3	Nsyilxcn	gloss	to LOC-yellow-water FUT 1SG.SUB camp	page 5, engine english
(3a) line 4	Sarah McLeod, 6/20/13, 14262	translation	‘I will camp at Glimpse Lake.’	page 5, engine english, cited Sarah McLeod, 6/20/13, 14262
(3a) line 5	John Lyon and Marianne Ignace	citation	(Sarah McLeod, 6/20/13, 14262)	page 5, engine residue
(3b) line 1	Nsyilxcn	transcription	k̓l sənk̓ʕáwmən mi kʷu ʔúll̓us.	page 5, engine language
(3b) line 2	Nsyilxcn	segmentation	k̓l s-n-k̓ʕáw-mn mi kʷu ʔúll̓us	page 5, engine language
(3b) line 3	Nsyilxcn	gloss	to NMLZ-LOC-pray-INST FUT 1PL.SUB gather	page 5, engine english
(3b) line 4	Lyon 2013:346	translation	‘It’s at the church that we will gather.’	page 5, engine english, cited Lyon 2013:346
(3b) line 5	John Lyon and Marianne Ignace	citation	(Lyon 2013:346)	page 5, engine residue
(3c) line 1	Secwepemctsin	transcription	ne penkúpe me7 múmtwen.	page 5, engine english
(3c) line 2	Secwepemctsin	segmentation	ne penkúpe me7 múmt-wen	page 5, engine english
(3c) line 3	Secwepemctsin	gloss	at Vancouver FUT sit.1RDP-1SG.SBJV	page 5, engine english
(3c) line 4	John Lyon and Marianne Ignace	translation	‘I will live in Vancouver.’	page 5, engine english
(3c) line 5	John Lyon and Marianne Ignace	citation	(Cecilia DeRose, 6/2/21)	page 5, engine english
(3d) line 1	Secwepemctsin	transcription	te ctuméllcw me7 nénswen.	page 5, engine english, carries footnote 9
(3d) line 2	Secwepemctsin	segmentation	te c-tum-éllcw me7 néns-wen	page 5, engine english
(3d) line 3	Secwepemctsin	gloss	to LOC-sell-house FUT go.1RDP-1SG.SBJV	page 5, engine english
(3d) line 4	John Lyon and Marianne Ignace	translation	‘To the store, I will go.’	page 5, engine english
(3d) line 5	John Lyon and Marianne Ignace	citation	(Garlene Dodson, Bridget Dan)	page 5, engine english
footnote 6	John Lyon and Marianne Ignace	note	6 Note that the nominal predicate sqélemcws has a possessor subject due to nominalization, rather than the expected subjunctive marking. The limits of this pattern require further exploration.	page 5, footnote
§2.1	Secwepemctsin	cited form	sqélemcws	page 5
footnote 7	John Lyon and Marianne Ignace	note	7 The sense of “preferring” apparently comes about through the use of the future me7 in this example, since the non-future equivalent tekwemtús ri7 re sqélemcws re kúkwpi7 ‘A man is always the chief’ (Cecilia DeRose, 6/09/21) does not carry this sense.	page 5, footnote
§2.1	Nsyilxcn	cited form	tekwemtús	page 5
§2.1	Secwepemctsin	cited form	kúkwpi7	page 5, ‘A man is always the chief’
footnote 8	John Lyon and Marianne Ignace	note	8 As in example (2d), e pexyéstes is ambiguously interpretable as a subordinate clause, and so subjunctive in the me7 clause is optional here: e pexyéwtes me7 knúcwentsen (Bridget Dan, 6/16/21).	page 5, footnote
§2.1	Nsyilxcn	cited form	pexyéstes	page 5
§2.1	Nsyilxcn	cited form	pexyéwtes	page 5
§2.1	Secwepemctsin	cited form	knúcwentsen	page 5
footnote 9	John Lyon and Marianne Ignace	note	9 In this and other cases, subjunctive is required, since te ctuméllcw is not interpretable as a subordinate clause unlike adverbials introduced by irrealis e. For example: *te ctuméllcw me7 néns-ken.	page 5, footnote
§2.1	Secwepemctsin	cited form	ctuméllcw	page 5
§2.1	Nsyilxcn	cited form	néns-ken	page 5
(4a) line 1	Nsyilxcn	transcription	k̓aʔkín mi ƛ̓əqáɬqəm?	page 6, engine language
(4a) line 2	Nsyilxcn	segmentation	k̓aʔkín mi ƛ̓q-áɬq-m	page 6, engine language
(4a) line 3	Nsyilxcn	gloss	to.where FUT dig-crop-MID	page 6, engine english
(4a) line 4	Lottie Lindley, VF, 7/25/11, 8170	translation	‘Where is he gonna dig?’	page 6, engine english, cited Lottie Lindley, VF, 7/25/11, 8170
(4a) line 5	John Lyon and Marianne Ignace	citation	(Lottie Lindley, VF, 7/25/11, 8170)	page 6, engine residue
(4b) line 1	Nsyilxcn	transcription	pənʔkín mi kʷ xʷuy l smásq̓ət k̓l Vancouver?	page 6, engine language
(4b) line 2	Nsyilxcn	segmentation	pnʔkín mi kʷ xʷuy l s-más-q̓t k̓l Vancouver	page 6, engine residue
(4b) line 3	Nsyilxcn	gloss	when FUT 2SG.SUB go at NMLZ-four-day to Vancouver	page 6, engine english
(4b) line 4	Lottie Lindley, VF, 3/5/11, 7389	translation	‘When is that on Thursday that you go to Vancouver?’	page 6, engine english, cited Lottie Lindley, VF, 3/5/11, 7389
(4b) line 5	John Lyon and Marianne Ignace	citation	(Lottie Lindley, VF, 3/5/11, 7389)	page 6, engine english
(4c) line 1	Secwepemctsin	transcription	tkenhé7en me7 pelq̓ílcwet?	page 6, engine english
(4c) line 2	Secwepemctsin	segmentation	tkenhé7en me7 pelq̓-ílc-wet	page 6, engine residue
(4c) line 3	Secwepemctsin	gloss	towards.where FUT come.back-AUT-1PL.SBJV	page 6, engine english
(4c) line 4	John Lyon and Marianne Ignace	translation	‘Which way do we go to get back home?’	page 6, engine english
(4c) line 5	John Lyon and Marianne Ignace	citation	(Mona Jules)	page 6, engine english
(4d) line 1	Secwepemctsin	transcription	penhé7en me7 wíw̓estnes re kles?	page 6, engine english, carries footnote 10
(4d) line 2	Secwepemctsin	segmentation	penhé7en me7 wíw̓-st-n-es re kles	page 6, engine english
(4d) line 3	Secwepemctsin	gloss	when FUT finish.1RDP-CAUS-1SG.ERG-3SBJV DET class	page 6, engine english
(4d) line 4	John Lyon and Marianne Ignace	translation	‘When will I finish class?’	page 6, engine english
(4d) line 5	John Lyon and Marianne Ignace	citation	(Bridget Dan)	page 6, engine english
§2.1	John Lyon and Marianne Ignace	note	These mi and me7 structures commonly occur in embedded environments, possibly as free relatives:	page 6
(5a) line 1	Nsyilxcn	transcription	lut t̓cmystin pənʔkín mi xʷuy John.	page 6, engine english
(5a) line 2	Nsyilxcn	segmentation	lut t̓ c-my-st-in pnʔkín mi xʷuy John	page 6, engine english
(5a) line 3	Nsyilxcn	gloss	NEG NEG.EMPH CUST-know-CAUS-1SG.ERG when FUT go John	page 6, engine english
(5a) line 4	Sarah McLeod, VF, 6/20/13, 14312	translation	‘I don’t know when John is going.’	page 6, engine english, cited Sarah McLeod, VF, 6/20/13, 14312
(5a) line 5	John Lyon and Marianne Ignace	citation	(Sarah McLeod, VF, 6/20/13, 14312)	page 6, engine residue
(5b) line 1	Secwepemctsin	transcription	ta7 k sts̓elxemstéten penhé7e me7 qwetsétses re John.	page 6, engine english
(5b) line 2	Secwepemctsin	segmentation	ta7 k s-ts̓elx-m-stét-en penhé7e me7	page 6, engine english
(5b) line 3	Secwepemctsin	gloss	NEG DET NMLZ-know-MID-CAUS.1RDP-1SG.ERG when FUT	page 6, engine english
(5b) line 4	Secwepemctsin	segmentation	qwetséts-es re John	page 6, engine english
(5b) line 5	Secwepemctsin	gloss	leave-3SBJV DET John	page 6, engine english
(5b) line 6	John Lyon and Marianne Ignace	translation	‘I don’t know when John will leave.’11	page 6, engine english
(5b) line 7	John Lyon and Marianne Ignace	citation	(Cecilia DeRose, Bridget Dan, 6/16/21)	page 6, engine english
footnote 10	John Lyon and Marianne Ignace	note	10 As with (3e), subjunctive is required: *penhé7en me7 wíw̓esten re kles?	page 6, footnote
§2.1	Secwepemctsin	cited form	penhé7en	page 6
§2.1	Nsyilxcn	cited form	wíw̓esten	page 6
footnote 11	John Lyon and Marianne Ignace	note	11 The position of an embedded DP subject in both Nsyilxcn and Secwepemctsin is variable and may either precede or follow the embedded predicate as in the example above, or precede the future particle (the preferred position): ta7 k sts̓elxemstéten penhé7e re John me7 qwetsétses ‘I don’t know when John will leave’ (Cecilia DeRose, Bridget Dan). In neither language, however, can it directly follow me7: *ta7 k sts̓elxemstéten penhé7e me7 re John qwetsétses. This is discussed further in later sections.	page 6, footnote
§2.1	Secwepemctsin	cited form	sts̓elxemstéten	page 6
§2.1	Secwepemctsin	cited form	penhé7e	page 6
§2.1	Secwepemctsin	cited form	qwetsétses	page 6, ‘I don’
(5c) line 1	Nsyilxcn	transcription	...p ƛ̓aʔƛ̓aʔúsəm laʔkín mi x̌stmintp iʔ ksck̓ʷúl̓əmp.	page 7, engine language
(5c) line 2	Nsyilxcn	segmentation	...p ƛ̓aʔƛ̓aʔ-ús-m laʔkín mi x̌st-mi-nt-p	page 7, engine language
(5c) line 3	Nsyilxcn	gloss	2PL.SUB look.for-face-MID at.where FUT good-APPL-DIR-2PL.ERG	page 7, engine english
(5c) line 4	Nsyilxcn	segmentation	iʔ k[ɬ]-s-c-k̓ʷúl̓-mp	page 7, engine language
(5c) line 5	Nsyilxcn	gloss	DET IRR.POSS-NMLZ-CUST-work-2PL.POSS	page 7, engine english
(5c) line 6	A. Mattina 1985, stanza 17	translation	‘...You will look for a place to settle where you will be satisfied to work.’	page 7, engine english, cited A. Mattina 1985, stanza 17
(5c) line 7	John Lyon and Marianne Ignace	citation	(A. Mattina 1985, stanza 17)	page 7, engine english
(5d) line 1	Secwepemctsin	transcription	petítnesmen t̓hé7en me7 penmíntmes.	page 7, engine english
(5d) line 2	Secwepemctsin	segmentation	petítnes-m-en t̓hé7en me7 pen-mí-nt-m-es	page 7, engine english
(5d) line 3	Secwepemctsin	gloss	think.1RDP-APPL-[DIR]-1SG.ERG to.where FUT find-APPL-DIR-1PL.ERG-3SBJV	page 7, engine english
(5d) line 4	John Lyon and Marianne Ignace	translation	‘I’m thinking about where we are going to find him.’	page 7, engine english
(5d) line 5	John Lyon and Marianne Ignace	citation	(Garlene Dodson)	page 7, engine english
§2.1	John Lyon and Marianne Ignace	note	Some evidence which is at least consistent with a free relative analysis, as opposed to the embedded cleft analysis argued for in Gardiner (1993) for non-future Secwepemctsin clefts, come from Nsyilxcn, where mi is sometimes judged grammatical as a relativizer in non-cleft environments (6a). That said, it is dispreferred to prospective ks- in relative clauses (6b).	page 7
(6a) line 1	Nsyilxcn	transcription	wikən iʔ sqəltmíxʷ mi caʔntín.	page 7, engine residue
(6a) line 2	Nsyilxcn	segmentation	wik-n iʔ sqltmíxʷ mi caʔ-nt-ín	page 7, engine english
(6a) line 3	Nsyilxcn	gloss	see-[DIR]-1SG.ERG DET man FUT hit-DIR-1SG.ERG	page 7, engine english
(6a) line 4	Sarah McLeod, 2/18/13, 13099	translation	‘I saw the man that I’m going to hit.’	page 7, engine english, cited Sarah McLeod, 2/18/13, 13099
(6a) line 5	John Lyon and Marianne Ignace	citation	(Sarah McLeod, 2/18/13, 13099)	page 7, engine residue
(6b) line 1	Nsyilxcn	transcription	wikən iʔ sqəltmíxʷ iʔ kscaʔntín.	page 7, engine residue, carries footnote 12
(6b) line 2	Nsyilxcn	segmentation	wik-n iʔ sqəltmíxʷ iʔ ks-caʔ-nt-ín	page 7, engine residue
(6b) line 3	Nsyilxcn	gloss	see-[DIR]-1SG.ERG DET man DET PROS-hit-DIR-1SG.ERG	page 7, engine english
(6b) line 4	Sarah McLeod, VF, 2/18/13, 13098	translation	‘I saw the man that I’m going to hit.’	page 7, engine english, cited Sarah McLeod, VF, 2/18/13, 13098
(6b) line 5	John Lyon and Marianne Ignace	citation	(Sarah McLeod, VF, 2/18/13, 13098)	page 7, engine residue
§2.1	John Lyon and Marianne Ignace	note	On the other hand, in Secwepemctsin, oblique te and irrealis oblique tek are used as default relativizers. Unlike in clefting environments, me7 always occurs alongside the oblique marker in future relatives (7), which rather supports the embedded cleft analysis for examples like (5).13	page 7
(7a) line 1	Secwepemctsin	transcription	me7 qílqelt k sillts̓u7úw̓i tek me7 7sk̓úlem.	page 7, engine residue
(7a) line 2	Secwepemctsin	segmentation	me7 qílqelt k sillts̓u7-úw̓i tek me7 7-s-k̓úl-em	page 7, engine english
(7a) line 3	Secwepemctsin	gloss	FUT beautiful DET.IRR shoe-true OBL.IRR FUT 2SG.POSS-NMLZ-make-MID	page 7, engine english
(7a) line 4	John Lyon and Marianne Ignace	translation	‘The moccasins you are going to make will be beautiful.’	page 7, engine english
(7a) line 5	John Lyon and Marianne Ignace	citation	(Bridget Dan, Cecilia DeRose, Garlene Dodson)	page 7, engine english
footnote 12	John Lyon and Marianne Ignace	note	12 The co-occurrence of prospective ks- and 1st person ergative -(i)n is unexpected here, since normally 1st person possessive i(n)- is used with ks-.	page 7, footnote
footnote 13	John Lyon and Marianne Ignace	note	13 Thanks to Hannah Green for providing these examples.	page 7, footnote
(7b) line 1	Secwepemctsin	transcription	héqen re John me7 wikts k kenkéknem tek me7 íllen tek swewll.	page 8, engine english
(7b) line 2	Secwepemctsin	segmentation	héqen re John me7 wik-t-s k kenkéknem	page 8, engine english
(7b) line 3	Secwepemctsin	gloss	maybe DET John FUT see-DIR-3ERG DET black.bear	page 8, engine english
(7b) line 4	Secwepemctsin	transcription	*(tek) me7 íllen tek swewll	page 8, engine english
(7b) line 5	Secwepemctsin	gloss	OBL.IRR FUT eat OBL.IRR fish	page 8, engine english
(7b) line 6	John Lyon and Marianne Ignace	translation	‘Maybe John will see a bear that is going to eat a fish.’	page 8, engine english
(7b) line 7	John Lyon and Marianne Ignace	citation	(Bridget Dan, Cecilia DeRose)	page 8, engine english
§2.1	John Lyon and Marianne Ignace	note	Passive agents (8), instruments (9), and objects of benefactives (10) are introduced by the oblique marker t in Nsyilxcn,14 and te(k) in Secwepemctsin (Kuipers 1974; Gardiner 1993).	page 8
(8a) line 1	Nsyilxcn	transcription	iʔ snkɬc̓aʔsqáx̌aʔ wíkəntəm t xíxutəm.	page 8, engine language
(8a) line 2	Nsyilxcn	segmentation	iʔ snkɬc̓aʔsqáx̌aʔ wík-nt-m t xíxutm	page 8, engine language
(8a) line 3	Nsyilxcn	gloss	DET horse see-DIR-PASS OBL little.girl	page 8, engine english
(8a) line 4	Sarah McLeod, VF, ̣1/20/12, 9879	translation	‘The little girl saw the horse.’	page 8, engine english, cited Sarah McLeod, VF, ̣1/20/12, 9879
(8a) line 5	John Lyon and Marianne Ignace	citation	(Sarah McLeod, VF, ̣1/20/12, 9879)	page 8, engine residue
(8b) line 1	Secwepemctsin	transcription	m-súk̓wentem re petsptsékll te snewt.	page 8, engine english
(8b) line 2	Secwepemctsin	segmentation	m-súk̓w-nt-m re pets-ptsékll te snewt	page 8, engine english
(8b) line 3	Secwepemctsin	gloss	PST-blow-DIR-PASS DET PL.RDP-leaf OBL wind	page 8, engine english
(8b) line 4	John Lyon and Marianne Ignace	translation	‘The wind blew the leaves.’	page 8, engine english
(8b) line 5	John Lyon and Marianne Ignace	citation	(Bridget Dan, VF, 3/17/21)	page 8, engine english
(9a) line 1	Nsyilxcn	transcription	ʔíɬən iʔ lasúp (iʔ) t ɬúm̓ən.	page 8, engine residue
(9a) line 2	Nsyilxcn	segmentation	ʔiɬ-n iʔ lasúp (iʔ) t ɬum̓n	page 8, engine residue
(9a) line 3	Nsyilxcn	gloss	eat-[DIR]-1SG.ERG DET soup DET OBL spoon	page 8, engine english
(9a) line 4	Lottie Lindley, VF, 11/22/10, 6672	translation	‘I ate the soup with a spoon.’	page 8, engine english, cited Lottie Lindley, VF, 11/22/10, 6672
(9a) line 5	John Lyon and Marianne Ignace	citation	(Lottie Lindley, VF, 11/22/10, 6672)	page 8, engine residue
(9b) line 1	Secwepemctsin	transcription	m-7íllens re lekemín te set̓címen.	page 8, engine english
(9b) line 2	Secwepemctsin	segmentation	m-7íllen-s re lekemín te set̓címen	page 8, engine english
(9b) line 3	Secwepemctsin	gloss	PST-eat-[DIR]-3ERG DET flour.soup OBL spoon	page 8, engine english
(9b) line 4	John Lyon and Marianne Ignace	translation	‘He ate the soup with a spoon.’	page 8, engine english
(9b) line 5	John Lyon and Marianne Ignace	citation	(Bridget Dan, Cecilia DeRose, 7/14/21)	page 8, engine english
(10a) line 1	Nsyilxcn	transcription	k̓ʷúl̓xtən t yámx̌ʷaʔ.	page 8, engine residue
(10a) line 2	Nsyilxcn	segmentation	k̓ʷúl̓-xt-n t yámx̌ʷaʔ	page 8, engine language
(10a) line 3	Nsyilxcn	gloss	make-BEN-1SG.ERG OBL cedar.bark.basket	page 8, engine english
(10a) line 4	Lottie Lindley, VF, 2217, 9/14/09	translation	‘I made a basket for him/her.’	page 8, engine english, cited Lottie Lindley, VF, 2217, 9/14/09
(10a) line 5	John Lyon and Marianne Ignace	citation	(Lottie Lindley, VF, 2217, 9/14/09)	page 8, engine residue
footnote 14	John Lyon and Marianne Ignace	note	14 Nsyilxcn passive agents and instruments may be introduced by an optional, additional iʔ determiner for specific referents of common nouns. This is not possible for benefactive objects, at least in the Upper Nicola.	page 8, footnote
§2.1	Nsyilxcn	cited form	iʔ	page 8
(10b) line 1	Secwepemctsin	transcription	m-kectés lu7 te sqlélten.	page 9, engine english
(10b) line 2	Secwepemctsin	segmentation	m-kect-és lu7 te sqlélten	page 9, engine english
(10b) line 3	Secwepemctsin	gloss	PST-give.BEN-3ERG that.ABS OBL salmon	page 9, engine english
(10b) line 4	John Lyon and Marianne Ignace	translation	‘He/she gave him/her a salmon.’	page 9, engine english
(10b) line 5	John Lyon and Marianne Ignace	citation	(Cecilia DeRose, Bridget Dan, 6/16/21)	page 9, engine english
§2.1	Nsyilxcn	cited form	kiʔ	page 9
§2.1	John Lyon and Marianne Ignace	note	Passive agents can undergo adjunct clefting in non-future contexts using Secwepemctsin determiners re and le (Gardiner 1993; Lai 1998)15 and Nsyilxcn kiʔ (the non-future counterpart to mi in adjunct clefts) as clefting particles, however, it is less acceptable in either language to cleft passive agents as oblique adjuncts in future contexts with mi or me7, for reasons which are currently unclear. Pragmatics may be at play here, as well as the absence of any consistent strategy for extracting oblique-marked constituents in Interior Salish (Kroeber 1999).	page 9
(11a) line 1	Secwepemctsin	transcription	te kenkéknem lu7 re kélentemes.	page 9, engine english, carries footnote 16
(11a) line 2	Secwepemctsin	segmentation	te kenkéknem lu7 re kél-nt-m-es	page 9, engine english
(11a) line 3	Secwepemctsin	gloss	OBL black.bear that.ABS DET chase-DIR-PASS-3SBJV	page 9, engine english
(11a) line 4	John Lyon and Marianne Ignace	translation	‘He was chased by the bear.’	page 9, engine english
(11a) line 5	John Lyon and Marianne Ignace	citation	(Cecilia DeRose, 6/2/21)	page 9, engine english
(11b) line 1	Secwepemctsin	transcription	? te kenkéknem me7 kélentemes.	page 9, engine english, carries footnote 17
(11b) line 2	Secwepemctsin	segmentation	? te kenkéknem me7 kél-nt-m-es	page 9, engine english
(11b) line 3	Secwepemctsin	gloss	OBL bear FUT chase-DIR-PASS-3SBJV	page 9, engine english
(11b) line 4	John Lyon and Marianne Ignace	translation	‘He will get chased by the bear.’	page 9, engine english
(11b) line 5	John Lyon and Marianne Ignace	citation	(Cecilia DeRose, Bridget Dan, 6/16/21)	page 9, engine english
(11b) line 6	John Lyon and Marianne Ignace	speaker comment	Comment: “Sounds a bit strange.”	page 9, engine english
(12a) line 1	Secwepemctsin	transcription	te núnxwenxw re m-wíktmes re scwpíxem.	page 9, engine english, carries footnote 18
(12a) line 2	Secwepemctsin	segmentation	te núnxwenxw re m-wík-t-m-es re scw-píxem	page 9, engine english
(12a) line 3	Secwepemctsin	gloss	OBL woman.DIM.RDP DET PST-see-DIR-PASS-3SBJV DET OCC-hunt	page 9, engine english
(12a) line 4	John Lyon and Marianne Ignace	translation	‘The hunter was seen by the little girl.’	page 9, engine english
(12a) line 5	John Lyon and Marianne Ignace	citation	(Bridget Dan, VF, 3/17/21)	page 9, engine english
footnote 15	John Lyon and Marianne Ignace	note	15 Lai (1998:313) and Gardiner (1993:46), who worked primarily with Mona Jules from Skeetchestn, include examples involving clefted independent pronoun passive agents: e.g. te ntsétswe7 re wíktmes ‘I’m the one that saw him’ and te7 newí7 re wíktmes ‘You’re the one that saw him.’ Independent pronoun passive agents may be clefted as adjuncts with me7, however the determiner re shows up on the fronted constituent rather than an oblique marker. See below for further discussion. Gardiner (1993:74) additionally includes the following contrastive examples: re John lu7 le m-wiktem ‘It’s John that was seen.’ and (te) John lu7 le m- wíktemes ‘It’s John that she was seen by.’	page 9, footnote
§2.1	Secwepemctsin	cited form	ntsétswe7	page 9
§2.1	Nsyilxcn	cited form	wíktmes	page 9, ‘I’
§2.1	Secwepemctsin	cited form	newí7	page 9
§2.1	Nsyilxcn	cited form	m-wiktem	page 9, ‘It’
§2.1	Nsyilxcn	cited form	wíktemes	page 9, ‘It’
footnote 16	John Lyon and Marianne Ignace	note	16 Cf. non-clefted passive: kélentem lu7 te kenkéknem ‘He was chased by a bear’ (Cecilia DeRose, VF, 6/2/21).	page 9, footnote
§2.1	Nsyilxcn	cited form	kélentem	page 9
§2.1	Nsyilxcn	cited form	kenkéknem	page 9, ‘He was chased by a bear’
footnote 17	John Lyon and Marianne Ignace	note	17 Cf. non-clefted passive: me7 kélentem te kenkéknem ‘He will be chased by a bear’ (Cecilia DeRose, Bridget Dan, 6/2/21).	page 9, footnote
footnote 18	John Lyon and Marianne Ignace	note	18 Cf. non-clefted passive: m-wíktem re scwpíxem te núnxwenxw ‘The little girl saw the hunter’ (Bridget Dan, VF 3/17/21).	page 9, footnote
§2.1	Nsyilxcn	cited form	m-wíktem	page 9
§2.1	Secwepemctsin	cited form	scwpíxem	page 9
§2.1	Nsyilxcn	cited form	núnxwenxw	page 9, ‘The little girl saw the hunter’
(12b) line 1	Secwepemctsin	transcription	? te núnxwenxw me7 wíktmes re scwpíxem.	page 10, engine english, carries footnote 19
(12b) line 2	Secwepemctsin	segmentation	? te núnxwenxw me7 wík-t-m-es re scw-píxem	page 10, engine english
(12b) line 3	Secwepemctsin	gloss	OBL woman.DIM.RDP FUT see-DIR-PASS-3SBJV DET OCC-hunt	page 10, engine english
(12b) line 4	John Lyon and Marianne Ignace	translation	‘The hunter will be seen by the little girl.’	page 10, engine english
(12b) line 5	John Lyon and Marianne Ignace	citation	(Cecilia DeRose, Bridget Dan, VF, 6/16/21)	page 10, engine english
(13a) line 1	Nsyilxcn	transcription	t skəmxíst kiʔ qixʷəntəm, lut t̓swaʕ̓.	page 10, engine language
(13a) line 2	Nsyilxcn	segmentation	t skmxíst kiʔ qixʷ-nt-m, lut t̓ swaʕ̓	page 10, engine residue
(13a) line 3	Nsyilxcn	gloss	OBL black.bear NON.FUT chase-DIR-PASS NEG NEG.EMPH cougar	page 10, engine english
(13a) line 4	Sarah McLeod, VF, 6/11/19, 15557	translation	‘It was the bear that chased him, not the cougar.’	page 10, engine english, cited Sarah McLeod, VF, 6/11/19, 15557
(13a) line 5	John Lyon and Marianne Ignace	citation	(Sarah McLeod, VF, 6/11/19, 15557)	page 10, engine residue
(13b) line 1	Nsyilxcn	transcription	* t skəmxíst mi qíxʷəntəm, lut t̓swaʕ̓.	page 10, engine residue, carries footnote 20
(13b) line 2	Nsyilxcn	segmentation	* t skmxíst mi qixʷ-nt-m lut t̓ swaʕ̓	page 10, engine residue
(13b) line 3	Nsyilxcn	gloss	OBL bear FUT chase-DIR-PASS NEG NEG.EMPH cougar	page 10, engine english
(13b) line 4	Sarah McLeod, 6/11/19, 15558	translation	‘The bear is going to chase him, not the cougar.’	page 10, engine english, cited Sarah McLeod, 6/11/19, 15558
(13b) line 5	John Lyon and Marianne Ignace	citation	(Sarah McLeod, 6/11/19, 15558)	page 10, engine residue
§2.1	John Lyon and Marianne Ignace	note	Instruments in Nsyilxcn are introduced by (iʔ) t, and are clefted with kiʔ (14). Examples are currently lacking on future mi clefting of instruments. In Secwepemctsin, non-future instrument clefts are possible, and future instrument clefts appear at least marginally more acceptable than the future passive agent clefts discussed above (15).	page 10
(14a) line 1	Nsyilxcn	transcription	iʔ t nik̓mən kiʔ nik̓s.	page 10, engine english
(14a) line 2	Nsyilxcn	segmentation	iʔ t nik̓-mn kiʔ nik̓-s	page 10, engine residue
(14a) line 3	Nsyilxcn	gloss	DET OBL cut-INST NON.FUT cut-[DIR]-3ERG	page 10, engine english
(14a) line 4	Lottie Lindley, VF, 11/06/09, 2710	translation	‘What he cut it with is a knife.’	page 10, engine english, cited Lottie Lindley, VF, 11/06/09, 2710
(14a) line 5	John Lyon and Marianne Ignace	citation	(Lottie Lindley, VF, 11/06/09, 2710)	page 10, engine residue
(14b) line 1	Nsyilxcn	transcription	iʔ t ɬum̓ən kiʔ ɬaps iʔ sup, lut t ƛ̓ak̓ʷcíntən.	page 10, engine language
(14b) line 2	Nsyilxcn	segmentation	iʔ t ɬum̓n kiʔ ɬap-s iʔ sup	page 10, engine english
(14b) line 3	Nsyilxcn	gloss	DET OBL spoon NON.FUT eat.soup-[DIR]-3ERG DET soup	page 10, engine english
(14b) line 4	Nsyilxcn	segmentation	lut t̓ ƛ̓ak̓ʷ-cín-tn	page 10, engine language
(14b) line 5	Nsyilxcn	gloss	NEG NEG.EMPH pierce-mouth-INST	page 10, engine english
(14b) line 6	Sarah McLeod, VF, 11/06/09, 2797	translation	‘It was the spoon that he ate the soup with, not a fork.’	page 10, engine english, cited Sarah McLeod, VF, 11/06/09, 2797
(14b) line 7	John Lyon and Marianne Ignace	citation	(Sarah McLeod, VF, 11/06/09, 2797)	page 10, engine residue
footnote 19	John Lyon and Marianne Ignace	note	19 Cf. non-clefted passive: me7 wíktem re scwpíxem te núnxwenxw ‘The little girl will see the hunter’ (Cecilia DeRose, Bridget Dan, VF 6/16/21).	page 10, footnote
§2.1	Nsyilxcn	cited form	wíktem	page 10
footnote 20	John Lyon and Marianne Ignace	note	20 In the Colville dialect of Nsyilxcn, oblique marking signals an ergative argument generally, and these are clefted by mi. These may be analyzed as argument clefts (see Section 2.3). For example: way̓ t incàʔ mi nqʷən̓míntsən ‘I will pity you.’ (A. Mattina 1985, stanza 838).	page 10, footnote
§2.1	Nsyilxcn	cited form	way̓	page 10
§2.1	Nsyilxcn	cited form	incàʔ	page 10
§2.1	Nsyilxcn	cited form	nqʷən̓míntsən	page 10, ‘I will pity you.’
(15a) line 1	Secwepemctsin	transcription	te st̓ecímen lu7 (re) m-7íllenses re lekemín.	page 11, engine english
(15a) line 2	Secwepemctsin	segmentation	te st̓ecímen lu7 re m-7íllen-s-es re lekemín	page 11, engine english
(15a) line 3	Secwepemctsin	gloss	OBL spoon that.ABS DET PST-eat-[DIR]-3ERG-3SBJV DET flour.soup	page 11, engine english
(15a) line 4	John Lyon and Marianne Ignace	translation	‘He ate the soup with a spoon.’	page 11, engine english
(15a) line 5	John Lyon and Marianne Ignace	citation	(Cecilia DeRose, 6/9/21)	page 11, engine english
(15a) line 6	John Lyon and Marianne Ignace	speaker comment	Comment: “But you automatically know it will be a spoon.”	page 11, engine english
(15b) line 1	Secwepemctsin	transcription	? te st̓ecímen me7 7íllenses re lekemín.	page 11, engine english
(15b) line 2	Secwepemctsin	segmentation	? te st̓ecímen me7 7íllen-s-es re lekemín	page 11, engine english
(15b) line 3	Secwepemctsin	gloss	OBL spoon FUT eat-[DIR]-3ERG-3SBJV DET flour.soup	page 11, engine english
(15b) line 4	John Lyon and Marianne Ignace	translation	‘He will eat the soup with a spoon.’	page 11, engine english
(15b) line 5	John Lyon and Marianne Ignace	citation	(Cecilia DeRose, 6/16/21)	page 11, engine english
(15b) line 6	John Lyon and Marianne Ignace	speaker comment	Comment: “I suppose if you want to be specific.”	page 11, engine english
(15c) line 1	Secwepemctsin	transcription	? te pétse me7 é7ellqwen tek skwenkwínem.	page 11, engine english
(15c) line 2	Secwepemctsin	segmentation	? te pétse me7 é7ellq-wen tek skwenkwínem	page 11, engine english
(15c) line 3	Secwepemctsin	gloss	OBL digging.stick FUT dig.crop.1RDP-1SG.SBJV OBL.IRR indian.potatoes	page 11, engine english
(15c) line 4	John Lyon and Marianne Ignace	translation	‘I will dig the Indian potatoes with a digging stick.’	page 11, engine english
(15c) line 5	John Lyon and Marianne Ignace	citation	(Cecilia DeRose, 6/16/21)	page 11, engine english
(15c) line 6	John Lyon and Marianne Ignace	speaker comment	Comment: “I suppose…”	page 11, engine english
§2.1	John Lyon and Marianne Ignace	note	Question/answer contexts which were designed to improve the felicity of future oblique clefts in Secwepemctsin do not appear to work. Example (17a) was volunteered as an answer to (16), however, clefted (17b) was judged marginal at best, as can be seen by Bridget and Cecilia’s comment.	page 11
(16) line 1	Secwepemctsin	transcription	kem es t̓qellqs tek peták?	page 11, engine english
(16) line 2	Secwepemctsin	segmentation	kénem e s-t̓q-ellq-s tek peták	page 11, engine english
(16) line 3	Secwepemctsin	gloss	do.how IRR.C NMLZ-dig-crop-3POSS OBL.IRR potatoes	page 11, engine english
(16) line 4	John Lyon and Marianne Ignace	translation	‘How is she going to dig potatoes?’	page 11, engine english
(16) line 5	John Lyon and Marianne Ignace	citation	(Cecilia DeRose, Bridget Dan, VF, 7/14/21)	page 11, engine english
(17a) line 1	Secwepemctsin	transcription	me7 tpen̓míns k lepélt e t̓qéllqes tek peták.	page 11, engine english
(17a) line 2	Secwepemctsin	segmentation	me7 tpen̓-mín-s k lepélt	page 11, engine english
(17a) line 3	Secwepemctsin	gloss	FUT use-APPL-[DIR]-3ERG DET.IRR shovel	page 11, engine english
(17a) line 4	Secwepemctsin	segmentation	e t̓q-éllq-es tek peták	page 11, engine english
(17a) line 5	Secwepemctsin	gloss	IRR.C dig-crop-3SBJV OBL.IRR potatoes	page 11, engine english
(17a) line 6	John Lyon and Marianne Ignace	translation	‘She’s going to use a shovel to dig potatoes.’	page 11, engine english
(17a) line 7	John Lyon and Marianne Ignace	citation	(Cecilia DeRose, Bridget Dan, VF, 7/14/21)	page 11, engine english
(17b) line 1	Secwepemctsin	transcription	? te lepélt me7 t̓qéllqes tek peták.	page 11, engine english
(17b) line 2	Secwepemctsin	segmentation	? te lepélt me7 t̓q-éllq-es tek peták	page 11, engine english
(17b) line 3	Secwepemctsin	gloss	OBL shovel FUT dig-crop-3SBJV OBL.IRR potatoes	page 11, engine english
(17b) line 4	John Lyon and Marianne Ignace	translation	‘A shovel is what she’ll use to dig potatoes with.’	page 11, engine english
(17b) line 5	John Lyon and Marianne Ignace	citation	(Cecilia DeRose, Bridget Dan, 7/14/21)	page 11, engine english
(17b) line 6	John Lyon and Marianne Ignace	speaker comment	Comment: “It’s okay, but Elders wouldn’t say it that way.”	page 11, engine english
§2.1	John Lyon and Marianne Ignace	note	Benefactive objects can be clefted in both languages as adjuncts in non-future contexts. For Nsyilxcn, unlike passive agents and instruments, the fronted object is not obliquemarked.21 In Secwepemctsin, oblique marking does surface on the fronted benefactive object, and nominalization is required on the residue predicate, rather than subjunctive morphology.	page 12
(18a) line 1	Nsyilxcn	transcription	iʔ ntytyíx kiʔ xʷíc̓əxtəm.	page 12, engine residue
(18a) line 2	Nsyilxcn	segmentation	iʔ ntytyíx kiʔ xʷíc̓-xt-m	page 12, engine language
(18a) line 3	Nsyilxcn	gloss	DET salmon NON.FUT give-BEN-PASS	page 12, engine english
(18a) line 4	Sarah McLeod, VF, 11/06/09, 2810	translation	‘It’s a salmon that he gave her.’	page 12, engine english, cited Sarah McLeod, VF, 11/06/09, 2810
(18a) line 5	John Lyon and Marianne Ignace	citation	(Sarah McLeod, VF, 11/06/09, 2810)	page 12, engine residue
(18b) line 1	Secwepemctsin	transcription	te sqlélten lu7 re m-skectés.	page 12, engine english, carries footnote 22
(18b) line 2	Secwepemctsin	segmentation	te sqlélten lu7 re m-s-kect-és	page 12, engine english
(18b) line 3	Secwepemctsin	gloss	OBL salmon that.ABS DET PST-NMLZ-give.BEN-3ERG	page 12, engine english
(18b) line 4	John Lyon and Marianne Ignace	translation	‘It’s a salmon that he gave her.’	page 12, engine english
(18b) line 5	John Lyon and Marianne Ignace	citation	(Cecilia DeRose, Bridget Dan, 6/9/21)	page 12, engine english
§2.1	John Lyon and Marianne Ignace	note	Oblique objects of middles can be clefted so long as they are introduced by a focused demonstrative, as in (19a–b) (see Section 2.7 for further examples). They cannot be clefting in the absence of such a demonstrative (19c) (see Gardiner 1993:148 for related examples). Note that the predicate must be nominalized in these cases.	page 12
(19a) line 1	Secwepemctsin	transcription	yerí7 te qmut me7 nskúk̓lem.	page 12, engine english
(19a) line 2	Secwepemctsin	segmentation	yerí7 te qmut me7 n-s-kúk̓l-em	page 12, engine english
(19a) line 3	Secwepemctsin	gloss	that.VIS OBL hat FUT my-NMLZ-make-INTR	page 12, engine english
(19a) line 4	John Lyon and Marianne Ignace	translation	‘That is the hat I’ll make.’	page 12, engine english
(19a) line 5	John Lyon and Marianne Ignace	citation	(Cecilia DeRose, Bridget Dan, 7/21/21)	page 12, engine english
(19b) line 1	Secwepemctsin	transcription	yerí7 te sqéxe lu7 le7 swíkem.	page 12, engine english
(19b) line 2	Secwepemctsin	segmentation	yerí7 te sqéxe lu7 le 7-s-wík-em	page 12, engine english
(19b) line 3	Secwepemctsin	gloss	that OBL dog that.ABS DET.ABS 2SG.POSS-NMLZ-see-MID	page 12, engine english
(19b) line 4	John Lyon and Marianne Ignace	translation	‘That’s the dog that you saw.’	page 12, engine english
(19b) line 5	John Lyon and Marianne Ignace	citation	(Cecilia DeRose, Bridget Dan)	page 12, engine english
(19c) line 1	Secwepemctsin	transcription	*tek/*te/*re qmut me7 nskúk̓lem.	page 12, engine english, carries footnote 23
(19c) line 2	Secwepemctsin	segmentation	*tek/*te/*re qmut me7 n-s-kúk̓lem.	page 12, engine english
(19c) line 3	Secwepemctsin	gloss	OBL.IRR/OBL/DET hat FUT 1SG.POSS-NMLZ-make.1RDP	page 12, engine english
(19c) line 4	John Lyon and Marianne Ignace	translation	‘It’s a hat that I will make.’	page 12, engine english
(19c) line 5	John Lyon and Marianne Ignace	citation	(Cecilia DeRose, Bridget Dan, 7/14/21)	page 12, engine english
footnote 21	John Lyon and Marianne Ignace	note	21 Secwepemctsin follows a similar pattern in introducing clefted independent pronoun passive agents with determiners. The presence of Nsyilxcn kiʔ in (18a) however unambiguously indicates adjunct clefting.	page 12, footnote
footnote 22	John Lyon and Marianne Ignace	note	22 Bridget and Cecilia judged the following variants as ungrammatical: (i) with subjunctive marking rather than nominalization *te sqlélten lu7 re m-kectéses; and (ii) without nominalization *te sqlélten lu7 re m- kectés.	page 12, footnote
§2.1	Nsyilxcn	cited form	sqlélten	page 12
§2.1	Nsyilxcn	cited form	m-kectéses	page 12
§2.1	Nsyilxcn	cited form	kectés	page 12
footnote 23	John Lyon and Marianne Ignace	note	23 Compare with non -clefted: me7 kúk̓lem-ken tek qmut ‘I will make a hat’ (Cecilia DeRose, Bridget Dan, VF, 7/14/21).	page 12, footnote
§2.1	Nsyilxcn	cited form	kúk̓lem-ken	page 12
§2.1	Nsyilxcn	cited form	qmut	page 12, ‘I will make a hat’
§2.1	John Lyon and Marianne Ignace	note	In summary, locative and temporal adjuncts may easily undergo clefting with mi or me7, however, oblique nominals introduced by t or te are more resistant to future clefting, which is somewhat surprising given that non-future clefting of passive agents and instruments using Nsyilxcn kiʔ or Secwepemctsin determiner re (Gardiner 1993) is well-documented.	page 13
§2.2	John Lyon and Marianne Ignace	heading	2.2 Future Argument Clefts	page 13
§2.2	John Lyon and Marianne Ignace	note	In addition to clefting adjuncts, mi and me7 both cleft argument DPs. In Nsyilxcn, arguments clefted with mi are judged felicitous in contexts involving contrastive focus and are typically judged infelicitous otherwise .24 Such DPs include proper names , DPs headed by the determiner s, independent pronouns, and argument-denoting demonstratives.	page 13
§2.2	Nsyilxcn	cited form	iʔ	page 13
§2.2	John Lyon and Marianne Ignace	note	Example (20) shows cases of clefted, proper name subjects and objects. Note that while iʔ determiners are absent before proper names in Nsyilxcn unless they are in predicate position (Lyon 2013), re or le determiners are required before proper names in all argument positions in Secwepemctsin (though they phonetically reduce in the Skeetchestn dialect).25 Note also that subjunctive marking is ungrammatical in Secwepemctsin argument clefts (Kroeber 1999).	page 13
(20a) line 1	Nsyilxcn	transcription	Peter mi knxítsəlx.	page 13, engine english
(20a) line 2	Nsyilxcn	segmentation	Peter mi knxít-səlx	page 13, engine residue
(20a) line 3	Nsyilxcn	gloss	Peter FUT help.BEN-3PL.ERG	page 13, engine english
(20a) line 4	Sarah McLeod, VF, 6/11/19, 15673	translation	‘They will help Peter.’	page 13, engine english, cited Sarah McLeod, VF, 6/11/19, 15673
(20a) line 5	John Lyon and Marianne Ignace	citation	(Sarah McLeod, VF, 6/11/19, 15673)	page 13, engine residue
(20b) line 1	Secwepemctsin	transcription	re Peter me7 kwnúcwens-ekwe.	page 13, engine english, carries footnote 26
(20b) line 2	Secwepemctsin	segmentation	re Peter me7 kwnúcw-en-s-ekwe	page 13, engine english
(20b) line 3	Secwepemctsin	gloss	DET Peter FUT help-TR-3ERG-REP	page 13, engine english
(20b) line 4	John Lyon and Marianne Ignace	translation	‘Peter is going to help them/him.’	page 13, engine english
(20b) line 5	John Lyon and Marianne Ignace	citation	(Cecilia DeRose, VF, 6/2/21)	page 13, engine english
(20c) line 1	Nsyilxcn	transcription	John mi xʷuy.	page 13, engine english
(20c) line 2	Nsyilxcn	segmentation	John mi xʷuy	page 13, engine residue
(20c) line 3	Nsyilxcn	gloss	John FUT go	page 13, engine english
(20c) line 4	Lottie Lindley, Sarah McLeod VF, 6/01/12, 11532	translation	‘John will go.’	page 13, engine english, cited Lottie Lindley, Sarah McLeod VF, 6/01/12, 11532
(20c) line 5	John Lyon and Marianne Ignace	citation	(Lottie Lindley, Sarah McLeod VF, 6/01/12, 11532)	page 13, engine english
footnote 24	John Lyon and Marianne Ignace	note	24 This is discussed in more detail below. Focus-related pragmatic restrictions are less apparent for Secwepemctsin future argument clefts.	page 13, footnote
footnote 25	John Lyon and Marianne Ignace	note	25 Lai (1998) worked with Elders of southern dialects, where determiners before independent pronouns are commonly absent. They argue against phonetic reduction of determiners, and in favour of two distinct underlying systems for northern versus southern dialects, however, we have found that Elders such as Mona Jules from Skeetchestn rest ore determiners in careful speech. Bridget Dan and Cecilia Rose from Es k̓et always require determiners before singular independent pronouns.	page 13, footnote
§2.2	Secwepemctsin	cited form	k̓et	page 13
footnote 26	John Lyon and Marianne Ignace	note	26 me7 knúcwentem re Peter ‘They will help Peter’ was volunteered (Bridget Dan, Cecilia DeRose, 7/14/21), and re Peter me7 kwenúcwentem was marginally accepted as a variant.	page 13, footnote
§2.2	Secwepemctsin	cited form	knúcwentem	page 13
§2.2	Secwepemctsin	cited form	kwenúcwentem	page 13
(20d) line 1	Secwepemctsin	transcription	re John me7 qwetséts.	page 14, engine english
(20d) line 2	Secwepemctsin	segmentation	re John me7 qwetséts	page 14, engine english
(20d) line 3	Secwepemctsin	gloss	DET John FUT leave	page 14, engine english
(20d) line 4	John Lyon and Marianne Ignace	translation	‘John will leave.’	page 14, engine english
(20d) line 5	John Lyon and Marianne Ignace	citation	(Cecilia DeRose, Bridget Dan, VF, 6/16/21)	page 14, engine english
(20e) line 1	Nsyilxcn	transcription	Alice mi xʷuy k̓l səxʷmərím.	page 14, engine english
(20e) line 2	Nsyilxcn	segmentation	Alice mi xʷuy k̓l sxʷ-mrím	page 14, engine language
(20e) line 3	Nsyilxcn	gloss	Alice FUT go to OCC-medicine	page 14, engine english
(20e) line 4	Sarah McLeod, 6/11/19, 15196	translation	‘Alice is the one who will go to the doctor.’	page 14, engine english, cited Sarah McLeod, 6/11/19, 15196
(20e) line 5	John Lyon and Marianne Ignace	citation	(Sarah McLeod, 6/11/19, 15196)	page 14, engine residue
(20e) line 6	John Lyon and Marianne Ignace	speaker comment	Comment: “If there were two people and you choose Alice to go.”	page 14, engine english
(20f) line 1	Nsyilxcn	transcription	Spike mi ylmíxʷəm.	page 14, engine residue
(20f) line 2	Nsyilxcn	segmentation	Spike mi ylmíxʷm	page 14, engine residue
(20f) line 3	Nsyilxcn	gloss	Spike FUT chief	page 14, engine english
(20f) line 4	Lottie Lindley, VF, 10/28/11, 9172	translation	‘Spike will be the chief.’	page 14, engine english, cited Lottie Lindley, VF, 10/28/11, 9172
(20f) line 5	John Lyon and Marianne Ignace	citation	(Lottie Lindley, VF, 10/28/11, 9172)	page 14, engine residue
§2.2	John Lyon and Marianne Ignace	note	Example (21) shows clefted, determiner-headed common noun DP subjects.	page 14
(21a) line 1	Nsyilxcn	transcription	iʔ səxʷpíx̌əm cakʷ mi sysyus.	page 14, engine language
(21a) line 2	Nsyilxcn	segmentation	iʔ sxʷ-píx̌əm cakʷ mi sysyus	page 14, engine language
(21a) line 3	Nsyilxcn	gloss	DET OCC-hunt BOUL FUT energetic	page 14, engine english
(21a) line 4	Sarah McLeod, VF, 3/5/12, 10768	translation	‘The hunter is the one who should be energetic.’	page 14, engine english, cited Sarah McLeod, VF, 3/5/12, 10768
(21a) line 5	John Lyon and Marianne Ignace	citation	(Sarah McLeod, VF, 3/5/12, 10768)	page 14, engine residue
(21b) line 1	Nsyilxcn	transcription	iʔ tətwít mi xʷuy.	page 14, engine language
(21b) line 2	Nsyilxcn	segmentation	iʔ ttwít mi xʷuy	page 14, engine residue
(21b) line 3	Nsyilxcn	gloss	DET boy FUT go	page 14, engine english
(21b) line 4	Sarah McLeod, 3/4/12, 10973	translation	‘The boy will go.’	page 14, engine english, cited Sarah McLeod, 3/4/12, 10973
(21b) line 5	John Lyon and Marianne Ignace	citation	(Sarah McLeod, 3/4/12, 10973)	page 14, engine residue
(21c) line 1	Secwepemctsin	transcription	re sqéqlem̓cw me7 qwetséts.	page 14, engine english, carries footnote 27
(21c) line 2	Secwepemctsin	segmentation	re sqéqlem̓cw me7 qwetséts	page 14, engine english
(21c) line 3	Secwepemctsin	gloss	DET man.DIM.RDP FUT leave	page 14, engine english
(21c) line 4	John Lyon and Marianne Ignace	translation	‘The boy will go.’	page 14, engine english
(21c) line 5	John Lyon and Marianne Ignace	citation	(Cecilia DeRose, 6/2/21)	page 14, engine english
(21d) line 1	Nsyilxcn	transcription	iʔ q̓ʷʕaylqs mi k̓ʕám.	page 14, engine language
(21d) line 2	Nsyilxcn	segmentation	iʔ q̓ʷʕay-lqs mi k̓ʕá-m	page 14, engine language
(21d) line 3	Nsyilxcn	gloss	DET black-robe FUT pray-MID	page 14, engine english
(21d) line 4	Lottie Lindley, VF, 2/16/10, 3745	translation	‘The priest will/can pray.’	page 14, engine english, cited Lottie Lindley, VF, 2/16/10, 3745
(21d) line 5	John Lyon and Marianne Ignace	citation	(Lottie Lindley, VF, 2/16/10, 3745)	page 14, engine residue
footnote 27	John Lyon and Marianne Ignace	note	27 Ungrammatical examples like the following confirm that subjunctive is not possible in argument clefts in	page 14, footnote
(21d) line 1	Secwepemctsin	speaker comment	Secwepemctsin: *re sqéqlem̓cw me7 qwetsétses ‘The boy will go’ (Cecilia DeRose, 6/2/21).	page 14, engine english
(21d)	Secwepemctsin	cited form	sqéqlem̓cw	in the speaker comment, page 14
(21d)	Secwepemctsin	cited form	qwetsétses	in the speaker comment, page 14
(21e) line 1	Secwepemctsin	transcription	re q̓wéy̓elqs me7 qweqwentsín.	page 15, engine english
(21e) line 2	Secwepemctsin	segmentation	re q̓wéy̓-elqs me7 qweqwen-tsín	page 15, engine language
(21e) line 3	Secwepemctsin	gloss	DET black-robe FUT pitiful.DIM.RDP-mouth	page 15, engine english
(21e) line 4	John Lyon and Marianne Ignace	translation	‘The priest will pray.’	page 15, engine english
(21e) line 5	John Lyon and Marianne Ignace	citation	(Cecilia DeRose, 6/2/21)	page 15, engine english
§2.2	John Lyon and Marianne Ignace	note	Example (22) shows cases involving clefted independent pronoun subjects, which can incidentally be conjoined (as shown in 22d,e). Example (22b) shows that person agreement between the independent pronoun and the verbal residue is variable in Secwepemctsin.28 Agreement patterns in independent pronoun clefts are discussed in more detail in Section 2.4.	page 15
(22a) line 1	Nsyilxcn	transcription	anwí mi kʷ qʷəlqʷílt.	page 15, engine language
(22a) line 2	Nsyilxcn	segmentation	anwí mi kʷ qʷlqʷílt	page 15, engine language
(22a) line 3	Nsyilxcn	gloss	2SG.INDEP FUT 2SG.SUB speak	page 15, engine english
(22a) line 4	John Lyon and Marianne Ignace	translation	‘You may/must speak now.’	page 15, engine english
(22a) line 5	John Lyon and Marianne Ignace	citation	(Lottie Lindley, VF, 4/24/09, 286)	page 15, engine english
(22b) line 1	Secwepemctsin	transcription	re ntsétswe7 (ri7) me7 qweqwlút.	page 15, engine english, judged (judged better)
(22b) line 2	Secwepemctsin	transcription	re ntsétswe7 (ri7) me7 qweqwlúl̓t-ken.	page 15, engine english, judged (judged good)
(22b) line 3	Secwepemctsin	segmentation	re ntsétswe7 (ri7) me7 qweqwlú(l̓)t(-ken)	page 15, engine english
(22b) line 4	Secwepemctsin	gloss	DET 1SG.INDEP.1RDP that.VIS FUT speak.(1RDP-1SG.SUB)	page 15, engine english
(22b) line 5	John Lyon and Marianne Ignace	translation	‘I’m the one that will speak.’	page 15, engine english
(22b) line 6	John Lyon and Marianne Ignace	citation	(Cecilia DeRose, 6/2/21, 7/21/21)	page 15, engine residue
(22c) line 1	Nsyilxcn	transcription	cniɬc mi nc̓ix̌s iʔ qáqxʷəlx.	page 15, engine language
(22c) line 2	Nsyilxcn	segmentation	cniɬc mi n-c̓ix̌-s iʔ qáqxʷlx	page 15, engine language
(22c) line 3	Nsyilxcn	gloss	3SG.INDEP FUT LOC-fry-[DIR]-3ERG DET fish	page 15, engine english
(22c) line 4	Sarah McLeod, VF, 6/11/19, 15531	translation	‘She’ll cook the fish.’	page 15, engine english, cited Sarah McLeod, VF, 6/11/19, 15531
(22c) line 5	John Lyon and Marianne Ignace	citation	(Sarah McLeod, VF, 6/11/19, 15531)	page 15, engine residue
(22d) line 1	Nsyilxcn	transcription	incá naʔɬ anwí mi kʷu ksxʷuyaʔx.	page 15, engine language
(22d) line 2	Nsyilxcn	segmentation	incá naʔɬ anwí mi kʷu ks-xʷuy-aʔx	page 15, engine language
(22d) line 3	Nsyilxcn	gloss	1SG.INDEP CONJ 2SG.INDEP FUT 1PL.SUB PROS-go-INTR	page 15, engine english
(22d) line 4	Lottie Lindley, VF, 10/28/12, 12367	translation	‘Me and you are going.’	page 15, engine english, cited Lottie Lindley, VF, 10/28/12, 12367
(22d) line 5	John Lyon and Marianne Ignace	citation	(Lottie Lindley, VF, 10/28/12, 12367)	page 15, engine residue
footnote 28	John Lyon and Marianne Ignace	note	28 Our sense is that re ntsétswe me7 qweqwlúl̓t-ken is equivalent to ‘Me, I will speak’, with the independent pronoun in an external topic position (Gardiner 1993), whereas with re nts étswe me7 qweqwl úl̓t, the independent pronouns is in a focus position and is equivalent to an actual cleft ‘It is I who will speak.’ This hypothesis seems to be supported by Gardiner (1993:139) who shows that the focus position should not trigger agreement. Gardiner (1993:section 3.1) also provides a battery of tests for external topic position. More work needs to be done in this area, especially with regards to clefted independent pronouns. Ron Ignace (p.c.) indicates that the variant without -ken on the predicate is “more non-chalant”, as in ‘Yeah I will speak.’ (Also note that Ron does not first-person reduplicate the predicate: re ntsétswe7 me7 qweqwlút.) Again, forms such as ungrammatical *re ntsétswe7 me7 qweqwlúl̓twen (Cecilia DeRose) confirm that subjunctive marking is not possible in argument clefts.	page 15, footnote
§2.2	Secwepemctsin	cited form	ntsétswe	page 15
§2.2	Nsyilxcn	cited form	qweqwlúl̓t-ken	page 15
§2.2	Secwepemctsin	cited form	étswe	page 15
§2.2	Nsyilxcn	cited form	úl̓t	page 15
§2.2	Secwepemctsin	cited form	ntsétswe7	page 15
§2.2	Nsyilxcn	cited form	qweqwlút	page 15
§2.2	Nsyilxcn	cited form	qweqwlúl̓twen	page 15
(22e) line 1	Secwepemctsin	transcription	re ntsétswe7 ell re newí7 me7 qwetséts-kucw.	page 16, engine english, carries footnote 29
(22e) line 2	Secwepemctsin	segmentation	re ntsétswe7 ell re newí7 me7 qwetséts-kucw.	page 16, engine english
(22e) line 3	Secwepemctsin	gloss	DET 1SG.INDEP.1RDP CONJ DET 2SG.INDEP FUT leave-1PL.INCL	page 16, engine english
(22e) line 4	John Lyon and Marianne Ignace	translation	‘Me and you will go.’	page 16, engine english
(22e) line 5	John Lyon and Marianne Ignace	citation	(Cecilia DeRose, 6/2/21)	page 16, engine english
§2.2	John Lyon and Marianne Ignace	note	Argument-denoting demonstratives may be clefted as well (23). In Secwepemctsin, demonstratives ri7 and lu7 often follow a focused element (23d,f), though this demonstrative is strictly-speaking optional.30	page 16
(23a) line 1	Nsyilxcn	transcription	ixíʔ mi ylmíxʷəm.	page 16, engine english
(23a) line 2	Nsyilxcn	segmentation	ixíʔ mi ylmíxʷm	page 16, engine language
(23a) line 3	Nsyilxcn	gloss	that FUT chief	page 16, engine english
(23a) line 4	Lottie Lindley, 3/05/12, 10978	translation	‘He will be a chief.’	page 16, engine english, cited Lottie Lindley, 3/05/12, 10978
(23a) line 5	John Lyon and Marianne Ignace	citation	(Lottie Lindley, 3/05/12, 10978)	page 16, engine residue
(23b) line 1	Secwepemctsin	transcription	yerí7 me7 kúkwpi7.	page 16, engine english, carries footnote 31
(23b) line 2	Secwepemctsin	segmentation	yerí7 me7 kúkwpi7	page 16, engine residue
(23b) line 3	Secwepemctsin	gloss	that FUT chief	page 16, engine english
(23b) line 4	John Lyon and Marianne Ignace	translation	‘He will be a chief.’ (Literally: That one will be chief.)	page 16, engine english
(23b) line 5	John Lyon and Marianne Ignace	citation	(Cecilia DeRose, Bridget Dan, 6/16/21)	page 16, engine english
(23c) line 1	Nsyilxcn	transcription	axáʔ mi kʷintxʷ.	page 16, engine residue
(23c) line 2	Nsyilxcn	segmentation	axáʔ mi kʷin-[n]t-xʷ	page 16, engine language
(23c) line 3	Nsyilxcn	gloss	this FUT take-DIR-2SG.ERG	page 16, engine english
(23c) line 4	Lottie Lindley, VF, 10/29/12, 12344	translation	‘This is the one you should take.’	page 16, engine english, cited Lottie Lindley, VF, 10/29/12, 12344
(23c) line 5	John Lyon and Marianne Ignace	citation	(Lottie Lindley, VF, 10/29/12, 12344)	page 16, engine residue
(23d) line 1	Secwepemctsin	transcription	ye7éne (ri7) me7 kwenc.	page 16, engine english
(23d) line 2	Secwepemctsin	segmentation	ye7éne (ri7) me7 kwen-c	page 16, engine english
(23d) line 3	Secwepemctsin	gloss	this.VIS that.VIS FUT take.DIR-2SG.ERG	page 16, engine english
(23d) line 4	John Lyon and Marianne Ignace	translation	‘This is the one you should take.’	page 16, engine english
(23d) line 5	John Lyon and Marianne Ignace	citation	(Cecilia DeRose, Bridget Dan, VF, 6/16/21)	page 16, engine english
footnote 29	John Lyon and Marianne Ignace	note	29 Ron Ignace (p.c.) volunteered re ntsétswe7 ell re newí7 me7 qwetséts-kt for this sentence.	page 16, footnote
§2.2	Secwepemctsin	cited form	newí7	page 16
§2.2	Secwepemctsin	cited form	qwetséts-kt	page 16
footnote 30	John Lyon and Marianne Ignace	note	30 Gardiner (1993:76) refers to these secondary demonstratives as “focus particles”. We instead analyze either the pre-residue determiners or me7 as clefting (i.e., “focus”) particles, given that these secondary demonstratives are optional, since contrastive interpretations survive in the absence of such secondary demonstratives, and since pronominal agreement patterns seem identical regardless of the presence or absence of the secondary demonstrative.	page 16, footnote
footnote 31	John Lyon and Marianne Ignace	note	31 The non-future equivalent is yerí7 re kúkwpi7 ‘That is the chief.’ This is used as “an answer to a question, you’re pointing at him.” Otherwise, kúkwpi7 ri7 is used “when you’re just talking” (Cecilia DeRose, Bridget Dan, 7/14/21).	page 16, footnote
§2.2	Secwepemctsin	cited form	yerí7	page 16
§2.2	Secwepemctsin	cited form	kúkwpi7	page 16, ‘That is the chief.’
(23e) line 1	Nsyilxcn	transcription	ixíʔ mi ʕacəntíxʷ.	page 17, engine language
(23e) line 2	Nsyilxcn	segmentation	ixíʔ mi ʕac-nt-íxʷ	page 17, engine language
(23e) line 3	Nsyilxcn	gloss	that FUT tie-DIR-2SG.ERG	page 17, engine english
(23e) line 4	Lottie Lindley, VF, 6/14/09, 1445	translation	‘That’s the one you’ll tie up.’	page 17, engine english, cited Lottie Lindley, VF, 6/14/09, 1445
(23e) line 5	John Lyon and Marianne Ignace	citation	(Lottie Lindley, VF, 6/14/09, 1445)	page 17, engine residue
(23f) line 1	Secwepemctsin	transcription	yerí7 (ri7) me7 yegímenc.	page 17, engine english, carries footnote 32
(23f) line 2	Secwepemctsin	segmentation	yerí7 (ri7) me7 yegím-en-c	page 17, engine english
(23f) line 3	Secwepemctsin	gloss	that.VIS that.VIS FUT tie-DIR-2SG.ERG	page 17, engine english
(23f) line 4	John Lyon and Marianne Ignace	translation	‘That’s the one you will tie up.’	page 17, engine english
(23f) line 5	John Lyon and Marianne Ignace	citation	(Cecilia DeRose, Bridget Dan, 7/21/21)	page 17, engine english
(23g) line 1	Nsyilxcn	transcription	axáʔ mi xʷúystəm naʔɬ iʔ yámx̌ʷaʔ.	page 17, engine language
(23g) line 2	Nsyilxcn	segmentation	axáʔ mi xʷúy-st-m naʔɬ iʔ yámx̌ʷaʔ	page 17, engine language
(23g) line 3	Nsyilxcn	gloss	this FUT go-CAUS-1PL.ERG CONJ DET cedar.bark.basket	page 17, engine english
(23g) line 4	Lottie Lindley, VF, 10/28/11, 8928	translation	‘We’ll take this and the baskets.’	page 17, engine english, cited Lottie Lindley, VF, 10/28/11, 8928
(23g) line 5	John Lyon and Marianne Ignace	citation	(Lottie Lindley, VF, 10/28/11, 8928)	page 17, engine residue
(23h) line 1	Secwepemctsin	transcription	yeréy ri7 me7 mím̓c.	page 17, engine english
(23h) line 2	Secwepemctsin	segmentation	yeréy ri7 me7 mím̓c	page 17, engine english
(23h) line 3	Secwepemctsin	gloss	that.VIS that.VIS FUT basket	page 17, engine english
(23h) line 4	John Lyon and Marianne Ignace	translation	‘That will be a basket.’	page 17, engine english
(23h) line 5	John Lyon and Marianne Ignace	citation	(Cecilia DeRose, VF, 6/2/21)	page 17, engine english
§2.2	John Lyon and Marianne Ignace	note	Though the examples in this section primarily involve clefted intransitive and transitive subject arguments, the clefted demonstrative examples in (23) confirm that transitive objects follow the same pattern. Gardiner (1993:141) states that the focus position in Secwepemctsin clefts is reserved for subjects, except in the presence of a WH-word. Examples like (23d) thus appear to be counter- evidence to this claim.	page 17
§2.3	John Lyon and Marianne Ignace	heading	2.3 Comparing future and non-future clefts in Nsyilxcn and Secwepemctsin	page 17
§2.3	Nsyilxcn	cited form	kiʔ	page 17
§2.3	John Lyon and Marianne Ignace	note	Aside from the subjunctive marking present in Secwepemctsin adjunct clefts, future adjunct and argument clefts with Nsyilxcn mi and Secwepemctsin me7 pattern similarly. Their non-future analogues are different, however. First, while Nsyilxcn mi is in complementary distribution with the non-future particle kiʔ in adjunct focus contexts (24), Secwepemctsin me7 is in complementary distribution with core determiners re and le (or irrealis determiner k in questions) (25).33	page 17
(24a) line 1	Nsyilxcn	transcription	k̓l sənk̓ʕáwmən mi kʷu ʔúll̓us.	page 17, engine language
(24a) line 2	Nsyilxcn	segmentation	k̓l s-n-k̓ʕáw-mn mi kʷu ʔúll̓us	page 17, engine language
(24a) line 3	Nsyilxcn	gloss	to NMLZ-LOC-pray-INST FUT 1PL.SUB gather	page 17, engine english
(24a) line 4	Lyon 2013:346	translation	‘It’s at the church that we will gather.’	page 17, engine english, cited Lyon 2013:346
(24a) line 5	John Lyon and Marianne Ignace	citation	(Lyon 2013:346)	page 17, engine residue
footnote 32	John Lyon and Marianne Ignace	note	32 The non-future equivalent is yeri7 ri7 le m-yegímenc ‘That’s the one you tied up’ (Cecilia DeRose, Bridget Dan, 7/14/21).	page 17, footnote
§2.3	Nsyilxcn	cited form	m-yegímenc	page 17, ‘That’
footnote 33	John Lyon and Marianne Ignace	note	33 Though me7 occurs alongside oblique te and tek in relativization contexts, as noted above.	page 17, footnote
(24b) line 1	Nsyilxcn	transcription	k̓l sənk̓ʕáwmən kiʔ kʷu ʔúll̓us.	page 18, engine language
(24b) line 2	Nsyilxcn	segmentation	k̓l s-n-k̓ʕáw-mn kiʔ kʷu ʔúll̓us	page 18, engine language
(24b) line 3	Nsyilxcn	gloss	to NMLZ-LOC-pray-INST NON.FUT 1PL.SUB gather	page 18, engine english
(24b) line 4	Lottie Lindley, Sarah McLeod, 8/24/13, 14589	translation	‘It’s at the church that we gathered.’	page 18, engine english, cited Lottie Lindley, Sarah McLeod, 8/24/13, 14589
(24b) line 5	John Lyon and Marianne Ignace	citation	(Lottie Lindley, Sarah McLeod, 8/24/13, 14589)	page 18, engine english
(25a) line 1	Secwepemctsin	transcription	penhé7e me7 téwemucw tek nexúlecw?	page 18, engine english, carries footnote 34
(25a) line 2	Secwepemctsin	segmentation	penhé7e me7 téw-em-ucw tek nexúlecw	page 18, engine english
(25a) line 3	Secwepemctsin	gloss	when FUT buy-MID-2SG.SBJV OBL.IRR car	page 18, engine english
(25a) line 4	John Lyon and Marianne Ignace	translation	‘When will you buy a car?’	page 18, engine english
(25a) line 5	John Lyon and Marianne Ignace	citation	(Bridget Dan, Cecilia DeRose, 7/21/21)	page 18, engine english
(25b) line 1	Secwepemctsin	transcription	penhé7e k téwencwes re nexúlecw?	page 18, engine english
(25b) line 2	Secwepemctsin	segmentation	penhé7e k téw-n-c-wes re nexúlecw?	page 18, engine english
(25b) line 3	Secwepemctsin	gloss	when DET.IRR buy-DIR-2SG.ERG-3SBJV DET car	page 18, engine english
(25b) line 4	John Lyon and Marianne Ignace	translation	‘When did you buy the car?’	page 18, engine english
(25b) line 5	John Lyon and Marianne Ignace	citation	(Bridget Dan, Cecilia DeRose, 7/21/21)	page 18, engine english
§2.3	Nsyilxcn	cited form	iʔ	page 18
§2.3	John Lyon and Marianne Ignace	note	To be clear, Nsyilxcn non-future kiʔ is not a determiner: It can neither introduce a nominal argument, nor a clause from which a core nominal argument has been extracted. The latter is shown in (26). The determiner iʔ is always used in such cases.	page 18
(26a) line 1	Nsyilxcn	transcription	iʔ sqəltmíxʷ kils iʔ sƛ̓aʔcínəm iʔ/*kiʔ scwiks.	page 18, engine language
(26a) line 2	Nsyilxcn	segmentation	iʔ sqltmíxʷ kil-s iʔ sƛ̓aʔcínm	page 18, engine language
(26a) line 3	Nsyilxcn	gloss	DET man chase-[DIR]-3ERG DET deer	page 18, engine english
(26a) line 4	Nsyilxcn	segmentation	iʔ/*kiʔ s-c-wik-s	page 18, engine english
(26a) line 5	Nsyilxcn	gloss	DET/*NON.FUT NMLZ-CUST-see-3POSS	page 18, engine english
(26a) line 6	Lottie Lindley, VF, 7458, *7460, 3/6/11	translation	‘The man chased the deer he saw.’	page 18, engine english, cited Lottie Lindley, VF, 7458, *7460, 3/6/11
(26a) line 7	John Lyon and Marianne Ignace	citation	(Lottie Lindley, VF, 7458, *7460, 3/6/11)	page 18, engine residue
(26b) line 1	Nsyilxcn	transcription	ixíʔ iʔ tkɬmilxʷ iʔ/*kiʔ xʷist.	page 18, engine language
(26b) line 2	Nsyilxcn	segmentation	ixíʔ iʔ tkɬmilxʷ iʔ/*kiʔ xʷist	page 18, engine language
(26b) line 3	Nsyilxcn	gloss	that DET woman DET/*NON.FUT walk	page 18, engine english
(26b) line 4	Lottie Lindley, VF, 6294, *6292, 9/30/10	translation	‘That’s the woman who walked.’	page 18, engine english, cited Lottie Lindley, VF, 6294, *6292, 9/30/10
(26b) line 5	John Lyon and Marianne Ignace	citation	(Lottie Lindley, VF, 6294, *6292, 9/30/10)	page 18, engine residue
(26c) line 1	Nsyilxcn	transcription	(ixíʔ) Alice iʔ/*kiʔ xʷuy k̓l səxʷmərím.	page 18, engine language
(26c) line 2	Nsyilxcn	segmentation	(ixíʔ) Alice iʔ/*kiʔ xʷuy k̓l sxʷ-mrím	page 18, engine language
(26c) line 3	Nsyilxcn	gloss	that Alice DET/*NON.FUT go to OCC-medicine	page 18, engine english
(26c) line 4	Sarah McLeod, VF, 15200, *16207, 6/11/19.	translation	‘Alice is the one who went to the doctor.’	page 18, engine english, cited Sarah McLeod, VF, 15200, *16207, 6/11/19.
(26c) line 5	John Lyon and Marianne Ignace	citation	(Sarah McLeod, VF, 15200, *16207, 6/11/19.)	page 18, engine residue
footnote 34	John Lyon and Marianne Ignace	note	34 Note that for speakers from northern communities (e.g., Es k̓ét) nexúlecw designates ‘car’, whereas for speakers from southern communities (e.g., Skeetchestn) it designates ‘train’.	page 18, footnote
§2.3	Secwepemctsin	cited form	k̓ét	page 18
§2.3	Secwepemctsin	cited form	nexúlecw	page 18
§2.3	John Lyon and Marianne Ignace	note	Conversely, Nsyilxcn determiner iʔ cannot be used to cleft adjuncts in non-future contexts (27), unlike Secwepemctsin determiners re, le, and k (28a–c).	page 19
(27) line 1	Nsyilxcn	transcription	(ixíʔ) k̓l snk̓ʕáwmn kiʔ/*iʔ kʷu yaʕp.	page 19, engine language
(27) line 2	Nsyilxcn	segmentation	(ixíʔ) k̓l snk̓ʕáwmn kiʔ/*iʔ kʷu yaʕp	page 19, engine language
(27) line 3	Nsyilxcn	gloss	DEM to church NON.FUT/*DET 1PL.SUB arrive.PL	page 19, engine english
(27) line 4	Lottie Lindley, 6530, *6529, 9/29/10	translation	‘We got to the church.’	page 19, engine english, cited Lottie Lindley, 6530, *6529, 9/29/10
(27) line 5	John Lyon and Marianne Ignace	citation	(Lottie Lindley, 6530, *6529, 9/29/10)	page 19, engine residue
(28a) line 1	Secwepemctsin	transcription	tl7éne re tskwékwnes.	page 19, engine english
(28a) line 2	Secwepemctsin	segmentation	tl7éne re ts-kwékwn-es	page 19, engine english
(28a) line 3	Secwepemctsin	gloss	from.here.VIS DET CISL-take.1RDP-[DIR-1SG.ERG]-3SBJV	page 19, engine english
(28a) line 4	John Lyon and Marianne Ignace	translation	‘I took it from here.’	page 19, engine english
(28a) line 5	John Lyon and Marianne Ignace	citation	(Mona Jules)	page 19, engine english
(28b) line 1	Secwepemctsin	transcription	ne sllwélsten lu7 le w7é7cwen.	page 19, engine english
(28b) line 2	Secwepemctsin	segmentation	ne sllwélsten lu7 le w7é7c-wen	page 19, engine english
(28b) line 3	Secwepemctsin	gloss	at autumn that.ABS DET.ABS be.1RDP-1SG.SBJV	page 19, engine english
(28b) line 4	John Lyon and Marianne Ignace	translation	‘It was in the fall that I was there.’	page 19, engine english
(28b) line 5	John Lyon and Marianne Ignace	citation	(Garlene Dodson, Bridget Dan)	page 19, engine english
(28c) line 1	Secwepemctsin	transcription	t̓hé7en k t̓7ekucw?	page 19, engine english
(28c) line 2	Secwepemctsin	segmentation	t̓hé7en k t̓7ek-ucw	page 19, engine english
(28c) line 3	Secwepemctsin	gloss	to.where DET.IRR go.along-2SG.SBJV	page 19, engine english
(28c) line 4	John Lyon and Marianne Ignace	translation	‘Where are you going?’	page 19, engine english
(28c) line 5	John Lyon and Marianne Ignace	citation	(Bridget Dan)	page 19, engine english
§2.3	John Lyon and Marianne Ignace	note	In sum, Secwepemctsin determiners cleft not only adjuncts but arguments as well in non-future contexts. The grammatical status of the clefted element is unambiguously signaled via the presence or absence of subjunctive marking. Nsyilxcn kiʔ, as the functional equivalent of Secwepemctsin subjunctive marking in non-future adjunct clefting contexts, is also unambiguous. Secwepemctsin and Nsyilxcn non-future patterns converge in argument clefts with the consistent use of determiners in both languages. These grammatical patterns are distilled in Table 1 below.	page 19
footnote 35	John Lyon and Marianne Ignace	note	35 The parentheses are here because argument clefts with future interpretations can be realized with a clefting determiner iʔ plus prospective ks-, rather than using future mi.	page 19, footnote
Table 1 line 1	John Lyon and Marianne Ignace	note	Table 1: Comparing Future and Non-Future Clefting Particles in Nsyilxcn and Secwepemctsin	page 19, the caption
Table 1 line 2	John Lyon and Marianne Ignace	note	Nsyilxcn Secwepemctsin	page 19, heads the columns, Nsyilxcn over three and Secwepemctsin over three
Table 1 line 3	John Lyon and Marianne Ignace	note	mi (FUT) kiʔ (NON.FUT) iʔ (DET) me7 (FUT) SBJV re, le, k (DET)	page 19, heads the columns: mi (FUT), kiʔ (NON.FUT), iʔ (DET); me7 (FUT), SBJV, re, le, k (DET)
Table 1 line 4	John Lyon and Marianne Ignace	note	future argument cleft √ * (√)35 √ * *	page 19, future argument cleft: mi √, kiʔ *, iʔ (√), me7 √, SBJV *, re, le, k *, the (√) carries footnote 35
Table 1 line 5	John Lyon and Marianne Ignace	note	non-future argument cleft * * √ * * √	page 19, non-future argument cleft: mi *, kiʔ *, iʔ √, me7 *, SBJV *, re, le, k √
Table 1 line 6	John Lyon and Marianne Ignace	note	future adjunct cleft √ * * √ √ *	page 19, future adjunct cleft: mi √, kiʔ *, iʔ *, me7 √, SBJV √, re, le, k *
Table 1 line 7	John Lyon and Marianne Ignace	note	non-future adjunct cleft * √ * * √ √	page 19, non-future adjunct cleft: mi *, kiʔ √, iʔ *, me7 *, SBJV √, re, le, k √
§2.4	John Lyon and Marianne Ignace	heading	2.4 Clefted independent pronouns and agreement	page 20
§2.4	John Lyon and Marianne Ignace	note	Independent pronouns in Secwepemctsin are emphatic pronouns with human referents, and are often “used to place contrastive, or narrow, focus on the intensified referent” (Lai 1998:309).36 We focus here on both non-future and future agreement patterns for Secwepemctsin independent pronoun clefts, both for the sake of comparison, but also because the non-future pattern elicits clearer judgements from our Elders.	page 20
§2.4	Nsyilxcn	cited form	iʔ	page 20
§2.4	John Lyon and Marianne Ignace	note	With clefted 1st person independent pronoun arguments in Nsyilxcn, 1st person intransitive (29a,b) or ergative (29c,d) subject agreement is required on the residue predicate in both future mi and non-future iʔ clefts (though we have no negative judgements at this time).37	page 20
(29a) line 1	Nsyilxcn	transcription	incá iʔ kn səxʷk̓ʷúl̓ɬxʷəm.	page 20, engine language
(29a) line 2	Nsyilxcn	segmentation	incá iʔ kn sxʷ-k̓ʷúl̓-ɬxʷ-m	page 20, engine language
(29a) line 3	Nsyilxcn	gloss	1SG.INDEP DET 1SG.SUB OCC-make-house-MID	page 20, engine english
(29a) line 4	Sarah McLeod, VF, 3/04/12, 10698	translation	‘I’m the one that is the housebuilder.’	page 20, engine english, cited Sarah McLeod, VF, 3/04/12, 10698
(29a) line 5	John Lyon and Marianne Ignace	citation	(Sarah McLeod, VF, 3/04/12, 10698)	page 20, engine residue
(29b) line 1	Nsyilxcn	transcription	incá mi kn kskm̓qínəm ɬ anx̌mínk.	page 20, engine language
(29b) line 2	Nsyilxcn	segmentation	incá mi kn ks-km̓-qín-m ɬ an-x̌mínk	page 20, engine language
(29b) line 3	Nsyilxcn	gloss	1SG.INDEP FUT 1SG.SUB PROS-take-head-MID IRR.C 2SG.POSS-want	page 20, engine english
(29b) line 4	Sarah McLeod, VF, 6/11/19, 15544	translation	‘I will drive if you want.’	page 20, engine english, cited Sarah McLeod, VF, 6/11/19, 15544
(29b) line 5	John Lyon and Marianne Ignace	citation	(Sarah McLeod, VF, 6/11/19, 15544)	page 20, engine residue
(29c) line 1	Nsyilxcn	transcription	incá iʔ cúntsən.	page 20, engine english
(29c) line 2	Nsyilxcn	segmentation	incá iʔ cú-nt-s-n	page 20, engine residue
(29c) line 3	Nsyilxcn	gloss	1SG.INDEP DET say-DIR-2SG.OBJ-1SG.ERG	page 20, engine english
(29c) line 4	Lottie Lindley, VF, 11/20/10, 6723	translation	‘I’m the one who told you.’	page 20, engine english, cited Lottie Lindley, VF, 11/20/10, 6723
(29c) line 5	John Lyon and Marianne Ignace	citation	(Lottie Lindley, VF, 11/20/10, 6723)	page 20, engine residue
(29d) line 1	Nsyilxcn	transcription	cmay incá mi xʷk̓ʷəntín.	page 20, engine residue
(29d) line 2	Nsyilxcn	segmentation	cmay incá mi xʷk̓ʷ-nt-ín	page 20, engine language
(29d) line 3	Nsyilxcn	gloss	EPIS 1SG.INDEP FUT clean-DIR-1SG.ERG	page 20, engine english
(29d) line 4	Lottie Lindley, VF, 9/14/09, 2326	translation	‘I might clean it.’	page 20, engine english, cited Lottie Lindley, VF, 9/14/09, 2326
(29d) line 5	John Lyon and Marianne Ignace	citation	(Lottie Lindley, VF, 9/14/09, 2326)	page 20, engine residue
footnote 36	John Lyon and Marianne Ignace	note	36 Lai (1998) discusses pronominal agreement on non-future sentences with fronted independent pronouns, however it is unclear whether their data are examples of clefts, or cases of unmarked fronting, since clefting determiners are absent in their data, possibly because determiners regularly reduce for speakers in Skeetchestn and other southern micro-dialects.	page 20, footnote
footnote 37	John Lyon and Marianne Ignace	note	37 Exceptions include simple noun residues, for which 1st person subject agreement is absent, at least for some fluent speakers. Compare incá iʔ səxʷm̓aʔm̓áyaʔm ‘I’m the teacher’ (Lottie Lindley, 11/20/10, 6722) with *incá iʔ ylmíxʷəm ‘I am the chief’ (Sarah McLeod, 10/27/11, 9096). Inter-speaker discrepancies, and variability in pronominal agreement, require further work.	page 20, footnote
§2.4	Nsyilxcn	cited form	incá	page 20
§2.4	Nsyilxcn	cited form	səxʷm̓aʔm̓áyaʔm	page 20, ‘I’
§2.4	Nsyilxcn	cited form	ylmíxʷəm	page 20, ‘I am the chief’
§2.4	Secwepemctsin	cited form	k̓ét	page 21
§2.4	John Lyon and Marianne Ignace	note	Parallel forms in Secwepemctsin prefer 3rd person agreement, but nevertheless allow 1st person subject agreement on future cleft residues, as shown with intransitive (30) and transitive examples with 1st person subjects and 2nd person objects (31a–b).38 Among the Es k̓ét speakers but less so among Skeetchestn speakers, there is a much stronger preference for 3rd person agreement in non- future 1st person pronoun clefts with 2nd person objects (30c, 31c), however, interestingly, 1st person agreement is required with 3rd person objects (31d).39	page 20
(30a) line 1	Secwepemctsin	transcription	re ntsétswe7 me7 qweqwlút.	page 21, engine english, judged (CD: better)
(30a) line 2	Secwepemctsin	transcription	re ntsétswe7 me7 qweqwlúl̓t-ken.	page 21, engine english, judged (CD: good)
(30a) line 3	Secwepemctsin	segmentation	re ntsétswe7 me7 qweqwlú(l̓)t(-ken)	page 21, engine english
(30a) line 4	Secwepemctsin	gloss	DET 1SG.INDEP.1RDP FUT speak.1RDP(-1SG.SUB)	page 21, engine english
(30a) line 5	John Lyon and Marianne Ignace	translation	‘I’m the one that will speak.’	page 21, engine english
(30a) line 6	John Lyon and Marianne Ignace	citation	(Cecilia DeRose, 6/2/21)	page 21, engine english
(30b) line 1	Secwepemctsin	transcription	re ntsétswe7 me7 tskwnélk̓.	page 21, engine english, judged (CD: good)
(30b) line 2	Secwepemctsin	transcription	re ntsétswe7 me7 tskwnén̓elk̓-ken.	page 21, engine english, judged (CD: good)
(30b) line 3	Secwepemctsin	segmentation	re ntsétswe7 me7 tskwné(n̓)elk̓(-ken)	page 21, engine english
(30b) line 4	Secwepemctsin	gloss	DET 1SG.INDEP.1RDP FUT drive.1RDP(-1SG.SUB)	page 21, engine english
(30b) line 5	John Lyon and Marianne Ignace	translation	‘I’ll be the one to drive.’	page 21, engine english
(30b) line 6	John Lyon and Marianne Ignace	citation	(Bridget Dan, Cecilia DeRose, 7/14/21)	page 21, engine english
(30c) line 1	Secwepemctsin	transcription	re ntsétswe7 le qweqwlút.	page 21, engine english
(30c) line 2	Secwepemctsin	segmentation	re ntsétswe7 le qweqwlút	page 21, engine english
(30c) line 3	Secwepemctsin	gloss	DET 1SG.INDEP DET.ABS speak	page 21, engine english
(30c) line 4	John Lyon and Marianne Ignace	translation	‘I’m the one that spoke.’	page 21, engine english
(30c) line 5	John Lyon and Marianne Ignace	citation	(Bridget Dan, VF, 7/6/21)	page 21, engine english
(31a) line 1	Secwepemctsin	transcription	re ntsétswe7 me7 tsúntss.	page 21, engine english, judged (CD: better)
(31a) line 2	Secwepemctsin	transcription	re ntsétswe7 me7 tsúntsen.	page 21, engine english, judged (CD: okay)
(31a) line 3	Secwepemctsin	segmentation	re ntsétswe7 me7 tsún-t-s-s/-n	page 21, engine english
(31a) line 4	Secwepemctsin	gloss	DET 1SG.INDEP.1RDP FUT say-DIR-2SG.OBJ-3ERG/-1SG.ERG	page 21, engine english
(31a) line 5	John Lyon and Marianne Ignace	translation	‘I’m the one that will tell you.’	page 21, engine english
(31a) line 6	John Lyon and Marianne Ignace	citation	(Bridget Dan, Cecilia DeRose, 7/14/21)	page 21, engine english
(31b) line 1	Secwepemctsin	transcription	re ntsétswe7 me7 knúcwentss.	page 21, engine english, judged (CD: okay)
(31b) line 2	Secwepemctsin	transcription	re ntsétswe7 me7 knúcwentsen.	page 21, engine english, judged (CD: okay)
(31b) line 3	Secwepemctsin	segmentation	re ntsétswe7 me7 knúcw-n[t]-ts-s/-n	page 21, engine english
(31b) line 4	Secwepemctsin	gloss	DET 1SG.INDEP.1RDP FUT say-DIR-2SG.OBJ-3ERG/-1SG.ERG	page 21, engine english
(31b) line 5	John Lyon and Marianne Ignace	translation	‘I’m the one that will help you.’	page 21, engine english
(31b) line 6	John Lyon and Marianne Ignace	citation	(Bridget Dan, Cecilia DeRose, 7/14/21)	page 21, engine english
footnote 38	John Lyon and Marianne Ignace	note	38 Data such as the following confirm that subjunctive marking is not possible in these cases: *re ntsétswe7 le tsúntsenes ‘I’m the one who told you’ (Bridget Dan, Cecilia DeRose, 6/16/21).	page 21, footnote
§2.4	Secwepemctsin	cited form	ntsétswe7	page 21
§2.4	Secwepemctsin	cited form	tsúntsenes	page 21, ‘I’
footnote 39	John Lyon and Marianne Ignace	note	39 See also yen lu7 re ntsétswe7 le tsúntsen? ‘Was it me that told you?’ (Cecilia DeRose, *Bridget Dan 7/21/21), vs. yen lu7 re ntsétswe7 le tsúntss? ‘Was it me that told you?’ (Bridget Dan, VF, 7/21/21). It is also important to note that Gardiner (1993:91–92) gives examples showing that in Skeetchestn at least, 1st person agreement is perfectly fine in non future clefts, contra (31c): re ntsétswe ri7 re wíwktsen ‘I’m the one that saw you,’ as is 2nd person agreement re7 newí7 ri7 re wiwktsemc ‘You’re the one that saw me.’ Whether this discrepancy represents a dialect distinction remains unclear.	page 21, footnote
§2.4	Secwepemctsin	cited form	tsúntsen	page 21, ‘Was it me that told you?’
§2.4	Secwepemctsin	cited form	tsúntss	page 21, ‘Was it me that told you?’
§2.4	Secwepemctsin	cited form	ntsétswe	page 21
§2.4	Secwepemctsin	cited form	wíwktsen	page 21, ‘I’
§2.4	Secwepemctsin	cited form	newí7	page 21
§2.4	Secwepemctsin	cited form	wiwktsemc	page 21, ‘You’
(31c) line 1	Secwepemctsin	transcription	re ntsétswe7 le tsúntss.	page 22, engine english
(31c) line 2	Secwepemctsin	transcription	* re ntsétswe7 le tsúntsen.	page 22, engine english
(31c) line 3	Secwepemctsin	segmentation	re ntsétswe7 le tsún-t-s-s/*-n	page 22, engine english
(31c) line 4	Secwepemctsin	gloss	DET 1SG.INDEP.1RDP DET.ABS say-DIR-2SG.OBJ-3ERG/-*1SG.ERG	page 22, engine english
(31c) line 5	John Lyon and Marianne Ignace	translation	‘I’m the one who told you.’	page 22, engine english
(31c) line 6	John Lyon and Marianne Ignace	citation	(Bridget Dan, Cecilia DeRose, 6/16/21)	page 22, engine english
(31d) line 1	Secwepemctsin	transcription	* re ntsétswe7 lu7 le yegímens.	page 22, engine english
(31d) line 2	Secwepemctsin	transcription	re ntsétswe7 lu7 le yegígmen.	page 22, engine english
(31d) line 3	Secwepemctsin	segmentation	re ntsétswe7 lu7 le yegíg-m-[en]*-s/-en	page 22, engine english
(31d) line 4	Secwepemctsin	gloss	DET 1SG.INDEP.1RDP that.ABS DET.ABS tie.up(.1RDP)-APPL-DIR-*3ERG/-1SG.ERG	page 22, engine english
(31d) line 5	John Lyon and Marianne Ignace	translation	‘I was the one who tied it up.’	page 22, engine english
(31d) line 6	John Lyon and Marianne Ignace	citation	(Bridget Dan, Cecilia DeRose, 7/21/21)	page 22, engine english
§2.4	John Lyon and Marianne Ignace	note	For Secwepemctsin, the non-future pattern indicates that 1st person subject agreement cannot occur with a 2nd person object. The future pattern is less robust, though trends in this direction. Compare (31c) with cases of non-future unmarked fronting in Secwepemctsin, where the independent pronoun does co-occur with 1st person agreement. Notice, too, the absence o f any clefting determiner before the verb. It is notable that similar examples in Lai (1998) lack determiners before both the independent pronoun and the verb, and display 1st person agreement (32b), although, as we noted above, among Skeetchestn speakers, determiners often delete, although in slow speech they are articulated.	page 22
(32a) line 1	Secwepemctsin	transcription	re ntsétswe7 m-tsúntsen lu7.	page 22, engine english
(32a) line 2	Secwepemctsin	segmentation	re ntsétswe7 m-tsún-t-s-en lu7	page 22, engine english
(32a) line 3	Secwepemctsin	gloss	DET 1SG.INDEP.1RDP PAST-say-DIR-2SG.OBJ-1SG.ERG that.ABS	page 22, engine english
(32a) line 4	John Lyon and Marianne Ignace	translation	‘I told you.’	page 22, engine english
(32a) line 5	John Lyon and Marianne Ignace	citation	(Bridget Dan, Cecilia DeRose, VF, 6/16/21)	page 22, engine english
(32b) line 1	Secwepemctsin	transcription	ntsétswe7 wíwkten.	page 22, engine english
(32b) line 2	Secwepemctsin	segmentation	ntsétswe7 wíwk-t-en	page 22, engine english
(32b) line 3	Secwepemctsin	gloss	1SG.INDEP.1RDP see.1RDP-DIR-1SG.ERG	page 22, engine english
(32b) line 4	Lai 1998:316	translation	‘I saw him (you didn’t.)’	page 22, engine english, cited Lai 1998:316
(32b) line 5	John Lyon and Marianne Ignace	citation	(Lai 1998:316)	page 22, engine residue
§2.4	John Lyon and Marianne Ignace	note	There is some inter-speaker variation where 3rd person objects are concerned:40 In (33), Bridget Dan chooses 1st person agreement in an active 1st/3rd sentence, while Cecilia DeRose instead treats the independent pronoun as a clefted passive agent (33b).	page 22
footnote 40	John Lyon and Marianne Ignace	note	40 Cecilia DeRose more consistently judges against 1st person agreement than Bridget Dan in these contexts, and in favour of treating the independent pronoun as a clefted passive agent. Gardiner (1993) finds a similar pattern in 3/3 WH-questions, where questioning a transitive subject requires passivization.	page 22, footnote
(33a) line 1	Secwepemctsin	transcription	re ntsétswe7 re m-wiwkten.	page 23, engine english
(33a) line 2	Secwepemctsin	segmentation	re ntsétswe7 re m-wiwk-t-en	page 23, engine english
(33a) line 3	Secwepemctsin	gloss	DET 1SG.INDEP.1RDP DET PST-see.1RDP-DIR-1SG.ERG	page 23, engine english
(33a) line 4	John Lyon and Marianne Ignace	translation	‘I was the one that saw them.’	page 23, engine english
(33a) line 5	John Lyon and Marianne Ignace	citation	(Bridget Dan, VF, 7/15/21)	page 23, engine english
(33b) line 1	Secwepemctsin	transcription	re ntsétswe7 lu7 le wíktmes.	page 23, engine english
(33b) line 2	Secwepemctsin	segmentation	re ntsétswe7 lu7 le wík-t-m-es	page 23, engine english
(33b) line 3	Secwepemctsin	gloss	DET 1SG.INDEP.1RDP that.ABS DET.ABS see-DIR-PASS-3SBJV	page 23, engine english
(33b) line 4	John Lyon and Marianne Ignace	translation	‘I was the one that saw them.’	page 23, engine english
(33b) line 5	John Lyon and Marianne Ignace	citation	(Cecilia DeRose, VF, 7/15/21)	page 23, engine english
§2.4	John Lyon and Marianne Ignace	note	Clefted 1st person independent pronouns may also reference transitive objects, contra Lai’s (1998) finding for Secwepemctsin that there is a subject restriction on independent pronouns, and contra Gardiner’s (1993) claim that focus positions were reserved for subjects except in the presence of a WH-word. In such cases, agreement on the residue predicate is 1st person in Nsyilxcn. In Secwepemctsin, the agreement pattern is the same as the transitive subject pattern described above: Either 1st or 3rd person object agreement is possible in future clefts (33b), however, 1st person object agreement is only possible in non-future clefts if the subject is 3rd person (33c–d).	page 23
(33a) line 1	Nsyilxcn	transcription	incá kn t sámaʔ iʔ kʷu cqʷəlqʷílsts.	page 23, engine language, the paper numbers a second example (33)
(33a) line 2	Nsyilxcn	segmentation	incá kn t sámaʔ iʔ kʷu c-qʷlqʷíl-st-s	page 23, engine language
(33a) line 3	Nsyilxcn	gloss	1SG.INDEP 1SG.SUB OBL white.person DET 1SG.OBJ CUST-speak-CAUS-3ERG	page 23, engine english
(33a) line 4	Sarah McLeod, 11/24/12, 12801	translation	‘I’m the white guy he was talking to.’	page 23, engine english, cited Sarah McLeod, 11/24/12, 12801
(33a) line 5	John Lyon and Marianne Ignace	citation	(Sarah McLeod, 11/24/12, 12801)	page 23, engine residue
(33b) line 1	Secwepemctsin	transcription	re ntsétswe7 me7 knúcwenc.	page 23, engine english
(33b) line 2	Secwepemctsin	transcription	re ntsétswe7 me7 knúncwentsemc.	page 23, engine english
(33b) line 3	Secwepemctsin	segmentation	re ntsétswe7 me7 knú(n)cw-nt-∅/-tsem-c	page 23, engine english
(33b) line 4	Secwepemctsin	gloss	DET 1SG.INDEP FUT help-DIR-3OBJ/-1SG.OBJ-2SG.ERG	page 23, engine english
(33b) line 5	John Lyon and Marianne Ignace	translation	‘I’m the one you’re gonna help.’	page 23, engine english
(33b) line 6	John Lyon and Marianne Ignace	citation	(Cecilia DeRose, Bridget Dan, 7/14/21)	page 23, engine english
(33b) line 7	John Lyon and Marianne Ignace	speaker comment	Comment: “Either way, same thing.”	page 23, engine english
(33c) line 1	Secwepemctsin	transcription	re ntsétswe7 lu7 le wiktc.	page 23, engine english
(33c) line 2	Secwepemctsin	transcription	* re ntsétswe7 lu7 le wiwktsemc.	page 23, engine english
(33c) line 3	Secwepemctsin	segmentation	re ntsétswe7 lu7 le wi(w)k-t-∅/-*tsem-c	page 23, engine english
(33c) line 4	Secwepemctsin	gloss	DET 1SG.INDEP.1RDP that.ABS DET.ABS see-DIR-3OBJ/-*1SG.OBJ-2SG.ERG	page 23, engine english
(33c) line 5	John Lyon and Marianne Ignace	translation	‘I was the one that you saw.’	page 23, engine english
(33c) line 6	John Lyon and Marianne Ignace	citation	(Cecilia DeRose, Bridget Dan, 4/14/21, 6/16/21)	page 23, engine english
(33d) line 1	Secwepemctsin	transcription	re ntsétswe7 lu7 le knúcwens.	page 23, engine english, judged (CD)
(33d) line 2	Secwepemctsin	transcription	re ntsétswe7 le m-knúncwentsems.	page 23, engine english, judged (BD)
(33d) line 3	Secwepemctsin	segmentation	re ntsétswe7 (lu7) le (m-)knú(n)cw-∅/-tsem-s	page 23, engine english
(33d) line 4	Secwepemctsin	gloss	DET 1SG.INDEP that.ABS DET.ABS PST-help.1RDP-DIR-3OBJ/-1SG.OBJ-3ERG	page 23, engine english
(33d) line 5	John Lyon and Marianne Ignace	translation	‘I was the one that they helped.’	page 23, engine english
(33d) line 6	John Lyon and Marianne Ignace	citation	(Cecilia DeRose, Bridget Dan, VF, 7/15/21)	page 23, engine english
§2.4	John Lyon and Marianne Ignace	note	Thus, for Secwepemctsin non-future 1st person independent pronoun clefts, not only can 1st person subject agreement not co-occur with a 2nd person object (31), but 1st person object agreement cannot co-occur with a 2nd person subject (33). Again, the future pattern is less robust. For clefted 2nd person independent pronouns in Nsyilxcn, agreement on the residue predicate is present for 2nd person for intransitive cases (34a,b), though 3rd person subject agreement is an option for transitive cases (compare 34c,d). Object agreement is (null) 3rd person (34e).41	page 24
(34a) line 1	Nsyilxcn	transcription	anwí mi kʷ qʷəlqʷílt.	page 24, engine residue
(34a) line 2	Nsyilxcn	segmentation	anwí mi kʷ qʷlqʷílt	page 24, engine language
(34a) line 3	Nsyilxcn	gloss	2SG.INDEP FUT 2SG.SUB speak	page 24, engine english
(34a) line 4	John Lyon and Marianne Ignace	translation	‘You may/must speak now.’	page 24, engine english
(34a) line 5	John Lyon and Marianne Ignace	citation	(Lottie Lindley, VF, 4/24/09, 286)	page 24, engine english
(34b) line 1	Nsyilxcn	transcription	anwí mi kʷ ylmíxʷəm.	page 24, engine english
(34b) line 2	Nsyilxcn	segmentation	anwí mi kʷ ylmíxʷm	page 24, engine residue
(34b) line 3	Nsyilxcn	gloss	2SG.INDEP FUT 2SG.SUB chief	page 24, engine english
(34b) line 4	John Lyon and Marianne Ignace	translation	‘You will be the chief.’	page 24, engine english
(34b) line 5	John Lyon and Marianne Ignace	citation	(Sarah McLeod, Lottie Lindley, 3/4/12)	page 24, engine english
(34c) line 1	Nsyilxcn	transcription	anwí iʔ kʷu knxíts.	page 24, engine english
(34c) line 2	Nsyilxcn	segmentation	anwí iʔ kʷu knxít-s	page 24, engine residue
(34c) line 3	Nsyilxcn	gloss	2SG.INDEP DET 1SG.OBJ help.BEN-3ERG	page 24, engine english
(34c) line 4	Lottie Lindley, 1/21/11, 7091	translation	‘You’re the one who helped me.’	page 24, engine english, cited Lottie Lindley, 1/21/11, 7091
(34c) line 5	John Lyon and Marianne Ignace	citation	(Lottie Lindley, 1/21/11, 7091)	page 24, engine residue
(34d) line 1	Nsyilxcn	transcription	anwí t sqəltmíxʷ iʔ kʷu knxítxʷ.	page 24, engine language
(34d) line 2	Nsyilxcn	segmentation	anwí t sqltmíxʷ iʔ kʷu knxít-xʷ	page 24, engine language
(34d) line 3	Nsyilxcn	gloss	2SG.INDEP OBL man DET 1SG.OBJ help.BEN-2SG.ERG	page 24, engine english
(34d) line 4	Lottie Lindley, 1/21/11, VF, 7097	translation	‘You’re the man who helped me.’	page 24, engine english, cited Lottie Lindley, 1/21/11, VF, 7097
(34d) line 5	John Lyon and Marianne Ignace	citation	(Lottie Lindley, 1/21/11, VF, 7097)	page 24, engine residue
(34e) line 1	Nsyilxcn	transcription	anwí kʷ t px̌páx̌t t ylmíxʷəm aʔ cƛ̓aʔƛ̓aʔstím.	page 24, engine language
(34e) line 2	Nsyilxcn	segmentation	anwí kʷ t px̌páx̌t t ylmíxʷəm	page 24, engine language
(34e) line 3	Nsyilxcn	gloss	2SG.INDEP 2SG.SUB OBL smart OBL chief	page 24, engine english
(34e) line 4	Nsyilxcn	segmentation	aʔ c-ƛ̓aʔƛ̓aʔ-st-∅-ím	page 24, engine language
(34e) line 5	Nsyilxcn	gloss	DET CUST-look.for-CAUS-3OBJ-1PL.ERG	page 24, engine english
(34e) line 6	Sarah McLeod, VF, 9/23/11, 8534	translation	‘You’re the smart chief we’re looking for.’	page 24, engine english, cited Sarah McLeod, VF, 9/23/11, 8534
(34e) line 7	John Lyon and Marianne Ignace	citation	(Sarah McLeod, VF, 9/23/11, 8534)	page 24, engine residue
footnote 41	John Lyon and Marianne Ignace	note	41 In Upper Nicola Nsyilxcn, there is some inter-speaker variation with intransitive 1st and 2nd person independent pronoun clefts in cases where the residue predicate is a simple noun: Sarah McLeod requires agreement, while Lottie Lindley does not: anwí iʔ ylmíxʷəm ‘You are the chief’ (Lottie Lindley, VF, 11/20/10, 6719); *anwí i ʔ ylmíxʷəm ‘You are the chief’ (Sarah McLeod, 10/27/11, 9088); *anwí i ʔ səxʷk̓ʷúlɬxʷəm ‘You’re the carpenter.’ (Sarah McLeod, 10/27/11, 9091).	page 24, footnote
§2.4	Nsyilxcn	cited form	anwí	page 24
§2.4	Nsyilxcn	cited form	ʔ	page 24
§2.4	Nsyilxcn	cited form	səxʷk̓ʷúlɬxʷəm	page 24
§2.4	John Lyon and Marianne Ignace	note	In Secwepemctsin, clefted 2nd person independent pronouns allow 2nd or 3rd person agreement in future clefts, as shown with intransitives (35a), transitive subjects (35b), and transitive objects (35c), with a slight preference for 3rd person agreement.	page 25
(35a) line 1	Secwepemctsin	transcription	re7 newí7 me7 kúkwpi7(-k).	page 25, engine english
(35a) line 2	Secwepemctsin	segmentation	re 7newí7 me7 kúkwpi7(-k)	page 25, engine english
(35a) line 3	Secwepemctsin	gloss	DET 2SG.INDEP FUT chief(-2SG.SUB)	page 25, engine english
(35a) line 4	John Lyon and Marianne Ignace	translation	‘You will be chief.’	page 25, engine english
(35a) line 5	John Lyon and Marianne Ignace	citation	(Cecilia DeRose)	page 25, engine english
(35a) line 6	John Lyon and Marianne Ignace	speaker comment	Comment: “re newí7 me7 kúkwpi7-k, if you really mean it.”	page 25, engine english
(35a)	Secwepemctsin	cited form	newí7	in the speaker comment, page 25
(35a)	Secwepemctsin	cited form	kúkwpi7-k	in the speaker comment, page 25
(35b) line 1	Secwepemctsin	transcription	re7 newí7 me7 knúncwentsems.	page 25, engine english
(35b) line 2	Secwepemctsin	transcription	re7 newí7 me7 knúncwentsemc.	page 25, engine residue
(35b) line 3	Secwepemctsin	segmentation	re 7newí7 me7 knúncw-en-tsem-c/-s	page 25, engine english
(35b) line 4	Secwepemctsin	gloss	DET 2SG.INDEP FUT help.1RDP-DIR-1SG.OBJ-2SG.ERG/-3ERG	page 25, engine english
(35b) line 5	John Lyon and Marianne Ignace	translation	‘You’re the one who will helped me.’	page 25, engine english
(35b) line 6	John Lyon and Marianne Ignace	citation	(Cecilia DeRose, Bridget Dan, 7/15/21)	page 25, engine english
(35c) line 1	Secwepemctsin	transcription	re7 newí7 me7 knúncwen.	page 25, engine english, judged (B, C: Sounds better)
(35c) line 2	Secwepemctsin	transcription	re7 newí7 me7 knúcwentsen.	page 25, engine english, judged (B, C: okay)
(35c) line 3	Secwepemctsin	segmentation	re 7newí7 me7 knúcw-nt-∅-/-[t]s-n	page 25, engine english
(35c) line 4	Secwepemctsin	gloss	DET 2SG.INDEP FUT help-DIR-3OBJ-2SG.OBJ-1SG.ERG	page 25, engine english
(35c) line 5	John Lyon and Marianne Ignace	translation	‘You’re the one I will help.’	page 25, engine english
(35c) line 6	John Lyon and Marianne Ignace	citation	(Cecilia DeRose, Bridget Dan, 7/14/21)	page 25, engine english
§2.4	John Lyon and Marianne Ignace	note	Surprisingly, 2nd person ergative agreement is required with 1st person objects in non-future clefts (36a,b), in stark contrast to the 1 st person pattern shown above. Either 2nd or 3 rd ergative person agreement is allowed for 3rd person objects (36c) and 2nd person object agreement appears required with 3rd person subjects (36d).	page 25
(36a) line 1	Secwepemctsin	transcription	re7 newí7 lu7 le knúncwentsemc.	page 25, engine english
(36a) line 2	Secwepemctsin	transcription	* re7 newí7 lu7 le knúcwentsems.	page 25, engine english
(36a) line 3	Secwepemctsin	segmentation	re 7newí7 lu7 le knúncw-en-tsem-c/-*s	page 25, engine english
(36a) line 4	Secwepemctsin	gloss	DET 2SG.INDEP that.ABS DET.ABS help.1RDP-DIR-1SG.OBJ-2SG.ERG/-*3ERG	page 25, engine english
(36a) line 5	John Lyon and Marianne Ignace	translation	‘You’re the one who helped me.’	page 25, engine english
(36a) line 6	John Lyon and Marianne Ignace	citation	(Cecilia DeRose, Bridget Dan, 6/16/21)	page 25, engine english
(36b) line 1	Secwepemctsin	transcription	re7 newí7 le qwelentsétsemc.	page 25, engine english
(36b) line 2	Secwepemctsin	transcription	* re7 newí7 le qwelentsétsems.	page 25, engine english
(36b) line 3	Secwepemctsin	segmentation	re 7newí7 le qwel-en-tsétsem-c/-*s	page 25, engine english
(36b) line 4	Secwepemctsin	gloss	DET 2SG.INDEP DET.ABS speak-DIR-1SG.OBJ.1RDP-2SG.ERG/-*3ERG	page 25, engine english
(36b) line 5	John Lyon and Marianne Ignace	translation	‘You’re the one who told me.’	page 25, engine english
(36b) line 6	John Lyon and Marianne Ignace	citation	(Bridget Dan, 7/6/21)	page 25, engine english
(36c) line 1	Secwepemctsin	transcription	re7 newí7 lu7 le yegímenc.	page 26, engine english
(36c) line 2	Secwepemctsin	transcription	re7 newí7 lu7 le yegímens.	page 26, engine english
(36c) line 3	Secwepemctsin	segmentation	re 7newí7 lu7 le yegímen-c/-s	page 26, engine english
(36c) line 4	Secwepemctsin	gloss	DET 2SG.INDEP that.ABS DET.ABS tie.up.APPL-DIR-2.SG.ERG/-3ERG	page 26, engine english
(36c) line 5	John Lyon and Marianne Ignace	translation	‘You were the one that tied it up.’	page 26, engine english
(36c) line 6	John Lyon and Marianne Ignace	citation	(Cecilia DeRose, Bridget Dan, 7/21/21)	page 26, engine english
(36d) line 1	Secwepemctsin	transcription	re newí7 lu7 re núxwenxw re qwelentsís.	page 26, engine english
(36d) line 2	Secwepemctsin	segmentation	re 7newí7 lu7 re núxwenxw re qwel-ent-s-ís	page 26, engine english
(36d) line 3	Secwepemctsin	gloss	DET 2SG.INDEP that.ABS DET woman DET speak-DIR-2SG.OBJ-3ERG	page 26, engine english
(36d) line 4	John Lyon and Marianne Ignace	translation	‘You’re the one that the woman talked to.’	page 26, engine english
(36d) line 5	John Lyon and Marianne Ignace	citation	(Cecilia DeRose, VF, 7/15/21)	page 26, engine english
§2.4	John Lyon and Marianne Ignace	note	In sum, several patterns seem emergent:	page 26
§2.4	John Lyon and Marianne Ignace	note	• Intransitive 1st and 2nd person agreement is required in Nsyilxcn independent pronoun clefts, but is optional in Secwepemctsin.	page 26
§2.4	John Lyon and Marianne Ignace	note	• Secwepemctsin future clefts are more flexible in terms of their agreement patterns than non-future clefts.	page 26
§2.4	John Lyon and Marianne Ignace	note	• In Secwepemctsin, non-future cases with clefted 1st person independent pronouns disallow 1st and 2nd person agreement to co-occur on a transitive verb.	page 26
§2.4	John Lyon and Marianne Ignace	note	• In Secwepemctsin, non-future cases with clefted 2nd person independent pronouns require 1st and 2nd person agreement to co-occur on a transitive verb.	page 26
§2.4	John Lyon and Marianne Ignace	note	There is preliminary data indicating that clefted 1st and 2nd person plural independent pronouns in Secwepemctsin pattern analogously to 1st and 2nd person singular pronouns, however, more work is required here.42 Table 2 below distills the pronominal agreement patterns discussed above for Secwepemctsin non-future clefts:	page 26
Table 2 line 1	John Lyon and Marianne Ignace	note	Table 2: Subject/Object Agreement Patterns in Secwepemctsin Non-Future Independent Pronoun Clefts	page 20, the caption
Table 2 line 2	John Lyon and Marianne Ignace	note	1st person independent pronoun clefts 2nd person independent pronoun clefts	page 20, heads the two columns
Table 2 line 3	John Lyon and Marianne Ignace	note	*1st/2nd → 1st/3rd *3rd/1st → 2nd/1st	page 20, 1st person clefts: *1st/2nd → 1st/3rd; 2nd person clefts: *3rd/1st → 2nd/1st
Table 2 line 4	John Lyon and Marianne Ignace	note	*2nd/1st → 2nd/3rd 2nd/3rd ↔︎ 3rd/3rd	page 20, 1st person clefts: *2nd/1st → 2nd/3rd; 2nd person clefts: 2nd/3rd ↔︎ 3rd/3rd
Table 2 line 5	John Lyon and Marianne Ignace	note	3rd/1st 3rd/2nd	page 20, 1st person clefts: 3rd/1st; 2nd person clefts: 3rd/2nd
§2.4	John Lyon and Marianne Ignace	note	Overall, these patterns suggest a kind of person hierarchy in Secwepemctsin (cf. Gardiner 1993), such that 3rd person agreement is preferred to 2nd when a 1st person is emphasized, but 2nd agreement is preferred to 3rd when a 2nd person is emphasized.	page 20
footnote 42	John Lyon and Marianne Ignace	note	42 Compare for example the ungrammatical 1st person plural independent pronoun cleft with 1st person ergative agreement and a 2nd person object: *wellnewí7s kucw lu7 le knucwentst. ‘We’re the ones that helped you (sg.)’ as opposed to the same cleft with 3rd person ergative agreement which was judged as being grammatical: wellnewí7s kucw lu7 le knucwentss.	page 26, footnote
§2.4	Secwepemctsin	cited form	wellnewí7s	page 26
§2.4	John Lyon and Marianne Ignace	note	These patterns also indicate possible structural differences between future and non-future clefts in Secwepemctsin, since future judgements are less robust than non-future judgements. Given that me7 takes the place of determiners in clefting contexts, and that me7 occurs clause-initially in non- clefting contexts (see Section 3), there is no morpho-syntactic means of distinguishing clefted arguments from arguments which have been simply fronted in Secwepemctsin future contexts (as opposed to non-future 31a and 32, for example). While the presence vs. absence of agreement in these cases could indicate a cleft vs. non-cleft structure, the differences in the 1st and 2nd person agreement patterns described above suggest that other factors are at play.	page 26
§2.5	John Lyon and Marianne Ignace	heading	2.5 vP-related restrictions on future argument clefts	page 27
§2.5	Nsyilxcn	cited form	iʔ	page 27
§2.5	John Lyon and Marianne Ignace	note	With argument clefts, a significant difference emerges between the two languages: with Upper Nicola Nsyilxcn mi, argument clefting is not generally possible if the residue predicate is a non- agentive noun, adjective, or verb. This makes argument mi clefts different from both non-future argument iʔ clefts in Nsyilxcn and Secwepemctsin argument me7 clefts, where there is no such restriction. Assuming that intransitive doers are introduced at the vP level (see Tollan & Oxford 2017 for Algonquian), clefting mi seems to be dependent on vP.	page 27
§2.5	John Lyon and Marianne Ignace	note	First of all, the class of predicates which may not undergo argument clefting with mi, but may with me7, include individual level nouns and adjectives, as in (37–39).	page 27
(37a) line 1	Nsyilxcn	transcription	* ixíʔ mi yámx̌ʷaʔ.	page 27, engine english
(37a) line 2	Nsyilxcn	segmentation	* ixíʔ mi yámx̌ʷaʔ	page 27, engine language
(37a) line 3	Nsyilxcn	gloss	that FUT cedar.bark.basket	page 27, engine english
(37a) line 4	Sarah McLeod, 5/21/13, 14078	translation	‘That will be a basket.’	page 27, engine english, cited Sarah McLeod, 5/21/13, 14078
(37a) line 5	John Lyon and Marianne Ignace	citation	(Sarah McLeod, 5/21/13, 14078)	page 27, engine residue
(37b) line 1	Nsyilxcn	transcription	axáʔ iʔ yámx̌ʷaʔ.	page 27, engine residue
(37b) line 2	Nsyilxcn	segmentation	axáʔ iʔ yámx̌ʷaʔ	page 27, engine language
(37b) line 3	Nsyilxcn	gloss	this DET cedar.bark.basket	page 27, engine english
(37b) line 4	Lottie Lindley, VF, 13798, 1/26/13	translation	‘This is the basket.’	page 27, engine english, cited Lottie Lindley, VF, 13798, 1/26/13
(37b) line 5	John Lyon and Marianne Ignace	citation	(Lottie Lindley, VF, 13798, 1/26/13)	page 27, engine residue
(37c) line 1	Secwepemctsin	transcription	yeréy ri7 me7 mim̓c.	page 27, engine english
(37c) line 2	Secwepemctsin	segmentation	yeréy ri7 me7 mim̓c	page 27, engine english
(37c) line 3	Secwepemctsin	gloss	that.VIS that.VIS FUT basket	page 27, engine english
(37c) line 4	John Lyon and Marianne Ignace	translation	‘That will be a basket.’	page 27, engine english
(37c) line 5	John Lyon and Marianne Ignace	citation	(Cecilia DeRose, VF, 6/2/21)	page 27, engine english
(38a) line 1	Nsyilxcn	transcription	* axáʔ mi cax̌.	page 27, engine english
(38a) line 2	Nsyilxcn	segmentation	* axáʔ mi cax̌	page 27, engine language
(38a) line 3	Nsyilxcn	gloss	this FUT red	page 27, engine english
(38a) line 4	Sarah McLeod, 2/13/13, 13141	translation	‘This is gonna be red.’	page 27, engine english, cited Sarah McLeod, 2/13/13, 13141
(38a) line 5	John Lyon and Marianne Ignace	citation	(Sarah McLeod, 2/13/13, 13141)	page 27, engine residue
(38b) line 1	Nsyilxcn	transcription	ixíʔ iʔ cax̌.	page 27, engine english
(38b) line 2	Nsyilxcn	segmentation	ixíʔ iʔ cax̌	page 27, engine language
(38b) line 3	Nsyilxcn	gloss	that DET red	page 27, engine english
(38b) line 4	Lottie Lindley, VF, 7/24/10, 5202	translation	‘It is red.’	page 27, engine english, cited Lottie Lindley, VF, 7/24/10, 5202
(38b) line 5	John Lyon and Marianne Ignace	citation	(Lottie Lindley, VF, 7/24/10, 5202)	page 27, engine residue
(38c) line 1	Secwepemctsin	transcription	ye7éne ri7 me7 tsiqw (ell ye7éne ri7 me7 qweyqwyít).	page 28, engine english
(38c) line 2	Secwepemctsin	segmentation	ye7éne ri7 me7 tsiqw (ell ye7éne ri7 me7 qweyqwyít)	page 28, engine english
(38c) line 3	Secwepemctsin	gloss	this.VIS that.VIS FUT red CONJ this.VIS that.VIS FUT blue	page 28, engine english
(38c) line 4	John Lyon and Marianne Ignace	translation	‘This is gonna be red (...and this one will be blue.)’	page 28, engine english
(38c) line 5	John Lyon and Marianne Ignace	citation	(Cecilia DeRose, VF, 6/2/21)	page 28, engine english
(39a) line 1	Nsyilxcn	transcription	* John mi tíqʷəlqʷ.	page 28, engine english
(39a) line 2	Nsyilxcn	segmentation	* John mi tíqʷlqʷ	page 28, engine language
(39a) line 3	Nsyilxcn	gloss	John FUT tall	page 28, engine english
(39a) line 4	Lottie Lindley, 6/1/12, 11533	translation	‘John will be tall.’	page 28, engine english, cited Lottie Lindley, 6/1/12, 11533
(39a) line 5	John Lyon and Marianne Ignace	citation	(Lottie Lindley, 6/1/12, 11533)	page 28, engine residue
(39b) line 1	Secwepemctsin	transcription	re John me7 t̓ext.	page 28, engine english
(39b) line 2	Secwepemctsin	segmentation	re John me7 t̓ext	page 28, engine english
(39b) line 3	Secwepemctsin	gloss	DET John FUT tall	page 28, engine english
(39b) line 4	John Lyon and Marianne Ignace	translation	‘John is gonna be tall.’	page 28, engine english
(39b) line 5	John Lyon and Marianne Ignace	citation	(Cecilia DeRose, VF, 6/2/21)	page 28, engine english
(39b) line 6	John Lyon and Marianne Ignace	speaker comment	Comment: “Okay, you wouldn’t say that very often, but okay.”	page 28, engine english
§2.5	John Lyon and Marianne Ignace	note	Non-agentive, stage-level predicates may also not undergo argument-clefting with Nsyilxcn mi but may with Secwepemctsin me7 (40–43).	page 28
(40a) line 1	Nsyilxcn	transcription	* iʔ tətwit mi ʔilxʷt.	page 28, engine english
(40a) line 2	Nsyilxcn	segmentation	*iʔ tətwit mi ʔilxʷt	page 28, engine language
(40a) line 3	Nsyilxcn	gloss	DET boy FUT hungry	page 28, engine english
(40a) line 4	Sarah McLeod, 3/4/12, 10972	translation	‘The boy will be hungry.’	page 28, engine english, cited Sarah McLeod, 3/4/12, 10972
(40a) line 5	John Lyon and Marianne Ignace	citation	(Sarah McLeod, 3/4/12, 10972)	page 28, engine residue
(40b) line 1	Nsyilxcn	transcription	# anwí mi kʷ ʔilxʷt.	page 28, engine english
(40b) line 2	Nsyilxcn	segmentation	# anwí mi kʷ ʔilxʷt	page 28, engine language
(40b) line 3	Nsyilxcn	gloss	2SG.INDEP FUT 2SG.SUB hungry	page 28, engine english
(40b) line 4	Sarah McLeod, 6/11/19, 15601	translation	‘You get hungry!’	page 28, engine english, cited Sarah McLeod, 6/11/19, 15601
(40b) line 5	John Lyon and Marianne Ignace	citation	(Sarah McLeod, 6/11/19, 15601)	page 28, engine residue
(40c) line 1	Secwepemctsin	transcription	re sqéqlemcw me7 teyt.	page 28, engine english
(40c) line 2	Secwepemctsin	segmentation	re sqéqlemcw me7 teyt	page 28, engine english
(40c) line 3	Secwepemctsin	gloss	DET boy FUT hungry	page 28, engine english
(40c) line 4	John Lyon and Marianne Ignace	translation	‘The boy will get hungry.’	page 28, engine english
(40c) line 5	John Lyon and Marianne Ignace	citation	(Bridget Dan, 7/6/21)	page 28, engine english
(41a) line 1	Nsyilxcn	transcription	* John mi ʕimt.	page 28, engine english
(41a) line 2	Nsyilxcn	segmentation	*John mi ʕimt	page 28, engine english
(41a) line 3	Nsyilxcn	gloss	John FUT angry	page 28, engine english
(41a) line 4	Sarah McLeod, Lottie Lindley, 6/1/12. 11535	translation	‘John will be mad.’	page 28, engine english, cited Sarah McLeod, Lottie Lindley, 6/1/12. 11535
(41a) line 5	John Lyon and Marianne Ignace	citation	(Sarah McLeod, Lottie Lindley, 6/1/12. 11535)	page 28, engine english
(41b) line 1	Secwepemctsin	transcription	re John me7 geyép.	page 29, engine english
(41b) line 2	Secwepemctsin	segmentation	re John me7 gey-ép	page 29, engine english
(41b) line 3	Secwepemctsin	gloss	DET John FUT angry-INCH	page 29, engine english
(41b) line 4	John Lyon and Marianne Ignace	translation	‘John will get mad.’	page 29, engine english
(41b) line 5	John Lyon and Marianne Ignace	citation	(Bridget Dan, 7/6/21)	page 29, engine english
(42a) line 1	Nsyilxcn	transcription	* ixíʔ mi q̓ilt.	page 29, engine english
(42a) line 2	Nsyilxcn	segmentation	* ixíʔ mi q̓ilt	page 29, engine language
(42a) line 3	Nsyilxcn	gloss	that FUT sick	page 29, engine english
(42a) line 4	Sarah McLeod, 6/11/19, 15584	translation	‘He’s gonna get sick.’	page 29, engine english, cited Sarah McLeod, 6/11/19, 15584
(42a) line 5	John Lyon and Marianne Ignace	citation	(Sarah McLeod, 6/11/19, 15584)	page 29, engine residue
(42b) line 1	Secwepemctsin	transcription	yerí7 ri7 me7 k7ep.	page 29, engine english
(42b) line 2	Secwepemctsin	segmentation	yerí7 ri7 me7 k<7>ep	page 29, engine english
(42b) line 3	Secwepemctsin	gloss	that.VIS that.VIS FUT sick<INCH>	page 29, engine english
(42b) line 4	John Lyon and Marianne Ignace	translation	‘He/she will get sick.’	page 29, engine english
(42b) line 5	John Lyon and Marianne Ignace	citation	(Bridget Dan, 7/6/21)	page 29, engine english
(43a) line 1	Nsyilxcn	transcription	# John mi c̓qʷáqʷ.	page 29, engine english
(43a) line 2	Nsyilxcn	segmentation	# John mi c̓qʷáqʷ	page 29, engine language
(43a) line 3	Nsyilxcn	gloss	John FUT cry	page 29, engine english
(43a) line 4	Sarah McLeod, 12/02/11, 9548	translation	‘John is taking turns to cry.’	page 29, engine english, cited Sarah McLeod, 12/02/11, 9548
(43a) line 5	John Lyon and Marianne Ignace	citation	(VG)	the tag or source at the right of the translation
(43a) line 6	John Lyon and Marianne Ignace	citation	(Sarah McLeod, 12/02/11, 9548)	page 29, engine residue
(43b) line 1	Secwepemctsin	transcription	re John me7 ts̓7um.	page 29, engine english
(43b) line 2	Secwepemctsin	segmentation	re John me7 ts̓<7>um	page 29, engine english
(43b) line 3	Secwepemctsin	gloss	DET John FUT cry<INCH>	page 29, engine english
(43b) line 4	John Lyon and Marianne Ignace	translation	‘John will cry.’	page 29, engine english
(43b) line 5	John Lyon and Marianne Ignace	citation	(Bridget Dan, 7/6/21)	page 29, engine english
§2.5	John Lyon and Marianne Ignace	note	In contrast, agentive intransitive predicates easily allow argument clefting with mi in Nsyilxcn.	page 29
(44a) line 1	Nsyilxcn	transcription	Jerry mi ƛ̓xʷup.	page 29, engine english
(44a) line 2	Nsyilxcn	segmentation	Jerry mi ƛ̓xʷup	page 29, engine language
(44a) line 3	Nsyilxcn	gloss	Jerry FUT win	page 29, engine english
(44a) line 4	Sarah McLeod, VF, 5/21/13, 14189	translation	‘Jerry will win.’	page 29, engine english, cited Sarah McLeod, VF, 5/21/13, 14189
(44a) line 5	John Lyon and Marianne Ignace	citation	(Sarah McLeod, VF, 5/21/13, 14189)	page 29, engine residue
(44b) line 1	Nsyilxcn	transcription	John mi xʷuy.	page 29, engine english
(44b) line 2	Nsyilxcn	segmentation	John mi xʷuy	page 29, engine residue
(44b) line 3	Nsyilxcn	gloss	John FUT go	page 29, engine english
(44b) line 4	Sarah McLeod, 6/20/13, 14314	translation	‘John (is the one that) is going to go.’	page 29, engine english, cited Sarah McLeod, 6/20/13, 14314
(44b) line 5	John Lyon and Marianne Ignace	citation	(Sarah McLeod, 6/20/13, 14314)	page 29, engine residue
(44c) line 1	Nsyilxcn	transcription	anwí mi kʷ xʷuy / pulx / yalt / qʷəlqʷílt.	page 30, engine language
(44c) line 2	Nsyilxcn	segmentation	anwí mi kʷ xʷuy / pulx / yalt / qʷəlqʷílt	page 30, engine language
(44c) line 3	Nsyilxcn	gloss	2SG.INDEP FUT 2SG.SUB go / camp / run / speak	page 30, engine english
(44c) line 4	John Lyon and Marianne Ignace	translation	‘You are going to go / camp / run / speak.’	page 30, engine english
§2.5	John Lyon and Marianne Ignace	note	(Sarah McLeod, VF, 6/11/19, 15299/15553/15603/ Lottie Lindley, 4/24/09) Comment: “YOU will run, you’re pointing at one.” The reason behind this restriction in Nsyilxcn may be purely syntactic and could be related to the presence versus absence of a vP (or possibly Voice) projection. A secondary issue may be that argument mi clefts strongly imply contrastive focus, as indicated for example by Sarah’s comment in (44c), and by the given translations of (40b) and (43a), assuming that contrastive focus in sentences with non-agentive eventualities is for some reason pragmatically more marked. However, contrastive focus is clearly pragmatically compatible with non-agentivity in some cases (e.g., This will be red, and that will be blue). Syntax therefore seems to be the relevant issue here. Nsyilxcn uses other strategies to give future readings of non-agentive predicates: non-cleft, clause-initial uses of mi (45a) (see Section 3), modal futures43 (45b), or ks- prospectives (45c–e).	page 30
(45a) line 1	Nsyilxcn	transcription	John ƛ̓x̌ap mi t̓íqʷəlqʷ.	page 30, engine residue
(45a) line 2	Nsyilxcn	segmentation	John ƛ̓x̌a-p mi t̓íqʷlqʷ	page 30, engine language
(45a) line 3	Nsyilxcn	gloss	John grow-INCH FUT tall	page 30, engine english
(45a) line 4	Lottie Lindley, VF, 6/1/12, 11534	translation	‘John will be tall when he grows up.’	page 30, engine english, cited Lottie Lindley, VF, 6/1/12, 11534
(45a) line 5	John Lyon and Marianne Ignace	citation	(Lottie Lindley, VF, 6/1/12, 11534)	page 30, engine residue
(45b) line 1	Nsyilxcn	transcription	cəm̓ John t̓íqʷəlqʷ.	page 30, engine english
(45b) line 2	Nsyilxcn	segmentation	cm̓ John t̓íqʷlqʷ	page 30, engine language
(45b) line 3	Nsyilxcn	gloss	EPIS John tall	page 30, engine english
(45b) line 4	Sarah McLeod, VF, 6/11/19, 15241	translation	‘Maybe John will be tall.’	page 30, engine english, cited Sarah McLeod, VF, 6/11/19, 15241
(45b) line 5	John Lyon and Marianne Ignace	citation	(Sarah McLeod, VF, 6/11/19, 15241)	page 30, engine residue
(45c) line 1	Nsyilxcn	transcription	ixíʔ ksqʷʕaymíxaʔx.	page 30, engine residue
(45c) line 2	Nsyilxcn	segmentation	ixíʔ ks-qʷʕay-míxaʔx	page 30, engine language
(45c) line 3	Nsyilxcn	gloss	that PROS-blue-INTR	page 30, engine english
(45c) line 4	Lottie Lindley, VF, 11/22/10, 6611	translation	‘That will be blue.’	page 30, engine english, cited Lottie Lindley, VF, 11/22/10, 6611
(45c) line 5	John Lyon and Marianne Ignace	citation	(Lottie Lindley, VF, 11/22/10, 6611)	page 30, engine residue
(45d) line 1	Nsyilxcn	transcription	ksq̓íltaʔx.	page 30, engine english
(45d) line 2	Nsyilxcn	segmentation	ks-q̓ílt-aʔx	page 30, engine language
(45d) line 3	Nsyilxcn	gloss	PROS-sick-INTR	page 30, engine english
(45d) line 4	Sarah McLeod, VF, 6/11/19, 15582	translation	‘He’s gonna get sick.’	page 30, engine english, cited Sarah McLeod, VF, 6/11/19, 15582
(45d) line 5	John Lyon and Marianne Ignace	citation	(Sarah McLeod, VF, 6/11/19, 15582)	page 30, engine residue
footnote 43	John Lyon and Marianne Ignace	note	43 In Secwepemctsin, an epistemic modal like héqen is not sufficient to induce a future reading, me7 is also required: héqen me7 t̓ext re John ‘Maybe John will be tall’ versus héqen t̓ext re John ‘Maybe John is tall.’ (Bridget Dan, Cecilia DeRose, 6/16/21). This implies that héqen, unlike Nsyilxcn cəm̓, is not future-oriented, and also supports the analysis of me7 as an actual T(ense) marker, as opposed to mi which adjoins to a null anaphoric tense (Lyon 2020). See N. Mattina (1999:217) for additional examples of modal futures.	page 30, footnote
§2.5	Nsyilxcn	cited form	héqen	page 30
§2.5	Nsyilxcn	cited form	t̓ext	page 30
§2.5	Nsyilxcn	cited form	cəm̓	page 30
(45e) line 1	Nsyilxcn	transcription	John ksc̓qʷáqʷaʔx.	page 31, engine english
(45e) line 2	Nsyilxcn	segmentation	John ks-c̓qʷáqʷ-aʔx	page 31, engine language
(45e) line 3	Nsyilxcn	gloss	John PROS-cry-INTR	page 31, engine english
(45e) line 4	Sarah McLeod, VF, 12/2/11, 9549	translation	‘John is going to cry.’	page 31, engine english, cited Sarah McLeod, VF, 12/2/11, 9549
(45e) line 5	John Lyon and Marianne Ignace	citation	(Sarah McLeod, VF, 12/2/11, 9549)	page 31, engine residue
§2.5	Nsyilxcn	cited affix	kɬ-	page 31
§2.5	John Lyon and Marianne Ignace	note	Nominal predicates, which are typically non-agentive, may be clefted with mi if irrealis kɬ- is prefixed to the nominal predicate (46a,b).44 There is no such prefix in Secwepemctsin, and so predictably, bare nominal predicates are fine in parallel contexts (23c).	page 31
(46a) line 1	Nsyilxcn	transcription	axáʔ mat mi kɬyámx̌ʷaʔ.	page 31, engine language
(46a) line 2	Nsyilxcn	segmentation	axáʔ mat mi kɬ-yámx̌ʷaʔ	page 31, engine language
(46a) line 3	Nsyilxcn	gloss	this EVID FUT IRR.N-basket	page 31, engine english
(46a) line 4	Sarah McLeod, VF, 3/8/13, 13517	translation	‘Maybe this will be the basket.’	page 31, engine english, cited Sarah McLeod, VF, 3/8/13, 13517
(46a) line 5	John Lyon and Marianne Ignace	citation	(Sarah McLeod, VF, 3/8/13, 13517)	page 31, engine residue
(46b) line 1	Nsyilxcn	transcription	ixíʔ mi ksc̓əlc̓ál.	page 31, engine residue
(46b) line 2	Nsyilxcn	segmentation	ixíʔ mi k[ɬ]-s-c̓əl-c̓ál	page 31, engine language
(46b) line 3	Nsyilxcn	gloss	that FUT IRR.N-NMLZ-PL.RDP-stand	page 31, engine english
(46b) line 4	Sarah McLeod, VF, 5/10/13, 14161	translation	‘These will be trees.’	page 31, engine english, cited Sarah McLeod, VF, 5/10/13, 14161
(46b) line 5	John Lyon and Marianne Ignace	citation	(Sarah McLeod, VF, 5/10/13, 14161)	page 31, engine residue
§2.5	John Lyon and Marianne Ignace	note	Context: Pointing at young sprouts in the ground.	page 31
(46c) line 1	Secwepemctsin	transcription	yerí7 ri7 me7 tseqtsq̓éllp.	page 31, engine english
(46c) line 2	Secwepemctsin	segmentation	yerí7 ri7 me7 tseq-tsq̓éllp	page 31, engine english
(46c) line 3	Secwepemctsin	gloss	that.VIS that.VIS FUT PL.RDP-tree	page 31, engine english
(46c) line 4	John Lyon and Marianne Ignace	translation	‘These will be (fir) trees.’	page 31, engine english
§2.5	John Lyon and Marianne Ignace	note	Context: Pointing at young sprouts in the ground.	page 31
§2.5	Nsyilxcn	cited affix	səxʷ-	page 31
§2.5	John Lyon and Marianne Ignace	note	(Cecilia DeRose, Bridget Dan, 6/16/21) Interestingly, Nsyilxcn de-verbal nouns may be created by nominalization with occupational səxʷ- and these allow argument clefting with mi, perhaps because despite being nouns, they are agentive.	page 31
(47a) line 1	Nsyilxcn	transcription	iʔ tətwít mi səxʷpíx̌əm.	page 31, engine residue
(47a) line 2	Nsyilxcn	segmentation	iʔ ttwít mi sxʷ-píx̌m	page 31, engine language
(47a) line 3	Nsyilxcn	gloss	DET boy FUT OCC-hunt	page 31, engine english
(47a) line 4	Sarah McLeod, 3/8/13, 13359	translation	‘The little boy will be a hunter (when he grows up).’	page 31, engine english, cited Sarah McLeod, 3/8/13, 13359
(47a) line 5	John Lyon and Marianne Ignace	citation	(Sarah McLeod, 3/8/13, 13359)	page 31, engine residue
footnote 44	John Lyon and Marianne Ignace	note	44 In Nsyilxcn, mi may be replaced with determiner iʔ in these cases, with no apparent change in meaning. Compare for example mat cmay axáʔ iʔ kɬyámx̌ʷaʔ ‘Maybe this will be the basket.’ (Sarah McLeod, VF, 13516, 3/8/13) with (46a).	page 31, footnote
§2.5	Nsyilxcn	cited form	axáʔ	page 31
§2.5	Nsyilxcn	cited form	kɬyámx̌ʷaʔ	page 31, ‘Maybe this will be the basket.’
(47b) line 1	Nsyilxcn	transcription	John mi səxʷm̓aʔm̓áyaʔm.	page 32, engine residue
(47b) line 2	Nsyilxcn	segmentation	John mi sxʷ-m̓aʔm̓áyaʔm	page 32, engine language
(47b) line 3	Nsyilxcn	gloss	John FUT OCC-teach	page 32, engine english
(47b) line 4	Sarah McLeod, VF, 2/18/13, 13188	translation	‘John is going to be a teacher.’	page 32, engine english, cited Sarah McLeod, VF, 2/18/13, 13188
(47b) line 5	John Lyon and Marianne Ignace	citation	(Sarah McLeod, VF, 2/18/13, 13188)	page 32, engine residue
(47c) line 1	Secwepemctsin	transcription	re sqéqlemcw me7 scwpíxem e tuwítes.	page 32, engine english
(47c) line 2	Secwepemctsin	segmentation	re sqéqlemcw me7 scw-píxem e tuwít-es	page 32, engine english
(47c) line 3	Secwepemctsin	gloss	DET man.DIM.RDP FUT OCC-hunt IRR.C grow.up-3SBJV	page 32, engine english
(47c) line 4	John Lyon and Marianne Ignace	translation	‘The little boy will be hunter when he grows up.’	page 32, engine english
(47c) line 5	John Lyon and Marianne Ignace	citation	(Bridget Dan, 7/6/21)	page 32, engine english
§2.5	John Lyon and Marianne Ignace	note	Both languages disallow future argument clefts if the referent of the focus already satisfies the property expressed by the nominal residue (48), which is evidence that mi and me7 structures cannot be interpreted as truncated clefts, and confirmation that post-mi and post-me7 material constitutes the residue.45 Examples like (49) are discussed in more detail in Section 2.7.	page 32
(48a) line 1	Nsyilxcn	transcription	* axáʔ mi pəptwinaxʷ.	page 32, engine english
(48a) line 2	Nsyilxcn	segmentation	* axáʔ mi pptwinaxʷ	page 32, engine residue
(48a) line 3	Nsyilxcn	gloss	this FUT old.woman	page 32, engine english
(48a) line 4	Sarah McLeod, 2/18/13, 13134	translation	‘That’s going to be the old lady (that speaks).’	page 32, engine english, cited Sarah McLeod, 2/18/13, 13134
(48a) line 5	John Lyon and Marianne Ignace	citation	(Sarah McLeod, 2/18/13, 13134)	page 32, engine residue
(48b) line 1	Secwepemctsin	transcription	* yeréy ri7 me7 kyéy7e.	page 32, engine english
(48b) line 2	Secwepemctsin	segmentation	* yeréy ri7 me7 kyéy7e	page 32, engine english
(48b) line 3	Secwepemctsin	gloss	this.VIS that.VIS FUT old.woman	page 32, engine english
(48b) line 4	John Lyon and Marianne Ignace	translation	‘That will be the old lady (that speaks).’	page 32, engine english
(48b) line 5	John Lyon and Marianne Ignace	citation	(Cecilia DeRose, Bridget Dan)	page 32, engine english
(49a) line 1	Nsyilxcn	transcription	axáʔ iʔ pəptwínaxʷ mi qʷelqʷilt.	page 32, engine language
(49a) line 2	Nsyilxcn	segmentation	axáʔ iʔ pptwínaxʷ mi qʷlqʷilt	page 32, engine language
(49a) line 3	Nsyilxcn	gloss	this DET old.woman FUT speak	page 32, engine english
(49a) line 4	Sarah McLeod, VF, 6/11/19, 15216	translation	‘That’s going to be the old lady that will speak.’	page 32, engine english, cited Sarah McLeod, VF, 6/11/19, 15216
(49a) line 5	John Lyon and Marianne Ignace	citation	(Sarah McLeod, VF, 6/11/19, 15216)	page 32, engine residue
(49b) line 1	Secwepemctsin	transcription	yeréy ri7 te kyéy7e me7 qweqwlút.	page 32, engine english
(49b) line 2	Secwepemctsin	segmentation	yeréy ri7 te kyéy7e me7 qweqwlút	page 32, engine english
(49b) line 3	Secwepemctsin	gloss	this.VIS that.VIS OBL old.woman FUT speak	page 32, engine english
(49b) line 4	John Lyon and Marianne Ignace	translation	‘That’s the old lady who will speak.’	page 32, engine english
(49b) line 5	John Lyon and Marianne Ignace	citation	(Cecilia DeRose, Bridget Dan)	page 32, engine english
footnote 45	John Lyon and Marianne Ignace	note	45 This is in contrast to non-future cases like axáʔ t nx̌ʷíc̓ulaʔxʷtən ‘This is the land.’ (Sarah McLeod, 13392, 03/08/13) and ixíʔ t pəptwínaxʷ. ‘That’s the old lady.’ (Lottie Lindley, VF, 9269, 12/02/11) which are analyzable as truncated clefts (see also Lyon 2013).	page 32, footnote
§2.5	Nsyilxcn	cited form	nx̌ʷíc̓ulaʔxʷtən	page 32, ‘This is the land.’
§2.5	Nsyilxcn	cited form	ixíʔ	page 32
§2.5	Nsyilxcn	cited form	pəptwínaxʷ	page 32, ‘That’
§2.5	John Lyon and Marianne Ignace	note	Overall, the data suggest that agentivity is important for Nsyilxcn mi argument clefting, however, the role of contrastive focus, and possible interactions with the syntax of agentivity, remain elusive.	page 32
§2.6	John Lyon and Marianne Ignace	heading	2.6 Negation and subject position in mi and me7 clefts	page 33
§2.6	John Lyon and Marianne Ignace	note	In Upper Nicola Nsyilxcn, negation cannot co-occur with mi in its clefting role. This applies to both argument (50) and adjunct (51) clefts. Future negatives are instead realized by other means, such as prospective nominalizations (52). (Note that the combination mi lut is possible in clause- linking uses of mi, to be discussed in Section 3.)	page 33
(50a) line 1	Nsyilxcn	transcription	axáʔ mi kʷintxʷ.	page 33, engine english
(50a) line 2	Nsyilxcn	segmentation	axáʔ mi kʷin-[n]t-xʷ	page 33, engine language
(50a) line 3	Nsyilxcn	gloss	this FUT take-DIR-2SG.ERG	page 33, engine english
(50a) line 4	Sarah McLeod, VF, 6/11/19, 15304	translation	‘You take this one.’	page 33, engine english, cited Sarah McLeod, VF, 6/11/19, 15304
(50a) line 5	John Lyon and Marianne Ignace	citation	(Sarah McLeod, VF, 6/11/19, 15304)	page 33, engine residue
(50b) line 1	Nsyilxcn	transcription	* axáʔ mi lut kʷintxʷ.	page 33, engine english
(50b) line 2	Nsyilxcn	segmentation	* axáʔ mi lut kʷin-[n]t-xʷ	page 33, engine language
(50b) line 3	Nsyilxcn	gloss	this FUT NEG take-DIR-2SG.ERG	page 33, engine english
(50b) line 4	Sarah McLeod, 6/11/19, 15307	translation	‘You shouldn’t take this one.’	page 33, engine english, cited Sarah McLeod, 6/11/19, 15307
(50b) line 5	John Lyon and Marianne Ignace	citation	(Sarah McLeod, 6/11/19, 15307)	page 33, engine residue
(50c) line 1	Nsyilxcn	transcription	* lut axáʔ mi kʷintxʷ.	page 33, engine english
(50c) line 2	Nsyilxcn	segmentation	* lut axáʔ mi kʷin-[n]t-xʷ	page 33, engine language
(50c) line 3	Nsyilxcn	gloss	NEG this FUT take-DIR-2SG.ERG	page 33, engine english
(50c) line 4	Sarah McLeod, 6/11/19, 15306	translation	‘You shouldn’t take this one.’	page 33, engine english, cited Sarah McLeod, 6/11/19, 15306
(50c) line 5	John Lyon and Marianne Ignace	citation	(Sarah McLeod, 6/11/19, 15306)	page 33, engine residue
(51a) line 1	Nsyilxcn	transcription	ik̓líʔ mi xʷuy.	page 33, engine english
(51a) line 2	Nsyilxcn	segmentation	ik̓líʔ mi xʷuy	page 33, engine language
(51a) line 3	Nsyilxcn	gloss	to.there FUT go	page 33, engine english
(51a) line 4	Sarah McLeod, 10/17/15, 14926	translation	‘He’ll go that way.’	page 33, engine english, cited Sarah McLeod, 10/17/15, 14926
(51a) line 5	John Lyon and Marianne Ignace	citation	(Sarah McLeod, 10/17/15, 14926)	page 33, engine residue
(51b) line 1	Nsyilxcn	transcription	* ik̓líʔ mi lut xʷuy.	page 33, engine english
(51b) line 2	Nsyilxcn	segmentation	* ik̓líʔ mi lut xʷuy	page 33, engine language
(51b) line 3	Nsyilxcn	gloss	to.there FUT NEG go	page 33, engine english
(51b) line 4	Sarah McLeod, 10/17/15, 14928	translation	‘He won’t go that way.’	page 33, engine english, cited Sarah McLeod, 10/17/15, 14928
(51b) line 5	John Lyon and Marianne Ignace	citation	(Sarah McLeod, 10/17/15, 14928)	page 33, engine residue
(52a) line 1	Nsyilxcn	transcription	lut axáʔ t̓akskʷním.	page 33, engine english
(52a) line 2	Nsyilxcn	segmentation	lut axáʔ t̓ a-ks-kʷn-ím	page 33, engine language
(52a) line 3	Nsyilxcn	gloss	NEG this NEG.EMPH 2SG.POSS-PROS.NMLZ-take-MID	page 33, engine english
(52a) line 4	Sarah McLeod, VF, 6/11/19, 15311	translation	‘Don’t take this one.’	page 33, engine english, cited Sarah McLeod, VF, 6/11/19, 15311
(52a) line 5	John Lyon and Marianne Ignace	citation	(VG)	the tag or source at the right of the translation
(52a) line 6	John Lyon and Marianne Ignace	citation	(Sarah McLeod, VF, 6/11/19, 15311)	page 33, engine residue
(52b) line 1	Nsyilxcn	transcription	lut ik̓líʔ aksxʷúy.	page 34, engine english
(52b) line 2	Nsyilxcn	segmentation	lut ik̓líʔ a[n]-ks-xʷúy	page 34, engine language
(52b) line 3	Nsyilxcn	gloss	NEG to.there 2SG.POSS-PROS.NMLZ-go	page 34, engine english
(52b) line 4	Sarah McLeod, VF, 10410	translation	‘Don’t go over there.’	page 34, engine english, cited Sarah McLeod, VF, 10410
(52b) line 5	John Lyon and Marianne Ignace	citation	(Sarah McLeod, VF, 10410)	page 34, engine english
§2.6	John Lyon and Marianne Ignace	note	In Secwepemctsin me7 clefts, there is no such incompatibility between negation and me7, as shown in (53) and (54).46	page 34
(53a) line 1	Secwepemctsin	transcription	héqen ye7éne me7 kwenc.	page 34, engine english
(53a) line 2	Secwepemctsin	segmentation	héqen ye7éne me7 kwen-c	page 34, engine english
(53a) line 3	Secwepemctsin	gloss	maybe this.VIS FUT take-[DIR]-2SG.ERG	page 34, engine english
(53a) line 4	John Lyon and Marianne Ignace	translation	‘Maybe you should take this one.’	page 34, engine english
(53a) line 5	John Lyon and Marianne Ignace	citation	(Cecilia DeRose, VF)	page 34, engine english
(53b) line 1	Secwepemctsin	transcription	* ye7éne me7 tá7 k skwenc.	page 34, engine english
(53b) line 2	Secwepemctsin	segmentation	* ye7éne me7 tá7 k s-kwen-c	page 34, engine english
(53b) line 3	Secwepemctsin	gloss	this.VIS FUT NEG DET.IRR NMLZ-take-[DIR]-2SG.ERG	page 34, engine english
(53b) line 4	John Lyon and Marianne Ignace	translation	‘You shouldn’t take this one.’	page 34, engine english
(53b) line 5	John Lyon and Marianne Ignace	citation	(Cecilia DeRose)	page 34, engine english
(53c) line 1	Secwepemctsin	transcription	héqen ye7éne ta7 me7 skwenc.	page 34, engine english
(53c) line 2	Secwepemctsin	segmentation	héqen ye7éne ta7 me7 s-kwen-c	page 34, engine english
(53c) line 3	Secwepemctsin	gloss	maybe this.VIS NEG FUT NMLZ-take-[DIR]-2SG.ERG	page 34, engine english
(53c) line 4	John Lyon and Marianne Ignace	translation	‘Maybe you shouldn’t take this one.’	page 34, engine english
(53c) line 5	John Lyon and Marianne Ignace	citation	(Cecilia DeRose)	page 34, engine english
(53d) line 1	Secwepemctsin	transcription	ta7 ye7éne me7 skwenc.	page 34, engine english
(53d) line 2	Secwepemctsin	segmentation	ta7 ye7éne me7 s-kwen-c	page 34, engine english
(53d) line 3	Secwepemctsin	gloss	NEG this.VIS FUT NMLZ-take-[DIR]-2SG.ERG	page 34, engine english
(53d) line 4	John Lyon and Marianne Ignace	translation	‘Don’t take this one.’	page 34, engine english
(53d) line 5	John Lyon and Marianne Ignace	citation	(Cecilia DeRose)	page 34, engine english
(54a) line 1	Secwepemctsin	transcription	tel7éne me7 qwetsétses.	page 34, engine english
(54a) line 2	Secwepemctsin	segmentation	tel7éne me7 qwetséts-es	page 34, engine english
(54a) line 3	Secwepemctsin	gloss	from.here FUT leave-3SBJV	page 34, engine english
(54a) line 4	John Lyon and Marianne Ignace	translation	‘From here he will leave.’	page 34, engine english
(54a) line 5	John Lyon and Marianne Ignace	citation	(Cecilia DeRose, Bridget Dan, 7/21/21)	page 34, engine english
(54b) line 1	Secwepemctsin	transcription	* tel7éne me7 ta7 k sqwetsétss.	page 34, engine english
(54b) line 2	Secwepemctsin	segmentation	* tel7éne me7 ta7 k sqwetséts-s	page 34, engine english
(54b) line 3	Secwepemctsin	gloss	from.here FUT NEG DET.IRR [NMLZ]-leave-3POSS	page 34, engine english
(54b) line 4	John Lyon and Marianne Ignace	translation	‘He won’t go that way.’	page 34, engine english
(54b) line 5	John Lyon and Marianne Ignace	citation	(Cecilia DeRose)	page 34, engine english
footnote 46	John Lyon and Marianne Ignace	note	46 Note that the linear order of negation and future me7 is reversed from the Nsyilxcn order seen in non-cleft uses, to be discussed in Section 3. Hence (53b) and (54b) are ungrammatical.	page 34, footnote
(54c) line 1	Secwepemctsin	transcription	ta7 t̓ri7 tel7éne me7 sqwetsétss.	page 35, engine english
(54c) line 2	Secwepemctsin	segmentation	ta7 t̓ri7 tel7éne me7 sqwetséts-s	page 35, engine english
(54c) line 3	Secwepemctsin	gloss	NEG to.there.VIS from.here.VIS FUT [NMLZ]-leave-3POSS	page 35, engine english
(54c) line 4	John Lyon and Marianne Ignace	translation	‘He won’t go this way.’	page 35, engine english
(54c) line 5	John Lyon and Marianne Ignace	citation	(Cecilia DeRose, VF)	page 35, engine english
§2.6	Secwepemctsin	cited form	Esk̓et	page 35
§2.6	John Lyon and Marianne Ignace	note	Adjunct clefts in both languages allow some flexibility in the position of a DP subject. Subjects can occur for example directly before mi or me7 (a cases below). Nsyilxcn permits a subject to precede a clefted adjunct in an external topic position (Gardiner 1993), whereas Secwepemctsin does not, at least in the Esk̓et dialect (b cases).47 Both languages permit the subject to occur inside the residue clause in a post-verbal position (c cases), but they cannot directly follow mi or me7 (d cases).48	page 35
(55a) line 1	Nsyilxcn	transcription	x̌lap Alice mi xʷuy k̓l səxʷmarím.	page 35, engine residue
(55a) line 2	Nsyilxcn	segmentation	x̌lap Alice mi xʷuy k̓l sxʷ-marím	page 35, engine residue
(55a) line 3	Nsyilxcn	gloss	tomorrow Alice FUT go to OCC-medicine	page 35, engine english
(55a) line 4	John Lyon and Marianne Ignace	translation	‘Alice is going to the doctor tomorrow.’	page 35, engine english
(55b) line 1	Nsyilxcn	transcription	Alice x̌lap [mi xʷuy k̓l sxʷmarím].	page 35, engine residue
(55c) line 1	Nsyilxcn	transcription	x̌lap [mi xʷuy Alice k̓l sxʷmarím].	page 35, engine residue
(55d) line 1	Nsyilxcn	transcription	* x̌lap [mi Alice xʷuy k̓l səxʷmarím].	page 35, engine residue
(55d) line 2	John Lyon and Marianne Ignace	citation	(Sarah McLeod, 6/11/19, 15192/15193/15172/*15173)	page 35, engine residue
(56a) line 1	Secwepemctsin	transcription	e pexyéwtes re Alice me7 néses te tákte.	page 35, engine english, carries footnote 49
(56a) line 2	Secwepemctsin	segmentation	e pexyéwt-es re Alice me7 nés-es te tákte	page 35, engine english
(56a) line 3	Secwepemctsin	gloss	IRR.C next.day-3SBJV DET Alice FUT go-3SBJV to doctor	page 35, engine english
(56a) line 4	John Lyon and Marianne Ignace	translation	‘Alice is going to the doctor tomorrow.’	page 35, engine english
(56a) line 5	John Lyon and Marianne Ignace	citation	(Cecilia DeRose, Bridget Dan, 7/21/21)	page 35, engine english
(56a) line 6	John Lyon and Marianne Ignace	speaker comment	Comment: “I suppose.”	page 35, engine english
(56b) line 1	Secwepemctsin	transcription	* re Alice e pexyéwtes me7 néses te tákte.	page 35, engine english
(56c) line 1	Secwepemctsin	transcription	e pexyéwtes me7 nés(es) re Alice te tákte.	page 35, engine english
(56d) line 1	Secwepemctsin	transcription	* e pexyéwtes me7 Alice néses te tákte.	page 35, engine english
footnote 47	John Lyon and Marianne Ignace	note	47Assuming that Alice is in an external topic position in (55b, 56b) (Gardiner 1993; Lai 1998), the ungrammaticality of (56b) may be evidence for a dialect distinction, since Gardiner (1993:126) cites parallel examples as grammatical for Skeetchestn speakers: re sk̓wimém̓elt le pexyéwtes lu7 m-7íllenses ‘The child, it was yesterday that he ate (the berries).’ Even setting up a sentence which involves a topic shift does not improve (56b) for Bridget and Cecilia: *me7 néns-ken te tákte pyin te sitq̓t, ell re Alice e pexyéwtes me7 néses te tákte ‘I’m going to the doctor today, and Alice, tomorrow she is going to the doctor’ (Bridget Dan, Cecilia DeRose, 7/21/21), was instead corrected to me7 néns-ken te tákte pyin te sitq̓t, ell re Alice me7 nés te tákte e pexyéwtes (Bridget Dan, Cecilia DeRose, 7/21/21).	page 35, footnote
§2.6	Nsyilxcn	cited form	sk̓wimém̓elt	page 35
§2.6	Nsyilxcn	cited form	pexyéwtes	page 35
§2.6	Secwepemctsin	cited form	m-7íllenses	page 35
§2.6	Nsyilxcn	cited form	néns-ken	page 35
§2.6	Nsyilxcn	cited form	tákte	page 35
§2.6	Nsyilxcn	cited form	sitq̓t	page 35
§2.6	Nsyilxcn	cited form	néses	page 35
§2.6	Nsyilxcn	cited form	nés	page 35
footnote 48	John Lyon and Marianne Ignace	note	48 In (56d), the expectation is that me7, as usual, should take the place of the determiner in re Alice.	page 35, footnote
footnote 49	John Lyon and Marianne Ignace	note	49 An argument clefted-version of this sentence would be re Alice me7 nes te tákte e pexyéwtes. (C, B, 7/14)	page 35, footnote
§2.6	John Lyon and Marianne Ignace	note	(Cecilia DeRose, Bridget Dan, 7/14/21) Given that both subjects and negation easily occur initially in main clauses in both languages, the absence of both directly following mi and me7 has important structural implications for the residue clauses. Secwepemctsin and Nsyilxcn differ in that Nsyilxcn (Upper Nicola at least) never allows negative lut and mi to co-occur in cleft contexts, opting instead for negative prospectives, while Secwepemctsin, perhaps predictably, does allow their co-occurrence.	page 35
§2.7	John Lyon and Marianne Ignace	heading	2.7 Argument clefts, oblique marking, and focus effects	page 36
§2.7	John Lyon and Marianne Ignace	note	Contrastive focus is strongly implied by argument focus using mi in Nsyilxcn. For example, examples like (57a) are often judged infelicitous without an appropriate focus set (57c) and are instead changed by fluent speakers to a prospective ks- structure where an initial subject does not imply contrastive focus, such as in out-of-the-blue contexts (57b).	page 36
(57a) line 1	Nsyilxcn	transcription	# iʔ kəkəwáp mi siwstx.	page 36, engine english
(57a) line 2	Nsyilxcn	segmentation	# iʔ kəkwáp mi siwst-x	page 36, engine language
(57a) line 3	Nsyilxcn	gloss	DET dog FUT drink-INTR	page 36, engine english
(57a) line 4	Sarah McLeod, 6/11/19, 15459	translation	‘The dog is going to drink.’	page 36, engine english, cited Sarah McLeod, 6/11/19, 15459
(57a) line 5	John Lyon and Marianne Ignace	citation	(Sarah McLeod, 6/11/19, 15459)	page 36, engine residue
(57b) line 1	Nsyilxcn	transcription	iʔ kəkwáp kssíwstaʔx.	page 36, engine residue
(57b) line 2	Nsyilxcn	segmentation	iʔ kəkwáp ks-síwst-aʔx	page 36, engine language
(57b) line 3	Nsyilxcn	gloss	DET dog PROS-drink-INTR	page 36, engine english
(57b) line 4	Sarah McLeod, VF, 6/11/19, 15460	translation	‘The dog is going to drink.’	page 36, engine english, cited Sarah McLeod, VF, 6/11/19, 15460
(57b) line 5	John Lyon and Marianne Ignace	citation	(Sarah McLeod, VF, 6/11/19, 15460)	page 36, engine residue
(57c) line 1	Nsyilxcn	transcription	iʔ kəkwáp mi siwst... lut anwí kʷ siwst!	page 36, engine residue
(57c) line 2	Nsyilxcn	segmentation	iʔ kəkwáp mi siwst-[x]... lut anwí kʷ siwst-[x]	page 36, engine residue
(57c) line 3	Nsyilxcn	gloss	DET dog FUT drink-INTR NEG 2SG.INDEP 2SG.SUB drink-INTR	page 36, engine english
(57c) line 4	Sarah McLeod, VF, 6/11/19, 15461	translation	‘The DOG is going to drink, don’t drink!’	page 36, engine english, cited Sarah McLeod, VF, 6/11/19, 15461
(57c) line 5	John Lyon and Marianne Ignace	citation	(Sarah McLeod, VF, 6/11/19, 15461)	page 36, engine residue
§2.7	John Lyon and Marianne Ignace	note	In Secwepemctsin, since me7 is the only option for future, parallel structures are not generally judged infelicitous for lack of an appropriate focus set.	page 36
footnote 50	John Lyon and Marianne Ignace	note	50 Given that cases like (58) are a type of argument cleft, exactly how a DP structure projects for the focus constituent is unclear, since neither demonstratives nor independent pronouns are themselves determiners, nor is the oblique marker t. At the same time, demonstrative-oblique-noun sequences are functionally and distributionally equivalent to other DPs, in both cleft and non-cleft contexts (see Lyon 2013 for Nsyilxcn). It is worthwhile considering, however, that independent pronoun-oblique-noun sequences (as in 59) do not have typical DP distributions, and this fact should in turn also have structural implications for the demonstrative examples in (58).	page 36, footnote
§2.7	John Lyon and Marianne Ignace	note	A sub-class of argument clefts (see Section 2.2 above) involve demonstrative-headed or independent-pronoun-headed oblique nominals in focus position. These may be thought of as sub- cases of the simple demonstrative and independent pronoun argument focus clefts but with an additional nominal restriction. Their status as a sub-class of argument cleft is consistent with the absence of subjunctive marking in these cases for Secwepemctsin.50 In all such cases, the demonstrative indicates a contrastive focus, and the oblique-marked nominal delimits the focus set. In (58a) for example, horses constitute the focus set, not a larger set including horses and other animals or entities, and the demonstrative points to one salient member of that set.	page 36
(58a) line 1	Nsyilxcn	transcription	ixíʔ t sənkɬc̓aʔsqáx̌aʔ mi ƛ̓xʷup.	page 37, engine language
(58a) line 2	Nsyilxcn	segmentation	ixíʔ t snkɬc̓aʔsqáx̌aʔ mi ƛ̓xʷup	page 37, engine language
(58a) line 3	Nsyilxcn	gloss	that OBL horse FUT win	page 37, engine english
(58a) line 4	Sarah McLeod, VF, 3/18/13, 13448	translation	‘That’s the horse that will win.’	page 37, engine english, cited Sarah McLeod, VF, 3/18/13, 13448
(58a) line 5	John Lyon and Marianne Ignace	citation	(Sarah McLeod, VF, 3/18/13, 13448)	page 37, engine residue
(58b) line 1	Secwepemctsin	transcription	yerí7 rey te nts̓e7sqéxe me7 t̓cum.	page 37, engine english
(58b) line 2	Secwepemctsin	segmentation	yerí7 yeréy te nts̓e7sqéxe me7 t̓cum	page 37, engine english
(58b) line 3	Secwepemctsin	gloss	that.VIS that.VIS OBL horse FUT win	page 37, engine english
(58b) line 4	John Lyon and Marianne Ignace	translation	‘That’s the horse that will win.’	page 37, engine english
(58b) line 5	John Lyon and Marianne Ignace	citation	(Cecilia DeRose, 6/9/21)	page 37, engine english
(58c) line 1	Nsyilxcn	transcription	axáʔ t yámx̌ʷaʔ mi k̓ʷúl̓ən.	page 37, engine language
(58c) line 2	Nsyilxcn	segmentation	axáʔ t yámx̌ʷaʔ mi k̓ʷúl̓-n	page 37, engine language
(58c) line 3	Nsyilxcn	gloss	this OBL basket FUT make-[TR]-1SG.ERG	page 37, engine english
(58c) line 4	John Lyon and Marianne Ignace	translation	‘THIS is the basket I’m going to make.’	page 37, engine english
§2.7	John Lyon and Marianne Ignace	note	Context: Looking through a catalogue at designs...	page 37
§2.7	John Lyon and Marianne Ignace	note	(Sarah McLeod, VF, 6/20/13, 14275)	page 37
(58d) line 1	Nsyilxcn	transcription	ixíʔ t nx̌ʷíc̓uláʔxʷtən mi nyak̓ʷmín.	page 37, engine language
(58d) line 2	Nsyilxcn	segmentation	ixíʔ t nx̌ʷíc̓uláʔxʷtən mi n-yak̓ʷ-mí-n	page 37, engine language
(58d) line 3	Nsyilxcn	gloss	that OBL field FUT LOC-cross.over-APPL-1SG.ERG	page 37, engine english
(58d) line 4	Lottie Lindley, VF, 1/25/13, 13880	translation	‘That’s the field I’m gonna cross.’	page 37, engine english, cited Lottie Lindley, VF, 1/25/13, 13880
(58d) line 5	John Lyon and Marianne Ignace	citation	(Lottie Lindley, VF, 1/25/13, 13880)	page 37, engine residue
(58e) line 1	Secwepemctsin	transcription	yerí7 te cucwéll me7 cteq̓emém̓ewsen.	page 37, engine english
(58e) line 2	Secwepemctsin	segmentation	yerí7 te cucwéll me7 c-teq̓-emém̓-ews-en	page 37, engine english
(58e) line 3	Secwepemctsin	gloss	that.VIS OBL road.DIM.RDP FUT LOC-cross.over-MID.1SG.RDP-middle-DIR+1SG.ERG	page 37, engine english
(58e) line 4	John Lyon and Marianne Ignace	translation	‘That’s the road I’m gonna cross.’	page 37, engine english
(58e) line 5	John Lyon and Marianne Ignace	citation	(Bridget Dan, 7/6/21)	page 37, engine english
§2.7	John Lyon and Marianne Ignace	note	Parallel structures are also possible in Nsyilxcn with independent pronouns in focus positions rather than demonstratives, however, these were judged ungrammatical in Secwepemctsin (see however minimal sentences below where Secwepemctsin determiner re may substitute for te in these cases).	page 37
(59a) line 1	Nsyilxcn	transcription	anwí t sqəltmíxʷ mi kʷ ylmíxʷəm.	page 37, engine language
(59a) line 2	Nsyilxcn	segmentation	anwí t sqltmíxʷ mi kʷ ylmíxʷm	page 37, engine language
(59a) line 3	Nsyilxcn	gloss	2SG.INDEP OBL man FUT 2SG.SUB chief	page 37, engine english
(59a) line 4	Sarah McLeod, VF, 9/22/11, 8310	translation	‘You’re the man that will be the chief.’	page 37, engine english, cited Sarah McLeod, VF, 9/22/11, 8310
(59a) line 5	John Lyon and Marianne Ignace	citation	(Sarah McLeod, VF, 9/22/11, 8310)	page 37, engine residue
(59b) line 1	Secwepemctsin	transcription	* re ntsétswe7 te lleq̓mélten ec me7 tsqwelstéses re stsmémelt.	page 38, engine english
(59b) line 2	Secwepemctsin	segmentation	* re ntsétswe7 te lleq̓mélten ec me7	page 38, engine english
(59b) line 3	Secwepemctsin	gloss	DET 1SG.INDEP.1RDP OBL teacher IPFV FUT	page 38, engine english
(59b) line 4	Secwepemctsin	segmentation	ts-qwel-st-és-es re stsmémelt	page 38, engine english
(59b) line 5	Secwepemctsin	gloss	CUST-speak-CAUS-3ERG-3SBJV DET children	page 38, engine english
(59b) line 6	John Lyon and Marianne Ignace	translation	‘I’m the teacher who will talk to the kids.’	page 38, engine english
(59b) line 7	John Lyon and Marianne Ignace	citation	(Bridget Dan, 7/6/21)	page 38, engine english
§2.7	John Lyon and Marianne Ignace	note	These contrastive focus constructions have parallel, non-future argument clefts in both languages.	page 38
(60a) line 1	Nsyilxcn	transcription	ixíʔ t sənkɬc̓aʔsqáx̌aʔ iʔ ƛ̓xʷup.	page 38, engine language
(60a) line 2	Nsyilxcn	segmentation	ixíʔ t snkɬc̓aʔsqáx̌aʔ iʔ ƛ̓xʷup	page 38, engine language
(60a) line 3	Nsyilxcn	gloss	that OBL horse DET win	page 38, engine english
(60a) line 4	Lottie Lindley, VF, 1/21/11, 7250	translation	‘That’s the horse that won.’	page 38, engine english, cited Lottie Lindley, VF, 1/21/11, 7250
(60a) line 5	John Lyon and Marianne Ignace	citation	(Lottie Lindley, VF, 1/21/11, 7250)	page 38, engine residue
(60b) line 1	Secwepemctsin	transcription	yerí7 ri7 te nts̓e7sqéxe re t̓cum (lu7.)	page 38, engine english
(60b) line 2	Secwepemctsin	segmentation	yerí7 ri7 te nts̓e7sqéxe re t̓cum (lu7)	page 38, engine english
(60b) line 3	Secwepemctsin	gloss	that.VIS that.VIS OBL horse DET win that.ABS	page 38, engine english
(60b) line 4	John Lyon and Marianne Ignace	translation	‘That’s the horse that won.’	page 38, engine english
(60b) line 5	John Lyon and Marianne Ignace	citation	(Cecilia DeRose, 6/9/21)	page 38, engine english
(60c) line 1	Nsyilxcn	transcription	anwi t tkɬmilxʷ iʔ kʷ sysyus.	page 38, engine language
(60c) line 2	Nsyilxcn	segmentation	anwi t tkɬmilxʷ iʔ kʷ sysyus	page 38, engine language
(60c) line 3	Nsyilxcn	gloss	2SG.INDEP OBL woman DET 2SG.SUB energetic	page 38, engine english
(60c) line 4	Lottie Lindley, 3/04/12, 10687	translation	‘You are the woman that’s energetic.’	page 38, engine english, cited Lottie Lindley, 3/04/12, 10687
(60c) line 5	John Lyon and Marianne Ignace	citation	(Lottie Lindley, 3/04/12, 10687)	page 38, engine residue
§2.7	Nsyilxcn	cited form	iʔ	page 38
§2.7	John Lyon and Marianne Ignace	note	Nsyilxcn (58–60) contrast minimally with similar sentences where the nominal is introduced with an iʔ determiner rather than oblique t (61–63). In these cases, contrastive focus on the iʔ nominal becomes possible. The demonstrative in these cases is, at least ambiguously, non-deictic as well as optional.	page 38
(61a) line 1	Nsyilxcn	transcription	ixíʔ iʔ st̓əmalt iʔ náq̓ʷəms Ben, lut iʔ sənkɬc̓aʔsqáx̌aʔ.	page 38, engine language
(61a) line 2	Nsyilxcn	segmentation	ixíʔ iʔ st̓mált iʔ náq̓ʷ-m-s Ben lut iʔ snkɬc̓aʔsqáx̌aʔ	page 38, engine language
(61a) line 3	Nsyilxcn	gloss	that DET cow DET steal-MID-[DIR]-3ERG Ben NEG DET horse	page 38, engine english
(61a) line 4	Sarah McLeod, VF, 3/8/13, 13407	translation	‘It’s a cow that Ben stole, not a horse.’	page 38, engine english, cited Sarah McLeod, VF, 3/8/13, 13407
(61a) line 5	John Lyon and Marianne Ignace	citation	(Sarah McLeod, VF, 3/8/13, 13407)	page 38, engine residue
(61b) line 1	Nsyilxcn	transcription	# ixíʔ t st̓əmalt iʔ náq̓ʷəms Ben, lut iʔ sənkɬc̓aʔsqáx̌aʔ.	page 38, engine language
(61b) line 2	Nsyilxcn	segmentation	# ixíʔ t st̓mált iʔ náq̓ʷ-m-s Ben lut iʔ snkɬc̓aʔsqáx̌aʔ	page 38, engine language
(61b) line 3	Nsyilxcn	gloss	that OBL cow DET steal-MID-[DIR]-3ERG Ben NEG DET horse	page 38, engine english
(61b) line 4	Sarah McLeod, 3/8/13, 13408	translation	‘That’s the cow that Ben stole, not a horse.’	page 38, engine english, cited Sarah McLeod, 3/8/13, 13408
(61b) line 5	John Lyon and Marianne Ignace	citation	(Sarah McLeod, 3/8/13, 13408)	page 38, engine residue
(62a) line 1	Nsyilxcn	transcription	axáʔ iʔ yámx̌ʷaʔ mi xʷuystəm.	page 39, engine language
(62a) line 2	Nsyilxcn	segmentation	axáʔ iʔ yámx̌ʷaʔ mi xʷuy-st-m	page 39, engine language
(62a) line 3	Nsyilxcn	gloss	this DET basket FUT go-CAUS-1PL.ERG	page 39, engine english
(62a) line 4	Sarah McLeod, 2/16/13, 13510	translation	‘It’s the basket we’re taking. (not) This is the basket we’ll take.’	page 39, engine english, cited Sarah McLeod, 2/16/13, 13510
(62a) line 5	John Lyon and Marianne Ignace	citation	(Sarah McLeod, 2/16/13, 13510)	page 39, engine residue
(62b) line 1	Nsyilxcn	transcription	axáʔ t yámx̌ʷaʔ mi xʷuystəm.	page 39, engine language
(62b) line 2	Nsyilxcn	segmentation	axáʔ t yámx̌ʷaʔ mi xʷuy-st-m	page 39, engine language
(62b) line 3	Nsyilxcn	gloss	this OBL basket FUT go-CAUS-1PL.ERG	page 39, engine english
(62b) line 4	Sarah McLeod, 2/16/13, 13511	translation	‘This is the basket we’ll take.’	page 39, engine english, cited Sarah McLeod, 2/16/13, 13511
(62b) line 5	John Lyon and Marianne Ignace	citation	(Sarah McLeod, 2/16/13, 13511)	page 39, engine residue
(63a) line 1	Nsyilxcn	transcription	# ixíʔ iʔ nx̌ʷíc̓ulaʔxʷtən mi nyak̓ʷmín.	page 39, engine language
(63a) line 2	Nsyilxcn	segmentation	# ixíʔ iʔ n-x̌ʷíc̓-ulaʔxʷ-tn mi n-yak̓ʷ-mí-n	page 39, engine language
(63a) line 3	Nsyilxcn	gloss	that DET LOC-cut-ground-INS FUT LOC-cross.over-APPL-1SG.ERG	page 39, engine english
(63a) line 4	Lottie Lindley, 1/25/13, 13879	translation	‘That’s the hay field I’m gonna cross.’	page 39, engine english, cited Lottie Lindley, 1/25/13, 13879
(63a) line 5	John Lyon and Marianne Ignace	citation	(Lottie Lindley, 1/25/13, 13879)	page 39, engine residue
(63b) line 1	Nsyilxcn	transcription	ixíʔ t nx̌ʷíc̓uláʔxʷtən mi nyak̓ʷmín.	page 39, engine language
(63b) line 2	Nsyilxcn	segmentation	ixíʔ t n-x̌ʷíc̓-ulaʔxʷ-tn mi n-yak̓ʷ-mí-n	page 39, engine language
(63b) line 3	Nsyilxcn	gloss	that OBL LOC-cut-ground-INST FUT LOC-cross.over-APPL-1SG.ERG	page 39, engine english
(63b) line 4	Lottie Lindley, VF, 1/25/13, 13880	translation	‘That’s the field I’m gonna cross.’	page 39, engine english, cited Lottie Lindley, VF, 1/25/13, 13880
(63b) line 5	John Lyon and Marianne Ignace	citation	(Lottie Lindley, VF, 1/25/13, 13880)	page 39, engine residue
§2.7	John Lyon and Marianne Ignace	note	Parallel structures in Secwepemctsin function analogously. For determiner-headed variants in both languages, the initial demonstratives are typically non-deictic, and optional, as in (64–65).	page 39
(64a) line 1	Secwepemctsin	transcription	yerí7 re Hannah re m-tsecentés re nexúlecw, ta7 k syecs re Tson.	page 39, engine english
(64a) line 2	Secwepemctsin	segmentation	yerí7 re Hannah re m-tsec-nt-és re nexúlecw	page 39, engine english
(64a) line 3	Secwepemctsin	gloss	that.VIS DET Hannah DET PAST-fix-DIR-3ERG DET car	page 39, engine english
§2.7	Secwepemctsin	cited form	yerí7	page 39
§2.7	Secwepemctsin	cited form	m-tsecentés	page 39
§2.7	Secwepemctsin	cited form	nexúlecw	page 39
§2.7	John Lyon and Marianne Ignace	note	ta7 k s-yec-s re Tson NEG DET.IRR NMLZ-be.the.one-3POSS DET John ‘It’s Hannah that fixed the car, not John.’ (Bridget Dan, Cecilia DeRose) b. # yerí7 te Hannah re m-tsecentés re nexúlecw, ta7 k syecs re Tson. Secwepemctsin Comment: “Maybe if there was two Hannahs. That’s the Hannah that fixed the car...” (Bridget Dan, Cecilia DeRose)	page 39
(65) line 1	Secwepemctsin	transcription	(yerí7) re nexúlecw lu7 re tsecentés re Hannah, ta7 k syecs re selcén̓.	page 39, engine english
(65) line 2	Secwepemctsin	segmentation	(yerí7) re nexúlecw lu7 re tsec-nt-és re Hannah	page 39, engine english
(65) line 3	Secwepemctsin	gloss	that.VIS DET car that.ABS DET fix-DIR-3ERG DET Hannah	page 39, engine english
(65) line 4	Secwepemctsin	segmentation	ta7 k s-yec-s re selcén̓.	page 39, engine english
(65) line 5	Secwepemctsin	gloss	DET DET.IRR NMLZ-be.the.one-3POSS DET bicycle	page 39, engine english
(65) line 6	John Lyon and Marianne Ignace	translation	‘It’s the car Hannah fixed, not the bicycle.’	page 39, engine english
(65) line 7	John Lyon and Marianne Ignace	citation	(Cecilia DeRose)	page 39, engine english
§2.7	John Lyon and Marianne Ignace	note	While oblique t/te removes the possibility of a focused nominal, replacing them with determiners does not always remove the possibility of a focused demonstrative, as can be seen by comparing (66a) and (66b), though in these cases it is likely that the entire demonstrative iʔ nominal string is in focus, as illustrated in the secondary translations (see Lyon 2013 for Nsyilxcn).	page 40
(66a) line 1	Nsyilxcn	transcription	ixiʔ iʔ sqəltmixʷ iʔ kʷu wiks, lut iʔ pəptwínaxʷ.	page 40, engine language
(66a) line 2	Nsyilxcn	segmentation	ixiʔ iʔ sqltmixʷ iʔ kʷu wik-s lut iʔ pptwínaxʷ	page 40, engine residue
(66a) line 3	Nsyilxcn	gloss	that DET man DET 1SG.OBJ see-[DIR]-3ERG NEG DET old.woman	page 40, engine english
(66a) line 4	John Lyon and Marianne Ignace	translation	‘It’s the man who saw me, not the old woman.’	page 40, engine english
(66a) line 5	Lottie Lindley, VF, 8/23/13, 14509	translation	‘That man is the one who saw me, not the old woman.’	page 40, engine english, cited Lottie Lindley, VF, 8/23/13, 14509
(66a) line 6	John Lyon and Marianne Ignace	citation	(Lottie Lindley, VF, 8/23/13, 14509)	page 40, engine residue
(66b) line 1	Nsyilxcn	transcription	axáʔ iʔ sp̓íc̓ən iʔ ník̓ən, lut yaʔx̌ís.	page 40, engine language
(66b) line 2	Nsyilxcn	segmentation	axáʔ iʔ sp̓íc̓n iʔ ník̓-n lut yaʔx̌ís	page 40, engine language
(66b) line 3	Nsyilxcn	gloss	this DET rope DET cut-[DIR]-1SG.ERG NEG that.one	page 40, engine english
(66b) line 4	John Lyon and Marianne Ignace	translation	‘This is the rope that I cut, not that one.’	page 40, engine english
(66b) line 5	Sarah McLeod, VF, 1/26/13, 13947	translation	‘This rope is the one that I cut, not that one.’	page 40, engine english, cited Sarah McLeod, VF, 1/26/13, 13947
(66b) line 6	John Lyon and Marianne Ignace	citation	(Sarah McLeod, VF, 1/26/13, 13947)	page 40, engine residue
(66c) line 1	Secwepemctsin	transcription	yerí7 lu7 re sqéqlemcw le wikt.s re smúwe7.	page 40, engine english
(66c) line 2	Secwepemctsin	segmentation	yerí7 lu7 re sqéqlemcw le wik-t-s re smúwe7	page 40, engine english
(66c) line 3	Secwepemctsin	gloss	that.VIS that.ABS DET man.DIM.RDP DET.ABS see-DIR-3ERG DET cougar	page 40, engine english
(66c) line 4	John Lyon and Marianne Ignace	translation	‘That’s the boy who saw the cougar.’	page 40, engine english
(66c) line 5	John Lyon and Marianne Ignace	speaker comment	Comment: “Either way, or yerí7 lu7 te sqéqlemcw le wikt.s re smúwe7.”	page 40, engine english
(66c)	Secwepemctsin	cited form	yerí7	in the speaker comment, page 40
(66c)	Secwepemctsin	cited form	sqéqlemcw	in the speaker comment, page 40
(66c)	Secwepemctsin	cited form	smúwe7	in the speaker comment, page 40
(66c) line 1	John Lyon and Marianne Ignace	citation	(Bridget Dan, Cecilia DeRose)	page 40, engine english
§2.7	John Lyon and Marianne Ignace	note	Similar data are possible with independent pronouns in both languages (67) (though as shown above, Secwepemctsin may only allow determiner re in these cases, not oblique te).	page 40
(67a) line 1	Nsyilxcn	transcription	incá iʔ sqəltmíxʷ iʔ kn ksqʷən̓qʷan̓tmíxaʔx.	page 40, engine language
(67a) line 2	Nsyilxcn	segmentation	incá iʔ sqəltmíxʷ iʔ kn ks-qʷn̓qʷan̓t-míxaʔx	page 40, engine language
(67a) line 3	Nsyilxcn	gloss	1SG.INDEP DET man DET 1SG.SUB PROS-poor-INTR	page 40, engine english
(67a) line 4	Lottie Lindley, 9/22/11, 8567	translation	‘I’m the man that’s gonna be poor.’	page 40, engine english, cited Lottie Lindley, 9/22/11, 8567
(67a) line 5	John Lyon and Marianne Ignace	citation	(Lottie Lindley, 9/22/11, 8567)	page 40, engine residue
(67b) line 1	Secwepemctsin	transcription	re ntsétswe7 re lleq̓mélten ec me7 tsqwelstéses re stsmémelt.	page 40, engine english
(67b) line 2	Secwepemctsin	segmentation	re ntsétswe7 re lleq̓mélten ec me7	page 40, engine english
(67b) line 3	Secwepemctsin	gloss	DET 1SG.INDEP.1RDP DET teacher IPFV FUT	page 40, engine english
(67b) line 4	Secwepemctsin	segmentation	ts-qwel-st-és-es re stsmémel	page 40, engine english
(67b) line 5	Secwepemctsin	gloss	CUST-speak-CAUS-3ERG-3SBJV DET children	page 40, engine english
(67b) line 6	John Lyon and Marianne Ignace	translation	‘I’m the teacher that will talk to the kids.’	page 40, engine english
(67b) line 7	John Lyon and Marianne Ignace	citation	(Bridget Dan, 7/6/21)	page 40, engine english
(67c) line 1	Secwepemctsin	transcription	re ntsétswe7 re lleq̓mélten ec re tsqwelstéses re stsmémelt.	page 41, engine english
(67c) line 2	Secwepemctsin	segmentation	re ntsétswe7 re lleq̓mélten ec re	page 41, engine english
(67c) line 3	Secwepemctsin	gloss	DET 1SG.INDEP.1RDP DET teacher IPFV DET	page 41, engine english
(67c) line 4	Secwepemctsin	segmentation	ts-qwel-st-és-es re stsmémelt	page 41, engine english
(67c) line 5	Secwepemctsin	gloss	CUST-speak-CAUS-3ERG-3SBJV DET children	page 41, engine english
(67c) line 6	John Lyon and Marianne Ignace	translation	‘I’m the teacher who talked to the kids.’	page 41, engine english
(67c) line 7	John Lyon and Marianne Ignace	citation	(Bridget Dan, 7/6/21)	page 41, engine english
§2.7	John Lyon and Marianne Ignace	note	This concludes our survey of clefting uses of mi and me7. We now turn to clause-initial uses.	page 41
§3	John Lyon and Marianne Ignace	heading	3 Clause-initial uses of mi and me7	page 41
§3	John Lyon and Marianne Ignace	note	For clause-initial uses of mi and me7, any material which precedes mi and me7 must be construed as propositional. If no material precedes mi or me7, the condition is vacuously satisfied. This contrasts with clefting uses of mi and me7, where preceding material may not be construed as propositional. In this section, we make an additional distinction between:	page 41
§3	John Lyon and Marianne Ignace	note	(i) mono-clause-initial uses of mi and me7 (Section 3.1) (ii) clause-initial uses where mi and me7 link two clauses together (Section 3.2) This distinction is motivated for Nsyilxcn because mono-clause-initial structures are often rejected in favour of a ks- prospective form, or else interpreted as incomplete instances of clausal-linking. This distinction is motivated for Secwepemctsin because mono-clause-initial uses do not involve subjunctive marking, whereas linking uses typically do. Nsyilxcn mi is more restricted as a clause- introducer for reasons which will be discussed.	page 41
§3.1	John Lyon and Marianne Ignace	heading	3.1 Mono-clause initial uses of mi and me7	page 41
§3.1	John Lyon and Marianne Ignace	note	Secwepemctsin me7 commonly occurs at the beginning of a mono-clause inflected with indicative, main-clause pronominal morphology. For Secwepemctsin, these are the most straightforward way to express a future proposition (68a–e). 2nd person forms tend to have imperative force.	page 41
(68a) line 1	Secwepemctsin	transcription	me7 nens-ken te ctuméllcw.	page 41, engine english
(68a) line 2	Secwepemctsin	segmentation	me7 nens-ken te ctuméllcw	page 41, engine english
(68a) line 3	Secwepemctsin	gloss	FUT go-1SG.SUB OBL store	page 41, engine english
(68a) line 4	John Lyon and Marianne Ignace	translation	‘I will go to the store.’	page 41, engine english
(68b) line 1	Secwepemctsin	transcription	me7 qwetséts.	page 41, engine english
(68b) line 2	Secwepemctsin	segmentation	me7 qwetséts	page 41, engine residue
(68b) line 3	Secwepemctsin	gloss	FUT leave	page 41, engine english
(68b) line 4	Kuipers 1974:80	translation	‘He will depart.’	page 41, engine english, cited Kuipers 1974:80
(68b) line 5	John Lyon and Marianne Ignace	citation	(Kuipers 1974:80)	page 41, engine residue
(68c) line 1	Secwepemctsin	transcription	me7 penmínc yerí7.	page 42, engine english
(68c) line 2	Secwepemctsin	segmentation	me7 pen-mín-c yerí7	page 42, engine english
(68c) line 3	Secwepemctsin	gloss	FUT find-APPL-2SG.ERG that.VIS	page 42, engine english
(68c) line 4	John Lyon and Marianne Ignace	translation	‘You will find it.’	page 42, engine english
(68c) line 5	John Lyon and Marianne Ignace	citation	(Garlene Dodson)	page 42, engine english
(68d) line 1	Secwepemctsin	transcription	me7 tétwen pexyéwt.	page 42, engine english
(68d) line 2	Secwepemctsin	segmentation	me7 tétw-en pexyéwt	page 42, engine english
(68d) line 3	Secwepemctsin	gloss	FUT buy.1RDP-[DIR]-1SG.ERG tomorrow	page 42, engine english
(68d) line 4	John Lyon and Marianne Ignace	translation	‘I will buy it tomorrow.’	page 42, engine english
(68e) line 1	Secwepemctsin	transcription	me7 elk̓wenc ye7élye te stsq̓ey.	page 42, engine english
(68e) line 2	Secwepemctsin	segmentation	me7 elk̓w-en-c ye7élye te stsq̓ey	page 42, engine english
(68e) line 3	Secwepemctsin	gloss	FUT store-DIR-2SG.ERG this.VIS OBL paper	page 42, engine english
(68e) line 4	John Lyon and Marianne Ignace	translation	‘Put these papers away (pointing at these ones).’	page 42, engine english
(68e) line 5	John Lyon and Marianne Ignace	citation	(Garlene Dodson, Bridget Dan)	page 42, engine english
§3.1	John Lyon and Marianne Ignace	note	Negative versions of these constructions place negative ta7 before the future me7 and nominalize the predicate (69a,b).	page 42
(69a) line 1	Secwepemctsin	transcription	ta7 me7 sqwetsétss.	page 42, engine english
(69a) line 2	Secwepemctsin	segmentation	ta7 me7 sqwetséts-s	page 42, engine english
(69a) line 3	Secwepemctsin	gloss	NEG FUT [NMLZ]-leave-3POSS	page 42, engine english
(69a) line 4	John Lyon and Marianne Ignace	translation	‘He won’t leave.’	page 42, engine english
(69a) line 5	John Lyon and Marianne Ignace	citation	(Cecilia DeRose, 7/14/21)	page 42, engine english
(69b) line 1	Secwepemctsin	transcription	ta7 me7 spenmínc.	page 42, engine english
(69b) line 2	Secwepemctsin	segmentation	ta7 me7 s-pen-mín-c	page 42, engine english
(69b) line 3	Secwepemctsin	gloss	NEG FUT NMLZ-find-APPL.TR-2SG.ERG	page 42, engine english
(69b) line 4	John Lyon and Marianne Ignace	translation	‘You won’t find it.’	page 42, engine english
(69b) line 5	John Lyon and Marianne Ignace	citation	(Cecilia DeRose, Bridget Dan, 7/14/21)	page 42, engine english
§3.1	John Lyon and Marianne Ignace	note	For Nsyilxcn mi, these are far less common though still possible (70a–c). Many cases of mono- clause-initial mi initial structures are either (a) rejected or (b) interpreted as incomplete subordinate clauses. The preferred way of expressing future in an Nsyilxcn non-cleft mono-clause is to use a prospective ks- form (70d) (see also N. Mattina 1999:222).	page 42
(70a) line 1	Nsyilxcn	transcription	mi kʷu xʷuy.	page 42, engine english
(70a) line 2	Nsyilxcn	segmentation	mi kʷu xʷuy	page 42, engine language
(70a) line 3	Nsyilxcn	gloss	FUT 1PL.SUB go	page 42, engine english
(70a) line 4	Lottie Lindley, VF, 9347, 12/02/11	translation	‘We’re going to go.’	page 42, engine english, cited Lottie Lindley, VF, 9347, 12/02/11
(70a) line 5	John Lyon and Marianne Ignace	citation	(Lottie Lindley, VF, 9347, 12/02/11)	page 42, engine residue
(70b) line 1	Nsyilxcn	transcription	mi kʷu xitmíst.	page 43, engine english
(70b) line 2	Nsyilxcn	segmentation	mi kʷu xit-míst	page 43, engine language
(70b) line 3	Nsyilxcn	gloss	FUT 1PL.SUB run.PL-INTR.RFLX	page 43, engine english
(70b) line 4	SM, VF, 3/04/12, 10956	translation	‘We’re gonna run.’ / ‘When we run...’	page 43, engine english, cited SM, VF, 3/04/12, 10956
(70b) line 5	John Lyon and Marianne Ignace	citation	(SM, VF, 3/04/12, 10956)	page 43, engine residue
(70c) line 1	Nsyilxcn	transcription	mi kʷu cyaʕp.	page 43, engine english
(70c) line 2	Nsyilxcn	segmentation	mi kʷu c-yaʕ-p	page 43, engine language
(70c) line 3	Nsyilxcn	gloss	FUT 1PL.SUB CISL-gather-INCH	page 43, engine english
(70c) line 4	SM, VF, 3/04/12, 10955	translation	‘We will arrive.’ / ‘When we come...’	page 43, engine english, cited SM, VF, 3/04/12, 10955
(70c) line 5	John Lyon and Marianne Ignace	citation	(SM, VF, 3/04/12, 10955)	page 43, engine residue
(70d) line 1	Nsyilxcn	transcription	kʷu ksxʷúyaʔx.	page 43, engine english
(70d) line 2	Nsyilxcn	segmentation	kʷu ks-xʷúy-aʔx	page 43, engine language
(70d) line 3	Nsyilxcn	gloss	1PL.SUB PROS-go-INTR	page 43, engine english
(70d) line 4	Lottie Lindley, VF, 12354, 10/28/12	translation	‘We’re going to go.’	page 43, engine english, cited Lottie Lindley, VF, 12354, 10/28/12
(70d) line 5	John Lyon and Marianne Ignace	citation	(Lottie Lindley, VF, 12354, 10/28/12)	page 43, engine residue
§3.1	John Lyon and Marianne Ignace	note	Secwepemctsin me7-initial structures alternate easily with adjunct and argument (74) clefts (71–73 cf. Gardiner 1993:95–96). me7-initial mono-clauses do not employ subjunctive morphology. Based on the pattern of subject morphology and the fact that me7 occurs initially, me7 is not itself a marker of subordination.	page 43
(71a) line 1	Secwepemctsin	transcription	me7 múmt-ken ne penkúpe.	page 43, engine english
(71a) line 2	Secwepemctsin	segmentation	me7 múmt-ken ne penkúpe	page 43, engine english
(71a) line 3	Secwepemctsin	gloss	FUT live.1RDP-1SG.SUB at Vancouver	page 43, engine english
(71a) line 4	John Lyon and Marianne Ignace	translation	‘I will live in Vancouver.’	page 43, engine english
(71a) line 5	John Lyon and Marianne Ignace	citation	(Cecilia DeRose, 6/2/21)	page 43, engine english
(71b) line 1	Secwepemctsin	transcription	ne penkúpe me7 múmtwen.	page 43, engine english
§3.1	John Lyon and Marianne Ignace	note	(Cecilia DeRose, 6/2/21)	page 43
(72a) line 1	Secwepemctsin	transcription	me7 knúcwentsen e pexyéwtes.	page 43, engine english
(72a) line 2	Secwepemctsin	segmentation	me7 knúcw-ent-s-en e pexyéwt-es.	page 43, engine english
(72a) line 3	Secwepemctsin	gloss	FUT help-DIR-2SG.OBJ-1SG.ERG IRR.C next.day-3SBJV	page 43, engine english
(72a) line 4	John Lyon and Marianne Ignace	translation	‘I will help you tomorrow.’	page 43, engine english
(72a) line 5	John Lyon and Marianne Ignace	citation	(Cecilia DeRose, 6/2/21)	page 43, engine english
(72b) line 1	Secwepemctsin	transcription	e pexyéwtes me7 knúcwentsenes.	page 43, engine english, carries footnote 51
(72b) line 2	John Lyon and Marianne Ignace	translation	‘I could help you.’	page 43, engine english
(72b) line 3	John Lyon and Marianne Ignace	citation	(Cecilia DeRose, 6/2/21)	page 43, engine english
footnote 51	John Lyon and Marianne Ignace	note	51 Indicative subject marking is ungrammatical for (71b): *ne penkúpe me7 múmt-ken ‘I will live in Vancouver.’ For (72b) and (73b) however, indicative (i.e., the absence of subjunctive) is possible under an analysis of the fronted adverbial clause as containing syntactically-active subjunctive marking. Hence (72b) has an alternative e pexyéwtes me7 knúcwentsen ‘I will help you.’ which was judged by Cecilia DeRose as	page 43, footnote
§3.1	Nsyilxcn	cited form	penkúpe	page 43
§3.1	Nsyilxcn	cited form	múmt-ken	page 43
§3.1	Nsyilxcn	cited form	pexyéwtes	page 43
§3.1	Secwepemctsin	cited form	knúcwentsen	page 43, ‘I will help you.’
(73a) line 1	Secwepemctsin	transcription	me7 tsp̓elq̓ílc-ekwe e nenén̓ses.	page 44, engine english
(73a) line 2	Secwepemctsin	segmentation	me7 ts-p̓elq̓-ílc-ekwe e nenén̓s-es	page 44, engine residue
(73a) line 3	Secwepemctsin	gloss	FUT CISL-return-AUT-REP IRR.C later-3SBJV	page 44, engine english
(73a) line 4	John Lyon and Marianne Ignace	translation	‘He will be back later.’	page 44, engine english
(73a) line 5	John Lyon and Marianne Ignace	citation	(Cecilia DeRose, 6/9/21)	page 44, engine english
(73b) line 1	Secwepemctsin	transcription	e nenén̓ses me7 tsp̓elq̓ílcwes-ekwe.	page 44, engine english
(73b) line 2	John Lyon and Marianne Ignace	citation	(Cecilia DeRose, 6/9/21)	page 44, engine english
(74a) line 1	Secwepemctsin	transcription	me7 qweqwentsín re q̓wéy̓elqs.	page 44, engine english
(74a) line 2	Secwepemctsin	segmentation	me7 qweqwentsín re q̓wéy̓elqs	page 44, engine residue
(74a) line 3	Secwepemctsin	gloss	FUT pray DET priest	page 44, engine english
(74a) line 4	John Lyon and Marianne Ignace	translation	‘The priest will pray.’	page 44, engine english
(74a) line 5	John Lyon and Marianne Ignace	citation	(Cecilia DeRose, 6/9/21)	page 44, engine english
(74b) line 1	Secwepemctsin	transcription	re q̓wéy̓elqs me7 qweqwentsín.	page 44, engine english
§3.1	John Lyon and Marianne Ignace	note	(Cecilia DeRose, 6/9/21) Nsyilxcn mi can also be used initially in mono-clauses with temporal or spatial adjuncts, and these also alternate with clefts (75–76).52	page 44
(75a) line 1	Nsyilxcn	transcription	mi xʷic̓əxtəmən atláʔ.	page 44, engine residue
(75a) line 2	Nsyilxcn	segmentation	mi xʷic̓-xt-m-n atláʔ	page 44, engine residue
(75a) line 3	Nsyilxcn	gloss	FUT give-BEN-2SG.OBJ-1SG.ERG from.here	page 44, engine english
(75a) line 4	Lottie Lindley, 12/02/11, 9355	translation	‘I’ll give you some from this (container).’	page 44, engine english, cited Lottie Lindley, 12/02/11, 9355
(75a) line 5	John Lyon and Marianne Ignace	citation	(Lottie Lindley, 12/02/11, 9355)	page 44, engine residue
(75a) line 6	John Lyon and Marianne Ignace	speaker comment	Comment: “If somebody asks you a question, you explain what is and say I’ll get you some.”	page 44, engine english
(75b) line 1	Nsyilxcn	transcription	atláʔ mi xʷic̓əxtəmən.	page 44, engine language
(75b) line 2	Sarah McLeod, VF, 11/06/09, 2776	translation	‘I’ll give you some from this (container).’	page 44, engine english, cited Sarah McLeod, VF, 11/06/09, 2776
(75b) line 3	John Lyon and Marianne Ignace	citation	(Sarah McLeod, VF, 11/06/09, 2776)	page 44, engine residue
(76a) line 1	Nsyilxcn	transcription	mi n̓ín̓w̓iʔs kn ɬp̓lak̓.	page 44, engine residue
(76a) line 2	Nsyilxcn	segmentation	mi n̓ín̓w̓iʔs kn ɬ-p̓lak̓	page 44, engine language
(76a) line 3	Nsyilxcn	gloss	FUT later 1SG.SUB return-come.back	page 44, engine english
(76a) line 4	Sarah McLeod, VF, 10/17/15, 14871	translation	‘I’ll come back soon/sometime.’	page 44, engine english, cited Sarah McLeod, VF, 10/17/15, 14871
(76a) line 5	John Lyon and Marianne Ignace	citation	(Sarah McLeod, VF, 10/17/15, 14871)	page 44, engine residue
§3.1	Nsyilxcn	cited form	nenén̓ses	page 44
§3.1	Secwepemctsin	cited form	tsp̓elq̓ílc-ekwe	page 44
§3.1	Nsyilxcn	cited form	q̓wéy̓elqs	page 44
§3.1	Secwepemctsin	cited form	qweqwntsínes	page 44
§3.1	John Lyon and Marianne Ignace	note	sounding “more definite” than (72b) itself. Similarly, (73b) alternates with e nenén̓ses me7 tsp̓elq̓ílc-ekwe. Non-subjunctive variants of (72b) and (73b) may be analyzed as involving clause-initial uses of me7, with fronted (non-clefted) adverbials. For argument cleft (74b), subjunctive marking is ungrammatical: *re q̓wéy̓elqs me7 qweqwntsínes.	page 44
footnote 52	John Lyon and Marianne Ignace	note	52 It is unclear whether such alternations exist for argument clefts.	page 44, footnote
(76b) line 1	Nsyilxcn	transcription	n̓ín̓w̓iʔs mi kn ɬp̓lak̓.	page 45, engine residue
(76b) line 2	Sarah McLeod, VF, 10/17/15, 14872	translation	‘I’ll come back soon/sometime.’	page 45, engine english, cited Sarah McLeod, VF, 10/17/15, 14872
(76b) line 3	John Lyon and Marianne Ignace	citation	(Sarah McLeod, VF, 10/17/15, 14872)	page 45, engine residue
§3.1	John Lyon and Marianne Ignace	note	We now turn to linking uses of mi and me7.	page 45
§3.2	John Lyon and Marianne Ignace	heading	3.2 Linking clause-initial uses of mi and me7	page 45
§3.2	John Lyon and Marianne Ignace	note	Linking uses of mi and me7 most notably include future conditional statements (§3.2.1) and event sequencing (§3.2.2).	page 45
§3.2.1	John Lyon and Marianne Ignace	heading	3.2.1 Future conditionals	page 45
§3.2.1	Nsyilxcn	cited form	ɬ(aʔ)	page 45, ‘if/when’
§3.2.1	John Lyon and Marianne Ignace	note	Future mi and me7 often signal the consequent of a conditional clause. The antecedent clause is usually introduced by Nsyilxcn complementizer ɬ(aʔ) ‘if/when’ or Secwepemctsin irrealis complementizer e ‘if’ (77a–c), which generally requires subjunctive marking in the clause it introduces.53 The consequent me7 clause is the main clause, as indicated by the lack of subjunctive marking.	page 45
(77a) line 1	Nsyilxcn	transcription	lut kʷ ɬ wr̓wr̓ám, mi ƛ̓awt iʔ scwar.	page 45, engine language
(77a) line 2	Nsyilxcn	segmentation	lut kʷ ɬ wr̓-wr̓-ám mi ƛ̓awt iʔ scwar	page 45, engine language
(77a) line 3	Nsyilxcn	gloss	NEG 2SG.SUB COMP PL.RDP-fire-MID FUT extinguish DET fire	page 45, engine english
(77a) line 4	Lottie Lindley, VF, 11/6/09, 2663	translation	‘If you don’t put on more wood, the fire will go out.’	page 45, engine english, cited Lottie Lindley, VF, 11/6/09, 2663
(77a) line 5	John Lyon and Marianne Ignace	citation	(Lottie Lindley, VF, 11/6/09, 2663)	page 45, engine residue
(77b) line 1	Nsyilxcn	transcription	ɬaʔ kaʔkícis iʔ sənkɬc̓aʔsqáx̌aʔ, mi cɬxʷúysts.	page 45, engine language
(77b) line 2	Nsyilxcn	segmentation	ɬaʔ kaʔkíc-is iʔ snkɬc̓aʔsqáx̌aʔ mi c-ɬ-xʷúy-st-s	page 45, engine language
(77b) line 3	Nsyilxcn	gloss	COMP find-[DIR]-3ERG DET horse FUT CISL-return-go-CAUS-3ERG	page 45, engine english
(77b) line 4	Lottie Lindley, VF, 4/19/11, 7760	translation	‘If he finds a horse, he will bring it back.’	page 45, engine english, cited Lottie Lindley, VF, 4/19/11, 7760
(77b) line 5	John Lyon and Marianne Ignace	citation	(Lottie Lindley, VF, 4/19/11, 7760)	page 45, engine residue
(77c) line 1	Nsyilxcn	transcription	cmay ɬaʔ nqʷn̓án̓, mi t̓ʕapám t sƛ̕aʔcínəm.	page 45, engine language
(77c) line 2	Nsyilxcn	segmentation	cmay ɬaʔ n-qʷn̓-án̓, mi t̓ʕap-ám t sƛ̕aʔcínm	page 45, engine language
(77c) line 3	Nsyilxcn	gloss	EPIS COMP LOC-pitiful-RDP FUT shoot-MID OBL deer	page 45, engine english
(77c) line 4	Lottie Lindley, VF, 4/19/11, 7780	translation	‘He’ll shoot a deer if he’s blessed.’	page 45, engine english, cited Lottie Lindley, VF, 4/19/11, 7780
(77c) line 5	John Lyon and Marianne Ignace	citation	(Lottie Lindley, VF, 4/19/11, 7780)	page 45, engine residue
footnote 53	John Lyon and Marianne Ignace	note	53 Note that for Secwepemctsin e clauses in initial position, subjunctive marking is optional. The sentence in (77e) for example has subjunctive, while the first version of (77f) does not. For e clauses in final position (e.g., 78c) subjunctive marking is obligatory. The following variants, with subjunctive marking in the future consequent clause, were both judged ungrammatical: *e tsut-k te7 sqwetséts, me7 kwéntsnes. (Cecilia DeRose); *e tsútucw te7 sqwetséts, me7 kwéntsnes. (Cecilia DeRose).	page 45, footnote
§3.2.1	Secwepemctsin	cited form	sqwetséts	page 45
§3.2.1	Secwepemctsin	cited form	kwéntsnes	page 45
§3.2.1	Secwepemctsin	cited form	tsútucw	page 45
(77d) line 1	Nsyilxcn	transcription	nsp̓y̓áq iʔ qáqxʷəlx, mi kʷu ʔəɬʔíɬən.	page 46, engine language
(77d) line 2	Nsyilxcn	segmentation	n-s-p̓y̓áq iʔ qáqxʷlx mi kʷu ʔɬ-ʔíɬn	page 46, engine language
(77d) line 3	Nsyilxcn	gloss	LOC-NMLZ-cooked DET fish FUT 1PL.SUB PL.RDP-eat	page 46, engine english
(77d) line 4	Lottie Lindley, VF, 11/06/09, 2658	translation	‘If the fish is cooked, we’ll eat it.’	page 46, engine english, cited Lottie Lindley, VF, 11/06/09, 2658
(77d) line 5	John Lyon and Marianne Ignace	citation	(Lottie Lindley, VF, 11/06/09, 2658)	page 46, engine residue
(77e) line 1	Secwepemctsin	transcription	e geyépucw, me7 qwetséts-ken..	page 46, engine english
(77e) line 2	Secwepemctsin	segmentation	e geyép-ucw me7 qwetséts-ken	page 46, engine english
(77e) line 3	Secwepemctsin	gloss	if angry-2SG.SBJV FUT leave-1SG.SUB	page 46, engine english
(77e) line 4	John Lyon and Marianne Ignace	translation	‘If you get angry, I will go.’	page 46, engine english
(77e) line 5	John Lyon and Marianne Ignace	citation	(Cecilia DeRose, Bridget Dan, VF)	page 46, engine english
(77f) line 1	Secwepemctsin	transcription	e tsút-k te7 sqwetséts, me7 kwéntsen.	page 46, engine english
(77f) line 2	Secwepemctsin	transcription	e tsútucw te7 sqwetséts, me7 kwéntsen.	page 46, engine residue
(77f) line 3	Secwepemctsin	segmentation	e tsút-k/-ucw te 7-sqwetséts, me7 kwén-ts-n	page 46, engine english
(77f) line 4	Secwepemctsin	gloss	if say-2SG.SUB/SBJV OBL 2SG.POSS-[NMLZ]-leave FUT take.DIR-2SG.OBJ-1SG.ERG	page 46, engine english
(77f) line 5	John Lyon and Marianne Ignace	translation	‘If you want to go, I’ll take you.’	page 46, engine english
(77f) line 6	John Lyon and Marianne Ignace	citation	(Garlene Dodson, Bridget Dan)	page 46, engine english
(77g) line 1	Secwepemctsin	transcription	e t̓ek7ílcwes k swet, me7 wi7 es séyses.	page 46, engine english
(77g) line 2	Secwepemctsin	segmentation	e t̓ek7-ílc-wes k swet me7 wi7 e-séyse-s	page 46, engine english
(77g) line 3	Secwepemctsin	gloss	if go.along-AUT-3SBJV DET who FUT finish IRR.C-[NMLZ]-play.3POS	page 46, engine english
(77g) line 4	John Lyon and Marianne Ignace	translation	‘If someone runs away, then they stop playing.’	page 46, engine english
(77g) line 5	John Lyon and Marianne Ignace	citation	(Mona Jules, Cecilia DeRose)	page 46, engine english
§3.2.1	John Lyon and Marianne Ignace	note	The two clauses can be reversed with respect to one another in both languages.	page 46
(78a) line 1	Nsyilxcn	transcription	mi kʷ ʔiɬn ɬ ckicx anlʔíw.	page 46, engine residue
(78a) line 2	Nsyilxcn	segmentation	mi kʷ ʔiɬn ɬ c-kic-x an-lʔíw	page 46, engine language
(78a) line 3	Nsyilxcn	gloss	FUT 2SG.SUB eat COMP CISL-arrive-INTR 2SG.POSS-male’s.father	page 46, engine english
(78a) line 4	Lottie Lindley, 8/22/12, 11734	translation	‘You’ll eat when you dad comes.’	page 46, engine english, cited Lottie Lindley, 8/22/12, 11734
(78a) line 5	John Lyon and Marianne Ignace	citation	(Lottie Lindley, 8/22/12, 11734)	page 46, engine residue
(78b) line 1	Nsyilxcn	transcription	mi səxʷpíx̌əm Spike ɬə ƛ̓əx̌ƛ̓əx̌píl̓t.	page 46, engine language
(78b) line 2	Nsyilxcn	segmentation	mi sxʷ-píx̌m Spike ɬ ƛ̓x̌-ƛ̓x̌-p-íl̓t	page 46, engine language
(78b) line 3	Nsyilxcn	gloss	FUT OCC-hunt Spike COMP RDP-grow-INCH-child	page 46, engine english
(78b) line 4	Lottie Lindley, VF, 6/2/12, 11521	translation	‘Spike will be a hunter when he grows up.’	page 46, engine english, cited Lottie Lindley, VF, 6/2/12, 11521
(78b) line 5	John Lyon and Marianne Ignace	citation	(Lottie Lindley, VF, 6/2/12, 11521)	page 46, engine residue
(78c) line 1	Secwepemctsin	transcription	me7 wi7 e (s)séyses e t̓ek7ílcwes k swet.	page 46, engine english
(78c) line 2	Secwepemctsin	segmentation	me7 wi7 e-[s]-séyse-s e t̓ek7-ílc-wes k swet	page 46, engine english
(78c) line 3	Secwepemctsin	gloss	FUT finish IRR.C-NMLZ-play.3POSS if go.along-AUT-3SBJV DET who	page 46, engine english
(78c) line 4	John Lyon and Marianne Ignace	translation	‘They will stop playing if someone runs away.’	page 46, engine english
(78c) line 5	John Lyon and Marianne Ignace	citation	(Mona Jules, Cecilia DeRose)	page 46, engine english
(78d) line 1	Secwepemctsin	transcription	me7 qíqt̓em-ken e tsecéllcwucw.	page 47, engine english
(78d) line 2	Secwepemctsin	segmentation	me7 qíqt̓-em-ken e tsec-éllcw-ucw	page 47, engine english
(78d) line 3	Secwepemctsin	gloss	FUT go.fish-MID-1SG.SUB if clean-house-2SG.SBJV	page 47, engine english
(78d) line 4	John Lyon and Marianne Ignace	translation	‘I will fish if you clean the house.’	page 47, engine english
(78d) line 5	John Lyon and Marianne Ignace	citation	(Cecilia DeRose, Daniel Calhoun)	page 47, engine english
(78e) line 1	Secwepemctsin	transcription	me7 kectsín e tséwkstmucw.	page 47, engine english
(78e) line 2	Secwepemctsin	segmentation	me7 kect-[t]s-ín e tséwkst-m-ucw	page 47, engine english
(78e) line 3	Secwepemctsin	gloss	FUT give.BEN-2SG.OBJ-1SG.ERG if reach.hand-MID-2SG.SBJV	page 47, engine english
(78e) line 4	Kuipers 1974	translation	‘I’ll give it to you if you reach for it.’	page 47, engine english, cited Kuipers 1974
(78e) line 5	John Lyon and Marianne Ignace	citation	(Kuipers 1974)	page 47, engine english
§3.2.2	John Lyon and Marianne Ignace	heading	3.2.2 Temporal sequencing	page 47
§3.2.2	Nsyilxcn	cited form	ɬaʔ	page 47
§3.2.2	John Lyon and Marianne Ignace	note	Most clause-initial uses of Nsyilxcn mi involve temporal sequencing across clauses. This is also a common and natural use for Secwepemctsin me7. In such cases, mi and me7 introduce an event in a sequence of two or more temporally-ordered events, each event being expressed by its own verbal predicate which heads its own clause. The beginning of the mi or me7-introduced event typically occurs after the end of the preceding event. In other words, there is generally no temporal overlap, as there is for example with Nsyilxcn ɬaʔ clauses or Secwepemctsin le clauses.	page 47
§3.2.2	John Lyon and Marianne Ignace	note	The first event in the sequence is commonly marked as an imperative in both languages (79). Secwepemctsin requires subjunctive marking on the event introduced by me7 in these contexts.54,55	page 47
(79a) line 1	Nsyilxcn	transcription	xʷt̓ílxəx mi kʷ x̌cməncút.	page 47, engine language
(79a) line 2	Nsyilxcn	segmentation	xʷt̓-ílx-x mi kʷ x̌c-m-ncút	page 47, engine language
(79a) line 3	Nsyilxcn	gloss	get.up-AUT-IMP FUT 2SG.SUB get.clothed-APPL-REFL	page 47, engine english
(79a) line 4	Lottie Lindley, VF, 7/29/09, 1972	translation	‘Get up and get dressed.’	page 47, engine english, cited Lottie Lindley, VF, 7/29/09, 1972
(79a) line 5	John Lyon and Marianne Ignace	citation	(Lottie Lindley, VF, 7/29/09, 1972)	page 47, engine residue
(79b) line 1	Nsyilxcn	transcription	ɬq̓ílxəx ilíʔ mi kʷ ƛ̓íləmstx.	page 47, engine language
(79b) line 2	Nsyilxcn	segmentation	ɬq̓-ílx-x ilíʔ mi kʷ ƛ̓íl-mst-x	page 47, engine language
(79b) line 3	Nsyilxcn	gloss	lie.down-AUT-IMP there FUT 2SG.SUB keep.still-INTR.REFL-IMP	page 47, engine english
(79b) line 4	Sarah McLeod, VF, 7/24/10, 5274	translation	‘Lay down and keep still.’	page 47, engine english, cited Sarah McLeod, VF, 7/24/10, 5274
(79b) line 5	John Lyon and Marianne Ignace	citation	(Sarah McLeod, VF, 7/24/10, 5274)	page 47, engine residue
(79c) line 1	Secwepemctsin	transcription	tsxwént(c)e me7 íll(e)nucw.	page 47, engine english
(79c) line 2	Secwepemctsin	segmentation	tsxwént-(c)e me7 íll(e)n-ucw	page 47, engine residue
(79c) line 3	Secwepemctsin	gloss	come-IMP FUT eat-2SG.SBJV	page 47, engine english
(79c) line 4	John Lyon and Marianne Ignace	translation	‘Come and eat!’	page 47, engine english
(79c) line 5	John Lyon and Marianne Ignace	translation	(Literally: ‘Come, you will eat!’)	page 47, engine english
footnote 54	John Lyon and Marianne Ignace	note	54 Neighbouring Salish languages take different morpho-syntactic approaches in expressing sequenced events: In St’át’imcets, for example, the predicate nilh introduces the second verb, which undergoes nominalization. Thanks to Henry Davis for raising this point of variation.	page 47, footnote
§3.2.2	Secwepemctsin	cited form	St’át’imcets	page 47
footnote 55	John Lyon and Marianne Ignace	note	55 A variant of (79c) with an indicative subject in the me7 clause was judged ungrammatical: *tsxwéntce me7 íllen-k.	page 47, footnote
§3.2.2	Secwepemctsin	cited form	tsxwéntce	page 47
§3.2.2	Secwepemctsin	cited form	íllen-k	page 47
(79d) line 1	Secwepemctsin	transcription	nésce me7 tkéymucw.	page 48, engine english
(79d) line 2	Secwepemctsin	segmentation	nés-ce me7 tkéym-ucw	page 48, engine residue
(79d) line 3	Secwepemctsin	gloss	go-IMP FUT pee-2SG.SBJV	page 48, engine english
(79d) line 4	John Lyon and Marianne Ignace	translation	‘Go and pee!’	page 48, engine english
(79d) line 5	John Lyon and Marianne Ignace	translation	(Literally: ‘Go, you will pee!’)	page 48, engine english
§3.2.2	John Lyon and Marianne Ignace	note	The two languages also use mi and me7 in non-imperative clause-sequencing contexts, where they typically translate as ‘before’ or ‘and then’.56 In these cases subjunctive marking is optional in Secwepemctsin on the me7-introduced event. When present, it unambiguously indicates that there is no temporal overlap between events.	page 48
(80a) line 1	Nsyilxcn	transcription	kn c̓kam mi anwí kʷ wíkʷmíst!	page 48, engine residue
(80a) line 2	Nsyilxcn	segmentation	kn c̓k-am mi anwí kʷ wíkʷ-míst	page 48, engine residue
(80a) line 3	Nsyilxcn	gloss	1SG.SUB count-MID FUT 2SG.INDEP 2SG.SUB hide-INTR.REFL	page 48, engine english
(80a) line 4	Sarah McLeod, VF, 10287	translation	‘I’ll count while you go hide!’	page 48, engine english, cited Sarah McLeod, VF, 10287
(80a) line 5	John Lyon and Marianne Ignace	citation	(Sarah McLeod, VF, 10287)	page 48, engine english
(80b) line 1	Nsyilxcn	transcription	kʷ x̌əstwílx mi sic kʷ xʷuy k̓l asx̌ílwiʔ.	page 48, engine language, carries footnote 57
(80b) line 2	Nsyilxcn	segmentation	kʷ x̌st-wílx mi sic kʷ xʷuy k̓l a[n]-sx̌ílwiʔ	page 48, engine language
(80b) line 3	Nsyilxcn	gloss	2SG.SUB good-become FUT then 2SG.SUB go to 2SG.POSS-husband	page 48, engine english
(80b) line 4	Lindley & Lyon 2016, 7/14/09, cf. 5920	translation	‘You get better before you go back to your husband.’	page 48, engine english, cited Lindley & Lyon 2016, 7/14/09, cf. 5920
(80b) line 5	John Lyon and Marianne Ignace	citation	(Lindley & Lyon 2016, 7/14/09, cf. 5920)	page 48, engine residue
(80c) line 1	Nsyilxcn	transcription	xʷk̓ʷntísəlx, kʷíl̓stənəm mi sic píx̌əm.	page 48, engine language
(80c) line 2	Nsyilxcn	segmentation	xʷk̓ʷ-nt-ílx kʷíl̓stn-m mi sic píx̌-m	page 48, engine language
(80c) line 3	Nsyilxcn	gloss	clean-DIR-3PL.ERG sweat.house-MID FUT then hunt-MID	page 48, engine english
(80c) line 4	Lindley & Lyon 2016, 7/14/09, cf. 5927	translation	‘They cleaned (everything) and sweated before hunting.’	page 48, engine english, cited Lindley & Lyon 2016, 7/14/09, cf. 5927
(80c) line 5	John Lyon and Marianne Ignace	citation	(Lindley & Lyon 2016, 7/14/09, cf. 5927)	page 48, engine residue
(80d) line 1	Nsyilxcn	transcription	t̓q̓áplaʔmísəlx mi sic ʔawspíx̌əməlx.	page 48, engine language
(80d) line 2	Nsyilxcn	segmentation	t̓q̓-áplaʔ-mí-slx mi sic ʔaws-píx̌-m-lx	page 48, engine language
(80d) line 3	Nsyilxcn	gloss	cross.over-handle-APPL-3PL.ERG FUT then go-hunt-MID-3PL	page 48, engine english
(80d) line 4	Lindley & Lyon 2016, 3/19/10, cf. 5982	translation	‘They pray for themselves before they go hunting.’	page 48, engine english, cited Lindley & Lyon 2016, 3/19/10, cf. 5982
(80d) line 5	John Lyon and Marianne Ignace	citation	(Lindley & Lyon 2016, 3/19/10, cf. 5982)	page 48, engine residue
footnote 56	John Lyon and Marianne Ignace	note	56 In Nsyilxcn, modal elements like epistemic cəm̓ may precede mi when it links two clauses together: kʷu kst̓ʕapɬtísəlx, c əm̓ mi ƛ̓lal ‘They are going to shoot me, and he might die.’ (Sarah McLeod, VF, 10474). Similar facts obtain for Secwepemctsin, as shown by the following sentence with héqen ‘maybe, might’: héqen me7 nes re John. ‘Maybe John will go.’ (Cecilia DeRose, VF).	page 48, footnote
§3.2.2	Nsyilxcn	cited form	cəm̓	page 48
§3.2.2	Nsyilxcn	cited form	kʷu	page 48
§3.2.2	Nsyilxcn	cited form	kst̓ʕapɬtísəlx	page 48
§3.2.2	Nsyilxcn	cited form	əm̓	page 48
§3.2.2	Nsyilxcn	cited form	ƛ̓lal	page 48, ‘They are going to shoot me, and he might die.’
§3.2.2	Nsyilxcn	cited form	héqen	page 48, ‘maybe, might’
footnote 57	John Lyon and Marianne Ignace	note	57 mi co-occurs with several other adverbs in partially lexicalized combinations. The sequence mi sic seems to be partially lexicalized as ‘and then’: John sck̓ʷul̓ɬxʷ t citxʷ cmay naqspíntk, mi sic wiʔstís ‘John is building a house, it might take a year to finish it’ (Lottie Lindley, VF, 7/24/10, 5384). Another common combination is mi nixʷ: for example, kn ksast̓xítkʷaʔx, náx̌əmɬ ilíʔ ɬwínxtmən mi nixʷ anwí kʷ sast̓xítkʷ ‘I will eat soup, but I will leave you some so you can also have soup’ (Lottie Lindley, VF, 11/21/10, 6954).	page 48, footnote
§3.2.2	Nsyilxcn	cited form	sck̓ʷul̓ɬxʷ	page 48
§3.2.2	Nsyilxcn	cited form	citxʷ	page 48
§3.2.2	Nsyilxcn	cited form	naqspíntk	page 48
§3.2.2	Nsyilxcn	cited form	wiʔstís	page 48
§3.2.2	Nsyilxcn	cited form	nixʷ	page 48
§3.2.2	Nsyilxcn	cited form	ksast̓xítkʷaʔx	page 48
§3.2.2	Nsyilxcn	cited form	náx̌əmɬ	page 48
§3.2.2	Nsyilxcn	cited form	ilíʔ	page 48
§3.2.2	Nsyilxcn	cited form	ɬwínxtmən	page 48
§3.2.2	Nsyilxcn	cited form	anwí	page 48
§3.2.2	Nsyilxcn	cited form	kʷ	page 48
§3.2.2	Nsyilxcn	cited form	sast̓xítkʷ	page 48
(80e) line 1	Secwepemctsin	transcription	me7 qweqwentsín éytsell me7 píxmes.	page 49, engine english
(80e) line 2	Secwepemctsin	segmentation	me7 qweqwen-tsín éytsell me7 píx-m-es	page 49, engine english
(80e) line 3	Secwepemctsin	gloss	FUT poor.RDP-mouth before FUT hunt-MID-3SBJV	page 49, engine english
(80e) line 4	John Lyon and Marianne Ignace	translation	‘They pray before they go hunting.’	page 49, engine english
(80e) line 5	John Lyon and Marianne Ignace	citation	(Cecilia DeRose, VF, 6/09/21)	page 49, engine english
(80f) line 1	Nsyilxcn	transcription	n̓ín̓w̓iʔs aláʔ cʔitx, mi kʷu xʷt̓líləx, mi kʷu ʔimx.	page 49, engine language, carries footnote 58
(80f) line 2	Nsyilxcn	segmentation	n̓ín̓w̓iʔs aláʔ c-ʔitx mi kʷu xʷt̓-líləx, mi kʷu ʔimx	page 49, engine language
(80f) line 3	Nsyilxcn	gloss	later here STAT-sleep FUT 1PL.SUB get.up-AUT.PL FUT 1PL.SUB move	page 49, engine english
(80f) line 4	Lindley & Lyon 2016, 2/17/10, 6012	translation	‘And when he is asleep, we will get up and we will move.’	page 49, engine english, cited Lindley & Lyon 2016, 2/17/10, 6012
(80f) line 5	John Lyon and Marianne Ignace	citation	(Lindley & Lyon 2016, 2/17/10, 6012)	page 49, engine residue
(80g) line 1	Secwepemctsin	transcription	re John ey e ítcwes, re Sarah me7 llwélens.	page 49, engine english, carries footnote 59
(80g) line 2	Secwepemctsin	segmentation	re John ey e ítc-wes re Sarah me7 llwél-en-s	page 49, engine english
(80g) line 3	Secwepemctsin	gloss	DET John still IRR.C sleep-3SBJV DET Sarah FUT abandon-DIR-3ERG	page 49, engine english
(80g) line 4	John Lyon and Marianne Ignace	translation	‘When John is asleep, Sarah will leave him.’	page 49, engine english
(80g) line 5	John Lyon and Marianne Ignace	citation	(Bridget Dan, 7/6/21)	page 49, engine english
(80h) line 1	Secwepemctsin	transcription	me7 t̓iqwen, me7 estúll(e)nes, me7 tu7kemínes.	page 49, engine english, carries footnote 60
(80h) line 2	Secwepemctsin	segmentation	me7 t̓iqw-en, me7 estúll-(e)n-es	page 49, engine english
(80h) line 3	Secwepemctsin	gloss	FUT kill-[DIR]-1SG.ERG FUT skin-[DIR]-1SG.ERG-3SBJV	page 49, engine english
(80h) line 4	Secwepemctsin	segmentation	me7 tu7k-mí-n-es	page 49, engine residue
(80h) line 5	Secwepemctsin	gloss	FUT sell-APPL-[DIR]-1SG.ERG-3SBJV	page 49, engine english
(80h) line 6	Kuipers 1974	translation	‘I’ll kill them, I’ll skin them, and I’ll sell them.’	page 49, engine english, cited Kuipers 1974
(80h) line 7	John Lyon and Marianne Ignace	citation	(Kuipers 1974)	page 49, engine english
§3.2.2	John Lyon and Marianne Ignace	note	In Nsyilxcn, these sequential uses of mi often translate into English as infinitives, and in many cases an “in order to” causal relation between two or more eventive clauses is implied, at least in such cases where the two events allow for a causal link to be pragmatically inferred (81).	page 49
(81a) line 1	Nsyilxcn	transcription	kn sck̓ʷaʔk̓ʷúl̓stx mi kn sxʷəlk̓ám.	page 49, engine language
(81a) line 2	Nsyilxcn	segmentation	kn s-c-k̓ʷaʔk̓ʷúl̓st-x mi kn sxʷ-lk̓-ám	page 49, engine language
(81a) line 3	Nsyilxcn	gloss	1SG.SUB NMLZ-CUST-practice-INTR FUT 1SG.SUB OCC-tie.up-MID	page 49, engine english
(81a) line 4	Lottie Lindley, VF, 1/30/10, 3455	translation	‘I’m practicing to be a policeman.’	page 49, engine english, cited Lottie Lindley, VF, 1/30/10, 3455
(81a) line 5	John Lyon and Marianne Ignace	citation	(Lottie Lindley, VF, 1/30/10, 3455)	page 49, engine residue
footnote 58	John Lyon and Marianne Ignace	note	58 This sentence shows how the adverb n̓ín̓w̓iʔs is sufficient to yield a future reading in the absence of any other future or prospective morphology. See N. Mattina (1999:217).	page 49, footnote
§3.2.2	Nsyilxcn	cited form	n̓ín̓w̓iʔs	page 49
footnote 59	John Lyon and Marianne Ignace	note	59 Example (80g) was also volunteered with a passive in the main clause: ey e ítcwes re John, me7 llwélentem te Sarah ‘When John is asleep, Sarah will leave him.’ (Bridget Dan, VF, 7/14).	page 49, footnote
§3.2.2	Secwepemctsin	cited form	ítcwes	page 49
§3.2.2	Secwepemctsin	cited form	llwélentem	page 49
footnote 60	John Lyon and Marianne Ignace	note	60 In narratives by Skeetchestn speakers Seymour Pitel and Charlie Draney transcribed in Kuipers (1974), the narrators do not use 1st singular consonant reduplication when using quoted speech in the first person.	page 49, footnote
(81b) line 1	Nsyilxcn	transcription	kn səcm̓aʔm̓áyaʔx ʕapnáʔ mi kn səxʷk̓ʷúl̓ɬxʷəm.	page 50, engine language
(81b) line 2	Nsyilxcn	segmentation	kn s-c-m̓aʔm̓áyaʔ-x ʕapnáʔ mi kn sxʷ-k̓ʷúl̓-ɬxʷ-m	page 50, engine language
(81b) line 3	Nsyilxcn	gloss	1SG.SUB NMLZ-CUST-teach-INTR now FUT 1SG.SUB OCC-make-house-MID	page 50, engine english
(81b) line 4	Lottie Lindley, VF, 4/19/11, 7692	translation	‘I’m going to school to be a house builder.’	page 50, engine english, cited Lottie Lindley, VF, 4/19/11, 7692
(81b) line 5	John Lyon and Marianne Ignace	citation	(Lottie Lindley, VF, 4/19/11, 7692)	page 50, engine residue
(81c) line 1	Nsyilxcn	transcription	t̓yam uɬ t̓yt̓ymuɬ uɬ aksp̓íc̓aʔ mi sic xʷuy.	page 50, engine language
(81c) line 2	Nsyilxcn	segmentation	t̓yam uɬ t̓yt̓ymuɬ uɬ a-k[s]-sp̓-íc̓aʔ mi sic xʷuy	page 50, engine language
(81c) line 3	Nsyilxcn	gloss	refuse and lazy CONJ 2SG.POSS-PROS-whip-outside FUT then go	page 50, engine english
(81c) line 4	Lottie Lindley, VF, 3/19/10, 4255	translation	‘He’s tired and lazy and you beat him to get him to go.’	page 50, engine english, cited Lottie Lindley, VF, 3/19/10, 4255
(81c) line 5	John Lyon and Marianne Ignace	citation	(Lottie Lindley, VF, 3/19/10, 4255)	page 50, engine residue
(81d) line 1	Nsyilxcn	transcription	lut nixʷ kɬcxʷúy̓mp mi mypnúntp sxʔkínaʔx kiʔ kn ƛ̓lál.	page 50, engine language
(81d) line 2	Nsyilxcn	segmentation	lut nixʷ k[s]-ɬ-c-xʷúy̓-mp mi	page 50, engine residue
(81d) line 3	Nsyilxcn	gloss	NEG again PROS-return-CISL-go.PL-2PL.POSS FUT	page 50, engine english
(81d) line 4	Nsyilxcn	segmentation	my-p-nú-nt-p sxʔkínaʔx kiʔ kn ƛ̓lál	page 50, engine language
(81d) line 5	Nsyilxcn	gloss	know-INCH-manage.to-DIR-2SG.ERG how NON.FUT 1SG.SUB dead	page 50, engine english
(81d) line 6	Lindley & Lyon 2016, 6/02/10, 7890	translation	‘You all will never come back to find out what happened, how I die.’	page 50, engine english, cited Lindley & Lyon 2016, 6/02/10, 7890
(81d) line 7	John Lyon and Marianne Ignace	citation	(Lindley & Lyon 2016, 6/02/10, 7890)	page 50, engine residue
(81e) line 1	Nsyilxcn	transcription	nyʕ̓ip ɬʕat̓mi sic c̓ʕánc̓ən.	page 50, engine language
(81e) line 2	Nsyilxcn	segmentation	nyʕ̓ip ɬʕat̓ mi sic c̓ʕán-c̓n	page 50, engine language
(81e) line 3	Nsyilxcn	gloss	always wet FUT then RDP-tight	page 50, engine english
(81e) line 4	Lindley & Lyon 2016, 9/15/09, 5940	translation	‘They keep it (i.e. roots) wet all the time so that it gets tight.’	page 50, engine english, cited Lindley & Lyon 2016, 9/15/09, 5940
(81e) line 5	John Lyon and Marianne Ignace	citation	(Lindley & Lyon 2016, 9/15/09, 5940)	page 50, engine residue
§3.2.2	John Lyon and Marianne Ignace	note	Secwepemctsin me7, on the other hand, is not used to indicate causality. Instead, if a causal-link between two events is intended, “goal-directed” nominalizations (Kuipers 1974) must be used.61	page 50
(82a) line 1	Secwepemctsin	transcription	tekwemtús me7 sllét̓enc ri7 es luts̓t.s.	page 50, engine english
(82a) line 2	Secwepemctsin	segmentation	tekwemtús me7 s-llét̓-en-c ri7 e s-luts̓t-s	page 50, engine english
(82a) line 3	Secwepemctsin	gloss	always FUT NMLZ-wet-DIR-2SG.ERG that.VIS IRR.C NMLZ-tight-3POS	page 50, engine english
(82a) line 4	John Lyon and Marianne Ignace	translation	‘You keep it wet all the time so that it gets tight.’	page 50, engine english
(82a) line 5	John Lyon and Marianne Ignace	citation	(Cecilia DeRose, 6/09/21)	page 50, engine english
footnote 61	John Lyon and Marianne Ignace	note	61 The combination of me7 plus subjunctive marking provides temporal subsequence in future contexts, but there is no causal implication between events. For example, compare (82b) with the following: néns-ken te skul me7 tswéwllcwen tek tsitcw ‘I’m going to school and then build a house,’ which was judged as being a strange thing to say if one is going to school to learn how to build houses. Example (82b) was also later dispreferred to the following which also includes a goal-directed nominalization, but leaves off the noun tsitcw ‘house’ as redundant with the suffix -éllcw ‘house’: néns-ken te skul es xepqenwéw̓en k stswewéllcw ‘I’m going to school to learn how to build houses.’ (Bridget Dan, Cecilia DeRose, VF, 7/21/21).	page 50, footnote
§3.2.2	Nsyilxcn	cited form	néns-ken	page 50
§3.2.2	Secwepemctsin	cited form	tswéwllcwen	page 50
§3.2.2	Secwepemctsin	cited affix	-éllcw	page 50, ‘house’
§3.2.2	Nsyilxcn	cited form	xepqenwéw̓en	page 50
§3.2.2	Secwepemctsin	cited form	stswewéllcw	page 50
(82b) line 1	Secwepemctsin	transcription	néns-ken te skul es xepqenwéw̓en ens tswewllcw tek tsitcw.	page 51, engine residue
(82b) line 2	Secwepemctsin	segmentation	néns-ken te skul e s-xepqen-wéw̓en	page 51, engine english
(82b) line 3	Secwepemctsin	gloss	go.1RDP-1SG.SUB to school IRR.C NMLZ-learn-manage.to.DIR.1RDP-[1SG.ERG]	page 51, engine english
§3.2.2	John Lyon and Marianne Ignace	note	e n-s-tswew-llcw tek tsitcw IRR.C 1SG.POSS-NMLZ-build.1RDP-house OBL.IRR house ‘I’m going to school to learn how to build a house.’ (Bridget Dan, Cecilia DeRose, VF, 7/14/21)	page 51
(82c) line 1	Secwepemctsin	transcription	* néns-ken te skul me7 tswewllcw-ken tek tsitcw. 62	page 51, engine english
(82c) line 2	Secwepemctsin	segmentation	* néns-ken te skul me7 tswew-llcw-ken tek tsitcw	page 51, engine english
(82c) line 3	Secwepemctsin	gloss	go.1RDP-1SG.SUB to school FUT build.1RDP-house-1SG.SUB OBL.IRR house	page 51, engine english
(82c) line 4	John Lyon and Marianne Ignace	translation	‘I’m going to school to learn how to build a house.’	page 51, engine english
(82c) line 5	John Lyon and Marianne Ignace	citation	(Cecilia DeRose, 6/09/21)	page 51, engine english
§3.3	John Lyon and Marianne Ignace	heading	3.3 Negation and subject position in linking uses of mi and me7	page 51
§3.3	John Lyon and Marianne Ignace	note	It was shown in Section 2.7 that negation and mi do not co-occur in Nsyilxcn clefting contexts, whereas negation and me7 do co-occur in Secwepemctsin clefting contexts. In linking contexts, however, negation and mi do co-occur in Nsyilxcn, with causal import as described above in Section 2.2.	page 51
(83a) line 1	Nsyilxcn	transcription	lkʷílx iʔ tl snɬq̓útn mi lut k̓əsəsípəlaʔs iʔ səxʷpíx̌əm.	page 51, engine language
(83a) line 2	Nsyilxcn	segmentation	lkʷ-ílx iʔ tl snɬq̓útn mi lut k̓s-s-ípəlaʔ-s	page 51, engine language
(83a) line 3	Nsyilxcn	gloss	far-AUT DET from bed FUT NEG bad-RDP-handle-[DIR]-3ERG	page 51, engine english
(83a) line 4	Nsyilxcn	segmentation	iʔ sxʷ-píx̌-m	page 51, engine language
(83a) line 5	Nsyilxcn	gloss	DET OCC-hunt-MID	page 51, engine english
(83a) line 6	Lottie Lindley, VF, 7/14/09, 5937	translation	‘Leave your bed so that the hunters don’t get bad luck.’	page 51, engine english, cited Lottie Lindley, VF, 7/14/09, 5937
(83a) line 7	John Lyon and Marianne Ignace	citation	(Lottie Lindley, VF, 7/14/09, 5937)	page 51, engine residue
(83b) line 1	Nsyilxcn	transcription	kʷu xitmíst, mi lut kʷu q̓ʷcq̓ʷuct.	page 51, engine language
(83b) line 2	Nsyilxcn	segmentation	kʷu xit-míst mi lut kʷu q̓ʷc-q̓ʷuct	page 51, engine language
(83b) line 3	Nsyilxcn	gloss	1PL.SUB run.PL-INTR.REFL FUT NEG 1PL.SUB PL.RDP-fat	page 51, engine english
(83b) line 4	Lottie Lindley, VF, 11528, 6/1/12	translation	‘We’ll run so we won’t get fat.’	page 51, engine english, cited Lottie Lindley, VF, 11528, 6/1/12
(83b) line 5	John Lyon and Marianne Ignace	citation	(Lottie Lindley, VF, 11528, 6/1/12)	page 51, engine residue
§3.3	John Lyon and Marianne Ignace	note	In Secwepemctsin, goal-directed nominalizations are required in negative causal contexts (84a,b) just as they are in positive contexts (82). A combination of ta7 and me7 was judged ungrammatical here (84d).	page 51
§3.3	Nsyilxcn	cited form	néns-ken	page 51
§3.3	Secwepemctsin	cited form	sxepqenwéwllen	page 51
footnote 62	John Lyon and Marianne Ignace	note	62 Example (82c) is not quite a minimal pair with (81c), but we fully expect the minimal pair to be ungrammatical as well, though this should be tested: *néns-ken te skul en sxepqenwéwllen me7 tswewllcw- ken tek tsitcw.	page 51
(84a) line 1	Secwepemctsin	transcription	ec kucw re cwíselcwes t̓ucw tsukw es ta7s es csweyt.s.	page 52, engine english
(84a) line 2	Secwepemctsin	segmentation	ec kucw re cwís-elc-wes t̓ucw tsukw	page 52, engine english
(84a) line 3	Secwepemctsin	gloss	IPFV 1PL.SUB DET run-AUT-3SBJV EXCL finish	page 52, engine english
§3.3	Secwepemctsin	cited form	cwíselcwes	page 52
§3.3	Secwepemctsin	cited form	t̓ucw	page 52
§3.3	Secwepemctsin	cited form	tá7s	page 52
§3.3	John Lyon and Marianne Ignace	note	e s-ta7-s e s-csweyt-s IRR.C NMLZ-NEG-3POSS IRR.C NMLZ-lazy-3POSS ‘We’ll run so that we don’t get lazy.’ (Bridget Dan, VF, 7/6/21) b. ec kucw re cwíselcwes t̓ucw es tá7s kucw es csweyt.s. Secwepemctsin ‘We’ll run so that we don’t get lazy.’ (Bridget Dan, 7/6/21) c. * ec kucw re cwíselcwes t̓ucw tsukw me7 ta7 e scsweyt.s. Secwepemctsin (Bridget Dan, 7/6/21) d. * ec kucw re cwíselcwes t̓ucw ta7 me7 scsweyt.s kucw. Secwepemctsin (Bridget Dan, Cecilia DeRose, 7/6/21) However, me7 and ta7 do co-occur in conditionals, in both antecedent63 (85a) and consequent clauses (85b). Consequent uses of me7 such as (85b) are equivalent to cases of simple clause-initial uses discussed in Section 3.1.	page 52
(85a) line 1	Secwepemctsin	transcription	ec kucw re cwíselcwes t̓ucw tsukw e ta7es me7 scsweyt.s.	page 52, engine english
(85a) line 2	Secwepemctsin	segmentation	ec kucw re cwís-elc-wes t̓ucw tsukw	page 52, engine english
(85a) line 3	Secwepemctsin	gloss	IPFV 1PL.SUB DET run-AUT-3SBJV EXCL finish	page 52, engine english
§3.3	Nsyilxcn	cited form	don̓t	page 52
§3.3	John Lyon and Marianne Ignace	note	e ta7-es me7 s-csweyt-s if NEG-3SBJV FUT NMLZ-lazy-3POSS ‘We’ll run if we don̓t get lazy.’ (Bridget Dan, 7/6/21)	page 52
(85b) line 1	Secwepemctsin	transcription	yúmell e geyépucw, ta7 me7 nsqwetséts.	page 52, engine english, carries footnote 64
(85b) line 2	Secwepemctsin	segmentation	yúmell e gey-ép-ucw ta7 me7 n-s-qwetséts	page 52, engine english
(85b) line 3	Secwepemctsin	gloss	even if angry-INCH-2SG.SBJV NEG FUT 1SG.POSS-NMLZ-leave	page 52, engine english
(85b) line 4	John Lyon and Marianne Ignace	translation	‘Even if you get mad, I won’t go.’	page 52, engine english
(85b) line 5	John Lyon and Marianne Ignace	citation	(Bridget Dan, 7/6/21)	page 52, engine english
§3.3	John Lyon and Marianne Ignace	note	It was also shown in Section 2.7 that DP subjects do not directly follow mi or me7 in clefting contexts. In Nsyilxcn, textual examples can be found of DP subjects directly following mi as a linker in both positive (86a) and negative (86b) contexts.	page 52
footnote 63	John Lyon and Marianne Ignace	note	63 Though even in antecedent if clauses, me7 is often dispreferred to a goal-directed nominalization: ta7 me7 skectsín e tá7es e stséwkstmenc (Bridget Dan, VF, 7/6/21) ‘I won’t give it to you if you don’t reach for it.’ *ta7 me7 skectsín e tá7es me7 stséwkstmenc (Bridget Dan, 7/6/21).	page 52, footnote
§3.3	Secwepemctsin	cited form	skectsín	page 52
§3.3	Secwepemctsin	cited form	tá7es	page 52
§3.3	Secwepemctsin	cited form	stséwkstmenc	page 52
footnote 64	John Lyon and Marianne Ignace	note	64 Additional judgements like the following confirm that the Nsyilxcn ordering of mi lut (future before negation) does not work in Secwepemctsin: *yúmell e geyépucw, me7 ta7 nsqwetséts (Bridget Dan) ‘Even if you get mad, I won’t go.’	page 52, footnote
§3.3	Secwepemctsin	cited form	yúmell	page 52
§3.3	Secwepemctsin	cited form	geyépucw	page 52
§3.3	Secwepemctsin	cited form	nsqwetséts	page 52
(86a) line 1	Nsyilxcn	transcription	cx̌lits iʔ sumíxs mi ninw̓t ixíʔ mi iʔ sk̕ʷək̕ʷrnínaʔ naʔɬ sc̓mc̓im cscsʕal̕x.	page 53, engine language
(86a) line 2	Nsyilxcn	segmentation	c-x̌lit-s iʔ sumíx-s mi ninw̓t ixíʔ	page 53, engine english
(86a) line 3	Nsyilxcn	gloss	CISL-invite-[DIR]-3ERG DET power-3POSS FUT wind.DIM.RDP that	page 53, engine english
(86a) line 4	Nsyilxcn	segmentation	mi iʔ sk̕ʷk̕ʷrnínaʔ naʔɬ sc̓m-c̓im cscsʕal̕x	page 53, engine language
(86a) line 5	Nsyilxcn	gloss	FUT DET clam CONJ PL.RDP-bone make.noise	page 53, engine english
(86a) line 6	Sarah Peterson, 2014:80	translation	‘He [Coyote] called up his powers so that a little wind would make the clam shells and bones make noise.’	page 53, engine english, cited Sarah Peterson, 2014:80
(86a) line 7	John Lyon and Marianne Ignace	citation	(Sarah Peterson, 2014:80)	page 53, engine english
(86b) line 1	Nsyilxcn	transcription	kʷu ksknxítəm mi lut iʔ sqilxʷ kʷu ksƛ̕əxʷntím.	page 53, engine language
(86b) line 2	Nsyilxcn	segmentation	kʷu ks-knxít-m mi lut iʔ sqilxʷ	page 53, engine english
(86b) line 3	Nsyilxcn	gloss	1PL.OBJ IRR-help.BEN-3PL/1OBJ FUT NEG DET indigenous.person	page 53, engine english
(86b) line 4	Nsyilxcn	segmentation	kʷu ks-ƛ̕xʷ-nt-ím	page 53, engine language
(86b) line 5	Nsyilxcn	gloss	1PL.OBJ PROS-kill.many-DIR-3PL/1OBJ	page 53, engine english
(86b) line 6	Sarah McLeod, VF, 10563	translation	‘They’re gonna help us, so that the Indians won't get the best of us.’	page 53, engine english, cited Sarah McLeod, VF, 10563
(86b) line 7	John Lyon and Marianne Ignace	citation	(Sarah McLeod, VF, 10563)	page 53, engine english
§3.3	John Lyon and Marianne Ignace	note	In Secwepemctsin, however, DP subjects can never directly follow me7 in either clefting or clause- initial uses:	page 53
(87a) line 1	Secwepemctsin	transcription	me7 cuyt re sqexqéxe.	page 53, engine english
(87a) line 2	Secwepemctsin	segmentation	me7 cuyt re sqexqéxe	page 53, engine english
(87a) line 3	Secwepemctsin	gloss	FUT get.out DET dog.PL.RDP	page 53, engine english
(87a) line 4	John Lyon and Marianne Ignace	translation	‘The dogs will go out.’	page 53, engine english
(87a) line 5	John Lyon and Marianne Ignace	citation	(Bridget Dan, Cecilia DeRose, 7/21/21)	page 53, engine english
(87b) line 1	Secwepemctsin	transcription	* me7 (re) sqexqéxe cuyt.	page 53, engine english
§3.3	John Lyon and Marianne Ignace	note	(Bridget Dan, Cecilia DeRose, 7/21/21) Before closing, we discuss combined and doubled uses of mi and me7.	page 53
§3.4	John Lyon and Marianne Ignace	heading	3.4 Combined uses and doubled uses	page 53
§3.4	Nsyilxcn	cited form	ilíʔ	page 53
§3.4	Nsyilxcn	cited form	k̓aʔkín	page 53, ‘to where’
§3.4	John Lyon and Marianne Ignace	note	Nsyilxcn mi often occurs multiple times within the same sentence, as both a clefting particle and a linker. In (88a) for example, the first instance of mi is a sequential subordinator, while the second instance of mi signals that the demonstrative adverb ilíʔ is clefted. In (88b), the first and third instances of mi are sequential subordinators, while the second signals that the adverbial WH-word k̓aʔkín ‘to where’ is clefted (or possibly being used as the head of a free relative).	page 53
(88a) line 1	Nsyilxcn	transcription	way̓ kʷ iksk̓ʷúl̓ɬxʷəm, mi ilíʔ mi kʷ cʔitx.	page 53, engine language
(88a) line 2	Nsyilxcn	segmentation	way̓ kʷ i-ks-k̓ʷúl̓-ɬxʷ-m, mi ilíʔ	page 53, engine language
(88a) line 3	Nsyilxcn	gloss	yes 2SG.OBJ 1SG.POSS-PROS-make-house-MID FUT there	page 53, engine english
(88a) line 4	Nsyilxcn	segmentation	mi kʷ c-ʔitx	page 53, engine language
(88a) line 5	Nsyilxcn	gloss	FUT 2SG.SUB CUST-sleep	page 53, engine english
(88a) line 6	Lindley & Lyon 2016, 4/25/09, 5871	translation	‘I will build you a hut over there, where you will sleep.’	page 53, engine english, cited Lindley & Lyon 2016, 4/25/09, 5871
(88a) line 7	John Lyon and Marianne Ignace	citation	(Lindley & Lyon 2016, 4/25/09, 5871)	page 53, engine residue
(88b) line 1	Nsyilxcn	transcription	n̓us x̌láp, kʷ qiɬt, mi cúnməntəm k̓aʔkín mi kʷ xʷuy mi púlstxʷ iʔ sƛ̓aʔcínəm.	page 54, engine language
(88b) line 2	Nsyilxcn	segmentation	n̓us x̌láp kʷ qiɬt mi cún-m-nt-m k̓aʔkín	page 54, engine language
(88b) line 3	Nsyilxcn	gloss	later tomorrow 2SG.SUB awake FUT say-APPL-DIR-PASS to.where	page 54, engine english
(88b) line 4	Nsyilxcn	segmentation	mi kʷ xʷuy mi púl-st-xʷ iʔ sƛ̓aʔcínəm	page 54, engine language
(88b) line 5	Nsyilxcn	gloss	FUT 2SG.SUB go FUT kill-CAUS-2SG.ERG DET deer	page 54, engine english
(88b) line 6	Lindley & Lyon 2016, 2/17/10, 6028	translation	‘Tomorrow you will wake up, you will be told where to go, and you will kill a deer.’	page 54, engine english, cited Lindley & Lyon 2016, 2/17/10, 6028
(88b) line 7	John Lyon and Marianne Ignace	citation	(Lindley & Lyon 2016, 2/17/10, 6028)	page 54, engine residue
§3.4	John Lyon and Marianne Ignace	note	Parallel structures in Secwepemctsin are ungrammatical. Example (89a) shows an adjunct clefting use of me7 within a larger linking environment, though (89b) shows that adding an additional linking me7, parallel to the Nsyilxcn examples in (88), is not possible. Subjunctive particle wes may be fulfilling a similar role to linking me7 in these cases.	page 54
(89a) line 1	Secwepemctsin	transcription	me7 tswéllcwctsen nu7, t̓lu7 wes me7 etícucw.	page 54, engine english
(89a) line 2	Secwepemctsin	segmentation	me7 tsw-éllcw-ct-s-en nu7	page 54, engine english
(89a) line 3	Secwepemctsin	gloss	FUT build-house-BEN-2SG.OBJ-1SG.ERG there.VIS	page 54, engine english
(89a) line 4	Secwepemctsin	segmentation	t̓lu7 wes me7 etíc-ucw	page 54, engine english
(89a) line 5	Secwepemctsin	gloss	to.there.ABS SBJV FUT sleep-2SG.SBJV	page 54, engine english
(89a) line 6	John Lyon and Marianne Ignace	translation	‘I will build you a house over there, where you will sleep.’	page 54, engine english
(89a) line 7	John Lyon and Marianne Ignace	citation	(Bridget Dan, VF, 7/6/21)	page 54, engine english
(89b) line 1	Secwepemctsin	transcription	* me7 tswéllcwctsen nu7, me7 t̓lu7 wes me7 etícucw.	page 54, engine english
§3.4	John Lyon and Marianne Ignace	note	In Nsyilxcn, mi can optionally double in a cleft construction (Lyon 2019). It is always the initial mi which is optional, and the final mi which is required (90a, 91a).65 Doubling is not possible for Secwepemctsin me7 (90b, 91b).	page 54
(90a) line 1	Nsyilxcn	transcription	(mi) John mi xʷuy.	page 54, engine english
(90a) line 2	Nsyilxcn	segmentation	(mi) John mi xʷuy	page 54, engine english
(90a) line 3	Nsyilxcn	gloss	(FUT) John FUT go	page 54, engine english
(90a) line 4	Lottie Lindley, VF, 3/05/12, 10969	translation	‘Maybe John will go.’	page 54, engine english, cited Lottie Lindley, VF, 3/05/12, 10969
(90a) line 5	John Lyon and Marianne Ignace	citation	(Lottie Lindley, VF, 3/05/12, 10969)	page 54, engine residue
footnote 65	John Lyon and Marianne Ignace	note	65 This may or may not be related to the subject pronoun doubling seen in Nsyilxcn cases involving clefted independent pronouns (Lyon 2019).	page 54, footnote
§3.4	John Lyon and Marianne Ignace	note	b. * me7 John me7 nes. Secwepemctsin * me7 John me7 nes FUT John FUT go ‘John will go.’ (Cecilia DeRose) Comment: “re John me7 nes.”	page 54
(91a) line 1	Nsyilxcn	transcription	(mi) anwí mi kʷ ylmíxʷəm.	page 55, engine english
(91a) line 2	Nsyilxcn	segmentation	(mi) anwí mi kʷ ylmíxʷəm	page 55, engine residue
(91a) line 3	Nsyilxcn	gloss	FUT 2SG.INDEP FUT 2SG.SUB chief	page 55, engine english
(91a) line 4	Sarah McLeod, VF, 3/04/12, 10977	translation	‘You will be a chief.’	page 55, engine english, cited Sarah McLeod, VF, 3/04/12, 10977
(91a) line 5	John Lyon and Marianne Ignace	citation	(Sarah McLeod, VF, 3/04/12, 10977)	page 55, engine residue
(91b) line 1	Secwepemctsin	transcription	* me7 newí7 me7 kúkwpi7.	page 55, engine english
(91b) line 2	Secwepemctsin	segmentation	* me7 newí7 me7 kúkwpi7	page 55, engine english
(91b) line 3	Secwepemctsin	gloss	FUT 2SG.INDEP FUT chief	page 55, engine english
(91b) line 4	John Lyon and Marianne Ignace	translation	‘You will be a chief.’	page 55, engine english
(91b) line 5	John Lyon and Marianne Ignace	citation	(Cecilia DeRose)	page 55, engine english
(91b) line 6	John Lyon and Marianne Ignace	speaker comment	Comment: “re newí7 me7 kúkwpi7.”	page 55, engine residue
(91b)	Secwepemctsin	cited form	newí7	in the speaker comment, page 55
(91b)	Secwepemctsin	cited form	kúkwpi7	in the speaker comment, page 55
§3.4	John Lyon and Marianne Ignace	note	This concludes our comparative survey of clause-initial uses of mi and me7.	page 55
§4	John Lyon and Marianne Ignace	heading	4 Summary and conclusion	page 55
§4	John Lyon and Marianne Ignace	note	This paper has compared and contrasted the distributions of Nsyilxcn future marker mi with Secwepemctsin cognate me7 across a range of clefting and clause-initial contexts. The two particles pattern similarly in many contexts, however, a careful examination has uncovered important differences between the two.	page 55
§4	Nsyilxcn	cited affix	kɬ-	page 55
§4	John Lyon and Marianne Ignace	note	Nsyilxcn mi is more restricted in its distribution than Secwepemctsin me7 for reasons that remain unclear, but likely relate to there being other strategies to mark future in Nsyilxcn besides me7, notably prospective ks-, nominal irrealis kɬ-, and modal and adverbially-marked futures. Future mi strongly implies contrastive focus in non-clause-initial position, which leads to pragmatic infelicity in some contexts. The incompatibility of mi with negation in clefting contexts but not linking contexts, along with the ungrammaticality of DP subjects directly following mi and me7 in clefting contexts may suggest that mi and me7-headed clauses are not full CPs here, as opposed to non-clefting contexts. Nsyilxcn mi further exhibits an apparent vP dependency in its clefting use which Secwepemctsin me7 does not, as evidenced by the agentivity requirement. In their clause- initial uses, mi is consistent with causal interpretations whereas me7 is not, and mi can double within the same clause, while me7 cannot.	page 55
§4	John Lyon and Marianne Ignace	note	While the data in this paper should offer much syntactic food for thought, many semantic questions remain. Most obviously, me7 is required for future interpretations in Secwepemctsin, but is certainly not in Nsyilxcn as evidenced for example by the use of bare modal futures. Second of all, neither mi nor me7 are particularly conducive to future-in-the-past interpretations: Nsyilxcn uses ks- prospective nominalizations in such cases, and Secwepemctsin uses goal-directed nominalizations.	page 55
(92a) line 1	Nsyilxcn	transcription	* iʔ kəkəwáp mi siwstx uɬ nx̌iɬ uɬ yalt.	page 55, engine language
(92a) line 2	Nsyilxcn	segmentation	* iʔ kkwáp mi siwst-x uɬ nx̌iɬ uɬ yalt	page 55, engine language
(92a) line 3	Nsyilxcn	gloss	DET dog FUT drink-INTR CONJ afraid CONJ run.away	page 55, engine english
(92a) line 4	Sarah McLeod, 6/11/19, 15482	translation	‘The dog was going to drink, but then it got scared and ran away.’	page 55, engine english, cited Sarah McLeod, 6/11/19, 15482
(92a) line 5	John Lyon and Marianne Ignace	citation	(Sarah McLeod, 6/11/19, 15482)	page 55, engine residue
(92b) line 1	Nsyilxcn	transcription	iʔ kəkəwáp kssíwstaʔx uɬ nx̌iɬ uɬ yalt.	page 56, engine language
(92b) line 2	Nsyilxcn	segmentation	iʔ kkwáp ks-síwst-aʔx uɬ nx̌iɬ uɬ yalt	page 56, engine language
(92b) line 3	Nsyilxcn	gloss	DET dog PROS-drink-INTR CONJ afraid CONJ run.away	page 56, engine english
(92b) line 4	Sarah McLeod, VF, 6/11/19, 15483	translation	‘The dog was going to drink, but then it got scared and ran away.’	page 56, engine english, cited Sarah McLeod, VF, 6/11/19, 15483
(92b) line 5	John Lyon and Marianne Ignace	citation	(Sarah McLeod, VF, 6/11/19, 15483)	page 56, engine residue
(93a) line 1	Secwepemctsin	transcription	* re sqéxe me7 ste7 tek séwllkwe k̓émell m-nexéll te m-t̓ek7ílc.	page 56, engine english, carries footnote 66
(93a) line 2	Secwepemctsin	segmentation	* re sqéxe me7 ste7 tek séwllkwe	page 56, engine english
(93a) line 3	Secwepemctsin	gloss	DET dog FUT drink OBL.IRR water	page 56, engine english
(93a) line 4	Secwepemctsin	segmentation	k̓émell m-nexéll te m-t̓ek7-ílc	page 56, engine english
(93a) line 5	Secwepemctsin	gloss	but PAST-afraid OBL PAST-go.along-AUT	page 56, engine english
(93a) line 6	John Lyon and Marianne Ignace	translation	‘The dog was going to drink, but then it got scared and ran away.’	page 56, engine english
(93a) line 7	John Lyon and Marianne Ignace	citation	(Bridget Dan, 7/6/21)	page 56, engine english
(93b) line 1	Secwepemctsin	transcription	re sqéxe tsut e sté7s k̓émell m-nexéll te m-t̓ek7ílc.	page 56, engine english
(93b) line 2	Secwepemctsin	segmentation	re sqéxe tsut e s-te7-s tek séwllkwe	page 56, engine english
(93b) line 3	Secwepemctsin	gloss	DET dog think IRR.C NMLZ-drink-3POSS OBL.IRR water	page 56, engine english
(93b) line 4	Secwepemctsin	segmentation	k̓émell m-nexéll te m-t̓ek7-ílc	page 56, engine english
(93b) line 5	Secwepemctsin	gloss	but PAST-afraid OBL PAST-go.along-AUT	page 56, engine english
(93b) line 6	John Lyon and Marianne Ignace	translation	‘The dog was going to drink, but then it got scared and ran away.’	page 56, engine english
(93b) line 7	John Lyon and Marianne Ignace	citation	(Bridget Dan, 7/6/21)	page 56, engine english
footnote 66	Secwepemctsin	cited form	sqéxe	page 56
footnote 66	Secwepemctsin	cited form	séwllkwe	page 56
footnote 66	John Lyon and Marianne Ignace	note	66 Bridget Dan indicated that re sqéxe me7 ste7 tek séwllkwe can only mean ‘The dog is going to drink the water’, not ‘The dog was going to drink the water.’	page 56, footnote
§4	John Lyon and Marianne Ignace	note	Both Secwpemctsin goal-directed and Nsyilxcn prospective nominalizations may therefore likely be classified as prospective aspects, as opposed to future tenses.67	page 56
footnote 67	John Lyon and Marianne Ignace	note	67 Secwepemctsin goal-directed nominalizations are more restricted in their distributions than Nsyilxcn prospective nominalizations, the latter of which may for example occur in main or subordinate clauses environments. The following picture emerges:	page 56, footnote
footnote 67 table line 1	John Lyon and Marianne Ignace	note	mi / me7 prospective nominalizations	page 56, heads the columns
footnote 67 table line 2	John Lyon and Marianne Ignace	note	Nsyilxcn special case default future	page 56, Nsyilxcn: mi a special case, prospective nominalizations the default future
footnote 67 table line 3	John Lyon and Marianne Ignace	note	Secwepemctsin default future special case	page 56, Secwepemctsin: me7 the default future, prospective nominalizations a special case
§4	John Lyon and Marianne Ignace	note	In conclusion, we hope that this survey has further clarified grammatical patterns noticed by previous researchers and has accurately elucidated previously undocumented patterns. We also hope that we have provided some insight into some of the syntactic similarities and differences between Nsyilxcn and Secwepemctsin, as neighbouring languages from different sub-branches of Interior Salish, and that our work will spark interest in researchers to carry out further compartive work across Salish languages.	page 56
references	John Lyon and Marianne Ignace	heading	References	page 56
references	John Lyon and Marianne Ignace	reference	First Peoples’ Cultural Council. 2018. Report on the Status of B.C. First Nations Languages, 2018. First Peoples’ Cultural Council, Brentwood Bay, BC.	
references	John Lyon and Marianne Ignace	reference	Gardiner, Dwight. 1993. Structural Asymmetries and Preverbal Positions in Shuswap. PhD Dissertation. Simon Fraser University. Burnaby, BC.	
references	John Lyon and Marianne Ignace	reference	Ignace, Marianne & Ron Ignace. 2017. Secwépemc People, Land, and Laws: Yerí7 Re Stsq'ey's- kucw. McGill – Queens University Press: Montreal, QC and Kingston, ON.	
references	John Lyon and Marianne Ignace	reference	Kroeber, Paul. 1999. The Salish Language Family. University of Nebraska Press: Lincoln, NE.	
references	John Lyon and Marianne Ignace	reference	Kuipers, Aert. 1974. The Shuswap Language: Grammar, Texts, Dictionary. Mouton & Co: The Hague, Netherlands.	
references	John Lyon and Marianne Ignace	reference	Lai, Sandra. 1998. Secwepemctsin Independent Pronouns: Evidence for Subject – Object Assymmetry. In Papers for the 33rd Conference on Salish and Neighbouring Languages.	
references	John Lyon and Marianne Ignace	reference	Lindley, Lottie & John Lyon (ed). 2016. Okanagan Grouse Woman. University of Nebraska Press: Lincoln, NE.	
references	John Lyon and Marianne Ignace	reference	Lyon, John. 2013. Predication and Equation in Okanagan Salish. PhD Dissertation. University of British Columbia. Vancouver, BC.	
references	John Lyon and Marianne Ignace	reference	Lyon, John. 2019. Clitic Distributions and Domains in Okanagan Salish: A Preliminary Study. In: Lisa Matthewson, Erin Guntly, and Michael Rochemont (eds.), Wa7 xweysás i nqwal’utteníha i ucwalmícwa: He Loves the People’s Languages. Essays in Honour of Henry Davis. UBC Occcasional Papers in Linguistics: Vancouver, BC.	
references	John Lyon and Marianne Ignace	reference	Lyon, John. 2020. Re-revisiting Okanagan Sentential Aspect. Presented at the Tense and Aspect in Languages of the Pacific Lab Meeting, June 26, 2020.	
references	John Lyon and Marianne Ignace	reference	Mattina, Anthony. 1973. Colville Grammatical Structures. PhD Dissertation. University of Hawai’i. Manoa, HI.	
references	John Lyon and Marianne Ignace	reference	Mattina, Anthony. 1985. The Golden Woman. University of Arizona Press: Tucson, AZ.	
references	John Lyon and Marianne Ignace	reference	Mattina, Anthony. 1995. Okanagan ks- and kɬ-. In Papers for the 30th International Conference on Salish and Neighboring Languages.	
references	John Lyon and Marianne Ignace	reference	Mattina, Anthony & Nancy Mattina. 1996. Interior Salish to-be and Intentional Forms: A Working Paper. In Papers from the 31st International Conference on Salish and Neighboring Languages.	
references	John Lyon and Marianne Ignace	reference	Mattina, Nancy. 1999. Future In Colville-Okanagan Salish. In Papers for the 34th International Conference on Salish and Neighbouring Languages.	
references	John Lyon and Marianne Ignace	reference	Peterson, Sarah. 2017. Captikʷɬ volumes. Salish School of Spokane, Spokane, WA.	
references	John Lyon and Marianne Ignace	reference	Tollan, Rebecca & Will Oxford. 2017. Distinguishing VoiceP subjects and vP subjects in Algonquian. Presented at the Annual Meeting of the Canadian Linguistic Association.	
appendix	John Lyon and Marianne Ignace	heading	Appendix A Orthographic conversion chart	page 58
Appendix A line 1	John Lyon and Marianne Ignace	note	APA (Nsyilxcn) Practical (Secwepemctsin)	page 58, heads the columns
Appendix A line 2	John Lyon and Marianne Ignace	note	p p	page 58, APA (Nsyilxcn) p, practical (Secwepemctsin) p
Appendix A line 3	John Lyon and Marianne Ignace	note	p̓ p̓	page 58, APA (Nsyilxcn) p̓, practical (Secwepemctsin) p̓
Appendix A line 4	John Lyon and Marianne Ignace	note	m m	page 58, APA (Nsyilxcn) m, practical (Secwepemctsin) m
Appendix A line 5	John Lyon and Marianne Ignace	note	m̓ m̓	page 58, APA (Nsyilxcn) m̓, practical (Secwepemctsin) m̓
Appendix A line 6	John Lyon and Marianne Ignace	note	t t	page 58, APA (Nsyilxcn) t, practical (Secwepemctsin) t
Appendix A line 7	John Lyon and Marianne Ignace	note	t̓(t̓)	page 58, APA (Nsyilxcn) t̓, practical (Secwepemctsin) (t̓)
Appendix A line 8	John Lyon and Marianne Ignace	note	c ts	page 58, APA (Nsyilxcn) c, practical (Secwepemctsin) ts
Appendix A line 9	John Lyon and Marianne Ignace	note	c̓ t̓s	page 58, APA (Nsyilxcn) c̓, practical (Secwepemctsin) t̓s
Appendix A line 10	John Lyon and Marianne Ignace	note	s s	page 58, APA (Nsyilxcn) s, practical (Secwepemctsin) s
Appendix A line 11	John Lyon and Marianne Ignace	note	n n	page 58, APA (Nsyilxcn) n, practical (Secwepemctsin) n
Appendix A line 12	John Lyon and Marianne Ignace	note	n̓ n̓	page 58, APA (Nsyilxcn) n̓, practical (Secwepemctsin) n̓
Appendix A line 13	John Lyon and Marianne Ignace	note	ƛ̓ t̓	page 58, APA (Nsyilxcn) ƛ̓, practical (Secwepemctsin) t̓
Appendix A line 14	John Lyon and Marianne Ignace	note	ɬ ll	page 58, APA (Nsyilxcn) ɬ, practical (Secwepemctsin) ll
Appendix A line 15	John Lyon and Marianne Ignace	note	l l	page 58, APA (Nsyilxcn) l, practical (Secwepemctsin) l
Appendix A line 16	John Lyon and Marianne Ignace	note	l̓l̓	page 58, APA (Nsyilxcn) l̓, practical (Secwepemctsin) l̓
Appendix A line 17	John Lyon and Marianne Ignace	note	k k	page 58, APA (Nsyilxcn) k, practical (Secwepemctsin) k
Appendix A line 18	John Lyon and Marianne Ignace	note	k̓ k̓	page 58, APA (Nsyilxcn) k̓, practical (Secwepemctsin) k̓
Appendix A line 19	John Lyon and Marianne Ignace	note	kʷ kw	page 58, APA (Nsyilxcn) kʷ, practical (Secwepemctsin) kw
Appendix A line 20	John Lyon and Marianne Ignace	note	k̓ʷ k̓w	page 58, APA (Nsyilxcn) k̓ʷ, practical (Secwepemctsin) k̓w
Appendix A line 21	John Lyon and Marianne Ignace	note	x c	page 58, APA (Nsyilxcn) x, practical (Secwepemctsin) c
Appendix A line 22	John Lyon and Marianne Ignace	note	xʷ cw	page 58, APA (Nsyilxcn) xʷ, practical (Secwepemctsin) cw
Appendix A line 23	John Lyon and Marianne Ignace	note	q q	page 58, APA (Nsyilxcn) q, practical (Secwepemctsin) q
Appendix A line 24	John Lyon and Marianne Ignace	note	APA (Nsyilxcn) Practical (Secwepemctsin)	page 58, heads the columns again, over the second half of the chart
Appendix A line 25	John Lyon and Marianne Ignace	note	q̓ q̓	page 58, APA (Nsyilxcn) q̓, practical (Secwepemctsin) q̓
Appendix A line 26	John Lyon and Marianne Ignace	note	qʷ qw	page 58, APA (Nsyilxcn) qʷ, practical (Secwepemctsin) qw
Appendix A line 27	John Lyon and Marianne Ignace	note	q̓ʷ q̓w	page 58, APA (Nsyilxcn) q̓ʷ, practical (Secwepemctsin) q̓w
Appendix A line 28	John Lyon and Marianne Ignace	note	x̌ x	page 58, APA (Nsyilxcn) x̌, practical (Secwepemctsin) x
Appendix A line 29	John Lyon and Marianne Ignace	note	x̌ʷ xw	page 58, APA (Nsyilxcn) x̌ʷ, practical (Secwepemctsin) xw
Appendix A line 30	John Lyon and Marianne Ignace	note	ɣ r	page 58, APA (Nsyilxcn) ɣ, practical (Secwepemctsin) r
Appendix A line 31	John Lyon and Marianne Ignace	note	ɣ̓ r̓	page 58, APA (Nsyilxcn) ɣ̓, practical (Secwepemctsin) r̓
Appendix A line 32	John Lyon and Marianne Ignace	note	ʕ g	page 58, APA (Nsyilxcn) ʕ, practical (Secwepemctsin) g
Appendix A line 33	John Lyon and Marianne Ignace	note	ʕ̓ g̓	page 58, APA (Nsyilxcn) ʕ̓, practical (Secwepemctsin) g̓
Appendix A line 34	John Lyon and Marianne Ignace	note	ʕʷ gw	page 58, APA (Nsyilxcn) ʕʷ, practical (Secwepemctsin) gw
Appendix A line 35	John Lyon and Marianne Ignace	note	ʕ̓ʷ g̓w	page 58, APA (Nsyilxcn) ʕ̓ʷ, practical (Secwepemctsin) g̓w
Appendix A line 36	John Lyon and Marianne Ignace	note	h h	page 58, APA (Nsyilxcn) h, practical (Secwepemctsin) h
Appendix A line 37	John Lyon and Marianne Ignace	note	w w	page 58, APA (Nsyilxcn) w, practical (Secwepemctsin) w
Appendix A line 38	John Lyon and Marianne Ignace	note	w̓ w̓	page 58, APA (Nsyilxcn) w̓, practical (Secwepemctsin) w̓
Appendix A line 39	John Lyon and Marianne Ignace	note	y y	page 58, APA (Nsyilxcn) y, practical (Secwepemctsin) y
Appendix A line 40	John Lyon and Marianne Ignace	note	y̓ y̓	page 58, APA (Nsyilxcn) y̓, practical (Secwepemctsin) y̓
Appendix A line 41	John Lyon and Marianne Ignace	note	ʔ 7	page 58, APA (Nsyilxcn) ʔ, practical (Secwepemctsin) 7
Appendix A line 42	John Lyon and Marianne Ignace	note	a a	page 58, APA (Nsyilxcn) a, practical (Secwepemctsin) a
Appendix A line 43	John Lyon and Marianne Ignace	note	ə e	page 58, APA (Nsyilxcn) ə, practical (Secwepemctsin) e
Appendix A line 44	John Lyon and Marianne Ignace	note	i i	page 58, APA (Nsyilxcn) i, practical (Secwepemctsin) i
Appendix A line 45	John Lyon and Marianne Ignace	note	o o	page 58, APA (Nsyilxcn) o, practical (Secwepemctsin) o
Appendix A line 46	John Lyon and Marianne Ignace	note	u u	page 58, APA (Nsyilxcn) u, practical (Secwepemctsin) u
appendix	John Lyon and Marianne Ignace	heading	Appendix B Glossing abbreviations	page 59
Appendix B line 1	John Lyon and Marianne Ignace	note	Abbreviation Meaning	page 59, heads the columns
Appendix B line 2	John Lyon and Marianne Ignace	note	ABS absent	page 59, ABS: absent
Appendix B line 3	John Lyon and Marianne Ignace	note	APPL applicative transitivizer	page 59, APPL: applicative transitivizer
Appendix B line 4	John Lyon and Marianne Ignace	note	AUT autonomous intransitivizer	page 59, AUT: autonomous intransitivizer
Appendix B line 5	John Lyon and Marianne Ignace	note	BEN benefactive transitivizer	page 59, BEN: benefactive transitivizer
Appendix B line 6	John Lyon and Marianne Ignace	note	BOUL bouletic modal	page 59, BOUL: bouletic modal
Appendix B line 7	John Lyon and Marianne Ignace	note	C complementizer	page 59, C: complementizer
Appendix B line 8	John Lyon and Marianne Ignace	note	CAUS causative transitivizer	page 59, CAUS: causative transitivizer
Appendix B line 9	John Lyon and Marianne Ignace	note	CISL cislocative	page 59, CISL: cislocative
Appendix B line 10	John Lyon and Marianne Ignace	note	CONJ conjunction	page 59, CONJ: conjunction
Appendix B line 11	John Lyon and Marianne Ignace	note	CUST customary/habitual	page 59, CUST: customary/habitual
Appendix B line 12	John Lyon and Marianne Ignace	note	DET determiner	page 59, DET: determiner
Appendix B line 13	John Lyon and Marianne Ignace	note	DIM diminutive	page 59, DIM: diminutive
Appendix B line 14	John Lyon and Marianne Ignace	note	DIR directive transitivizer	page 59, DIR: directive transitivizer
Appendix B line 15	John Lyon and Marianne Ignace	note	EMPH emphatic	page 59, EMPH: emphatic
Appendix B line 16	John Lyon and Marianne Ignace	note	EPIS epistemic modal	page 59, EPIS: epistemic modal
Appendix B line 17	John Lyon and Marianne Ignace	note	ERG ergative	page 59, ERG: ergative
Appendix B line 18	John Lyon and Marianne Ignace	note	EXCL exclusive	page 59, EXCL: exclusive
Appendix B line 19	John Lyon and Marianne Ignace	note	FUT future	page 59, FUT: future
Appendix B line 20	John Lyon and Marianne Ignace	note	IMP imperative	page 59, IMP: imperative
Appendix B line 21	John Lyon and Marianne Ignace	note	INCL inclusive	page 59, INCL: inclusive
Appendix B line 22	John Lyon and Marianne Ignace	note	INCH inchoative	page 59, INCH: inchoative
Appendix B line 23	John Lyon and Marianne Ignace	note	INDEP independent pronoun	page 59, INDEP: independent pronoun
Appendix B line 24	John Lyon and Marianne Ignace	note	INST instrumental	page 59, INST: instrumental
Appendix B line 25	John Lyon and Marianne Ignace	note	Abbreviation Meaning	page 59, heads the columns again
Appendix B line 26	John Lyon and Marianne Ignace	note	INTR intransitivizer	page 59, INTR: intransitivizer
Appendix B line 27	John Lyon and Marianne Ignace	note	INVIS invisible	page 59, INVIS: invisible
Appendix B line 28	John Lyon and Marianne Ignace	note	IPFV imperfective	page 59, IPFV: imperfective
Appendix B line 29	John Lyon and Marianne Ignace	note	IRR irrealis	page 59, IRR: irrealis
Appendix B line 30	John Lyon and Marianne Ignace	note	LOC locative	page 59, LOC: locative
Appendix B line 31	John Lyon and Marianne Ignace	note	MID middle intransitivizer	page 59, MID: middle intransitivizer
Appendix B line 32	John Lyon and Marianne Ignace	note	N noun	page 59, N: noun
Appendix B line 33	John Lyon and Marianne Ignace	note	NEG negative	page 59, NEG: negative
Appendix B line 34	John Lyon and Marianne Ignace	note	NMLZ nominalizer	page 59, NMLZ: nominalizer
Appendix B line 35	John Lyon and Marianne Ignace	note	OBJ object	page 59, OBJ: object
Appendix B line 36	John Lyon and Marianne Ignace	note	OBL oblique marker	page 59, OBL: oblique marker
Appendix B line 37	John Lyon and Marianne Ignace	note	OCC occupational	page 59, OCC: occupational
Appendix B line 38	John Lyon and Marianne Ignace	note	PASS passive	page 59, PASS: passive
Appendix B line 39	John Lyon and Marianne Ignace	note	PL plural	page 59, PL: plural
Appendix B line 40	John Lyon and Marianne Ignace	note	POSS possessive	page 59, POSS: possessive
Appendix B line 41	John Lyon and Marianne Ignace	note	PROS prospective	page 59, PROS: prospective
Appendix B line 42	John Lyon and Marianne Ignace	note	PST past tense marker	page 59, PST: past tense marker
Appendix B line 43	John Lyon and Marianne Ignace	note	RDP reduplication	page 59, RDP: reduplication
Appendix B line 44	John Lyon and Marianne Ignace	note	REP reportative	page 59, REP: reportative
Appendix B line 45	John Lyon and Marianne Ignace	note	RSLT resultive	page 59, RSLT: resultive
Appendix B line 46	John Lyon and Marianne Ignace	note	SBJV subjunctive	page 59, SBJV: subjunctive
Appendix B line 47	John Lyon and Marianne Ignace	note	SUB intransitive subject	page 59, SUB: intransitive subject
Appendix B line 48	John Lyon and Marianne Ignace	note	VIS visible	page 59, VIS: visible
