where	who	kind	form	gloss
front	John Lyon	note	Papers for the International Conference on Salish and Neighbouring Languages 58. D. K. E. Reisinger, Laura Griffin, Gloria Mellesmoen, Sander Nederveen, Julia Schillo, Bailey Trotter (eds.). Vancouver, BC: UBCWPL, 2023.	page 1
front	John Lyon	language	St’át’imcets	St’át’imcets, a Northern Interior Salish language
front	John Lyon	title	Building Statives and Inchoatives in Nsyilxcn*	page 1
front	John Lyon	byline	John Lyon, University of British Columbia – Okanagan	page 1
front	John Lyon	note	Abstract: This paper examines aspectual properties of derived statives and inchoatives built on both adjectival and change-of-state roots, and establishes possible event-structural semantic templates for lexical classes, as well as definitions for the stative and inchoative markers. The goal is to provide a foundation for further work on lexical and sentential aspect. Nsyilxcn shows evidence for a semantic distinction between adjectival and change-of-state roots, as shown by the distribution of two homophonous yet semantically distinct c- prefixes, an imperfective and a stative. Regarding statives, I show that c- derives an unaccusative target state (Kratzer 2000; Davis et al. 2020), and that change-of-state roots must come pre-specified with both stative and event arguments. This analysis of change-of-state roots differs from that advanced by Davis (2021) for St’át’imcets Salish, and raises interesting questions regarding possible semantic variation across Salish at the root level. Nsyilxcn supports an ontological approach to root semantics (Rappaport Hovav & Levin 1998), and speaks against Embick’s (2009) Bifurcation Thesis.	page 1
front	John Lyon	note	Keywords: statives, inchoatives, event structure, aspect, semantics, Interior Salish	page 1
front	John Lyon	name	John Lyon	author, University of British Columbia – Okanagan
§1	John Lyon	heading	1 Introduction	page 1
§1.1	John Lyon	heading	1.1 Language information	page 1
§1.1	John Lyon	note	Nsyilxcn (a.k.a. Okanagan, ISO: 639-3) is a Southern Interior Salish language spoken in south- central British Columbia, and the northern interior of Washington State. There are approximately 81 fluent elder speakers on the Canadian side of the border (FPCC 2022) and likely fewer on the American side. The examples in this paper come primarily from Delphine Derickson Armstrong (Westbank reserve) with whom I have worked since 2022, as well as from Upper Nicola elders twi- Lottie Lindley and Sarah McLeod, with whom I worked between 2009 and 2016. Additional examples come from materials published by Anthony and Nancy Mattina.	page 1
§1.1	John Lyon	name	Nancy Mattina	whose published Nsyilxcn materials give some examples
§1.1	John Lyon	name	Anthony Mattina	whose published Nsyilxcn materials give some examples
§1.2	John Lyon	heading	1.2 Summary	page 1
§1.2	John Lyon	language	Skwxwú7mesh	Skwxwú7mesh, a Central Salish language
§1.2	John Lyon	language	SENĆOŦEN	SENĆOŦEN, a Northern Straits Salish language
§1.2	John Lyon	language	St’át’imcets	St’át’imcets, a Northern Interior Salish language
§1.2	John Lyon	language	ʔayʔaǰuθəm	ʔayʔaǰuθəm, a Central Salish language
footnote *	John Lyon	note	* Many thanks go to Delphine Derickson Armstrong of Westbank reserve, without whom none of this work would have been possible. Thanks also to twi-Lottie Lindley and Sarah McLeod of Quilchena. talíʔ kʷu kʷukstp! Límləmt to my research assistants Hailey Causton, Tish Elkink, and Ashley Gregoire. This work has been funded through SSHRC IDG 430-2022-00827, and supported by the En’owkin Centre. Contact: john.lyon@ubc.ca	page 1, footnote
footnote *	John Lyon	name	Ashley Gregoire	research assistant, thanked
footnote *	John Lyon	name	Tish Elkink	research assistant, thanked
footnote *	John Lyon	name	Hailey Causton	research assistant, thanked
footnote *	John Lyon	name	Sarah McLeod	an Upper Nicola elder of Quilchena, a speaker the author worked with between 2009 and 2016
footnote *	John Lyon	name	twi-Lottie Lindley	an Upper Nicola elder of Quilchena, a speaker the author worked with between 2009 and 2016
footnote *	John Lyon	name	Delphine Derickson Armstrong	the speaker of Westbank reserve who gave most of the examples, with whom the author has worked since 2022
footnote *	Nsyilxcn	cited form	talíʔ	page 1, in talíʔ kʷu kʷukstp!, the author's thanks to the speakers, talíʔ ‘very’ as (18a) glosses it
footnote *	Nsyilxcn	cited form	kʷu	page 1, in talíʔ kʷu kʷukstp!, the author's thanks to the speakers
footnote *	Nsyilxcn	cited form	kʷukstp	page 1, in talíʔ kʷu kʷukstp!, the author's thanks to the speakers
footnote *	Nsyilxcn	cited form	Límləmt	page 1, the author's thanks to the research assistants
footnote *	John Lyon	name	En’owkin	page 1, the En’owkin Centre, which supported the work
§1.2	John Lyon	note	This paper examines the aspectual properties of adjectives and change-of-state (CoS) roots, specifically semantic interactions between roots, stativity, imperfectivity, and inchoativity, with the aim of establishing a root-level semantics in order to provide a firm basis for further aspectual work. This research complements previous aspectual studies by N. Mattina (1996) and A. Mattina (1993) for Nsyilxcn, as well as aspectual work in other Salish languages (Bar-el 2005 for Skwxwú7mesh; Kiyota 2008 for SENĆOŦEN; Davis et al. 2020 for St’át’imcets and ʔayʔaǰuθəm). This study also provides insight into the event structure of verbal roots and how this might vary across Salish, as well as having implications for semantic theories of lexical roots and how they relate to event structure.	page 1
§1.2	John Lyon	note	The study finds that there are two, homophonous c- prefixes in Nsyilxcn: an imperfective marker and a stative marker. Imperfective c- is not category-specific: it attaches to all eventive predicates (those with an e argument, formally speaking). This eventive class includes stage-level adjectives, and inchoativized predicates formed from adjectival, nominal, and verbal roots.1 Stative c- has cognates across Northern Interior Salish, and while it is likely the historical source of imperfective c-, it is semantically distinct and category-specific, attaching only to verbal, change- of-state roots, and yielding an unaccusative target state (Kratzer 2000). I show that imperfective c- and stative c- are sensitive to differences in the semantics of lexical roots: whereas stage-level adjectives and inchoativized predicates are properties of events (Kratzer 1989), CoS roots are properties of both a transitional event, and a resulting state. This approach converges with Kratzer’s (2000) analysis of German target states, and shares some similarities with Beavers and Koontz- Garboden’s (2020) analysis of English CoS roots (Yu et al. 2023).	page 2
§1.2	John Lyon	note	Because stative c- attaches only to CoS roots, the idea that roots are categorially specified is supported (Davis 2021), however, I claim that there must be a semantic distinction made between CoS roots and adjectival roots in addition to a categorial distinction. Primary evidence for this comes from two areas. First, CoS roots cannot occur in the imperfective without first being inchoativized or undergoing other derivational processes, while S-level adjectives and other eventive predicate types can take the imperfective in their base forms. If CoS roots, as verbal roots, were only properties of events, they should be able to occur in the imperfective similarly to S-level adjectives and other eventive predicates in Nsyilxcn (and similarly to CoS roots in St’át’imcets). Second, stativized CoS roots may co-occur with instrumental nominals which reference a causing event (N. Mattina 1996; Davis & Demirdache 1997), while homogenous adjectives cannot. I show that for Nsyilxcn, the causing event must be present in the underlying representation of a CoS root (Kratzer 2000) rather than introduced by a stativizer (Embick 2009).	page 2
§1.2	John Lyon	note	Nsyilxcn differs from other Salish languages such as St’át’imcets (Davis 2021; Lyon & Davis 2022) in that unaccusative CoS roots may not be used in bare form. The reason for this, I claim, is that although CoS roots are pre-equipped with both event and state argument positions (Beavers & Koontz-Garboden 2020; Yu et al. 2023), they themselves entail neither an event nor a resulting state, and are hence underspecified without further derivation. The inchoative is necessary to foreground the event argument, and background a resulting state argument in CoS roots (by existential closure of the s variable), while stative c- has the opposite effect: it backgrounds the event argument (by existential closure of the e variable), and foregrounds the resulting state (Kratzer 2000; Burton & Davis 1996 for St’át’imcets).	page 2
§1.2	John Lyon	note	This analysis correctly predicts (i) the absence of underived CoS roots in natural speech, (ii) the complementary distribution of stative c- and inchoative marking, and (iii) that the imperfective will apply to an inchoative predicate, as a property of events, but not a stative predicate, as a property of states.	page 2
footnote 1	John Lyon	note	1 IPFV c- also attaches to activities and transitive causatives, though these are not discussed in this paper.	page 2, footnote
§1.2	John Lyon	note	St’át’imcets Salish provides an interesting point of contrast in at least three other respects: First, the imperfective auxiliary wa7 can apply not only to bare CoS roots, but also to stativized CoS predicates, as well as adjectives. Because CoS roots and adjectives pattern together in this respect, there is less evidence for an analysis of CoS roots in St’át’imcets as encoding an event as well as a resulting state, which supports Davis’ (2021) analysis of CoS roots as encoding only an event transition. Seen from a different angle, St’át’imcets stative es- may be analyzed as introducing a resulting state variable to a CoS root (supporting an Embick 2009-style approach), rather than these roots coming pre-specified with a stative argument (Kratzer 2000). Because Nsyilxcn and St’át’imcets CoS roots, though both unaccusative, appear to differ semantically in this respect, the ‘unaccusativity hypothesis’ (Perlmutter 1978; Davis 1997) must accommodate some degree of variation. Second, while Davis et al. (2020) show that St’át’imcets es- derives a resultant state, I show Nsyilxcn cognate stative prefix c- derives a target state (Kratzer 2000), which raises questions regarding the semantic evolution of the prefix, and why Salish languages vary in this respect. Third, the fact that imperfective wa7 can target both resultant states and adjectives in St’át’imcets suggests that both are ontologically stative, again in contrast to Nsyilxcn, where target states do not occur in the imperfective, but adjectives do. This raises questions relating to target versus resultant stativity (Kratzer 2000), the compatibility of states with imperfectivity, and the ontological status of states. Overall, Nsyilxcn supports an ontological approach to event structure, which holds that roots fall into different semantic classes and that this accounts for their distribution (Rappaport Hovav & Levin 1998), as opposed to a free distribution approach (Borer 2005): Nsyilxcn adjectives are ontologically distinct from CoS roots, and their different distributions follow as a result. Nsyilxcn also provides evidence against the Bifurcation Thesis for Roots (Embick 2009), which holds that event templates may not introduce event structural components which are independently found in lexical roots: the Nsyilxcn inchoative marker introduces a CoS BECOME predicate (Dowty 1979) to adjectives, despite the fact that BECOME is independently found in CoS roots. Nsyilxcn also supports a more abstract version of recent approaches to English CoS roots (Beavers & Koontz- Garboden 2022; Yu et al. 2023), though the empirical tests used to establish ontological classes are quite different.2	page 2
§1.3	John Lyon	heading	1.3 Outline	page 3
footnote 2	John Lyon	note	2 English-style resultative constructions (e.g., John wiped the table clean) are not possible in Nsyilxcn, because the manner and result components lexicalize into single verbs. For example, ‘I broke the box open’ was translated as k̓ɬk̓ʷƛ̓ípn iʔ knəxnáx (Delphine Derickson Armstrong, VF), where the transitive verb stem k̓ɬk̓ʷƛ̓ip(nt)- carries the entire meaning ‘to break open’.	page 3, footnote
footnote 2	Nsyilxcn	cited form	k̓ɬk̓ʷƛ̓ípn	page 3
footnote 2	Nsyilxcn	cited form	iʔ	page 3
footnote 2	Nsyilxcn	cited form	knəxnáx	page 3
footnote 2	Nsyilxcn	cited affix	k̓ɬk̓ʷƛ̓ip(nt)-	page 3
§1.3	John Lyon	note	The paper is structured as follows: In Section 2, I examine semantic differences between individual- level adjectives, stage-level adjectives, and change-of-state (CoS) roots, both with and without c- prefixes, and show that the imperfective attaches to S-level adjectives but not I-level adjectives or CoS roots, while stative c- attaches only to CoS roots. Primary evidence for a separate stative c- prefix comes from the absence of habitual readings in statives, and the ability of statives to co- occur with instrument-denoting nominals. I analyze stative c- as backgrounding the event transition of a CoS root, and foregrounding a resulting target state, following Kratzer’s (2000) analysis of target states in German (see also Burton & Davis 1996; Davis et al. 2020; Beavers & Koontz- Garboden 2020). I then propose a semantics for adjectives, CoS roots, and the stative marker which derives the available readings, as well as the inability for CoS roots to be used in bare form. In Section 3, I examine the distribution and semantic effects of inchoativity. The inchoative in Nsyilxcn is category neutral, attaching to adjectives, nouns, and CoS roots which have not been stativized. It introduces an event transition and an entailed resulting state to homogenous adjectival predicates, while in verbal, CoS roots, it closes an underlying state variable. The inchoative thus has an effect essentially opposite to that of stative c-: it foregrounds the event transition and backgrounds the resulting state (Yu et al. 2023). This analysis, or one similar, is shown to be necessary from the fact that imperfective c- always targets the event transition in inchoative predicates, resulting in an in-process, non-culminative (or habitual) reading which contrasts with culminative readings found in plain inchoatives.	page 3
§1.3	John Lyon	language	St’át’imcets	St’át’imcets, a Northern Interior Salish language
§1.3	John Lyon	note	In Section 4, I briefly compare Nsyilxcn and St’át’imcets statives, and suggest a different analysis for St’át’imcets, which unlike Nsyilxcn, does utilize bare unaccusative CoS roots. I briefly discuss possible historical reasons for this variation within Salish.	page 4
§1.3	John Lyon	note	In Section 5, I discuss the relevance of this work for Salish linguistics and the wider theoretical literature in some detail and conclude.	page 4
§2	John Lyon	heading	2 Statives and imperfectivity	page 4
§2	John Lyon	note	This section discusses differences between adjectival and CoS roots with respect to c- prefixation. These differences show that there are two separate aspectual c- prefixes: imperfective c- attaches to adjectives, while stative c- attaches to CoS roots. Stative c- derives a target state with CoS roots.	page 4
§2.1	John Lyon	heading	2.1 Adjectives	page 4
§2.1	Nsyilxcn	cited form	mur	page 4, ‘smooth’
§2.1	Nsyilxcn	cited form	x̌aʕl	page 4, ‘light’
§2.1	Nsyilxcn	cited form	yus	page 4, ‘dark’
§2.1	Nsyilxcn	cited form	piq	page 4, ‘white’
§2.1	Nsyilxcn	cited form	c̓uy	page 4, ‘dark’
§2.1	Nsyilxcn	cited form	təɬtáɬt	page 4, ‘straight, true’
§2.1	Nsyilxcn	cited form	x̌ʷupt	page 4, ‘weak’
§2.1	Nsyilxcn	cited form	ʔilxʷt	page 4, ‘hungry’
§2.1	John Lyon	note	Adjectives in Nsyilxcn only sometimes take the form of bare CV(C)C roots (e.g., mur ‘smooth’, x̌aʕl ‘light’, yus ‘dark’, piq ‘white’, c̓uy ‘dark’) but they more typically involve C1C2 characterizing reduplication (e.g., təɬtáɬt ‘straight, true’). Adjectives often end with a -t suffix (e.g., x̌ʷupt ‘weak’, ʔilxʷt ‘hungry’) which has been analyzed historically as a ‘stative’ suffix, but is not synchronically productive (N. Mattina 1996).3 Adjectives have default present tense readings, and may be characterized as homogenous states, having neither an inherent initial nor final point (N. Mattina 1996; Kiyota 2008). They encode neither a transition nor an event culmination. Examples of adjectives are given in (1).4,5	page 4
(1a) line 1	Nsyilxcn	transcription	t̓íkʷəlqʷ iʔ sqəltmíxʷ.	page 4, pairs
(1a) line 2	Nsyilxcn	gloss	tall DET man	page 4, pairs
(1a) line 3	Delphine Derickson Armstrong	translation	‘The man is tall.’	page 4, pairs
(1a) line 3	John Lyon	citation	(VF | Delphine Derickson Armstrong)	the tag or source at the right of the translation
(1b) line 1	Nsyilxcn	segmentation	nk̓əwpíls i-stəmtímaʔ.	page 4, pairs
(1b) line 2	Nsyilxcn	gloss	lonely 1SG.POSS-maternal.grandmother	page 4, pairs
(1b) line 3	Delphine Derickson Armstrong	translation	‘My grandmother is lonesome.’	page 4, pairs
(1b) line 3	John Lyon	citation	(Delphine Derickson Armstrong)	the tag or source at the right of the translation
(1c) line 1	Nsyilxcn	segmentation	təłtáłt iʔ s-c-qʷəlqʷílt-s.	page 5, pairs
(1c) line 2	Nsyilxcn	gloss	straight DET NMLZ-STAT-speak-3POSS	page 5, pairs
(1c) line 3	Delphine Derickson Armstrong	translation	‘His words are true.’	page 5, pairs
(1c) line 3	John Lyon	citation	(Delphine Derickson Armstrong)	the tag or source at the right of the translation
(1d) line 1	Nsyilxcn	transcription	lut t̓ x̌ʷupt iʔ pəptwínaʔxʷ.	page 5, pairs
(1d) line 2	Nsyilxcn	gloss	NEG NEG.FAC weak DET old.woman	page 5, pairs
(1d) line 3	Delphine Derickson Armstrong	translation	‘The old lady isn’t weak.’	page 5, pairs
(1d) line 3	John Lyon	citation	(VF | Delphine Derickson Armstrong)	the tag or source at the right of the translation
(1e) line 1	Nsyilxcn	transcription	k̓ʷəck̓ʷáct iʔ sqəltmíxʷ.	page 5, pairs
(1e) line 2	Nsyilxcn	gloss	strong DET man	page 5, pairs
(1e) line 3	Delphine Derickson Armstrong	translation	‘The man is strong.’	page 5, pairs
(1e) line 3	John Lyon	citation	(Delphine Derickson Armstrong)	the tag or source at the right of the translation
(1f) line 1	Nsyilxcn	segmentation	t̓i piq iʔ smik̓ʷt, taɬt píq-laʔxʷ.	page 5, pairs
(1f) line 2	Nsyilxcn	gloss	EMPH white DET snow straight white-land	page 5, pairs
(1f) line 3	Delphine Derickson Armstrong	translation	‘The ground is all white.’	page 5, pairs
(1f) line 3	John Lyon	citation	(VF | Delphine Derickson Armstrong)	the tag or source at the right of the translation
(1g) line 1	Nsyilxcn	transcription	axáʔ nʕast t knəxnáx.	page 5, pairs
(1g) line 2	Nsyilxcn	gloss	this heavy OBL box	page 5, pairs
(1g) line 3	Delphine Derickson Armstrong	translation	‘The box is heavy.’	page 5, pairs
(1g) line 3	John Lyon	citation	(Delphine Derickson Armstrong)	the tag or source at the right of the translation
(1h) line 1	Nsyilxcn	transcription	ʔilxʷt iʔ kəkwáp.	page 5, pairs
(1h) line 2	Nsyilxcn	gloss	hungry DET dog	page 5, pairs
(1h) line 3	Delphine Derickson Armstrong	translation	‘The dog is hungry.’	page 5, pairs
(1h) line 3	John Lyon	citation	(Delphine Derickson Armstrong)	the tag or source at the right of the translation
(1i) line 1	Nsyilxcn	transcription	c̓uy.	page 5, pairs
(1i) line 2	Nsyilxcn	gloss	dark	page 5, pairs
(1i) line 3	Delphine Derickson Armstrong	translation	‘It’s really dark.’	page 5, pairs
(1i) line 3	John Lyon	citation	(VF | Delphine Derickson Armstrong)	the tag or source at the right of the translation
(1j) line 1	Nsyilxcn	transcription	k̓íwəlx iʔ kəkwáp.	page 5, pairs
(1j) line 2	Nsyilxcn	gloss	old DET dog	page 5, pairs
(1j) line 3	twi-Lottie Lindley	translation	‘The dog is old.’	page 5, pairs
(1j) line 3	John Lyon	citation	(VF | twi-Lottie Lindley)	the tag or source at the right of the translation
(1k) line 1	Nsyilxcn	transcription	ɬʕát̓.	page 5, pairs
(1k) line 2	Nsyilxcn	gloss	wet	page 5, pairs
(1k) line 3	Delphine Derickson Armstrong	translation	‘It’s wet.’	page 5, pairs
(1k) line 3	John Lyon	citation	(Delphine Derickson Armstrong)	the tag or source at the right of the translation
(1l) line 1	Nsyilxcn	transcription	kn sult ʕapnáʔ.	page 5, pairs
(1l) line 2	Nsyilxcn	gloss	1SG.SUBJ frozen now	page 5, pairs
(1l) line 3	twi-Lottie Lindley and Sarah McLeod	translation	‘I am frozen now.’	page 5, pairs
(1l) line 3	John Lyon	citation	(twi-Lottie Lindley, Sarah McLeod)	the tag or source at the right of the translation
footnote 3	John Lyon	note	3 -t in fact loosely correlates with the availability of a zero-inchoative interpretation, as I discuss in places.	page 4, footnote
footnote 4	John Lyon	note	4 To aid the reader, words under discussion are shown in bold. This does not indicate prosodic prominence.	page 4, footnote
footnote 5	John Lyon	note	5 Gloss abbreviations used in this paper are as follows: ADJT – adjunct; C – complementizer; C2 – final reduplication; CAUS – causative transitivizer; CISL – cislocative; CONT – continuative; DET – determiner; DIR – directive transitivizer; DUB – dubitative; EMPH – emphatic; EPIS – epistemic; ERG – ergative subject; EVID – evidential; FAC – factual; FUT – future; INCH – inchoative; INDP – independent; IPFV – imperfective; LOC – locative; MID – middle; NEG – negative; NMLZ – nominalizer; OBL – oblique; PL – plural; POSS – possessive; SG – singular; STAT – stative; SUBJ – intransitive subject.	page 4, footnote
§2.1.1	John Lyon	heading	2.1.1 The individual/stage-level distinction	page 5
§2.1.1	John Lyon	note	Nsyilxcn adjectives may be described as individual-level (I-level) or stage-level (S-level) (Carlson 1977). One diagnostic that teases apart the two classes is whether an adjective can occur with imperfective c- or not (Lyon 2010). I-level adjectives and nouns may not take c- (2), while S-level adjectives may (3).6,7 Fluent speakers indicate that attaching c- to an I-level state makes it sound as if the property is temporary, which results in pragmatic infelicity. The semantic difference between an imperfective, c- prefixed adjective and a bare one is sometimes subtle out-of-the-blue.	page 5
(2a) line 1	Nsyilxcn	segmentation	* t̓i c-piq iʔ smik̓ʷt. ← t̓i piq iʔ smik̓ʷt.	page 6, pairs
(2a) line 2	Nsyilxcn	gloss	EMPH IPFV-white DET snow	page 6, pairs
(2a) line 3	Delphine Derickson Armstrong	translation	‘The snow is white.’	page 6, pairs
(2a) line 3	John Lyon	citation	(Delphine Derickson Armstrong)	the tag or source at the right of the translation
(2b) line 1	Nsyilxcn	segmentation	* c-t̓ikʷəlqʷ iʔ sqəltmíxʷ. ← t̓íkʷəlqʷ iʔ sqəltmíxʷ.	page 6, pairs
(2b) line 2	Nsyilxcn	gloss	IPFV-tall DET man	page 6, pairs
(2b) line 3	Delphine Derickson Armstrong	translation	‘The man is tall.’	page 6, pairs
(2b) line 3	John Lyon	citation	(Delphine Derickson Armstrong)	the tag or source at the right of the translation
(2c) line 1	Nsyilxcn	segmentation	* c-k̓ʷəck̓ʷáct iʔ sqəltmíxʷ. ← k̓ʷəck̓ʷáct iʔ sqəltmíxʷ.	page 6, pairs
(2c) line 2	Nsyilxcn	gloss	IPFV-strong DET man	page 6, pairs
(2c) line 3	Delphine Derickson Armstrong	translation	‘The man is strong.’	page 6, pairs
(2c) line 3	John Lyon	citation	(Delphine Derickson Armstrong)	the tag or source at the right of the translation
(2d) line 1	Nsyilxcn	segmentation	* c-təłtáłt iʔ s-c-qʷəlqʷílt-s. ← təłtáłt iʔ scqʷəlqʷílts.	page 6, pairs
(2d) line 2	Nsyilxcn	gloss	IPFV-straight DET NMLZ-STAT-speak-3POSS	page 6, pairs
(2d) line 3	Delphine Derickson Armstrong	translation	‘His words are true.’	page 6, pairs
(2d) line 3	John Lyon	citation	(Delphine Derickson Armstrong)	the tag or source at the right of the translation
(2e) line 1	Nsyilxcn	segmentation	* iʔ xƛ̓ut t̓i c-k̓ʕay, taɬt t̓əst̓ʕást. ← iʔ xƛ̓ut t̓i k̓ʕay, taɬt t̓əst̓ʕást.	page 6, pairs
(2e) line 2	Nsyilxcn	gloss	DET rock EMPH IPFV-hard straight solid	page 6, pairs
(2e) line 3	Delphine Derickson Armstrong	translation	‘The rock is hard, it is really solid.’	page 6, pairs
(2e) line 3	John Lyon	citation	(Delphine Derickson Armstrong)	the tag or source at the right of the translation
(2f) line 1	Nsyilxcn	segmentation	* kn c-sqəltmíxʷ. ← kn sqəltmíxʷ.	page 6, pairs
(2f) line 2	Nsyilxcn	gloss	1SG.ABS IPFV-man	page 6, pairs
(2f) line 3	twi-Lottie Lindley	translation	‘I am a man.’	page 6, pairs
(2f) line 3	John Lyon	citation	(twi-Lottie Lindley)	the tag or source at the right of the translation
(3a) line 1	Nsyilxcn	segmentation	c-ʔilxʷt iʔ kəkwáp, aɬíʔ lut t̓a c-ʔəm•ám.	page 6, pairs
(3a) line 2	Nsyilxcn	gloss	IPFV-hungry DET dog because NEG NEG.FAC IPFV-feed•C2.INCH	page 6, pairs
(3a) line 3	Delphine Derickson Armstrong	translation	‘The dog is hungry because it doesn’t get fed.’	page 6, pairs
(3a) line 3	John Lyon	citation	(VF | Delphine Derickson Armstrong)	the tag or source at the right of the translation
(3b) line 1	Nsyilxcn	segmentation	c-nk̓əwpíls ixíʔ t sqəltmíxʷ.	page 6, pairs
(3b) line 2	Nsyilxcn	gloss	IPFV-lonely that OBL man	page 6, pairs
(3b) line 3	twi-Lottie Lindley	translation	‘That’s a lonely man.’	page 6, pairs
(3b) line 3	John Lyon	citation	(VF | twi-Lottie Lindley)	the tag or source at the right of the translation
(3c) line 1	Nsyilxcn	segmentation	k̓ík̓əm c-ʕimt iʔ sqəltmíxʷ.	page 7, pairs
(3c) line 2	Nsyilxcn	gloss	almost IPFV-angry DET man	page 7, pairs
(3c) line 3	twi-Lottie Lindley	translation	‘The man was almost mad.’	page 7, pairs
(3c) line 3	John Lyon	citation	(twi-Lottie Lindley)	the tag or source at the right of the translation
(3d) line 1	Nsyilxcn	segmentation	lut pənʔkín kn t̓ c-ntils kn c-k̓íwəlx.	page 7, pairs
(3d) line 2	Nsyilxcn	gloss	NEG when 1SG.SUBJ NEG.FAC IPFV-think 1SG.SUBJ IPFV-old	page 7, pairs
(3d) line 3	Delphine Derickson Armstrong	translation	‘I never thought I’d get old.’	page 7, pairs
(3d) line 3	John Lyon	citation	(VF | Delphine Derickson Armstrong)	the tag or source at the right of the translation
(3e) line 1	Nsyilxcn	segmentation	axáʔ c-nʕast t knəxnáx.	page 7, pairs
(3e) line 2	Nsyilxcn	gloss	this IPFV-heavy OBL box	page 7, pairs
(3e) line 3	Delphine Derickson Armstrong	translation	‘This is a heavy box.’	page 7, pairs
(3e) line 3	John Lyon	citation	(Delphine Derickson Armstrong)	the tag or source at the right of the translation
footnote 6	John Lyon	note	6 c- has been labelled as an ‘actual’ prefix (A. Mattina 1973), though I analyze it as an imperfective, following A. Mattina (1998), Dunham (2011), and Lyon (2021). Imperfective c- closely follows the pattern of imperfective wa7 in St’át’imcets, as opposed to stative es-, which may not attach to adjectives (Davis, in prep). See also Kiyota (2008) for similar distributions of the imperfective in SENĆOŦEN.	page 6, footnote
§2.1.1	John Lyon	language	St’át’imcets	St’át’imcets, a Northern Interior Salish language
footnote 6	John Lyon	language	SENĆOŦEN	SENĆOŦEN, a Northern Straits Salish language
footnote 7	John Lyon	note	7 Though nouns do not take the imperfective, a prefix c- does apply to articles of clothing, contributing a meaning of ‘to wear’ or ‘to have’. For example, kn c-qʷácqn ‘I have a hat on’ (A. Mattina 1993) and kn c- npəptaw̓sqn ‘I have a toque on’ (Delphine Derickson Armstrong, VF), but not *kn c-stáɬəm ‘I have a boat’ which instead requires the prefix k(ɬ)- ‘to have’, as in kn k-stáɬəm ‘I have a boat’ (Delphine Derickson Armstrong). This use of c- seems more related to stative c- than the imperfective, however, more work is required here. Burton and Davis (1996) discuss a similar use of St’át’imcets stative es-.	page 6, footnote
footnote 7	Nsyilxcn	cited form	c-qʷácqn	page 6, ‘I have a hat on’
footnote 7	Nsyilxcn	cited form	npəptaw̓sqn	page 6, ‘I have a toque on’
footnote 7	Nsyilxcn	cited form	c-stáɬəm	page 6, ‘I have a boat’
footnote 7	Nsyilxcn	cited affix	k(ɬ)-	page 6, ‘to have’
footnote 7	Nsyilxcn	cited form	k-stáɬəm	page 6, ‘I have a boat’
§2.1.1	John Lyon	language	Secwepemctsín	Secwepemctsín, a Northern Interior Salish language, page 7, before footnote mark 8
§2.1.1	John Lyon	note	Next, I-level states can be modifiers in Complex Nominal Predicates (CNPs) (4), while unprefixed S-level adjectives cannot (5) (Lyon 2010; see Davis et al. 1997 for St’át’imcets and Secwepemctsín).8 S-level states may however function as CNP modifiers if they are prefixed by imperfective c- (6).9,10 The brackets below indicate CNP structures.	page 7
(4a) line 1	Nsyilxcn	segmentation	[təɬtáɬt t ylmíxʷəm].	page 7, pairs
(4a) line 2	Nsyilxcn	gloss	straight OBL chief	page 7, pairs
(4a) line 3	twi-Lottie Lindley	translation	‘He is a straight-forward chief.’	page 7, pairs
(4a) line 3	John Lyon	citation	(twi-Lottie Lindley)	the tag or source at the right of the translation
(4b) line 1	Nsyilxcn	segmentation	kʷ [k̓ʷəck̓ʷáct t sqəltmíxʷ].	page 7, pairs
(4b) line 2	Nsyilxcn	gloss	2SG.SUBJ strong OBL man	page 7, pairs
(4b) line 3	twi-Lottie Lindley	translation	‘You are a strong man.’	page 7, pairs
(4b) line 3	John Lyon	citation	(twi-Lottie Lindley)	the tag or source at the right of the translation
(4c) line 1	Nsyilxcn	segmentation	kn [sílxʷaʔ t sqəltmíxʷ].	page 7, pairs
(4c) line 2	Nsyilxcn	gloss	1SG.SUBJ big OBL man	page 7, pairs
(4c) line 3	twi-Lottie Lindley	translation	‘I am a big man.’	page 7, pairs
(4c) line 3	John Lyon	citation	(Vf | twi-Lottie Lindley)	the tag or source at the right of the translation
(4d) line 1	Nsyilxcn	segmentation	[qʷənqʷín t c̓ʕán̓c̓ən̓] i-s-c-wík.	page 7, pairs
(4d) line 2	Nsyilxcn	gloss	green OBL grasshopper 1SG.SUBJ-NMLZ-STAT-see	page 7, pairs
(4d) line 3	twi-Lottie Lindley	translation	‘What I saw were green grasshoppers.’	page 7, pairs
(4d) line 3	John Lyon	citation	(Vf | twi-Lottie Lindley)	the tag or source at the right of the translation
(5a) line 1	Nsyilxcn	segmentation	* [qʷím̓•əm̓ t sqəltmíxʷ].	page 7, pairs
(5a) line 2	Nsyilxcn	gloss	startled•C2.INCH OBL man	page 7, pairs
(5a) line 3	twi-Lottie Lindley	translation	‘He is a frightened man.’	page 7, pairs
(5a) line 3	John Lyon	citation	(twi-Lottie Lindley)	the tag or source at the right of the translation
(5b) line 1	Nsyilxcn	segmentation	* [nk̓əwpíls t sqəltmíxʷ].	page 8, pairs
(5b) line 2	Nsyilxcn	gloss	lonely OBL man	page 8, pairs
(5b) line 3	twi-Lottie Lindley	translation	‘That’s a lonely man.’	page 8, pairs
(5b) line 3	John Lyon	citation	(twi-Lottie Lindley)	the tag or source at the right of the translation
(5c) line 1	Nsyilxcn	segmentation	* kn [ʔilxʷt t sqəltmíxʷ].	page 8, pairs
(5c) line 2	Nsyilxcn	gloss	1SG.SUBJ hungry OBL man	page 8, pairs
(5c) line 3	twi-Lottie Lindley	translation	‘I am a hungry man.’	page 8, pairs
(5c) line 3	John Lyon	citation	(twi-Lottie Lindley)	the tag or source at the right of the translation
(5d) line 1	Nsyilxcn	segmentation	* kn [limt t sqəltmíxʷ].	page 8, pairs
(5d) line 2	Nsyilxcn	gloss	1SG.SUBJ happy OBL man	page 8, pairs
(5d) line 3	twi-Lottie Lindley	translation	‘I am a happy man.’	page 8, pairs
(5d) line 3	John Lyon	citation	(twi-Lottie Lindley)	the tag or source at the right of the translation
(5e) line 1	Nsyilxcn	segmentation	* talíʔ [paʔpaʔsílx t sqəltmíxʷ].	page 8, pairs
(5e) line 2	Nsyilxcn	gloss	very worried OBL man	page 8, pairs
(5e) line 3	twi-Lottie Lindley	translation	‘He is a worried man.’	page 8, pairs
(5e) line 3	John Lyon	citation	(twi-Lottie Lindley)	the tag or source at the right of the translation
footnote 8	John Lyon	note	8 I-level states in a CNP structure are attributive (non-intersective) modifiers of a noun. (Davis et al. 1997). Examples enclosed entirely in brackets have null absolutive 3rd person subjects.	page 7, footnote
footnote 9	John Lyon	note	9 The form in (5a) is an inchoative S-level adjective, while the remainder in (5) are homogenous S-level adjectives.	page 7, footnote
footnote 10	John Lyon	note	10 The CNP pattern might suggest that imperfective c- has the effect of converting an S-level state into an I- level state (Lyon 2010). One issue, however, is that stative c- prefixed, target statives (see Section 2.2.3) can also occur as CNP modifiers. Overall, what may qualify a predicate to be a CNP modifier is that it denotes an eventuality, but one which is aspectually inert. Imperfective adjectival modifiers within a CNP, specifically, have their event variables existentially closed.	page 7, footnote
(6a) line 1	Nsyilxcn	segmentation	[c-qʷím̓•əm̓ t sqəltmíxʷ.]	page 8, pairs
(6a) line 2	Nsyilxcn	gloss	IPFV-startled•C2.INCH OBL man	page 8, pairs
(6a) line 3	twi-Lottie Lindley	translation	‘He is an easily frightened man.’	page 8, pairs
(6a) line 3	John Lyon	citation	(twi-Lottie Lindley)	the tag or source at the right of the translation
(6b) line 1	Nsyilxcn	segmentation	[c-nk̓əwpíls t sqəltmíxʷ.]	page 8, pairs
(6b) line 2	Nsyilxcn	gloss	IPFV-lonely OBL man	page 8, pairs
(6b) line 3	twi-Lottie Lindley	translation	‘That’s a lonely man.’	page 8, pairs
(6b) line 3	John Lyon	citation	(twi-Lottie Lindley)	the tag or source at the right of the translation
(6c) line 1	Nsyilxcn	segmentation	axáʔ [c-nʕast t knəxnáx].	page 8, pairs
(6c) line 2	Nsyilxcn	gloss	this IPFV-heavy OBL box	page 8, pairs
(6c) line 3	Delphine Derickson Armstrong	translation	‘This is a heavy box.’	page 8, pairs, carries footnote 11, written here without its digit
(6c) line 3	John Lyon	citation	(Delphine Derickson Armstrong)	page 8, the source at the right of the translation
(6d) line 1	Nsyilxcn	segmentation	kn [c-limt t sqəltmíxʷ].	page 8, pairs
(6d) line 2	Nsyilxcn	gloss	1SG.SUBJ IPFV-happy OBL man	page 8, pairs
(6d) line 3	twi-Lottie Lindley	translation	‘I am a happy man.’	page 8, pairs
(6d) line 3	John Lyon	citation	(VF | twi-Lottie Lindley)	the tag or source at the right of the translation
(6e) line 1	Nsyilxcn	segmentation	talíʔ [c-paʔpaʔsílx t sqəltmíxʷ].	page 8, pairs
(6e) line 2	Nsyilxcn	gloss	very IPFV-worried OBL man	page 8, pairs
(6e) line 3	twi-Lottie Lindley	translation	‘He is a worried man.’	page 8, pairs
(6e) line 3	John Lyon	citation	(VF | twi-Lottie Lindley)	the tag or source at the right of the translation
§2.1.1	Nsyilxcn	cited affix	wiʔs-	page 8, ‘to finish’
footnote 11	John Lyon	note	11 Example (6c) is ambiguous between the bracketed CNP structure as shown, and one where the demonstrative and the oblique-marked nominal form a DP constituent, i.e., [axáʔ] cnʕast [t knəxnáx], with a ‘floated’ demonstrative in initial position (Lyon 2013) and a main predicate cnʕast ‘being heavy’. Example (1g) above, which is minimally similar to (6c) but without c-, must be a case of the latter rather than a CNP. Consider also that the volunteered translations support heavy being a modifier in (6c), but the main predicate in (1g).	page 8, footnote
footnote 11	Nsyilxcn	cited form	axáʔ	page 8
footnote 11	Nsyilxcn	cited form	cnʕast	page 8
footnote 11	Nsyilxcn	cited form	knəxnáx	page 8
§2.1.1	John Lyon	note	Additional evidence for a formal distinction between S-level and I-level states comes from the distribution of the compounding root wiʔs- ‘to finish’. N. Mattina (1996:106–107) claims that wiʔs- can be used to test for an eventive stem. The observation is that while I-level adjectives never take wiʔs- (7), S-level adjectives may in certain contexts (8).	page 8
(7a) line 1	Nsyilxcn	segmentation	* wiʔs-t̓íkʷəlqʷ iʔ sqəltmíxʷ.	page 9, pairs
(7a) line 2	Nsyilxcn	gloss	finish-tall DET man	page 9, pairs
(7a) line 3	Delphine Derickson Armstrong	translation	‘The man is finished being tall.’	page 9, pairs
(7a) line 3	John Lyon	citation	(Delphine Derickson Armstrong)	the tag or source at the right of the translation
(7b) line 1	Nsyilxcn	segmentation	* wiʔs-k̓ʷəck̓ʷáct iʔ sqəltmíxʷ.	page 9, pairs
(7b) line 2	Nsyilxcn	gloss	finish-strong DET man	page 9, pairs
(7b) line 3	Delphine Derickson Armstrong	translation	‘The man is finished being strong.’	page 9, pairs
(7b) line 3	John Lyon	citation	(Delphine Derickson Armstrong)	the tag or source at the right of the translation
(8a) line 1	Nsyilxcn	segmentation	kn wiʔs-límt.	page 9, pairs
(8a) line 2	Nsyilxcn	gloss	1SG.SUBJ finish-happy	page 9, pairs
(8a) line 3	N. Mattina 1996:109	translation	‘I’m done being happy.’	page 9, pairs, cited N. Mattina 1996:109
(8a) line 3	John Lyon	citation	(N. Mattina 1996:109)	the tag or source at the right of the translation
(8b) line 1	Nsyilxcn	segmentation	wiʔs-nk̓əwpíls i-stəmtímaʔ.	page 9, pairs
(8b) line 2	Nsyilxcn	gloss	finish-lonely 1SG.POSS-maternal.grandmother	page 9, pairs
(8b) line 3	Delphine Derickson Armstrong	translation	‘My grandmother is done being lonesome…’	page 9, pairs
(8b) line 3	John Lyon	citation	(because we went to see her.)	the tag or source at the right of the translation
(8b) line 4	John Lyon	citation	(Delphine Derickson Armstrong)	page 9, pairs
§2.1.1	John Lyon	note	S-level states are temporary properties, while I-level states are not (N. Mattina 1996)12, and so imperfective c- appears only to attach to temporary properties. This distinction may be modeled by assuming that I-level adjectives and nouns lack an event(uality) variable (Kratzer 1989): they are properties of individuals, and do not directly relate this individual to any event-structural or temporal dimension. Homogenous S-level adjectives, in contrast, despite lacking any event transition or CoS, do have an event(uality) variable. The distribution of imperfective c- here follows assuming that imperfective c- links predicates of events to predicates of times (Rullmann & Matthewson 2018), and that imperfective c- requires an event variable which is provided by an S- level adjective. This distinction is formalized in Section 2.3.	page 9
§2.1.1	John Lyon	note	In Section 3, I show that imperfective c- is grammatical with an I-level state if it has first been inchoativized. This follows if inchoativity introduces an event variable to an otherwise non- eventive predicate.13	page 9
§2.1.2	John Lyon	heading	2.1.2 Adjectives and imperfectivity	page 9
footnote 12	John Lyon	note	12 N. Mattina (1996:150) notes that “because [S-level but not I-level] states are conceptualized as subject to change and development, they have stem aspect alternants that encode change of state.” For example: ɬʕat̓ntín ‘I wet something’, cɬʕat̓stín ‘I usually wet it’, ɬʔat̓ ‘It got wet’.	page 9, footnote
footnote 12	Nsyilxcn	cited form	ɬʕat̓ntín	page 9
footnote 12	Nsyilxcn	cited form	cɬʕat̓stín	page 9, ‘I usually wet it’
footnote 12	Nsyilxcn	cited form	ɬʔat̓	page 9, ‘It got wet’
footnote 13	John Lyon	note	13 This also hints that stages (Carlson 1977) are not immediately useful as a semantic primitive of S-level predicates in Nsyilxcn (contra Lyon 2010): the inchoative applies to I-levels and S-levels alike, so is insensitive to stages.	page 9, footnote
§2.1.2	John Lyon	note	This section applies a series of aspectual tests to S-level adjectives in order to establish them as homogenous predicates, and to show that the c- prefix found with adjectives is an imperfective. First, adjectives are atelic, with our without c-: they may continue indefinitely. This shows that c- does not introduce any event transition into the event structure of the adjectival base.	page 9
(9a) line 1	Nsyilxcn	transcription	iʔ knəxnáx nʕast t spiʔsc̓íɬt, uɬ pútiʔ nʕast ʕapnáʔ.	page 10, pairs
(9a) line 2	Nsyilxcn	gloss	DET box heavy OBL yesterday and still heavy now	page 10, pairs
(9a) line 3	Delphine Derickson Armstrong	translation	‘The was box was heavy yesterday, and it’s still heavy now.’	page 10, pairs
(9a) line 4	John Lyon	citation	(Delphine Derickson Armstrong)	page 10, pairs
(9b) line 1	Nsyilxcn	transcription	iʔ qáqxʷəlx sult t spiʔsc̓íɬt, uɬ pútiʔ sult ʕapnáʔ.	page 10, pairs
(9b) line 2	Nsyilxcn	gloss	DET fish frozen OBL yesterday and still frozen now	page 10, pairs
(9b) line 3	Delphine Derickson Armstrong	translation	‘The fish was frozen yesterday, and it’s still frozen now.’	page 10, pairs
(9b) line 4	John Lyon	citation	(Delphine Derickson Armstrong)	page 10, pairs
(9c) line 1	Nsyilxcn	segmentation	iʔ knəxnáx c-nʕast t spiʔsc̓íɬt, uɬ pútiʔ c-nʕast ʕapnáʔ.	page 10, pairs
(9c) line 2	Nsyilxcn	gloss	DET box IPFV-heavy OBL yesterday and still IPFV-heavy now	page 10, pairs
(9c) line 3	Delphine Derickson Armstrong	translation	‘It was being heavy yesterday, and still being heavy today.’	page 10, pairs
(9c) line 4	John Lyon	citation	(Delphine Derickson Armstrong)	page 10, pairs
(9d) line 1	Nsyilxcn	segmentation	iʔ qáqxʷəlx c-sult t spiʔsc̓íɬt, uɬ pútiʔ c-sult ʕapnáʔ.	page 10, pairs
(9d) line 2	Nsyilxcn	gloss	DET fish IPFV-frozen OBL yesterday and still IPFV-frozen now	page 10, pairs
(9d) line 3	Delphine Derickson Armstrong	translation	‘The fish was being frozen, and it’s still being frozen now.’	page 10, pairs
(9d) line 4	John Lyon	citation	(Delphine Derickson Armstrong)	page 10, pairs
(10a) line 1	Nsyilxcn	segmentation	t̓i həmhámt iʔ tmxʷúlaʔxʷ, uɬ way̓ k̓ʷənx-ásq̓ət	page 10, pairs
(10a) line 2	Nsyilxcn	gloss	EMPH damp DET land and already how.many-day	page 10, pairs
(10a) line 3	Nsyilxcn	segmentation	mat s-həmhámt-s.	page 10, pairs
(10a) line 4	Nsyilxcn	gloss	EVID NMLZ-damp-3POSS	page 10, pairs
(10a) line 5	Delphine Derickson Armstrong	translation	‘The ground is wet now, and it’s been wet for a few days.’	page 10, pairs
(10a) line 6	John Lyon	citation	(VF | Delphine Derickson Armstrong)	page 10, pairs
(10b) line 1	Nsyilxcn	segmentation	kn ʔilxʷt t s-n̓ín̓w̓iʔ-s sx̌əlx̌ʕált,	page 10, pairs
(10b) line 2	Nsyilxcn	gloss	1SG.SUBJ hungry(INCH) OBL NMLZ-later-3POSS day	page 10, pairs
(10b) line 3	Nsyilxcn	segmentation	uɬ pútiʔ kn (c)-ʔilxʷt.	page 10, pairs
(10b) line 4	Nsyilxcn	gloss	and still 1SG.SUBJ (IPFV)-hungry	page 10, pairs
(10b) line 5	Delphine Derickson Armstrong	translation	‘I got hungry earlier today, and I’m still hungry.	page 10, pairs, carries footnote 14, written here without its digit
(10b) line 5	John Lyon	citation	(Delphine Derickson Armstrong)	page 10, the source at the right of the translation
§2.1.2	John Lyon	note	S-level adjectives prefixed by c- have both habitual (11) and in-progress (12) interpretations, providing good evidence for an imperfective analysis of c-.	page 10
footnote 14	John Lyon	note	14 The translation in (10b) shows how a sub-class of S-levels, which includes ʔilxʷt, are ambiguous between a homogenous and inchoative interpretation. I have found that there is a somewhat strong tendency for adjectives ending in -t to behave this way. This is only a tendency, however. Because -t is (i) non-segmentable with many adjectives (N. Mattina 1996), (ii) barring a few cases, does not seem to derive an adjectival or inchoative predicate from a CoS root, and (iii) co-occurs with overt inchoative marking, I do not analyze -t as an inchoative.	page 10, footnote
footnote 14	Nsyilxcn	cited form	ʔilxʷt	page 10
(11a) line 1	Nsyilxcn	segmentation	nyʕip kʷu c-ɬʕat̓ kʷu ɬ sk̓ʷək̓ʷíyməlt.	page 11, pairs
(11a) line 2	Nsyilxcn	gloss	always 1PL.SUBJ IPFV-wet 1PL.SUBJ when child	page 11, pairs
(11a) line 3	Delphine Derickson Armstrong	translation	‘We were always wet when we were kids.’	page 11, pairs
(11a) line 3	John Lyon	citation	(Delphine Derickson Armstrong | VF)	the tag or source at the right of the translation
(11b) line 1	Nsyilxcn	segmentation	uc kʷ c-ʔílxʷt?	page 11, pairs
(11b) line 2	Nsyilxcn	gloss	DUB 2SG.SUBJ IPFV-hungry	page 11, pairs
(11b) line 3	twi-Lottie Lindley	translation	‘Do you get hungry (typically)?’	page 11, pairs
(11b) line 3	John Lyon	citation	(twi-Lottie Lindley)	the tag or source at the right of the translation
(11c) line 1	Nsyilxcn	segmentation	pintk kn c-sult.	page 11, pairs
(11c) line 2	Nsyilxcn	gloss	always 1SG.SUBJ IPFV-frozen	page 11, pairs
(11c) line 3	twi-Lottie Lindley	translation	‘I’m always getting frozen.’	page 11, pairs
(11c) line 3	John Lyon	citation	(VF | twi-Lottie Lindley)	the tag or source at the right of the translation
(12a) line 1	Nsyilxcn	segmentation	kʷu c-ɬʕat̓ ʕapnáʔ.	page 11, pairs
(12a) line 2	Nsyilxcn	gloss	1PL.SUBJ IPFV-wet now	page 11, pairs
(12a) line 3	Delphine Derickson Armstrong	translation	‘We’re wet now.’	page 11, pairs
(12a) line 3	John Lyon	citation	(Delphine Derickson Armstrong)	the tag or source at the right of the translation
(12b) line 1	Nsyilxcn	segmentation	uc kʷ c-ʔilxʷt ʕapnáʔ?	page 11, pairs
(12b) line 2	Nsyilxcn	gloss	DUB 2SG.SUBJ IPFV-hungry now	page 11, pairs
(12b) line 3	Delphine Derickson Armstrong	translation	‘Are you hungry right now?’	page 11, pairs
(12b) line 3	John Lyon	citation	(Delphine Derickson Armstrong)	the tag or source at the right of the translation
(12c) line 1	Nsyilxcn	segmentation	iʔ sɬiqʷ c-sult ʕapnáʔ.	page 11, pairs
(12c) line 2	Nsyilxcn	gloss	DET meat IPFV-frozen now	page 11, pairs
(12c) line 3	Delphine Derickson Armstrong	translation	‘The meat is frozen now.’	page 11, pairs
(12c) line 3	John Lyon	citation	(VF | Delphine Derickson Armstrong)	the tag or source at the right of the translation
§2.1.2	John Lyon	note	When a habitual adverb is overt, imperfective c- is required (13).	page 11
(13a) line 1	Nsyilxcn	segmentation	nyʕip *(c)-nqʷaʕíls ɬaʔ sk̓laxʷ.	page 11, pairs
(13a) line 2	Nsyilxcn	gloss	always IPFV-drunk when evening	page 11, pairs
(13a) line 3	Sarah McLeod	translation	‘He’s drunk every evening.’	page 11, pairs
(13a) line 3	John Lyon	citation	(Sarah McLeod)	the tag or source at the right of the translation
(13b) line 1	Nsyilxcn	segmentation	kn *(c)-ʕimt yaʕyáʕt sx̌əlx̌ʕált.	page 11, pairs
(13b) line 2	Nsyilxcn	gloss	1SG.SUBJ IPFV-angry every day	page 11, pairs
(13b) line 3	Sarah McLeod	translation	‘I’m mad every day.’	page 11, pairs
(13b) line 3	John Lyon	citation	(Sarah McLeod)	the tag or source at the right of the translation
(13c) line 1	Nsyilxcn	segmentation	pintk *(c)-ƛ̓axʷt iʔ qáqxʷəlx.	page 11, pairs
(13c) line 2	Nsyilxcn	gloss	always IPFV-many.dead DET fish	page 11, pairs
(13c) line 3	twi-Lottie Lindley	translation	‘The fish are always dying.’	page 11, pairs
(13c) line 3	John Lyon	citation	(twi-Lottie Lindley)	the tag or source at the right of the translation
§2.1.2	John Lyon	note	Both plain and imperfective S-level adjectives may be used in past (14) and future tenses (15), which is expected if imperfective c- is a tense-independent sentential aspect marker. Note however that future imperfectives are dispreferred to prospective ks- forms, inchoatives, or other overtly marked future predicates for reasons which are currently unclear.	page 11
(14a) line 1	Nsyilxcn	segmentation	t spiʔsc̓íɬt kn (c)-ʔilxʷt.	page 12, pairs
(14a) line 2	Nsyilxcn	gloss	OBL yesterday 1SG.SUBJ IPFV-hungry	page 12, pairs
(14a) line 3	Delphine Derickson Armstrong	translation	‘Yesterday I was hungry.’	page 12, pairs
(14a) line 4	John Lyon	citation	(VF’ed without c-, judged good with | Delphine Derickson Armstrong)	page 12, pairs
(14b) line 1	Nsyilxcn	transcription	kn ɬə xʷuy k̓l tk̓əmkníɬxʷ t p̓iʔsc̓íɬt,	page 12, pairs
(14b) line 2	Nsyilxcn	gloss	1SG.SUBJ when go to outside OBL yesterday	page 12, pairs
(14b) line 3	Nsyilxcn	segmentation	t̓i (c)-píq-laʔxʷ iʔ təmxʷúlaʔxʷ iʔ t smik̓ʷt.	page 12, pairs, carries footnote 15, written here without its digit
(14b) line 4	Nsyilxcn	gloss	EMPH IPFV-white-ground DET land DET OBL snow	page 12, pairs
(14b) line 5	Delphine Derickson Armstrong	translation	‘When I went outside yesterday, the ground was all white with snow.’	page 12, pairs
(14b) line 6	John Lyon	citation	(VF’ed without c-, judged good with | Delphine Derickson Armstrong)	page 12, pairs
(15a) line 1	Nsyilxcn	segmentation	cəm̓ kʷu (c)-ʔalʔílxʷt mi sic iʔ sc̓íɬən c-kícx-st-səlx.	page 12, pairs
(15a) line 2	Nsyilxcn	gloss	EPIS 1PL.SUBJ IPFV-hungry(PL) FUT then DET food CISL-arrive-CAUS-3PL.ERG	page 12, pairs
(15a) line 3	Delphine Derickson Armstrong	translation	‘We are going to be hungry by the time they bring the food.’	page 12, pairs
(15a) line 4	John Lyon	citation	(Delphine Derickson Armstrong)	page 12, pairs
(15b) line 1	Nsyilxcn	segmentation	ɬaʔ t̓x̌íwtəm, lut t̓a kn c-ʕimt.	page 12, pairs
(15b) line 2	Nsyilxcn	gloss	when next.year NEG NEG.FAC 1SG.SUBJ IPFV-angry	page 12, pairs
(15b) line 3	Sarah McLeod and Delphine Derickson Armstrong	translation	‘Next year I won’t be angry.’	page 12, pairs
(15b) line 3	John Lyon	citation	(*Sarah McLeod, ✓Delphine Derickson Armstrong)	the tag or source at the right of the translation
§2.1.2	John Lyon	note	Homogenous S-level adjectives seem to lack any event transition :16 Punctual adverbial clauses anchor to an arbitrary point internal to the temporal span of the adjective. Since the punctual adverbs denote the cause of the adjectival states in (16), it is infelicitous if the state exists prior to the time of the punctual adverb.	page 12
(16a) line 1	Nsyilxcn	segmentation	# c-ɬwin k̓l tk̓əmkniɬxʷ uɬ talíʔ ɬʕat̓.	page 12, pairs
(16a) line 2	Nsyilxcn	gloss	STAT-abandon to outside and very wet	page 12, pairs
(16a) line 3	Delphine Derickson Armstrong	translation	‘When it got left outside, it was (already) really wet.’	page 12, pairs
(16a) line 3	John Lyon	citation	(Delphine Derickson Armstrong)	the tag or source at the right of the translation
(16b) line 1	Nsyilxcn	segmentation	# ixíʔ ɬaʔ n-wt-nt-ixʷ iʔ l knəxnáx, uɬ nʕast.	page 12, pairs
(16b) line 2	Nsyilxcn	gloss	that when LOC-put.in-DIR-2SG.ERG DET in box and heavy	page 12, pairs
(16b) line 3	Delphine Derickson Armstrong	translation	‘When you put that in the box, it was (already) really heavy.’	page 12, pairs
(16b) line 4	Delphine Derickson Armstrong	speaker comment	Comment: “I like the other one [18b] better, because it’s happening.”	page 12, pairs
(16b) line 5	John Lyon	citation	(Delphine Derickson Armstrong)	page 12, pairs
footnote 15	John Lyon	note	15 Note that piqlaʔxʷ patterns as an S-level despite piq patterning as an I-level. It seems possible that the ground being white is a temporary state (so long as the snow lasts), whereas the quality of snow being white is not a temporary property, but is true as a generic statement.	page 12, footnote
footnote 15	Nsyilxcn	cited form	piqlaʔxʷ	page 12
footnote 16	John Lyon	note	16 I-level adjectives are judged odd in the context of punctual adverbs: ?k̓ʷəck̓ʷáct iʔ sqəltmíxʷ łaʔ xʷuy k̓l kʷílstən ‘The man got strong when he went to the sweathouse’ (Delphine Derickson Armstrong).	page 12, footnote
footnote 16	Nsyilxcn	cited form	k̓ʷəck̓ʷáct	page 12
footnote 16	Nsyilxcn	cited form	iʔ	page 12
footnote 16	Nsyilxcn	cited form	sqəltmíxʷ	page 12
footnote 16	Nsyilxcn	cited form	łaʔ	page 12
footnote 16	Nsyilxcn	cited form	xʷuy	page 12
footnote 16	Nsyilxcn	cited form	k̓l	page 12
footnote 16	Nsyilxcn	cited form	kʷílstən	page 12, ‘The man got strong when he went to the sweathouse’
§2.1.2	John Lyon	note	Imperfective c- ensures that the reference time of a punctual adverbial is some non-initial subset of the temporal span of an S-level adjective (17). Because a temporal subset of a homogenous adjective is still homogenous, the aspectual interpretations of (16) and (17) are similar.17	page 13
(17a) line 1	Nsyilxcn	segmentation	kn ɬaʔ ɬ-c-kicx kiʔ kn c-q̓ilt.	page 13, pairs
(17a) line 2	Nsyilxcn	gloss	1SG.SUBJ when return-CISL-arrive ADJT.C 1SG.SUBJ IPFV-sick	page 13, pairs
(17a) line 3	Delphine Derickson Armstrong	translation	‘I was already sick when I came back home.’	page 13, pairs
(17a) line 3	John Lyon	citation	(Delphine Derickson Armstrong)	the tag or source at the right of the translation
(17b) line 1	Nsyilxcn	segmentation	ɬwi[n]-nt-əm iʔ citxʷ-tət, uɬ pútiʔ c-klaʕ̓ iʔ c̓ik̓ʷsxən.	page 13, pairs
(17b) line 2	Nsyilxcn	gloss	abandon-DIR-1PL.ERG DET house-1PL.POSS and still IPFV-turned.on DET light	page 13, pairs
(17b) line 3	Delphine Derickson Armstrong	translation	‘When we left our house, the light was still on.’	page 13, pairs
(17b) line 3	John Lyon	citation	(VF | Delphine Derickson Armstrong)	the tag or source at the right of the translation
§2.1.2	John Lyon	note	If the adjective is inchoative, encoding a CoS (Section 3), then a punctual adverb can anchor to the beginning of the run-time of an adjective, resulting in a ‘sequential’ reading (Bar-el 2005; Kiyota 2008).18	page 13
(18a) line 1	Nsyilxcn	segmentation	c-ɬwin k̓l tk̓əmkníɬxʷ uɬ talíʔ ɬ<ʔ>ʕat̓.	page 13, pairs
(18a) line 2	Nsyilxcn	gloss	STAT-abandon to outside and very wet<INCH>	page 13, pairs
(18a) line 3	Delphine Derickson Armstrong	translation	‘When it got left outside, it got really wet.’	page 13, pairs
(18a) line 3	John Lyon	citation	(Delphine Derickson Armstrong)	the tag or source at the right of the translation
(18b) line 1	Nsyilxcn	segmentation	ixíʔ ɬaʔ n-wt-nt-ixʷ iʔ l knəxnáx, uɬ n<ʔ>ʕast.	page 13, pairs
(18b) line 2	Nsyilxcn	gloss	that when LOC-put.in-DIR-2SG.ERG DET in box and heavy<INCH>	page 13, pairs
(18b) line 3	Delphine Derickson Armstrong	translation	‘When you put that in the box, it got heavy.’	page 13, pairs
(18b) line 3	John Lyon	citation	(Delphine Derickson Armstrong)	the tag or source at the right of the translation
(18c) line 1	Nsyilxcn	segmentation	kn ɬaʔ ɬ-c-kicx kiʔ kn q̓ilt.	page 13, pairs
(18c) line 2	Nsyilxcn	gloss	1SG.SUBJ when return-CISL-arrive ADJT.C 1SG.SUBJ sick(INCH)	page 13, pairs
(18c) line 3	Delphine Derickson Armstrong	translation	‘I got sick when I came back home.’	page 13, pairs
(18c) line 3	John Lyon	citation	(VF | Delphine Derickson Armstrong)	the tag or source at the right of the translation
(18d) line 1	Nsyilxcn	segmentation	# ɬwí[n]-nt-əm iʔ cítxʷ-tət, uɬ pútiʔ kla<ʔ>ʕ̓ iʔ	page 13, pairs
(18d) line 2	Nsyilxcn	gloss	abandon-DIR-1PL.ERG DET house-1PL.POSS and still turned.on<INCH> DET	page 13, pairs
(18d) line 3	Nsyilxcn	transcription	c̓ik̓ʷsxn.	page 13, pairs
(18d) line 4	Nsyilxcn	gloss	light	page 13, pairs
(18d) line 5	Delphine Derickson Armstrong	translation	# ‘When we left our house the light still came on.’	page 13, pairs
(18d) line 5	John Lyon	citation	(Delphine Derickson Armstrong)	the tag or source at the right of the translation
footnote 17	John Lyon	note	17 The examples in (17) are felicitous, unlike those in (16), because the adverbials do not denote causes. Note also that imperfective c- ensures that an adjective like q̓ilt, which is ambiguous between homogenous ‘sick’ and inchoative ‘get sick’, retains its homogenous interpretation. This explains the difference between (18c), which has a zero-inchoative interpretation, and the adjectives in (16) and (17) which do not.	page 13, footnote
footnote 18	John Lyon	note	18 Imperfective c- alternates with a null perfective in verbal predicates, though the possibility of perfective adjectives is obscured by zero-derived inchoative readings of adjectives like ʔilxʷt ‘be hungry/get hungry’, sult ‘be frozen/get frozen’, and q̓ilt ‘be sick/get sick’. Inchoatives always yield a sequential, perfective-like interpretation in the presence of a punctual adverb, while homogenous S-level adjectives like those in (16) do not, which shows that the absence of imperfective c- does not automatically entail that a null perfective is present. I suggest below that the adjectives in (16) contain a null, neutral viewpoint aspect.	page 13, footnote
§2.1.2	John Lyon	note	Similarly to punctual adverbials, manner adverbs can modify an S-level adjective if it is inchoative	page 13
(19a) line 1	Nsyilxcn	segmentation	kn ɬ<ʔ>ʕat̓ t k̓ək̓alíʔ.	page 14, pairs
(19a) line 2	Nsyilxcn	gloss	1SG.SUBJ wet<INCH> OBL slow	page 14, pairs
(19a) line 3	Delphine Derickson Armstrong	translation	‘I’m getting wet slowly from the rain.’	page 14, pairs
(19a) line 3	John Lyon	citation	(Delphine Derickson Armstrong)	the tag or source at the right of the translation
(19b) line 1	Nsyilxcn	segmentation	n<ʔ>ʕas iʔ knəxnax t k̓ək̓alíʔ.	page 14, pairs
(19b) line 2	Nsyilxcn	gloss	heavy<INCH> DET box OBL slow	page 14, pairs
(19b) line 3	Delphine Derickson Armstrong	translation	‘The box got heavy slowly.’	page 14, pairs
(19b) line 4	Delphine Derickson Armstrong	speaker comment	Comment: “I’m carrying a box and it is slowly getting heavy, like with my groceries, before I get to the door.”	page 14, pairs
(19b) line 4	John Lyon	citation	(Delphine Derickson Armstrong)	page 14, the source at the right of the speaker comment
(19c) line 1	Nsyilxcn	segmentation	kla<ʔ>ʕ̓ iʔ c̓ik̓ʷsxn t k̓ək̓alíʔ.	page 14, pairs
(19c) line 2	Nsyilxcn	gloss	turned.on<INCH> DET light OBL slow	page 14, pairs
(19c) line 3	Delphine Derickson Armstrong	translation	‘The light came on slowly.’	page 14, pairs
(19c) line 4	Delphine Derickson Armstrong	speaker comment	Comment: “Yes, if you’re using a dimmer light.”	page 14, pairs
(19c) line 4	John Lyon	citation	(Delphine Derickson Armstrong)	page 14, the source at the right of the speaker comment
(20a) line 1	Nsyilxcn	transcription	* kn ɬʕat̓ t k̓ək̓alíʔ.	page 14, pairs
(20a) line 2	Nsyilxcn	gloss	1SG.SUBJ wet OBL slow	page 14, pairs
(20a) line 3	Delphine Derickson Armstrong	translation	‘I am slowly wet from the rain.’	page 14, pairs
(20a) line 3	John Lyon	citation	(Delphine Derickson Armstrong)	the tag or source at the right of the translation
(20b) line 1	Nsyilxcn	transcription	* nʕas iʔ knəxnáx t k̓ək̓alíʔ.	page 14, pairs
(20b) line 2	Nsyilxcn	gloss	heavy DET box OBL slow	page 14, pairs
(20b) line 3	Delphine Derickson Armstrong	translation	‘The box got heavy slowly.’	page 14, pairs
(20b) line 4	Delphine Derickson Armstrong	speaker comment	Comment: “An object doesn’t get heavy unless you’re putting something in.”	page 14, pairs
(20b) line 5	John Lyon	citation	(Delphine Derickson Armstrong)	page 14, pairs
§2.1.2	John Lyon	note	The examples in (19) and (20) are important since they show that although homogenous S-levels (20) are properties of event(ualities) (as evidenced by their ability to take imperfective c-), they may not be modified by adverbs which require a change-of-state.	page 14
§2.1.2	John Lyon	note	Next, homogenous S-level adjectives may not occur with oblique instruments (21), even with the imperfective (22), though they may occur with instruments as inchoatives (23) (see Section 3). Assuming that oblique instruments must make reference to a causing event (Davis & Demirdache 1997), and by extension a CoS, the ungrammaticality of instruments with homogenous S-level adjectives is consistent with an argument that they do not encode any CoS, and that imperfective c- does not introduce any CoS.	page 14
(21a) line 1	Nsyilxcn	transcription	* ɬaʕt̓ iʔ lasmíst iʔ t sq̓it.	page 14, pairs
(21a) line 2	Nsyilxcn	gloss	wet DET shirt DET OBL rain	page 14, pairs
(21a) line 3	Delphine Derickson Armstrong	translation	‘The shirt was made wet by the rain.’	page 14, pairs
(21a) line 3	John Lyon	citation	(Delphine Derickson Armstrong)	the tag or source at the right of the translation
(21b) line 1	Nsyilxcn	transcription	* kn ʔilxʷt iʔ t sc̓iɬn.	page 15, pairs
(21b) line 2	Nsyilxcn	gloss	1SG.SUBJ hungry DET OBL food	page 15, pairs
(21b) line 3	Delphine Derickson Armstrong	translation	‘I was made hungry by the food.’	page 15, pairs, carries footnote 19, written here without its digit
(21b) line 3	John Lyon	citation	(Delphine Derickson Armstrong)	page 15, the source at the right of the translation
(22a) line 1	Nsyilxcn	segmentation	* kn c-q̓ilt iʔ t sc̓iɬn.	page 15, pairs
(22a) line 2	Nsyilxcn	gloss	1SG.SUBJ IPFV-sick DET OBL food	page 15, pairs
(22a) line 3	Delphine Derickson Armstrong	translation	‘I was sickened by the food.’	page 15, pairs, carries footnote 20, written here without its digit
(22a) line 3	John Lyon	citation	(Delphine Derickson Armstrong)	page 15, the source at the right of the translation
(22b) line 1	Nsyilxcn	segmentation	* kn c-ʔilxʷt iʔ t sc̓iɬn.	page 15, pairs
(22b) line 2	Nsyilxcn	gloss	1SG.SUBJ IPFV-hungry DET OBL food	page 15, pairs
(22b) line 3	Delphine Derickson Armstrong	translation	‘I was made hungry by the food.’	page 15, pairs
(22b) line 3	John Lyon	citation	(Delphine Derickson Armstrong)	the tag or source at the right of the translation
(23a) line 1	Nsyilxcn	segmentation	ɬ<ʔ>ʕat̓ iʔ lasmíst iʔ t sq̓it.	page 15, pairs
(23a) line 2	Nsyilxcn	gloss	wet<INCH> DET shirt DET OBL rain	page 15, pairs
(23a) line 3	Delphine Derickson Armstrong	translation	‘The shirt got wet by the rain.’	page 15, pairs
(23a) line 3	John Lyon	citation	(Delphine Derickson Armstrong)	the tag or source at the right of the translation
(23b) line 1	Nsyilxcn	transcription	kn q̓ilt iʔ t siwɬkʷ.	page 15, pairs
(23b) line 2	Nsyilxcn	gloss	1SG.SUBJ sick(INCH) DET OBL water	page 15, pairs
(23b) line 3	Delphine Derickson Armstrong	translation	‘I got sick by the water.’	page 15, pairs
(23b) line 3	John Lyon	citation	(Delphine Derickson Armstrong)	the tag or source at the right of the translation
(23c) line 1	Nsyilxcn	segmentation	iʔ sxʷuynt ʕam-áp iʔ t x̌yáɬnəx̌ʷ.	page 15, pairs
(23c) line 2	Nsyilxcn	gloss	DET ice thawed-INCH DET OBL sun	page 15, pairs
(23c) line 3	Delphine Derickson Armstrong	translation	‘The ice was melted by the sun.’	page 15, pairs
(23c) line 3	John Lyon	citation	(Delphine Derickson Armstrong)	the tag or source at the right of the translation
(23d) line 1	Nsyilxcn	segmentation	n<ʔ>ʕas iʔ knəxnáx iʔ t xƛ̓ut.	page 15, pairs
(23d) line 2	Nsyilxcn	gloss	heavy<INCH> DET box DET OBL rock	page 15, pairs
(23d) line 3	Delphine Derickson Armstrong	translation	‘The box got heavy from the rocks.’	page 15, pairs
(23d) line 3	John Lyon	citation	(Delphine Derickson Armstrong)	the tag or source at the right of the translation
§2.1.2	John Lyon	note	Overall, c- is analyzable as an imperfective with adjectives. The strongest evidence for this comes from the habitual readings, especially since the temporal overlap effects in the presence of punctual adverbs, by themselves, could in principle be the effect of a target stativizer, as I discuss later in this section. As an imperfective, c- requires a predicate argument which denotes a property over event(ualities), and I suggest that a homogenous S-level adjective provides such an argument. Homogenous S-level adjectives do not, however, denote a CoS, as shown by the examples above involving punctual and manner adverbials, and instruments of causation.	page 15
§2.2	John Lyon	heading	2.2 Change-of-state roots	page 15
footnote 19	John Lyon	note	19 The prediction is that (22b) should be grammatical under an inchoative interpretation.	page 15, footnote
footnote 20	John Lyon	note	20 When making reference to a causing event, adjectives in many cases preferentially derive into transitive forms, in addition to the inchoative forms discussed in this paper. For example, the adjective q̓ilt ‘sick/get sick’ is the root in transitive nq̓əltúsən iʔ scʔiɬn “I was made sick by the food” (Delphine Derickson Armstrong, VF).	page 15, footnote
footnote 20	Nsyilxcn	cited form	q̓ilt	page 15
footnote 20	Nsyilxcn	cited form	nq̓əltúsən	page 15
footnote 20	Nsyilxcn	cited form	iʔ	page 15
footnote 20	Nsyilxcn	cited form	scʔiɬn	page 15
§2.2	John Lyon	note	Change-of-state (CoS) roots are distinguished from adjectives in that they cannot be used in bare form except with an agentive reading. Despite this, I claim these are unaccusative roots which are zero-derived into middles. Additionally, I show that c- prefixation on a CoS root yields a target state reading, rather than an imperfective reading. I therefore posit two distinct c- prefixes, an imperfective and a stative.	page 15
§2.2.1	John Lyon	heading	2.2.1 Agentive readings of change-of-state roots	page 16
§2.2.1	John Lyon	language	ʔayʔaǰuθəm	ʔayʔaǰuθəm, a Central Salish language
§2.2.1	John Lyon	language	St’át’imcets	St’át’imcets, a Northern Interior Salish language
§2.2.1	John Lyon	note	CoS roots in Nsyilxcn are typically used to derive activity or accomplishment verbs (N. Mattina 1996). They can be used in bare form in some Salish languages (Davis 2021; Lyon & Davis 2022), and have been analyzed as telic unaccusatives (cf. Davis et al. 2020 for ʔayʔaǰuθəm and St’át’imcets), essentially achievements, denoting the culmination of an event. In stark contrast to adjectives, bare CoS roots in Nsyilxcn have agentive interpretations, with culminated event readings (24).21,22	page 16
(24a) line 1	Nsyilxcn	transcription	kn nik̓.	page 16, pairs
(24a) line 2	Nsyilxcn	gloss	1SG.SUBJ get.cut	page 16, pairs
(24a) line 3	Delphine Derickson Armstrong	translation	‘I cut something.’	page 16, pairs
(24a) line 4	Delphine Derickson Armstrong	speaker comment	Comment: “What are you cutting?”	page 16, pairs
(24a) line 4	John Lyon	citation	(Delphine Derickson Armstrong)	page 16, the source at the right of the speaker comment
(24b) line 1	Nsyilxcn	transcription	kn kʷum.	page 16, pairs
(24b) line 2	Nsyilxcn	gloss	1SG.SUBJ get.stored.away	page 16, pairs
(24b) line 3	Delphine Derickson Armstrong	translation	‘I put away whatever.’	page 16, pairs
(24b) line 3	John Lyon	citation	(Delphine Derickson Armstrong)	the tag or source at the right of the translation
(24c) line 1	Nsyilxcn	transcription	kn naq̓ʷ.	page 16, pairs
(24c) line 2	Nsyilxcn	gloss	1SG.SUBJ get.stolen	page 16, pairs
(24c) line 3	Delphine Derickson Armstrong	translation	‘I stole something.’	page 16, pairs
(24c) line 4	Delphine Derickson Armstrong	speaker comment	Comment: “stim̓ ascnáq̓ʷ. What did you steal? I would ask.”	page 16, pairs
(24c) line 5	John Lyon	citation	(Delphine Derickson Armstrong)	page 16, pairs
(24d) line 1	Nsyilxcn	transcription	kn ɬwin.	page 16, pairs
(24d) line 2	Nsyilxcn	gloss	1SG.SUBJ get.abandoned	page 16, pairs
(24d) line 3	Delphine Derickson Armstrong	translation	‘I left something.’	page 16, pairs
(24d) line 3	John Lyon	citation	(Delphine Derickson Armstrong)	the tag or source at the right of the translation
(24e) line 1	Nsyilxcn	segmentation	# naq̓ʷ in-kəwáp.	page 16, pairs
(24e) line 2	Nsyilxcn	gloss	get.stolen 1SG.POSS-horse	page 16, pairs
(24e) line 3	Delphine Derickson Armstrong	translation	# ‘My horse stole something.’	page 16, pairs
(24e) line 3	John Lyon	citation	(Delphine Derickson Armstrong)	the tag or source at the right of the translation
§2.2.1	John Lyon	note	Patient-oriented interpretations are not available for bare CoS roots (25).	page 16
(25a) line 1	Nsyilxcn	transcription	* kn p̓ic̓.	page 16, pairs
(25a) line 2	Nsyilxcn	gloss	1SG.SUBJ get.pinched	page 16, pairs
(25a) line 3	Delphine Derickson Armstrong	translation	‘I got pinched.’	page 16, pairs
(25a) line 3	John Lyon	citation	(Delphine Derickson Armstrong)	the tag or source at the right of the translation
(25b) line 1	Nsyilxcn	segmentation	* way̓ tax iʔ qəpqíntən-s.	page 17, pairs
(25b) line 2	Nsyilxcn	gloss	already get.combed DET hair-3POSS	page 17, pairs
(25b) line 3	Delphine Derickson Armstrong	translation	‘Her hair is already combed.’	page 17, pairs
(25b) line 3	John Lyon	citation	(Delphine Derickson Armstrong)	the tag or source at the right of the translation
(25c) line 1	Nsyilxcn	transcription	* kn x̌aq̓.	page 17, pairs
(25c) line 2	Nsyilxcn	gloss	1SG.SUBJ get.paid	page 17, pairs
(25c) line 3	Delphine Derickson Armstrong	translation	‘I got paid.’	page 17, pairs
(25c) line 3	John Lyon	citation	(Delphine Derickson Armstrong)	the tag or source at the right of the translation
(25d) line 1	Nsyilxcn	segmentation	* q̓ay̓ mnímɬtət iʔ stəɬtáɬ-tət iʔ k̓l scəcm̓álaʔ-tət.	page 17, pairs
(25d) line 2	Nsyilxcn	gloss	get.written 1PL.INDP DET rights-1PL.POSS DET to children-1PL.POSS	page 17, pairs
(25d) line 3	Delphine Derickson Armstrong	translation	‘Our Family Declaration got written.’	page 17, pairs
(25d) line 3	John Lyon	citation	(Delphine Derickson Armstrong)	the tag or source at the right of the translation
(25e) line 1	Nsyilxcn	transcription	* kn nik̓.	page 17, pairs
(25e) line 2	Nsyilxcn	gloss	1SG.SUBJ get.cut	page 17, pairs
(25e) line 3	Delphine Derickson Armstrong	translation	‘I got cut.’	page 17, pairs
(25e) line 3	John Lyon	citation	(Delphine Derickson Armstrong)	the tag or source at the right of the translation
(25f) line 1	Nsyilxcn	segmentation	* naq̓ʷ in-kəwáp.	page 17, pairs
(25f) line 2	Nsyilxcn	gloss	get.stolen 1SG.POSS-horse	page 17, pairs
(25f) line 3	Delphine Derickson Armstrong	translation	‘My horse got stolen.’	page 17, pairs
(25f) line 3	John Lyon	citation	(Delphine Derickson Armstrong)	the tag or source at the right of the translation
footnote 21	John Lyon	note	21 These examples contradict findings in A. Mattina (1994, 2004) and Dilts (2006), and contrast with St’át’imcets, where the equivalent bare roots are patient-oriented (Lyon & Davis 2022:47).	page 16, footnote
footnote 22	John Lyon	note	22 This holds for CoS roots under negation as well : *lut kn t̓nik̓. ‘*I wasn’t cut./I didn’t cut something.’ *lut kn t̓x̌aq̓ ‘I wasn’t paid’ (Delphine Derickson Armstrong).	page 16, footnote
footnote 22	Nsyilxcn	cited form	t̓nik̓	page 16, ‘*I wasn’
footnote 22	Nsyilxcn	cited form	t̓x̌aq̓	page 16, ‘I wasn’
§2.2.1	John Lyon	note	CoS roots have been described as “notionally transitive” (A. Mattina 1994), and can optionally co- occur with oblique-marked objects (26) in what appear to be the equivalent of -m middles (27).	page 17
(26a) line 1	Nsyilxcn	segmentation	incá kn kʷum t sx̌əw̓-íɬc̓aʔ.	page 17, pairs
(26a) line 2	Nsyilxcn	gloss	1SG.INDP 1SG.SUBJ get.stored.away OBL dry-meat	page 17, pairs
(26a) line 3	Delphine Derickson Armstrong	translation	‘I stored dried meat.’	page 17, pairs
(26a) line 3	John Lyon	citation	(VF | Delphine Derickson Armstrong)	the tag or source at the right of the translation
(26b) line 1	Nsyilxcn	segmentation	náq̓ʷ in-kəwáp t lawán.	page 17, pairs
(26b) line 2	Nsyilxcn	gloss	get.stolen 1SG.POSS-horse OBL oats	page 17, pairs
(26b) line 3	Delphine Derickson Armstrong	translation	‘My horse stole the oats.’	page 17, pairs
(26b) line 3	John Lyon	citation	(VF | Delphine Derickson Armstrong)	the tag or source at the right of the translation
(26c) line 1	Nsyilxcn	transcription	kn p̓ic̓ t c̓ar̓t.	page 17, pairs
(26c) line 2	Nsyilxcn	gloss	1SG.SUBJ get.pinched OBL salt	page 17, pairs
(26c) line 3	Delphine Derickson Armstrong	translation	‘I pinched some salt.’	page 17, pairs
(26c) line 3	John Lyon	citation	(Delphine Derickson Armstrong)	the tag or source at the right of the translation
§2.2.1	John Lyon	note	The bare CoS roots in (24) to (26) optionally take a middle -m suffix (27), in contrast to adjectives which generally cannot (28).23,24 Overall these examples suggest that when bare agentive CoS roots are used, these are actually zero-derived middles (see Davis 1997).	page 17
footnote 23	John Lyon	note	23 N. Mattina (1996) refers to -m in grooming verbs as a true middle, since the agent and patient of the verb are co-referent (e.g., txam). Other intransitive verbs with -m are analyzed as “generic object intransitives”, and are not considered true middles. There may be semantic differences between the two relating to how they interact with inchoativity, as I note in passing below. I nevertheless retain the ‘middle’ label here for descriptive convenience. See A. Mattina (1994) and Dilts (2006) for further discussion.	page 17, footnote
footnote 24	John Lyon	note	24 Some roots and stems which pattern like adjectives in other respects can take middle -m: kn kláʕəm t c̓ik̓ʷsxən ‘I turned on some lights’, kn súltəm t qáqxʷəlx ‘I’m freezing fish’, and kn kɬcqám t siwɬkʷ ‘I set some	page 17, footnote
footnote 24	Nsyilxcn	cited form	kláʕəm	page 17
footnote 24	Nsyilxcn	cited form	c̓ik̓ʷsxən	page 17, ‘I turned on some lights’
footnote 24	Nsyilxcn	cited form	súltəm	page 17
footnote 24	Nsyilxcn	cited form	qáqxʷəlx	page 17, ‘I’
footnote 24	Nsyilxcn	cited form	kɬcqám	page 17
footnote 24	Nsyilxcn	cited form	siwɬkʷ	page 17
(27a) line 1	Nsyilxcn	segmentation	kn p̓íc̓-əm t c̓ar̓t.	page 18, pairs
(27a) line 2	Nsyilxcn	gloss	1SG.SUBJ get.pinched-MID OBL salt	page 18, pairs
(27a) line 3	Delphine Derickson Armstrong	translation	‘I pinched some salt.’	page 18, pairs
(27a) line 3	John Lyon	citation	(Delphine Derickson Armstrong)	the tag or source at the right of the translation
(27b) line 1	Nsyilxcn	segmentation	kn ník̓-əm	page 18, pairs
(27b) line 2	Nsyilxcn	gloss	1SG.SUBJ get.cut-MID	page 18, pairs
(27b) line 3	Delphine Derickson Armstrong	translation	‘I’m cutting something.’	page 18, pairs
(27b) line 3	John Lyon	citation	(Delphine Derickson Armstrong)	the tag or source at the right of the translation
(28a) line 1	Nsyilxcn	segmentation	* kn nʕás-əm t knəxnáx.	page 18, pairs
(28a) line 2	Nsyilxcn	gloss	1SG.SUBJ heavy-MID OBL box	page 18, pairs
(28a) line 3	Delphine Derickson Armstrong	translation	‘I heavied the box.’	page 18, pairs
(28a) line 3	John Lyon	citation	(Delphine Derickson Armstrong)	the tag or source at the right of the translation
(28b) line 1	Nsyilxcn	segmentation	* kn q̓ílt-əm.	page 18, pairs
(28b) line 2	Nsyilxcn	gloss	1SG.SUBJ sick-MID	page 18, pairs
(28b) line 3	Delphine Derickson Armstrong	translation	‘I sickened something.’	page 18, pairs
(28b) line 3	John Lyon	citation	(Delphine Derickson Armstrong)	the tag or source at the right of the translation
§2.2.1	John Lyon	note	As further evidence for a zero-derived approach, not every CoS root can be used in bare form. For such cases, middle -m (or other intransitivizer) is required for an agentive interpretation.	page 18
(29a) line 1	Nsyilxcn	segmentation	kn k̓ʷúl̓-*(m) t pumín.	page 18, pairs
(29a) line 2	Nsyilxcn	gloss	1SG.SUBJ get.made-MID OBL drum	page 18, pairs
(29a) line 3	Delphine Derickson Armstrong	translation	‘I made a drum.’	page 18, pairs
(29a) line 3	John Lyon	citation	(VF | Delphine Derickson Armstrong)	the tag or source at the right of the translation
(29b) line 1	Nsyilxcn	segmentation	kn xəlk̓-*(ám) t síc̓əm.	page 18, pairs
(29b) line 2	Nsyilxcn	gloss	1SG.SUBJ get.rolled.up-MID OBL blanket	page 18, pairs
(29b) line 3	Delphine Derickson Armstrong	translation	‘I rolled up the blanket.’	page 18, pairs
(29b) line 3	John Lyon	citation	(Delphine Derickson Armstrong)	the tag or source at the right of the translation
(29c) line 1	Nsyilxcn	segmentation	kn x̌əw̓-*(ám) t sc̓win.	page 18, pairs
(29c) line 2	Nsyilxcn	gloss	1SG.SUBJ get.dried-MID OBL salmon	page 18, pairs
(29c) line 3	Delphine Derickson Armstrong	translation	‘I dried some salmon.’	page 18, pairs
(29c) line 3	John Lyon	citation	(VF | Delphine Derickson Armstrong)	the tag or source at the right of the translation
(29d) line 1	Nsyilxcn	segmentation	kn tíxʷ-*(m) t síyaʔ.	page 18, pairs
(29d) line 2	Nsyilxcn	gloss	1SG.SUBJ get.gathered-MID OBL saskatoon	page 18, pairs
(29d) line 3	Delphine Derickson Armstrong	translation	‘I gathered some saskatoons.’	page 18, pairs
(29d) line 3	John Lyon	citation	(VF | Delphine Derickson Armstrong)	the tag or source at the right of the translation
(29e) line 1	Nsyilxcn	segmentation	way̓ kn təx-*(ám).	page 18, pairs
(29e) line 2	Nsyilxcn	gloss	already 1SG.SUBJ get.combed-MID	page 18, pairs
(29e) line 3	Delphine Derickson Armstrong	translation	‘I combed it already.’	page 18, pairs
(29e) line 3	John Lyon	citation	(Delphine Derickson Armstrong)	the tag or source at the right of the translation
(29f) line 1	Nsyilxcn	segmentation	kn q̓əy̓-*(ám) t puʔpákʷ.	page 19, pairs
(29f) line 2	Nsyilxcn	gloss	1SG.SUBJ get.written-MID DET book	page 19, pairs
(29f) line 3	Delphine Derickson Armstrong	translation	‘I wrote a book.’	page 19, pairs
(29f) line 3	John Lyon	citation	(Delphine Derickson Armstrong)	the tag or source at the right of the translation
§2.2.1	John Lyon	note	water down’. Unlike unambiguous CoS roots however, these adjectives have unaccusative interpretations when used in bare form. It is possible that a subclass of adjectives, represented by these examples, are ambiguous as CoS roots.	page 18
§2.2.1	Nsyilxcn	cited form	naq̓ʷ	page 19
§2.2.1	John Lyon	note	Attempting to attach imperfective c- to a bare CoS root in the absence of middle -m is generally ungrammatical (30), probably due to the competing interpretation of the form without middles as statives (see Section 2.2.2). An apparent exception is naq̓ʷ (30c) which retains a zero-derived middle interpretation.25 Otherwise, middle -m is required, and a habitual reading results.	page 19
(30a) line 1	Nsyilxcn	segmentation	kn c-q̓əy̓-*(ám) yaʕyáʕt sx̌əlx̌ʕált.	page 19, pairs
(30a) line 2	Nsyilxcn	gloss	1SG.SUBJ IPFV-get.written-MID every day	page 19, pairs
(30a) line 3	Delphine Derickson Armstrong	translation	‘I write every day.’	page 19, pairs
(30a) line 3	John Lyon	citation	(Delphine Derickson Armstrong)	the tag or source at the right of the translation
(30b) line 1	Nsyilxcn	segmentation	kn c-ník̓-*(əm) t slip̓ yaʕyaʕt sx̌əlx̌ʕált.	page 19, pairs
(30b) line 2	Nsyilxcn	gloss	1SG.SUBJ IPFV-get.cut-MID OBL firewood every day	page 19, pairs
(30b) line 3	Delphine Derickson Armstrong	translation	‘I cut wood every day.’	page 19, pairs
(30b) line 3	John Lyon	citation	(Delphine Derickson Armstrong)	the tag or source at the right of the translation
(30c) line 1	Nsyilxcn	segmentation	kn c-naq̓ʷ-(əm) t apəls yaʕyáʕt sx̌əlx̌ʕált.	page 19, pairs
(30c) line 2	Nsyilxcn	gloss	1SG.SUBJ IPFV-get.stolen-MID OBL apples every day	page 19, pairs
(30c) line 3	Delphine Derickson Armstrong	translation	‘I steal apples every day.’	page 19, pairs
(30c) line 3	John Lyon	citation	(Delphine Derickson Armstrong)	the tag or source at the right of the translation
§2.2.1	John Lyon	note	In sum, despite having the appearance of agentive CoS roots, evidence suggests these involve derivation using a zero middle, which presumably introduces an event agent. From this it follows that Nsyilxcn CoS roots are never actually used in bare form. Given, then, that they always require some kind of derivation, they are bound unaccusatives, and the unaccusativity hypothesis (Davis 1997, 2021) holds for Nsyilxcn, as it does for other Salish languages examined so far. The ability to maintain an unaccusative interpretation in the absence of derivational morphology is one test distinguishing CoS roots from adjectives.	page 19
§2.2.2	John Lyon	heading	2.2.2 Stative c-	page 19
§2.2.2	John Lyon	note	There are at least two basic ways26 to derive a CoS root into a usable, patient-oriented form: by stative c-, and through inchoativity (Section 3). When one attempts to use a bare CoS root as an unaccusative, it is generally corrected into either a stative or an inchoative form. Attaching c- on a CoS root always gives a ‘result state’ reading, often called ‘resultive’ or ‘resultative’ in Salish literature (A. Mattina 1989; van Eijk 1990).	page 19
footnote 25	John Lyon	note	25 Consider kn cnaq̓ʷ which can mean either ‘I steal’ or #‘I got stolen’. The first interpretation involves imperfective c- and a zero middle, whereas the second is a stative. Delphine Derickson Armstrong’s judgements indicate that the majority of CoS roots are not ambiguous in this way, for example, #kn cq̓ay̓ can only mean #‘I’m written’, not *‘I write’. The question of how best to classify roots like naq̓ʷ in this respect, or how exactly it differs from other CoS roots, is a question for future research.	page 19, footnote
footnote 25	Nsyilxcn	cited form	cnaq̓ʷ	page 19
footnote 25	Nsyilxcn	cited form	cq̓ay̓	page 19
footnote 25	Nsyilxcn	cited form	naq̓ʷ	page 19
footnote 26	John Lyon	note	26 Nominalization is also a possibility, which I touch on in places, though the semantic effect of nominalization on a bare CoS root remains a question for future research.	page 19, footnote
§2.2.2	John Lyon	language	St’át’imcets	St’át’imcets, a Northern Interior Salish language
§2.2.2	John Lyon	language	Secwepemctsín	Secwepemctsín, a Northern Interior Salish language
§2.2.2	John Lyon	note	In this section I show that stative c- is distinct from imperfective c-. Stative c- appears to be cognate with stative markers in other Northern Interior Salish languages, for example, es- in St’át’imcets (van Eijk 1997; Davis in prep), and c-/s- in Secwepemctsín (Kuipers 1974), and yields a similar surface interpretation. Below the surface, however, these cognate prefixes yield different semantics: St’át’imcets es- yields a resultant state (Davis et al. 2020) while Nsyilxcn c- yields a target state (Section 2.2.3; Parsons 1990; Kratzer 2000).	page 19
§2.2.2	John Lyon	note	There are aspectual similarities between imperfective adjectives and statives in Nsyilxcn, which I attribute to imperfective predicates and target states having similar semantics. Like imperfective adjectives, statives derived from CoS roots have default present tense readings. In the present tense, the transition into the resulting state is interpreted as having occurred in the past. These forms are often translated using already (31).	page 20
(31a) line 1	Nsyilxcn	segmentation	kn c-x̌aq̓.	page 20, pairs
(31a) line 2	Nsyilxcn	gloss	1SG.SUBJ STAT-get.paid	page 20, pairs
(31a) line 3	Delphine Derickson Armstrong	translation	‘I’m already paid.’	page 20, pairs
(31a) line 3	John Lyon	citation	(VF | Delphine Derickson Armstrong)	the tag or source at the right of the translation
(31b) line 1	Nsyilxcn	segmentation	kn c-nik̓.	page 20, pairs
(31b) line 2	Nsyilxcn	gloss	1SG.SUBJ STAT-get.cut	page 20, pairs
(31b) line 3	Delphine Derickson Armstrong	translation	‘I got cut.’	page 20, pairs
(31b) line 4	Delphine Derickson Armstrong	speaker comment	Comment: “If you had an operation, you could say that.”	page 20, pairs
(31b) line 5	John Lyon	citation	(VF | Delphine Derickson Armstrong)	page 20, pairs
(31c) line 1	Nsyilxcn	segmentation	way̓ c-tax iʔ qəpqíntən-s, lut t̓ə k̓s-áyaʔ-qn.	page 20, pairs
(31c) line 2	Nsyilxcn	gloss	1SG.SUBJ STAT-get.combed DET hair-3POSS NEG NEG.FAC bad-top.of-head	page 20, pairs
(31c) line 3	Delphine Derickson Armstrong	translation	‘Her hair is already combed, it isn’t a mess.’	page 20, pairs
(31c) line 3	John Lyon	citation	(Delphine Derickson Armstrong)	the tag or source at the right of the translation
(31d) line 1	Nsyilxcn	segmentation	kn c-ɬwin.	page 20, pairs
(31d) line 2	Nsyilxcn	gloss	1SG.SUBJ STAT-get.abandoned	page 20, pairs
(31d) line 3	Delphine Derickson Armstrong	translation	‘I’ve been left.’	page 20, pairs
(31d) line 3	John Lyon	citation	(Delphine Derickson Armstrong)	the tag or source at the right of the translation
(31e) line 1	Nsyilxcn	segmentation	c-q̓ay̓ mnímɬtət iʔ stəɬtáɬ(t)-tət iʔ k̓l scəcm̓álaʔ-tət.	page 20, pairs
(31e) line 2	Nsyilxcn	gloss	STAT-get.written 1PL.INDP DET truth-1PL.POSS DET to children-1PL.POSS	page 20, pairs
(31e) line 3	Delphine Derickson Armstrong	translation	‘Our family declaration is written.’	page 20, pairs
(31e) line 3	John Lyon	citation	(VF | Delphine Derickson Armstrong)	the tag or source at the right of the translation
(31f) line 1	Nsyilxcn	segmentation	lut kn t̓a kɬ-kəwáp aɬíʔ c-naq̓ʷ in-kəwáp.	page 20, pairs
(31f) line 2	Nsyilxcn	gloss	NEG 1SG.SUBJ NEG.FAC have-horse because STAT-get.stolen 1SG.POSS-horse	page 20, pairs
(31f) line 3	Delphine Derickson Armstrong	translation	‘I don’t have a horse because it is stolen.’	page 20, pairs
(31f) line 3	John Lyon	citation	(VF | Delphine Derickson Armstrong)	the tag or source at the right of the translation
(31g) line 1	Nsyilxcn	segmentation	in-k̓mínk c-tr̓aq.	page 20, pairs
(31g) line 2	Nsyilxcn	gloss	1SG.POSS-wall STAT-get.kicked	page 20, pairs
(31g) line 3	Delphine Derickson Armstrong	translation	‘My wall has already been kicked.’	page 20, pairs
(31g) line 3	John Lyon	citation	(Delphine Derickson Armstrong)	the tag or source at the right of the translation
(31h) line 1	Nsyilxcn	segmentation	iʔ sqəltmíxʷ way̓ c-suxʷ iwáʔ c-laʕ̓ʷs.	page 20, pairs
(31h) line 2	Nsyilxcn	gloss	DET man already STAT-get.recognized even.though STAT-mask	page 20, pairs
(31h) line 3	Delphine Derickson Armstrong	translation	‘The man was already recognized even though he wore a mask.’	page 20, pairs
(31h) line 4	John Lyon	citation	(VF | Delphine Derickson Armstrong)	page 20, pairs
§2.2.2	John Lyon	note	Also like adjectives, CoS statives may have past (32) or future tense (33–35) readings, though there is a distinct dispreference for future uses of statives, in favour of an inchoative.27	page 21
(32a) line 1	Nsyilxcn	segmentation	i-sláx̌t c-x̌aq̓ t spiʔsc̓íɬt.	page 21, pairs
(32a) line 2	Nsyilxcn	gloss	1SG.POSS-friend STAT-get.paid OBL yesterday	page 21, pairs
(32a) line 3	Delphine Derickson Armstrong	translation	‘My friend was paid yesterday.’	page 21, pairs
(32a) line 3	John Lyon	citation	(Delphine Derickson Armstrong)	the tag or source at the right of the translation
(32b) line 1	Nsyilxcn	segmentation	kn ɬaʔ ʔacqaʔ t spiʔsc̓íɬt, iʔ sɬiq c-kʷum.	page 21, pairs
(32b) line 2	Nsyilxcn	gloss	1SG.SUBJ when go.outside OBL yesterday DET meat STAT-get.stored.away	page 21, pairs
(32b) line 3	Delphine Derickson Armstrong	translation	‘When I went outside yesterday, the meat was already put away.’	page 21, pairs
(32b) line 4	John Lyon	citation	(Delphine Derickson Armstrong)	page 21, pairs
(33) line 1	Nsyilxcn	segmentation	ɬaʔ ntəx̌ʷəx̌ʷqín ɬaʔ x̌lap, c-q̓ay̓ iʔ q̓əy̓mín.	page 21, pairs
(33) line 2	Nsyilxcn	gloss	when noon when tomorrow STAT-get.written DET paper	page 21, pairs
(33) line 3	Delphine Derickson Armstrong	translation	‘By noon tomorrow, the paper will already be written.’	page 21, pairs
(33) line 3	John Lyon	citation	(Delphine Derickson Armstrong)	the tag or source at the right of the translation
(34a) line 1	John Lyon	note	Context: Two Blackfeet planning to steal a sqilxʷ man’s horse that coming night.	page 21, pairs
(34a) line 2	Nsyilxcn	segmentation	x̌lap mi c-naq̓ʷ iʔ kəwáp-s.	page 21, pairs
(34a) line 3	Nsyilxcn	gloss	tomorrow FUT.C STAT-get.stolen DET horse-3POSS	page 21, pairs
(34a) line 4	Delphine Derickson Armstrong	translation	‘His horse will be stolen by tomorrow.’	page 21, pairs
(34a) line 4	John Lyon	citation	(Delphine Derickson Armstrong)	the tag or source at the right of the translation
(34b) line 1	Nsyilxcn	segmentation	x̌lap mi náq̓ʷ•əq̓ʷ iʔ kəwáp-s.	page 21, pairs
(34b) line 2	Nsyilxcn	gloss	tomorrow FUT.C get.stolen•C2.INCH DET horse-3POSS	page 21, pairs
(34b) line 3	Delphine Derickson Armstrong	translation	‘His horse will get stolen by tomorrow.’	page 21, pairs
(34b) line 3	John Lyon	citation	(VF | Delphine Derickson Armstrong)	the tag or source at the right of the translation
(35a) line 1	Nsyilxcn	segmentation	isláx̌t cəm̓ c-x̌aq̓ ɬaʔ x̌lap.	page 21, pairs
(35a) line 2	Nsyilxcn	gloss	1SG.POSS-friend EPIS STAT-get.paid when tomorrow	page 21, pairs
(35a) line 3	Delphine Derickson Armstrong	translation	‘My friend will be paid tomorrow.’	page 21, pairs
(35a) line 3	John Lyon	citation	(Delphine Derickson Armstrong)	the tag or source at the right of the translation
(35b) line 1	Nsyilxcn	segmentation	isláx̌t cəm̓ x̌áq̓•əq̓ ɬaʔ x̌lap.	page 21, pairs
(35b) line 2	Nsyilxcn	gloss	1SG.POSS-friend EPIS get.paid•C2.INCH when tomorrow	page 21, pairs
(35b) line 3	Delphine Derickson Armstrong	translation	‘My friend will get paid tomorrow.’	page 21, pairs
(35b) line 3	John Lyon	citation	(VF | Delphine Derickson Armstrong)	the tag or source at the right of the translation
§2.2.2	John Lyon	note	Statives also resemble imperfective adjectives in terms of temporal overlap effects: the CoS must have happened before the reference time of a punctual temporal adverbial.	page 21
footnote 27	John Lyon	note	27 Speculatively, future uses of statives may be marked because the event transition is temporally more proximal to the reference time than the resulting state. Conversely, unmarked past tense uses of statives are easy to obtain: given that the event has already occurred, the resulting state is temporally more proximal than the transition. Alternatively, future/prospective ks- forms may offer a less ambiguous temporal reading. This alternative, unlike the appeal to proximity, addresses the parallel dispreference for future imperfective adjectives.	page 21, footnote
(36a) line 1	Nsyilxcn	segmentation	iʔ snkɬc̓aʔsqáx̌aʔ c-naq̓ʷ l sntəx̌ʷəx̌ʷqín.	page 22, pairs
(36a) line 2	Nsyilxcn	gloss	DET horse STAT-get.stolen at noon	page 22, pairs
(36a) line 3	Delphine Derickson Armstrong	translation	‘The horse was already stolen by noon.’	page 22, pairs
(36a) line 3	John Lyon	citation	(Delphine Derickson Armstrong)	the tag or source at the right of the translation
(36b) line 1	Nsyilxcn	segmentation	ɬaʔ k̓ɬnk̓ahk̓ʷíp-s iʔ k̓ɬnk̓míp John, uɬ c-c̓axʷ	page 22, pairs
(36b) line 2	Nsyilxcn	gloss	when open.door-(DIR)-3ERG DET door John and STAT-get.spilled	page 22, pairs
(36b) line 3	Nsyilxcn	segmentation	iʔ siwɬkʷ aʔ c-kɬcaq iʔ sx̌lilp.	page 22, pairs
(36b) line 4	Nsyilxcn	gloss	DET water DET IPFV-container.facing.up DET floor	page 22, pairs
(36b) line 5	Delphine Derickson Armstrong	translation	‘The water sitting on the floor was already spilled when John opened the door.’	page 22, pairs
(36b) line 6	John Lyon	citation	(Delphine Derickson Armstrong)	page 22, pairs
§2.2.2	John Lyon	note	Finally, statives are similar to S-level adjectives in that they can function as CNP modifiers (37), showing that syntactically, statives might in some cases be analyzed as adjectival predicates (Lyon 2010). What imperfective adjectives and the (target) stative modifiers in (37) have in common is that they are both aspectually “inert” (cf. Davis 2011 on deverbal adjectives in St’át’imcets): their event variables have been closed, and the predicate must be true of the argument relative to the reference time.28	page 22
(37a) line 1	Nsyilxcn	segmentation	[c-c̓axʷ t siwɬkʷ] i-s-c-wík.	page 22, pairs
(37a) line 2	Nsyilxcn	gloss	STAT-get.spilled OBL water 1SG.POSS-NMLZ-STAT-get.seen	page 22, pairs
(37a) line 3	Delphine Derickson Armstrong	translation	‘What I saw was spilled water.’	page 22, pairs
(37a) line 3	John Lyon	citation	(Delphine Derickson Armstrong)	the tag or source at the right of the translation
(37b) line 1	Nsyilxcn	segmentation	[c-naq̓ʷ t kəwáp] i-s-c-wík.	page 22, pairs
(37b) line 2	Nsyilxcn	gloss	STAT-get.stolen OBL horse 1SG.POSS-NMLZ-STAT-get.seen	page 22, pairs
(37b) line 3	Delphine Derickson Armstrong	translation	‘A stolen horse is what I saw.’	page 22, pairs
(37b) line 3	John Lyon	citation	(Delphine Derickson Armstrong)	the tag or source at the right of the translation
§2.2.2	John Lyon	note	Although both imperfective adjectives and statives are tense-independent (except for marked future uses), atelic, show temporal overlap with punctual adverbs, and may act as modifiers in CNPs, there are several factors which support a separate, stative analysis of c- with CoS roots: (i) the absence of imperfective readings with statives, (ii) the ability of statives to co-occur with instrumental adjuncts, and (iii) the (partial) ability of statives to undergo manner modification. First, statives do not clearly have habitual, or in-progress eventive interpretations. Habitual readings of stative roots are sometimes accepted under the scope of habitual adverbials (in brackets, 38), but imperfective inchoatives are preferred in these contexts, and offered as corrections. In other cases, habitual forms such as the imperfective causative in (39b) are volunteered.	page 22
(38a) line 1	Nsyilxcn	segmentation	i-slax̌t nyʕip c-x̌aq̓ [ɬaʔ c-wiʔ-st-ís	page 22, pairs
(38a) line 2	Nsyilxcn	gloss	1SG.POSS-friend always STAT-get.paid when IPFV-finish-CAUS-3ERG	page 22, pairs
(38a) line 3	Nsyilxcn	segmentation	iʔ s-c-k̓ʷúl̓-s].	page 22, pairs
(38a) line 4	Nsyilxcn	gloss	DET NMLZ-STAT-work-3POSS	page 22, pairs
(38a) line 5	Delphine Derickson Armstrong	translation	‘My friend always gets paid when he finishes his work.’	page 22, pairs
(38a) line 6	Delphine Derickson Armstrong	speaker comment	Comment: “Good, but cx̌áq̓əq̓ sounds better than cx̌aq̓.”	page 22, pairs
(38a) line 7	John Lyon	citation	(Delphine Derickson Armstrong)	page 22, pairs
(38b) line 1	Nsyilxcn	segmentation	c-kʷum iʔ sx̌əw̓-íɬc̓aʔ [ɬaʔ c-k̓ʔaym].	page 23, pairs
(38b) line 2	Nsyilxcn	gloss	STAT-get.stored DET dried-meat when IPFV-fall	page 23, pairs
(38b) line 3	Delphine Derickson Armstrong	translation	‘The meat is put away in the fall.’	page 23, pairs
(38b) line 3	John Lyon	citation	(Delphine Derickson Armstrong)	the tag or source at the right of the translation
footnote 28	John Lyon	note	28 The examples in (37) also show how a stative predicate can be nominalized and possessed. I do not discuss nominalized statives in this paper, except in passing.	page 22, footnote
(39a) line 1	John Lyon	note	Context: Showing someone around in a kitchen.	page 23, pairs
(39a) line 2	Nsyilxcn	segmentation	# c-p̓y̓q iʔ sɬiqʷ aláʔ iʔ l nk̓ʷl̓cncútən.	page 23, pairs
(39a) line 3	Nsyilxcn	gloss	STAT-get.cooked DET meat here DET in cooking.container	page 23, pairs
(39a) line 4	Delphine Derickson Armstrong	translation	Target: ‘Meat is cooked in this pot.’	page 23, pairs
(39a) line 4	John Lyon	citation	(Delphine Derickson Armstrong)	the tag or source at the right of the translation
(39b) line 1	Nsyilxcn	segmentation	aláʔ mi c-p̓yq-st-íxʷ iʔ sɬiqʷ iʔ l nk̓ʷl̓cncútən.	page 23, pairs
(39b) line 2	Nsyilxcn	gloss	here FUT.C IPFV-get.cooked-CAUS-2SG.ERG DET meat DET in cooking.container	page 23, pairs
(39b) line 3	Delphine Derickson Armstrong	translation	‘Here is where you cook the meat, in the pot.’	page 23, pairs
(39b) line 3	John Lyon	citation	(VF | Delphine Derickson Armstrong)	the tag or source at the right of the translation
§2.2.2	John Lyon	note	Volunteered translations of statives in the absence of a habitual adverbial are single-event and resultative (40).29	page 23
(40) line 1	Nsyilxcn	segmentation	q̓sapi c-pul̓ iʔ sip̓y̓.	page 23, pairs
(40) line 2	Nsyilxcn	gloss	long.ago STAT-get.tanned DET hide	page 23, pairs
(40) line 3	Delphine Derickson Armstrong	translation	‘Long ago, the hide is tanned.’	page 23, pairs
(40) line 4	Delphine Derickson Armstrong	translation	Target: ‘Long ago, hides were tanned.’	page 23, pairs
(40) line 5	Delphine Derickson Armstrong	speaker comment	Comment: “You’re just talking about one hide.”	page 23, pairs
(40) line 5	John Lyon	citation	(Delphine Derickson Armstrong)	page 23, the source at the right of the speaker comment
§2.2.2	John Lyon	note	The only sense in which a stative may be understood as in-progress is an in-progress reading of the resulting state. Again, imperfective inchoatives are preferred, and offered as corrections (41).	page 23
(41) line 1	Nsyilxcn	segmentation	# ʕac̓-nt, i-slax̌t c-x̌áq̓ ʕapnáʔ.	page 23, pairs
(41) line 2	Nsyilxcn	gloss	look-DIR 1SG.POSS-friend STAT-get.paid now	page 23, pairs
(41) line 3	Delphine Derickson Armstrong	translation	‘Look, my friend is getting paid right now.’	page 23, pairs
(41) line 4	Delphine Derickson Armstrong	speaker comment	Comment: “cx̌áq̓əq̓ sounds better than cx̌aq̓.”	page 23, pairs
(41) line 4	John Lyon	citation	(Delphine Derickson Armstrong)	page 23, the source at the right of the speaker comment
§2.2.2	John Lyon	note	Overall, it seems clear there is no eventive component available in a stative CoS root to yield an imperfective reading. This follows if stative c- derives an aspectually inert predicate from a verbal CoS root whose original event argument has been existentially closed, and is therefore not open for existential closure by an imperfective.	page 23
§2.2.2	John Lyon	note	Second, statives differ from adjectives in being able to occur with instrumental adjuncts which reference a causing event (cf. N. Mattina 1996; Davis & Demirdache 1997:108), an event which brings about the CoS. Statives share this property with inchoatives, as discussed above, and below in Section 3.	page 23
footnote 29	John Lyon	note	29 There is nothing inherent about the determiner iʔ that should force reference to a single entity: iʔ allows generic and non-specific readings (Lyon 2015), but stative c- seems to prevent a generic interpretation.	page 23, footnote
footnote 29	Nsyilxcn	cited form	iʔ	page 23
(42a) line 1	Nsyilxcn	segmentation	c-miƛ̓ iʔ p̓úyxən iʔ t míƛ̓mən.	page 24, pairs
(42a) line 2	Nsyilxcn	gloss	STAT-get.painted DET car DET OBL paintbrush	page 24, pairs
(42a) line 3	Delphine Derickson Armstrong	translation	‘The car was painted by the paintbrush.’	page 24, pairs
(42a) line 3	John Lyon	citation	(Delphine Derickson Armstrong)	the tag or source at the right of the translation
(42b) line 1	Nsyilxcn	segmentation	kn c-p̓ic̓ iʔ t c̓íp̓mən.	page 24, pairs
(42b) line 2	Nsyilxcn	gloss	1SG.SUBJ STAT-get.pinched DET OBL pliers	page 24, pairs
(42b) line 3	Delphine Derickson Armstrong	translation	‘I’ve already been pinched by the pliers.’	page 24, pairs
(42b) line 3	John Lyon	citation	(Delphine Derickson Armstrong)	the tag or source at the right of the translation
(42c) line 1	Nsyilxcn	segmentation	way̓ c-q̓ay̓ i-s-c-k̓ʷúl̓ iʔ t nɬək̓ʷɬək̓ʷtúɬ.	page 24, pairs
(42c) line 2	Nsyilxcn	gloss	already STAT-get.written 1SG.POSS-NMLZ-STAT-get.made DET OBL computer	page 24, pairs
(42c) line 3	Delphine Derickson Armstrong	translation	‘My work was written by the computer.’	page 24, pairs
(42c) line 3	John Lyon	citation	(Delphine Derickson Armstrong)	the tag or source at the right of the translation
(42d) line 1	Nsyilxcn	segmentation	way̓ c-nik̓ iʔ sp̓íc̓ən iʔ t k̓rk̓riw̓stn.	page 24, pairs
(42d) line 2	Nsyilxcn	gloss	already STAT-get.cut DET rope DET OBL scissor	page 24, pairs
(42d) line 3	Delphine Derickson Armstrong	translation	‘The rope was cut by the scissors.’	page 24, pairs
(42d) line 3	John Lyon	citation	(Delphine Derickson Armstrong)	the tag or source at the right of the translation
§2.2.2	John Lyon	note	Third, it was shown above that homogenous adjectives cannot by modified by a manner adverb, whereas inchoative adjectives may, the hypothesis being that manner adverbs require a CoS. Statives pattern with both homogenous and inchoative adjectives in this respect, depending on whether the manner adverb is interpreted as modifying the event or the resulting state. If the manner adverb modifies the CoS event, similarly to the case with inchoative adjectives, then the sentence is judged acceptable. In (43a,b), the reference time is fixed to the resulting state, and the events of scraping and stealing which lead up to the resulting state are asserted as having occurred quickly.	page 24
(43a) line 1	Nsyilxcn	segmentation	t xʷus c-ʔiq̓ iʔ síp̓iʔ.	page 24, pairs
(43a) line 2	Nsyilxcn	gloss	OBL fast STAT-get.scraped DET hide	page 24, pairs
(43a) line 3	Delphine Derickson Armstrong	translation	‘The hide is already tanned quickly.’	page 24, pairs
(43a) line 3	John Lyon	citation	(Delphine Derickson Armstrong)	the tag or source at the right of the translation
(43b) line 1	Nsyilxcn	segmentation	c-naq̓ʷ iʔ kəwáp t xʷúsxʷəst.	page 24, pairs
(43b) line 2	Nsyilxcn	gloss	STAT-get.stolen DET horse OBL quick	page 24, pairs
(43b) line 3	Delphine Derickson Armstrong	translation	‘The horse was quickly stolen.’	page 24, pairs
(43b) line 3	John Lyon	citation	(Delphine Derickson Armstrong)	the tag or source at the right of the translation
§2.2.2	John Lyon	note	Similarly to the case of homogenous adjectives, however, if the manner adverb is interpreted as modifying the result state, as shown by Delphine’s comments for (44a), then the structure is illicit. An inchoative is offered as a correction (44b) (see Section 3).	page 24
(44a) line 1	Nsyilxcn	segmentation	* c-c̓axʷ iʔ siwɬkʷ t k̓ək̓alíʔ.	page 24, pairs
(44a) line 2	Nsyilxcn	gloss	STAT-get.spilled DET water OBL slow	page 24, pairs
(44a) line 3	Delphine Derickson Armstrong	translation	‘The water is spilled slowly.’	page 24, pairs
(44a) line 4	Delphine Derickson Armstrong	speaker comment	Comment: “How can it be k̓ək̓alíʔ when it is already spilled?!”	page 24, pairs
(44a) line 5	John Lyon	citation	(Delphine Derickson Armstrong)	page 24, pairs
(44b) line 1	Nsyilxcn	segmentation	c-c̓xʷ•axʷ iʔ siwɬkʷ t k̓ək̓alíʔ.	page 24, pairs
(44b) line 2	Nsyilxcn	gloss	IPFV-get.spilled•C2.INCH DET water OBL slow	page 24, pairs
(44b) line 3	Delphine Derickson Armstrong	translation	‘The water is spilling slowly.’	page 24, pairs
(44b) line 3	John Lyon	citation	(VF | Delphine Derickson Armstrong)	the tag or source at the right of the translation
§2.2.2	John Lyon	note	Assuming that a saturated event argument is what (i) allows statives to be used as CNP modifiers, similar to imperfective adjectives, (ii) prevents an imperfective from applying to a stative, thus blocking habitual readings, and (iii) forces an illicit manner adverbial modification of a result state in cases like (44a), this implies that the instruments in (42) and the manner adverbs in (43) must be referencing the event prior to that event argument being saturated, i.e. prior to stativization. From this, it follows that stativization in these cases must be applying to a phrase (see Kratzer 2000),30 and that the CoS and causing event must be present in the CoS root itself, rather than being introduced by stative c- (Embick 2009). This constitutes important evidence for a semantic distinction between CoS roots, which are semantically causative (Davis & Demirdache 1997), and adjectives, which are not.	page 25
§2.2.2	John Lyon	note	In sum, despite many similarities between imperfective adjectives and statives, evidence suggests that there are two separate c- prefixes: imperfective c- which attaches to eventive stems (including stage-level adjectives and inchoative predicates, t.b.d.), and stative c- which attaches to CoS roots, which are semantically causative, and encode both of a event transition and a target state, as I argue in the next section. The semantic similarities between the two types can be attributed to their both deriving atelic predicates from eventive bases and yielding predicates which must hold true of the argument at the reference time. Their semantics are nevertheless distinct: the imperfective returns a sub-interval of the run-time of an event(uality) denoting predicate, while the stative entails an event culmination and transition into a target state.	page 25
§2.2.3	John Lyon	heading	2.2.3 Target states and resultant states	page 25
§2.2.3	John Lyon	language	St’át’imcets	St’át’imcets, a Northern Interior Salish language
§2.2.3	John Lyon	language	ʔayʔaǰuθəm	ʔayʔaǰuθəm, a Central Salish language
footnote 30	John Lyon	note	30 There is independent evidence that stative c- can apply to a constituent larger than a bare CoS root. In cwiʔsmiƛ̓ iʔ p̓uyxən iʔ t k̓ʷul̓məns iʔ miƛ̓mən ‘The car was already painted with the paintbrush’ (Delphine Derickson, VF), the compounding root wiʔs- ‘to finish’ modifies the event transition (similarly to a licit manner adverbial (43)) and occurs on the inside of stative c-. The analysis shown in Section 2.3, likewise, shows the stative applying to a bare CoS root plus its internal, patient argument. In deriving CNP uses of statives, however, the stative may apply prior to a CoS root taking its internal argument.	page 25, footnote
footnote 30	Nsyilxcn	cited form	cwiʔsmiƛ̓	page 25
footnote 30	Nsyilxcn	cited form	iʔ	page 25
footnote 30	Nsyilxcn	cited form	p̓uyxən	page 25
footnote 30	Nsyilxcn	cited form	k̓ʷul̓məns	page 25
footnote 30	Nsyilxcn	cited form	miƛ̓mən	page 25, ‘The car was already painted with the paintbrush’
footnote 30	Nsyilxcn	cited affix	wiʔs-	page 25, ‘to finish’
footnote 31	John Lyon	note	31 Thanks to Gloria Mellesmoen (UBC Linguistics) for making these storyboards available.	page 25, footnote
§2.2.3	Nsyilxcn	cited form	cpakʷ	page 26
§2.2.3	John Lyon	note	Davis et al. (2020) developed a series of storyboards (Burton & Matthewson 2015) designed to test whether derived statives in St’át’imcets and ʔayʔaǰuθəm denote target states or resultant states.31 As originally described in Parsons (1990), and later formally distinguished in Kratzer (2000), target states are in principle reversible, and describe a state that must continue to affect an argument relative to a reference time in order to be felicitously used. Resultant states, in contrast, simply entail that an event has culminated at some point prior to the reference time (like the English perfect), and as such are not reversable, and do not require the state to continue affecting an argument at a subsequent reference time. Davis et al.’s (2020) test results indicate that while St’át’imcets es- derives a resultant state, ʔayʔaǰuθəm stative reduplication derives a target state. Given that variation within Salish family exists, it is important to determine how Nsyilxcn c- statives pattern. Several storyboards were tested, the results for three of which I present here. Figure 1 represents the final pane of the story about a woman who drops a cup, whose broken pieces are scattered, after which she uses glue to piece the cup back together. The stative cpakʷ ‘to be scattered’ is volunteered earlier in the storyboard to describe a pane in which the shattered pieces lay strewn about the floor. If cpakʷ denotes a resultant state, it should be felicitous to use even after the cup has been glued back together (Figure 1), similarly to English present perfect It has been scattered. If cpakʷ is a target state, it should not be felicitous in Figure 1, since the state no longer actively affects the cup. Results indicate a target state (45).32	page 25
(45) line 1	Nsyilxcn	segmentation	# ʕapnáʔ c-pakʷ iʔ lpot.	page 26, pairs
(45) line 2	Nsyilxcn	gloss	now STAT-scattered DET cup	page 26, pairs
(45) line 3	Delphine Derickson Armstrong	translation	‘The cup has been scattered.’	page 26, pairs
(45) line 3	John Lyon	citation	(Delphine Derickson Armstrong)	the tag or source at the right of the translation
§2.2.3	Nsyilxcn	cited form	cyrmín	page 26, ‘to be pushed’
§2.2.3	John Lyon	note	The final scene in the second storyboard is illustrated by Figure 2. This tells the story of a couple whose car breaks down, after which they try to push the car to a service station. For one version, they successfully push the car, and the stative cyrmín ‘to be pushed’ is volunteered. In an alternate version (Figure 2), they try to push the car, but to no avail. Under this scenario, a pushing event has occurred, but there is no discernable target state affecting the car. Hence, the prediction is that cyrmin can only be used in this context if it denotes a resultant, rather than a target state. Again, Nsyilxcn cyrmin patterns as a target state (46).	page 26
(46) line 1	Nsyilxcn	segmentation	# ʕapnáʔ c-yrmín iʔ p̓uyxn.	page 26, pairs
(46) line 2	Nsyilxcn	gloss	now STAT-get.pushed DET car	page 26, pairs
(46) line 3	Delphine Derickson Armstrong	translation	‘The car has now been pushed.’	page 26, pairs
(46) line 4	Delphine Derickson Armstrong	speaker comment	Comment: “No, ʕapnáʔ lut t̓ksyrmíntəm, maɬnʕast.”	page 26, pairs
(46) line 5	Delphine Derickson Armstrong	translation	‘We’re not going to push it now, it’s too heavy.’	page 26, pairs
(46) line 5	John Lyon	citation	(Delphine Derickson Armstrong)	the tag or source at the right of the translation
§2.2.3	Nsyilxcn	cited form	cp̓ac̓	page 26, ‘to be squashed’
§2.2.3	Nsyilxcn	cited form	p̓ác̓əc̓	page 26
footnote 32	John Lyon	note	32 Note that the adverb ʕapnáʔ ‘now’ is necessary to force a present tense reading of the stative. There is otherwise nothing to prevent the stative from being interpreted in the past tense, which invalidates the test.	page 26, footnote
§2.2.3	John Lyon	note	The last storyboard I discuss involves a worm which is stepped on: Under the first version, he is squashed and killed, for which the stative cp̓ac̓ ‘to be squashed’ was volunteered. Under the second version, he is stepped on and presumably killed, however, when the foot lifts, the worm has miraculously survived (Figure 3). The volunteered form for Figure 3 includes the inchoative p̓ác̓əc̓.	page 26
(47) line 1	Nsyilxcn	segmentation	p̓ác̓•əc̓ iʔ mámlaʔ náx̌əmɬ pútiʔ c-xʷəlxʷált.	page 27, pairs
(47) line 2	Nsyilxcn	gloss	get.squashed•C2.INCH DET worm but still IPFV-alive	page 27, pairs
(47) line 3	Delphine Derickson Armstrong	translation	‘The worm got squashed but it is still alive.’	page 27, pairs
(47) line 3	John Lyon	citation	(VF | Delphine Derickson Armstrong)	the tag or source at the right of the translation
§2.2.3	John Lyon	note	I will show in Section 3 that inchoatives entail result states, hence p̓ác̓əc̓ ‘get squashed’ should entail stative cp̓ac̓ ‘to be squashed’. When I attempted to substitute stative cp̓ac̓ for the inchoative in (47), however, Delphine indicated that you could not say it that way, since “it would already be squashed”. This indicates that while the worm was squashed at prior reference time, as entailed by p̓ác̓əc̓, one cannot for Figure 3 state the equivalent of The worm has been squashed, since the state no longer affects the worm at the present time. Again, this shows that Nsyilxcn c- derives a target state, not a resultant state.	page 27
§2.2.3	Nsyilxcn	cited form	pútiʔ	page 27, ‘still’
§2.2.3	John Lyon	note	Last, consider that Nsyilxcn statives are compatible with pútiʔ ‘still’ (48). This supports an analysis of c- states as target states, since as discussed by Kratzer (2000), still requires a state that is in principle reversable. Resultant states, in contrast, denote irreversible, culminated events which must hold forever after. An adverb like still should therefore be redundant with resultant states.	page 27
(48a) line 1	Nsyilxcn	segmentation	iʔ sɬiqʷ c-x̌aw̓ t spiʔsc̓íɬt, uɬ pútiʔ ʕapnáʔ c-x̌aw̓.	page 27, pairs
(48a) line 2	Nsyilxcn	gloss	DET meat STAT-get.dried OBL yesterday and still now IPFV-dry	page 27, pairs
(48a) line 3	Delphine Derickson Armstrong	translation	‘The meat was dried yesterday, and it’s still dry today.’	page 27, pairs, carries footnote 33, written here without its digit
(48a) line 3	John Lyon	citation	(Delphine Derickson Armstrong)	page 27, the source at the right of the translation
(48b) line 1	Nsyilxcn	segmentation	in-kəwáp c-naq̓ʷ t spiʔsc̓íɬt, uɬ putíʔ ʕapnaʔ	page 27, pairs
(48b) line 2	Nsyilxcn	gloss	1SG.POSS-horse STAT-get.stolen OBL yesterday and still now	page 27, pairs
(48b) line 3	Nsyilxcn	segmentation	c-naq̓ʷ.	page 27, pairs
(48b) line 4	Nsyilxcn	gloss	STAT-get.stolen	page 27, pairs
(48b) line 5	Delphine Derickson Armstrong	translation	‘My horse was stolen yesterday, and it’s still stolen now.’	page 27, pairs
(48b) line 6	John Lyon	citation	(Delphine Derickson Armstrong)	page 27, pairs
(48c) line 1	Nsyilxcn	segmentation	way̓ c-t̓ak̓ʷ snk̓lip, uɬ pútiʔ c-t̓ak̓ʷ.	page 27, pairs
(48c) line 2	Nsyilxcn	gloss	already STAT-get.layed.down coyote and still STAT-get.laid.down	page 27, pairs
(48c) line 3	Delphine Derickson Armstrong	translation	‘Coyote has fallen and he is still lying there.’	page 27, pairs
(48c) line 3	John Lyon	citation	(VF | Delphine Derickson Armstrong)	the tag or source at the right of the translation
footnote 33	John Lyon	note	33 Roots such as x̌aw̓ and sult seem ambiguous between adjectives and CoS roots, and this is reflected in the the translation and glossing of (48a). Overall, there seems to be a continuum of eventive unaccusatives, consisting of four classes: At one end of the continuum are (I) unambiguous, homogenous adjectival roots (e.g., nʕas ‘heavy’, ɬʕat̓ ‘wet’), followed by (II) adjectives which are always unaccusative and do not occur as agentive middles with -m, but allow zero-inchoative interpretations (e.g., ʔilxʷt ‘hungry/get hungry’, q̓ilt ‘sick/get sick’) followed by (III) adjectives which allow agentive readings with middle -m and may be ambiguously interpretable as CoS roots (e.g., sult ‘frozen/get frozen’, x̌aw̓ ‘dry/get dried’), followed by (IV) unambiguous CoS roots at the other end of the continuum. In favour of an ambiguous adjectival/CoS analysis of sult (and in contrast to 22), consider that like other statives, csult can occur with an oblique instrument and a resulting state interpretation: csult iʔ sɬiqʷ iʔ t sc̓aɬt ‘The meat was frozen by the cold’. If CoS roots are defined as those that can occur with stative c- or middle -m, then a sub-class of adjectives (class III) meet these criteria. Class IV can occur with either imperfective c- or stative c-, unlike the other classes. Under the analysis outlined in this paper, class IV are lexically and semantically ambiguous. Further work is needed to more clearly define these four classes.	page 27, footnote
footnote 33	Nsyilxcn	cited form	x̌aw̓	page 27
footnote 33	Nsyilxcn	cited form	nʕas	page 27, ‘heavy’
footnote 33	Nsyilxcn	cited form	ɬʕat̓	page 27, ‘wet’
footnote 33	Nsyilxcn	cited form	ʔilxʷt	page 27, ‘hungry/get hungry’
footnote 33	Nsyilxcn	cited form	q̓ilt	page 27
footnote 33	Nsyilxcn	cited form	sɬiqʷ	page 27
footnote 33	Nsyilxcn	cited form	sc̓aɬt	page 27, ‘The meat was frozen by the cold’
§2.2.3	John Lyon	note	Formally speaking, target states, unlike resultant states, must have a stative component to their meaning which serves as an anchor for a reference time. Kratzer (2000) posits that certain roots in German come pre-equipped with stative and eventive arguments, and that a target stativizer existentially closes the event variable, foregrounding the state. I follow essentially this approach for Nsyilxcn CoS roots, as discussed in detail in the next section.	page 28
§2.3	John Lyon	heading	2.3 Analysis of Nsyilxcn lexical classes and the stative marker	page 28
§2.3.1	John Lyon	heading	2.3.1 Lexical classes	page 28
§2.3.1	John Lyon	note	The difference between Nsyilxcn I-level (49a) and S-level adjectives (49b) can be modeled as follows:34 imperfective c- requires an event variable (49c) (Rullmann & Matthewson 2018), but I- level states and nouns do not have such a variable: there is a type clash. I assume that e ranges over both events and states (Kratzer 2000) and the imperfective ranges over predicates of type ⟨s,t⟩, those with an open event variable.	page 28
(49a) line 1	John Lyon	rule	λxλw . P(x)(w) individual-level state, noun	page 28, engine english
(49b) line 1	John Lyon	rule	λxλeλw . P(x)(e)(w) stage-level state	page 28, engine english
(49c) line 1	John Lyon	rule	⟦c-IPFV⟧ = 𝜆P⟨s,t⟩λtλw∃e .[P(e)(w) ∧ t ⊆ 𝜏(e)] imperfective c-	page 28, carries footnote 35, written here without its digit
§2.3.1	John Lyon	notation	λxλsλeλw	page 28
footnote 34	John Lyon	note	34 For this paper I follow ontological distinctions and formal types used in Kratzer (2000:6): “I take logical representations to be expressions of an intensional typed-calculus with the basic types t (propositions), e (entities), s (states, events), and i (intervals of times). As for variables, ‘x’ ranges over entities, ‘e’ over eventualities, including events proper and states, ‘s’ ranges over states, ‘t’ over intervals of time, [and ignoring intensionality] P over functions of type ⟨s,t⟩, ‘R’ over functions of type ⟨s⟨s,t⟩⟩, ‘Q’ over functions of type ⟨e⟨s,t⟩⟩, and ‘T’ over functions of type ⟨e⟨i,t⟩⟩.”	page 28, footnote
footnote 35	John Lyon	note	35 I assume the following for the null perfective and imperfective c- (Rullmann & Matthewson 2018):	page 28, footnote
§2.3.1	John Lyon	note	CoS roots encode a target state, an event (which may or may not be instantaneous) leading up to a CoS instantiated by a predicate BECOME (Dowty 1979),36 and a predicate CAUSE that links together the event and target state in a causal relation. The formula in (50) states that an entity x becomes P through an event e in world w, and that this event e causes a state s in world w.	page 28
(50) line 1	John Lyon	rule	λxλsλeλw . [BECOME(P(x)(e)(w)) ∧ CAUSE(e,s)(w)] change-of-state root	page 28, the display
§2.3.1	John Lyon	note	I follow Kratzer (2000) in making an ontological distinction between s “state” and e “event” variables in (50): e ranges over events proper and states, while s ranges specifically over states.	page 28
footnote 35 (i) line 1	John Lyon	rule	Imperfective ⟦c-⟧g,t0,w0 = λP⟨l,st⟩λtλw . ∃e[P(e)(w) & t ⊆ 𝜏(e)]	page 28, engine english
footnote 35 (ii) line 1	John Lyon	rule	Perfective ⟦∅-⟧g,t0,w0 = λP⟨l,st⟩λtλw . ∃e[P(e)(w) & 𝜏(e) ⊆ t]	page 28, engine english
footnote 36	John Lyon	note	36 Dowty (1979:140) defines BECOME as follows: “[BECOME φ] is true at I iff there is an internal J containing the initial bound of I such that ¬ φ is true at J and there is an interval K containing the final bound of I such that φ is true at K.”	page 28, footnote
footnote 36	John Lyon	notation	φ	page 28
§2.3.1	John Lyon	notation	λxλs.P(x)(s	page 29
§2.3.1	John Lyon	note	I abstract away from the semantics of habituality, though there is a significant amount of theoretical literature linking it to basic, sub-interval imperfectivity, for example Deo (2009) and Alexyenko (2018). Because s is a special case of e, S-level adjectives (49b) may denote states as well as events proper (N. Mattina 1996) .37 I argue against an ontologically stative analysis of S-level adjectives in Nsyilxcn, i.e., λxλs.P(x)(s): Because the imperfective applies to S-level adjectives but not CoS roots in Nsyilxcn, assuming a different ontological status for adjectives and the result state component of a CoS root straightforwardly predicts their different distributions, without need to reference syntactic categories. Because CoS roots have open event arguments as well as open stative arguments, they are of type ⟨s⟨s,t⟩⟩. While the imperfective in (49c) does not range over predicates of this type, the stative does, as discussed further in Section 2.3.2 below.	page 28
§2.3.1	John Lyon	note	I assume a causative structure for CoS roots (Chierchia 1989; Davis & Demirdache 1997; Kratzer 2000, 2005), instantiated by the predicate CAUSE: The target state is caused by the event. Because these are unaccusatives, I make no explicit reference to any agent (cf. N. Mattina 1996; Davis & Demirdache 1997). I include a CAUSE predicate as part of the template for a CoS root (similar to Kratzer’s 2000 underived target state participle stems), rather than as contributed by a stativizer (Embick 2009) because of above examples showing that oblique instruments and manner adverbials reference the causing event prior to stativization.	page 29
§2.3.1	John Lyon	language	St’át’imcets	St’át’imcets, a Northern Interior Salish language
§2.3.1	John Lyon	note	In terms of the lexical decomposition of bare CoS roots, I leave the e and s variable sub-events unbound, for two reasons. First, the two sub-events are individually targeted by two different aspectual processes which are in complementary distribution with one another: the stative marker targets the event argument, while inchoativity targets the state argument, as will be shown. Second, this approach offers an explanation for why CoS roots in Nsyilxcn may not be used as bare unaccusatives (in contrast to CoS roots in St’át’imcets Salish, see Lyon & Davis 2022): With both stative and eventive arguments open, they are semantically underspecified. In other words, while it is clear that a CoS is involved as part of the lexical meaning of a CoS root, there is no way to use it in a temporally anchored proposition since it is unclear whether a reference time should target the eventive portion, or the target state. This underspecification is resolved through further derivation by, for example, stative c- or the inchoative (see Section 3).	page 29
§2.3.1	John Lyon	note	This analysis makes CoS roots in Nsyilxcn different from recent approaches to CoS roots in English (Yu et al. 2023; Beavers & Koontz-Garboden 2012, 2020), which come pre-equipped with one of their two arguments existentially closed. Instead, Nsyilxcn CoS roots are similar to underived target state participle stems in German (Kratzer 2000). Nsyilxcn may support an analysis of English CoS roots as likewise having unbound sub-events, with result state readings emerging as the result of a null stativizer (Lieber 1980).	page 29
§2.3.2	John Lyon	heading	2.3.2 The stativizer	page 29
footnote 37	John Lyon	note	37 N. Mattina (1996:154) notes that “states easily shift between an LCS [lexical conceptual structure] that encodes the semantic operator be and one that encodes an act. When a State is understood to refer to an act, it can have stem alternants that name events. This is the only base type of the three whose alternants do not show the prototypical ES [event structure] of the base. This ontological mutability of States is, perhaps, their defining characteristic.”	page 29, footnote
§2.3.2	John Lyon	note	Possible semantics for the stativizer include the two definitions in (51) (Parsons 1990; Kratzer 2000; see also Davis et al. 2020), however, given the evidence presented in Section 2.2.3 that c- derives a target state, the semantics of stativizer c- are best represented by (51b).	page 29
(51a) line 1	John Lyon	rule	λP⟨s,t⟩λt . ∃e[P(e) & 𝜏(e) < t] resultant stativizer	page 30, engine english
(51b) line 1	John Lyon	rule	⟦c-STAT⟧ = λR⟨s⟨s,t⟩⟩λs∃e . 𝑅(𝑠)(𝑒) target stativizer	page 30, engine english
§2.3.2	John Lyon	language	St’át’imcets	St’át’imcets, a Northern Interior Salish language, page 30, before footnote mark 38
§2.3.2	John Lyon	note	The target stativizer in (51b) “combines with a predicate that encodes both an event and a target state [i.e., a CoS root (50)] and existentially closes the event argument, backgrounding the event and foregrounding the target state” (Davis et al. 2020; cf. Kratzer 2000; and Burton & Davis 1996 for St’át’imcets).38 The state variable can then be existentially closed ,39 temporally modified, and/or passed on to tense. From this analysis, any temporal overlap effects associated with statives are attributable to the reference time not having access to the event transition, which has been existentially closed. Figure 4 shows a sample derivation of a stative.	page 30
footnote 38	John Lyon	note	38 Burton and Davis (1996) claim that stative es- in St’át’imcets (the functional equivalent of Nsyilxcn c- in the context of resulting states) “removes the prominent individual variable from event-structure [i.e., the initial transition into the result state] and makes the remaining variable prominent [i.e., the result state].” This approach assumes that roots have both event and resulting state variables.	page 30, footnote
§2.3.2	John Lyon	language	St’át’imcets	St’át’imcets, a Northern Interior Salish language
footnote 39	John Lyon	note	39 As Kratzer (2000:12) notes, given that resultant state participles can be formed from stems with both a target state and a Davidsonian argument, but when the resultant (and target) stativizers apply, a state argument is left “dangling”, and suggests “something should force existential quantification of target state arguments before aspectual operators come into play”, and she proposes that “V” existentially closes the argument, which Aspect then targets.	page 30, footnote
footnote 40	John Lyon	note	40 The derivation in Figure 4 reflects phrasal stativizations (cf. Kratzer’s 2000:7 ‘phrasal case’), as supported by the manner adverbial and instrumental examples discussed above. It does not reflect CNP uses of statives as adjectival modifiers of nouns. Given (i) that CNP structures involve predicate modification prior to the resulting complex predicate taking an internal argument, and (ii) that stative c- is what licenses a CoS root to	page 30, footnote
§2.3.2	John Lyon	note	Figure 4: Derivation of an Nsyilxcn stative40 Syntactically, I follow Davis (1997) and Baier (2020) in assuming v is the locus of (in)transitive morphology such as -m (and its zero-variant) in Salish, and that CoS roots are assigned to the head position of a complement VP. Concerning v, Embick (2009:5) writes that “target states come about in the interpretation of syntactic structures in which a state is in a local relationship with an event, the latter associated with verbalizing structure v: [v STATE].” Similarly, Yu et al. (2023), following Kratzer (2005), propose that v introduces a CAUSE event to a CoS root.	page 30
§2.3.2	Nsyilxcn	cited form	iʔ	page 31
§2.3.2	John Lyon	note	In Nsyilxcn, I have provided evidence against separating CAUSE from the lexical semantics of CoS roots themselves, so I instead follow Kratzer (2000) in analyzing target stativizer c- as existentially closing a causative event variable which comes pre-specified in the complement. I do assume that the stativizer is syntactically a v head, especially given examples like (30) which seem to show middle -m and stative c- in complementary distribution: middle -m introduces an agent, while stative c- removes the possibility of an agent. The argument DP in Figure 4 is a patient. Lyon (2015) analyzes the determiner iʔ as introducing a choice function over the intersection of a nominal property and the context set, returning an e-type individual. The target stativizer will not apply to adjectives or nouns in Nsyilxcn, assuming that both an event and target state variable are necessary in the base form.	page 31
§2.3.2	John Lyon	language	ʔayʔaǰuθəm	ʔayʔaǰuθəm, a Central Salish language
§2.3.2	John Lyon	note	Overall, this approach to the stativizer and lexical classes accounts for both the complementary distribution of stative prefixes and adjectives, as shown in other Salish languages such as ʔayʔaǰuθəm which also has derived target states (Davis et al. 2020), as well as the compatibility of the imperfective with both adjectives and verbal predicates.	page 31
§2.3.2	John Lyon	note	Before concluding this section, there is a historical point worth making: if the Nsyilxcn imperfective c- has its origins as a stative marker, we might expect some semantic similarity between the two markers, especially if the divergence is somewhat recent. Target states and imperfectives share a requirement that an eventuality be in the process of affecting an argument relative to a reference time, and both of these contrast with resultant states in this respect. As such, this analysis accords with a common historical root for the two c- prefixes, possibly one that is fairly recent.41	page 31
§3	John Lyon	heading	3 Inchoatives	page 31
§3	John Lyon	note	Inchoatives are eventive predicates that denote the beginning of a process or the beginning of a resulting state. For example, an inchoative sentence such as The pencil broke means that the pencil became broken, or more technically, that a change of state (CoS) has occurred such that the pencil is now in a resulting state of being broken.	page 31
§3	John Lyon	note	In this section, I show that Nsyilxcn inchoative marking can apply to any lexical class.42 With CoS roots, the inchoative foregrounds the event transition, which culminates in perfective cases function as an adjectival modifier, then stative c- should be able to apply to a bare CoS root prior to that root taking an internal argument (cf. Kratzer’s 2000:8 ‘lexical case’). It is important to consider that CNP modifier uses of statives are likely not vPs, which implies that stative c- may occur in different head positions. A CNP derivation is not included here for the sake of space.	page 31
footnote 41	John Lyon	note	41 Cognate es- in St’át’imcets derives a resultant state (Davis et al. 2020), and it is possible that Nsyilxcn c- once also derived resultant states. A shift to target states may have conditioned its use as an imperfective.	page 31, footnote
footnote 41	John Lyon	language	St’át’imcets	St’át’imcets, a Northern Interior Salish language
footnote 42	John Lyon	note	42 N. Mattina (1996:112, 147-8) notes that activity predicates (a.k.a. ‘processes’) are the only verb types which do not have inchoative alternates (e.g. t̓uxʷt ‘fly’ but *t̓ʔuxʷt, *t̓əxʷəxʷt ‘get flown’; or pulx ‘to camp’	page 31, footnote
footnote 42	Nsyilxcn	cited form	t̓uxʷt	page 31, ‘fly’
footnote 42	Nsyilxcn	cited form	t̓ʔuxʷt	page 31
footnote 42	Nsyilxcn	cited form	t̓əxʷəxʷt	page 31, ‘get flown’
footnote 42	Nsyilxcn	cited form	pulx	page 31, ‘to camp’
§3	John Lyon	note	and receives an in-progress or habitual reading in the imperfective. With adjectival and nominal predicates, which do not themselves encode any event transition (Parsons 1990), the inchoative introduces a CoS. Like CoS inchoatives, adjectival inchoatives receive in-progress or habitual readings in the imperfective. In the absence of an imperfective, however, adjectival inchoatives only imply rather than entail an event culmination, making them different from inchoatives built from CoS roots. The reason for this, I suggest, is that unprefixed homogenous and inchoative adjectives are in a neutral viewpoint aspect (Smith 1991), rather than being perfective.	page 32
§3.1	John Lyon	heading	3.1 (Perfective/neutral) inchoatives	page 32
§3.1	Nsyilxcn	cited affix	-ʔ-	page 32
§3.1	Nsyilxcn	cited form	ʔilxʷt	page 32, ‘be/get hungry’
§3.1	Nsyilxcn	cited form	pʔulx	page 32
§3.1	Nsyilxcn	cited form	pulxwílx	page 32, ‘get camped’
§3.1	John Lyon	note	In Nsyilxcn, inchoatives may be formed from any lexical category. They are derived by -ʔ- infixation (for strong roots), -p suffixation (for weak roots)43 (A. Mattina 1989), or else by C2 ‘resultative’ reduplication of a root consonant (A. Mattina 1973; van Eijk 1990; N. Mattina 1996).44,45 In some cases a zero-inchoative derivation is motivated, as discussed earlier in the paper (e.g., ʔilxʷt ‘be/get hungry’ or sult ‘be/get frozen’).46 Inchoative marking applies to I-levels, nouns, and S-level adjectives (52).47, 48 This is interesting since I-level adjectives do not occur with imperfective c-, and is important since it indicates that the presence of an event transition in an inchoative predicate is not dependent on there being an but *pʔulx, *pulxwílx ‘get camped’), attributing this to the lack of any change-of-state. By this criterea, however, adjectives should also be excluded from inchoativization, which they are clearly not. The issue, I suspect, is that basic inchoative predicates denote an unaccusative change-of-state, while activity predicates are specified as agentive and atelic.	page 32
footnote 43	John Lyon	note	43 Sometimes either -ʔ- or -p is available, especially in roots with pharyngeals, e.g. ct̓ʔʕás or ct̓sʕáp, ‘getting hard (as when cream solidifies).’ This could be due to some ambiguity in the perception of whether the root is strong (with an /a/ vowel) or weak (with an /ə/ vowel, which is lowered by the pharyngeal into a vowel resembling /a/).	page 32, footnote
footnote 43	Nsyilxcn	cited form	ct̓ʔʕás	page 32
footnote 43	Nsyilxcn	cited form	ct̓sʕáp	page 32
footnote 43	John Lyon	notation	/ə/	schwa
footnote 44	John Lyon	note	44 “According to Watkins 1970, which describes the northern (Head of the Lake) dialect, VC [i.e. C2] reduplication indicates a ‘completed process,’ which indicates that the climax has been reached, a sort of perfective” (van Eijk 1990). A. Mattina (1973) describes VC reduplication as ‘resultive’.	page 32, footnote
footnote 45	John Lyon	note	45 I have so far found no semantic difference between C2 reduplication and -ʔ-/-p. It is possible that there is an additional ‘out-of-control’ meaning component with C2 inchoatives, however.	page 32, footnote
footnote 45	Nsyilxcn	cited affix	-ʔ-/-p	page 32
footnote 46	John Lyon	note	46 The four ways of marking the inchoative (i.e., null, C2 reduplication, -ʔ- infixation, or the -p suffix) are generally but not always in complementary distribution: x̌ʷupt ‘weak’, for example, has an inchoative interpretation both with and without C2 reduplication.	page 32, footnote
footnote 46	Nsyilxcn	cited form	x̌ʷupt	page 32, ‘weak’
footnote 47	John Lyon	note	47 N. Mattina (1996) refers to inchoatives as anti-causative, a grouping which includes developmental -wilx forms. -wilx applies to nouns, adjectives, and inchoative CoS roots, yielding an eventive predicate which can then undergo sentential aspect inflection: *kn ksqəltmíxʷaʔx ‘I am going to become a man’ versus kn ksqəltmxʷwílxaʔx ‘I am going to be a man’ (N. Mattina 1996:178). Since -wilx co-occurs with inchoative marking, and ambiguously allows process readings, it must differ semantically from the inchoatives discussed in this paper.	page 32, footnote
footnote 47	Nsyilxcn	cited form	ksqəltmíxʷaʔx	page 32, ‘I am going to become a man’
footnote 47	Nsyilxcn	cited form	ksqəltmxʷwílxaʔx	page 32, ‘I am going to be a man’
footnote 48	John Lyon	note	48 Not all adjectives express inchoative alternates using -ʔ-, -p, or C2 reduplication, for example: *s<ʔ>ílxʷaʔ ‘It got big’ ← sílxʷaʔ ‘It is big’; ?nk̓əw•əwpíls istəmtímaʔ ‘My grandmother got lonesome’ ← nk̓əwpíls istəmtímaʔ ‘My grandmother is lonesome’; * k̓ʷəc•əck̓ʷáct / *k̓ʷʔact iʔ sqəltmíxʷ ‘The man got strong’ ← k̓ʷəck̓ʷáct iʔ sqəltmíxʷ ‘The man is strong’ (Comment: “k̓ʷəcəck̓ʷáct, that’s plural, ‘The men are strong.’”) These adjectives may take -wilx, however. Other cases like ʔilxʷt ‘hungry’ have zero rather than overt inchoative morphology: *ʔil•əlxʷt iʔ kəkwáp ‘The dog got hungry’ ← ʔilxʷt iʔ kəkwáp ‘The dog is hungry/got hungry’ (Delphine Derickson Armstrong).	page 32, footnote
footnote 48	Nsyilxcn	cited form	s<ʔ>ílxʷaʔ	page 32
footnote 48	Nsyilxcn	cited form	sílxʷaʔ	page 32, ‘It is big’
footnote 48	Nsyilxcn	cited form	nk̓əw•əwpíls	page 32
footnote 48	Nsyilxcn	cited form	istəmtímaʔ	page 32, ‘My grandmother got lonesome’
footnote 48	Nsyilxcn	cited form	nk̓əwpíls	page 32
footnote 48	Nsyilxcn	cited form	k̓ʷəc•əck̓ʷáct	page 32
footnote 48	Nsyilxcn	cited form	k̓ʷʔact	page 32
footnote 48	Nsyilxcn	cited form	iʔ	page 32
footnote 48	Nsyilxcn	cited form	sqəltmíxʷ	page 32, ‘The man got strong’
footnote 48	Nsyilxcn	cited form	k̓ʷəck̓ʷáct	page 32
footnote 48	Nsyilxcn	cited form	k̓ʷəcəck̓ʷáct	page 32
footnote 48	Nsyilxcn	cited form	ʔil•əlxʷt	page 32
footnote 48	Nsyilxcn	cited form	kəkwáp	page 32, ‘The dog got hungry’
§3.1	John Lyon	note	event variable pre-specified in the base. This also indicates that while the inchoative can introduce an event variable, imperfective c- cannot. Adjectival inchoatives are by default interpreted as having culminated, with a past-tense interpretation.	page 33
(52a) line 1	Nsyilxcn	segmentation	t̓íkʷ•əkʷlqʷ i-ɬsísəncaʔ.	page 33, pairs
(52a) line 2	Nsyilxcn	gloss	tall•C2.INCH 1SG.POSS-little.brother	page 33, pairs
(52a) line 3	Delphine Derickson Armstrong	translation	‘My little brother ended up growing tall.’	page 33, pairs
(52a) line 3	John Lyon	citation	(Delphine Derickson Armstrong)	the tag or source at the right of the translation
(52b) line 1	Nsyilxcn	segmentation	təɬ•áɬ iʔ s-c-qʷəlqʷílt-s.	page 33, pairs
(52b) line 2	Nsyilxcn	gloss	straight•C2.INCH DET NMLZ-STAT-speak-3POSS	page 33, pairs
(52b) line 3	Delphine Derickson Armstrong	translation	‘His talk straightened out.’	page 33, pairs
(52b) line 3	John Lyon	citation	(Delphine Derickson Armstrong)	the tag or source at the right of the translation
(52c) line 1	Nsyilxcn	segmentation	x̌ʷúp•əpt iʔ pəptwínaʔxʷ ɬaʔ q̓ilt.	page 33, pairs
(52c) line 2	Nsyilxcn	gloss	weak•C2.INCH DET old.woman when sick(INCH)	page 33, pairs
(52c) line 3	Delphine Derickson Armstrong	translation	‘She got weak when she got sick.’	page 33, pairs
(52c) line 3	John Lyon	citation	(Delphine Derickson Armstrong)	the tag or source at the right of the translation
(52d) line 1	Nsyilxcn	segmentation	kn k̓iw•əwəlx.	page 33, pairs
(52d) line 2	Nsyilxcn	gloss	1SG.SUBJ old•C2.INCH	page 33, pairs
(52d) line 3	Delphine Derickson Armstrong	translation	‘I got old.’	page 33, pairs
(52d) line 3	John Lyon	citation	(Delphine Derickson Armstrong)	the tag or source at the right of the translation
(52e) line 1	Nsyilxcn	segmentation	p<ʔ>iq iʔ citxʷ.	page 33, pairs
(52e) line 2	Nsyilxcn	gloss	white<INCH> DET house	page 33, pairs
(52e) line 3	Delphine Derickson Armstrong	translation	‘The house got white (after you painted it).’	page 33, pairs
(52e) line 3	John Lyon	citation	(Delphine Derickson Armstrong)	the tag or source at the right of the translation
(52f) line 1	Nsyilxcn	segmentation	cmay kʷ ylmíxʷ•əxʷm.	page 33, pairs
(52f) line 2	Nsyilxcn	gloss	EPIS 2SG.SUBJ chief•C2.INCH	page 33, pairs
(52f) line 3	Delphine Derickson Armstrong	translation	‘Maybe you will become a chief.’	page 33, pairs
(52f) line 3	John Lyon	citation	(VF | Delphine Derickson Armstrong)	the tag or source at the right of the translation
(52g) line 1	Nsyilxcn	segmentation	n<ʔ>ʕas.	page 33, pairs
(52g) line 2	Nsyilxcn	gloss	heavy<INCH>	page 33, pairs
(52g) line 3	Delphine Derickson Armstrong	translation	‘It got heavy.’	page 33, pairs
(52g) line 3	John Lyon	citation	(Delphine Derickson Armstrong)	the tag or source at the right of the translation
(52h) line 1	Nsyilxcn	segmentation	c̓<ʔ>uy.	page 33, pairs
(52h) line 2	Nsyilxcn	gloss	dark<INCH>	page 33, pairs
(52h) line 3	Delphine Derickson Armstrong	translation	‘It got dark.’	page 33, pairs
(52h) line 3	John Lyon	citation	(Delphine Derickson Armstrong)	the tag or source at the right of the translation
(52i) line 1	Nsyilxcn	segmentation	ɬ<ʔ>ʕat̓.	page 33, pairs
(52i) line 2	Nsyilxcn	gloss	wet<INCH>	page 33, pairs
(52i) line 3	Delphine Derickson Armstrong	translation	‘It got wet.’	page 33, pairs
(52i) line 3	John Lyon	citation	(Delphine Derickson Armstrong)	the tag or source at the right of the translation
(52j) line 1	Nsyilxcn	segmentation	iʔ sqʔim c̓<ʔ>aq, uɬ t̓<ʔ>ʕas.	page 33, pairs
(52j) line 2	Nsyilxcn	gloss	DET cream sour<INCH> and hard<INCH>	page 33, pairs
(52j) line 3	Delphine Derickson Armstrong	translation	‘The cream got sour, and then it got hard.’	page 33, pairs
(52j) line 3	John Lyon	citation	(Delphine Derickson Armstrong)	the tag or source at the right of the translation
(52k) line 1	Nsyilxcn	segmentation	ham-áp i-snsíysuxn.	page 34, pairs
(52k) line 2	Nsyilxcn	gloss	damp-INCH 1SG.POSS-socks	page 34, pairs
(52k) line 3	Delphine Derickson Armstrong	translation	‘My socks got damp.’	page 34, pairs
(52k) line 3	John Lyon	citation	(VF | Delphine Derickson Armstrong)	the tag or source at the right of the translation
(52l) line 1	Nsyilxcn	segmentation	way̓ kn n-sl̓-ip.	page 34, pairs
(52l) line 2	Nsyilxcn	gloss	already 1SG.SUBJ LOC-lose-INCH	page 34, pairs
(52l) line 3	twi-Lottie Lindley and Sarah McLeod	translation	‘I got lost.’	page 34, pairs
(52l) line 3	John Lyon	citation	(twi-Lottie Lindley, Sarah McLeod)	the tag or source at the right of the translation
§3.1	John Lyon	note	Some adjectives are ambiguous between homogenous and inchoative interpretations, in what I refer to as zero-inchoatives. The inchoative readings emerge in the presence of a punctual adverb (53; see Section 2 above).49	page 34
(53a) line 1	Nsyilxcn	transcription	x̌ʷupt iʔ pəptwínaʔxʷ łaʔ q̓ilt.	page 34, pairs
(53a) line 2	Nsyilxcn	gloss	weak(INCH) DET old.woman when sick(INCH)	page 34, pairs
(53a) line 3	Delphine Derickson Armstrong	translation	‘She got weak when she got sick.’	page 34, pairs
(53a) line 3	John Lyon	citation	(Delphine Derickson Armstrong)	the tag or source at the right of the translation
(53b) line 1	Nsyilxcn	segmentation	c-ɬwin k̓l tk̓əmkn̓iɬxʷ uɬ sult.	page 34, pairs
(53b) line 2	Nsyilxcn	gloss	STAT-leave to outside and frozen(INCH)	page 34, pairs
(53b) line 3	Delphine Derickson Armstrong	translation	‘When it got left outside, it got frozen.’	page 34, pairs
(53b) line 3	John Lyon	citation	(VF | Delphine Derickson Armstrong)	the tag or source at the right of the translation
(53c) line 1	Nsyilxcn	segmentation	ʔilxʷt iʔ kəkwáp ɬaʔ k̓aw-st-s iʔ scʔíɬən-s.	page 34, pairs
(53c) line 2	Nsyilxcn	gloss	hungry(INCH) DET dog when finish-CAUS-3ERG DET food-3POSS	page 34, pairs
(53c) line 3	Delphine Derickson Armstrong	translation	‘The dog got hungry when he finished his food.’	page 34, pairs
(53c) line 3	John Lyon	citation	(Delphine Derickson Armstrong)	the tag or source at the right of the translation
§3.1	John Lyon	note	CoS roots also occur in the inchoative (N. Mattina 1996:112).50	page 34
(54a) line 1	Nsyilxcn	segmentation	q̓əy̓•áy̓ mnímɬtət iʔ stəɬtáɬt-(t)ət iʔ k̓l scəcm̓álaʔ-tət.	page 34, pairs
(54a) line 2	Nsyilxcn	gloss	get.written•C2.INCH 1PL.INDP DET rights-1PL.POSS DET to children-1PL.POSS	page 34, pairs
(54a) line 3	Delphine Derickson Armstrong	translation	‘Our Family Declaration got written.’	page 34, pairs
(54a) line 3	John Lyon	citation	(Delphine Derickson Armstrong)	the tag or source at the right of the translation
(54b) line 1	Nsyilxcn	segmentation	in-kəwáp náq̓ʷ•əq̓ʷ.	page 34, pairs
(54b) line 2	Nsyilxcn	gloss	1SG.POSS-horse get.stolen•C2.INCH	page 34, pairs
(54b) line 3	Delphine Derickson Armstrong	translation	‘My horse got stolen.’	page 34, pairs
(54b) line 3	John Lyon	citation	(Delphine Derickson Armstrong)	the tag or source at the right of the translation
(54c) line 1	Nsyilxcn	segmentation	kn ník̓•ək̓.	page 35, pairs
(54c) line 2	Nsyilxcn	gloss	1SG.SUBJ get.cut•C2.INCH	page 35, pairs
(54c) line 3	Delphine Derickson Armstrong	translation	‘I got cut.’	page 35, pairs
(54c) line 3	John Lyon	citation	(Delphine Derickson Armstrong)	the tag or source at the right of the translation
(54d) line 1	Nsyilxcn	segmentation	t̓k̓ʷ•ak̓ʷ iʔ tətwít.	page 35, pairs
(54d) line 2	Nsyilxcn	gloss	get.layed.down•C2.INCH DET boy	page 35, pairs
(54d) line 3	Sarah McLeod	translation	‘The boy fell down.’	page 35, pairs
(54d) line 3	John Lyon	citation	(VF | Sarah McLeod)	the tag or source at the right of the translation
(54e) line 1	Nsyilxcn	segmentation	way̓ t̓l-ap iʔ q̓əy̓mín.	page 35, pairs
(54e) line 2	Nsyilxcn	gloss	already get.torn-INCH DET paper	page 35, pairs
(54e) line 3	Delphine Derickson Armstrong	translation	‘The paper got torn.’	page 35, pairs
(54e) line 3	John Lyon	citation	(Delphine Derickson Armstrong)	the tag or source at the right of the translation
(54f) line 1	Nsyilxcn	segmentation	kn x̌áq̓•əq̓.	page 35, pairs
(54f) line 2	Nsyilxcn	gloss	1SG.SUBJ get.paid•C2.INCH	page 35, pairs
(54f) line 3	Delphine Derickson Armstrong	translation	‘I got paid.’	page 35, pairs
(54f) line 3	John Lyon	citation	(VF | Delphine Derickson Armstrong)	the tag or source at the right of the translation
(54g) line 1	Nsyilxcn	segmentation	kn ɬw•win.	page 35, pairs
(54g) line 2	Nsyilxcn	gloss	1SG.SUBJ get.abandoned•C2.INCH	page 35, pairs
(54g) line 3	Delphine Derickson Armstrong	translation	‘I got left behind.’	page 35, pairs
(54g) line 3	John Lyon	citation	(VF | Delphine Derickson Armstrong)	the tag or source at the right of the translation
footnote 49	John Lyon	note	49 What I am calling “zero inchoatives” appear similar to Bar-el’s (2005:126) and Kiyota’s (2008) “inchoative states”, though I am led to posit a zero-inchoativization operation on an otherwise homogenous adjective, rather than posit a separate class of inchoative states as a primitive. If Bar-el’s analysis of inchoative states were to apply to Nsyilxcn ‘zero inchoative’ adjectives like ʔilxʷt, it must hold for both its homogenous reading ‘be hungry’, as well as its inchoative reading ‘get hungry’. This predicts, however, that a CoS is involved even with the homogenous reading, but this seems counter to test results shown in the previous section.	page 34, footnote
footnote 50	John Lyon	note	50 Inchoative roots occur in morphologically more complex eventive predicates as well, e.g.: kn tqəcəcnáʔm ‘I got run over’, k̓ɬnk̓ʷəƛ̓əƛ̓íp ‘It got closed’, kn cəq̓əq̓mín ‘I got hit’ (N. Mattina 1996:125) . kn tqəcəcnáʔm seems to show middle -m and inchoativity co-occurring, which might argue against a little v analysis of inchoative marking. Note, however, that the subject kn is a patient, as expected under an inchoative interpretation. -m in this case may be a case of the ‘grooming middle’, noted above in passing, rather than an agent-introducing variant, and so we might also expect these two -m suffixes to occur in different syntactic positions.	page 34, footnote
footnote 50	Nsyilxcn	cited form	tqəcəcnáʔm	page 34
footnote 50	Nsyilxcn	cited form	k̓ɬnk̓ʷəƛ̓əƛ̓íp	page 34, ‘It got closed’
footnote 50	Nsyilxcn	cited form	cəq̓əq̓mín	page 34, ‘I got hit’
§3.1	John Lyon	note	Like statives, the inchoative removes the possibility of a zero (55) or overt (56) middle, as well as the possibility of an agentive interpretation. This suggests that like stative c-, inchoativity may occur in v position.	page 35
(55a) line 1	Nsyilxcn	segmentation	# kn náq̓ʷ•əq̓ʷ.	page 35, pairs
(55a) line 2	Nsyilxcn	gloss	1SG.SUBJ get.stolen•C2.INCH	page 35, pairs
(55a) line 3	Delphine Derickson Armstrong	translation	# ‘I got stolen.’	page 35, pairs
(55a) line 4	Delphine Derickson Armstrong	translation	* ‘I steal.’	page 35, pairs
(55a) line 4	John Lyon	citation	(Delphine Derickson Armstrong)	the tag or source at the right of the translation
(55b) line 1	Nsyilxcn	segmentation	kn ník̓•ək̓ iʔ t ník̓mən.	page 35, pairs
(55b) line 2	Nsyilxcn	gloss	1SG.SUBJ get.cut•C2.INCH DET OBL knife	page 35, pairs
(55b) line 3	Delphine Derickson Armstrong	translation	‘I got cut by a knife.’	page 35, pairs
(55b) line 4	Delphine Derickson Armstrong	translation	* ‘I cut things with a knife.’	page 35, pairs
(55b) line 4	John Lyon	citation	(Delphine Derickson Armstrong)	the tag or source at the right of the translation
(55c) line 1	Nsyilxcn	segmentation	kn x̌áq̓•əq̓.	page 35, pairs
(55c) line 2	Nsyilxcn	gloss	1SG.SUBJ get.paid•C2.INCH	page 35, pairs
(55c) line 3	Delphine Derickson Armstrong	translation	‘I got paid.’	page 35, pairs
(55c) line 4	Delphine Derickson Armstrong	translation	* ‘I paid someone.’	page 35, pairs
(55c) line 4	John Lyon	citation	(VF | Delphine Derickson Armstrong)	the tag or source at the right of the translation
(55d) line 1	Nsyilxcn	segmentation	wa̓y̓ kn klíq̓•əq̓naʔ.	page 35, pairs
(55d) line 2	Nsyilxcn	gloss	already 1SG.SUBJ get.buried•C2.INCH	page 35, pairs
(55d) line 3	Sarah McLeod	translation	‘I got buried.’	page 35, pairs
(55d) line 3	John Lyon	citation	(VF | Sarah McLeod)	the tag or source at the right of the translation
(55d) line 4	Delphine Derickson Armstrong	translation	* ‘I buried someone.’	page 35, pairs
(55d) line 4	John Lyon	citation	(Delphine Derickson Armstrong)	the tag or source at the right of the translation
(56a) line 1	Nsyilxcn	segmentation	* way̓ kn t̓l-p-am t q̓əy̓mín.	page 36, pairs
(56a) line 2	Nsyilxcn	gloss	already 1SG.SUBJ get.torn-INCH-MID OBL paper	page 36, pairs
(56a) line 3	Delphine Derickson Armstrong	translation	‘I ripped some paper.’	page 36, pairs
(56a) line 4	Delphine Derickson Armstrong	speaker comment	Comment: “I’d say kn t̓lám t q̓əy̓mín [no inchoative].”	page 36, pairs
(56a) line 5	John Lyon	citation	(Delphine Derickson Armstrong)	page 36, pairs
(56b) line 1	Nsyilxcn	segmentation	* kn x̌áq̓•əq̓-m.	page 36, pairs
(56b) line 2	Nsyilxcn	gloss	1SG.SUBJ get.paid•C2.INCH-MID	page 36, pairs
(56b) line 3	Delphine Derickson Armstrong	translation	‘I paid someone.’	page 36, pairs
(56b) line 3	John Lyon	citation	(Delphine Derickson Armstrong)	the tag or source at the right of the translation
§3.1	John Lyon	note	Inchoative transitions are typically interpreted as having culminated in the past, but may easily be interpreted in the future, and are much preferred and always volunteered over future statives.	page 36
(57a) line 1	Nsyilxcn	segmentation	ɬaʔ ks-qiɬt-s, way̓ náq̓ʷ•əq̓ʷ iʔ kəwáp-s.	page 36, pairs
(57a) line 2	Nsyilxcn	gloss	when PROS-wake-3POSS already get.stolen•C2.INCH DET horse-3POSS	page 36, pairs
(57a) line 3	Delphine Derickson Armstrong	translation	‘His horse will be stolen before he wakes up.’	page 36, pairs
(57a) line 3	John Lyon	citation	(Delphine Derickson Armstrong)	the tag or source at the right of the translation
(57b) line 1	Nsyilxcn	segmentation	yaʕt iʔ sk̓ʷanɬq cəm̓ x̌əw̓•áw̓ t̓x̌iyutwilx.	page 36, pairs
(57b) line 2	Nsyilxcn	gloss	all DET plants EPIS get.dried•C2.INCH next.year	page 36, pairs
(57b) line 3	Delphine Derickson Armstrong	translation	‘Next summer, all the plants will get dry.’	page 36, pairs
(57b) line 3	John Lyon	citation	(VF | Delphine Derickson Armstrong)	the tag or source at the right of the translation
(57c) line 1	Nsyilxcn	segmentation	ɬaʔ q̓it ɬaʔ x̌lap, i-snsísuxən cəm̓ ham-áp.	page 36, pairs
(57c) line 2	Nsyilxcn	gloss	when rain when tomorrow 1SG.POSS-sock EPIS damp-INCH	page 36, pairs
(57c) line 3	Delphine Derickson Armstrong	translation	‘Tomorrow when it rains, my socks will get damp.’	page 36, pairs
(57c) line 4	John Lyon	citation	(VF | Delphine Derickson Armstrong)	page 36, pairs
(57d) line 1	Nsyilxcn	segmentation	x̌lap ɬaʔ q̓it, kn ɬ<ʔ>ʕat̓.	page 36, pairs
(57d) line 2	Nsyilxcn	gloss	tomorrow when rain 1SG.SUBJ wet<INCH>	page 36, pairs
(57d) line 3	Delphine Derickson Armstrong	translation	‘Tomorrow when it rains, I’ll get wet.’	page 36, pairs
(57d) line 3	John Lyon	citation	(VF | Delphine Derickson Armstrong)	the tag or source at the right of the translation
§3.1	John Lyon	note	As discussed in Section 2, punctual adverbs anchor to the event culmination in inchoatives (58): There is no temporal overlap, as there is with statives (59) and homogenous adjectives (Section 2). This shows how punctual adverbs modify events with inchoatives, and target states in statives.	page 36
(58a) line 1	Nsyilxcn	segmentation	iʔ snkɬc̓aʔsqáx̌aʔ náq̓ʷ•əq̓ʷ l sntəx̌ʷəx̌ʷqín.	page 36, pairs
(58a) line 2	Nsyilxcn	gloss	DET horse get.stolen•C2.INCH at noon	page 36, pairs
(58a) line 3	Delphine Derickson Armstrong	translation	‘The horse got stolen at noon.’	page 36, pairs
(58a) line 3	John Lyon	citation	(VF | Delphine Derickson Armstrong)	the tag or source at the right of the translation
(58b) line 1	Nsyilxcn	segmentation	ɬaʔ k̓ɬnk̓ahk̓ʷíp-s iʔ k̓ɬnk̓míp John, uɬ c̓xʷ•axʷ	page 36, pairs
(58b) line 2	Nsyilxcn	gloss	when open.door-(DIR)-3ERG DET door John and get.spilled•C2.INCH	page 36, pairs
(58b) line 3	Nsyilxcn	segmentation	iʔ siwɬkʷ aʔ c-kɬcaq iʔ sx̌lilp.	page 36, pairs
(58b) line 4	Nsyilxcn	gloss	DET water DET IPFV-container.facing.up DET floor.	page 36, pairs
(58b) line 5	Delphine Derickson Armstrong	translation	‘When John opened the door, the water that was sitting on the floor spilled.’	page 36, pairs
(58b) line 6	John Lyon	citation	(VF | Delphine Derickson Armstrong)	page 36, pairs
(58c) line 1	Nsyilxcn	segmentation	x̌ʷúp•əpt iʔ pəptwínaʔxʷ ɬaʔ q̓ilt.	page 37, pairs
(58c) line 2	Nsyilxcn	gloss	weak•C2.INCH DET old.woman when sick(INCH)	page 37, pairs
(58c) line 3	Delphine Derickson Armstrong	translation	‘She got weak when she got sick.’	page 37, pairs
(58c) line 3	John Lyon	citation	(Delphine Derickson Armstrong)	the tag or source at the right of the translation
(59a) line 1	Nsyilxcn	segmentation	iʔ snkɬc̓aʔsqáx̌aʔ c-naq̓ʷ l sntəx̌ʷəx̌ʷqín.	page 37, pairs
(59a) line 2	Nsyilxcn	gloss	DET horse STAT-stolen at noon	page 37, pairs
(59a) line 3	Delphine Derickson Armstrong	translation	‘The horse was (already) stolen at noon.’	page 37, pairs
(59a) line 4	Delphine Derickson Armstrong	speaker comment	Comment: “It was already gone by noon.”	page 37, pairs
(59a) line 4	John Lyon	citation	(VF | Delphine Derickson Armstrong)	page 37, the source at the right of the speaker comment
(59b) line 1	Nsyilxcn	segmentation	ɬaʔ k̓ɬnk̓ahk̓ʷíps iʔ k̓ɬnk̓míp John, uɬ c-c̓axʷ	page 37, pairs
(59b) line 2	Nsyilxcn	gloss	when open.door-(DIR)-3ERG DET door John and STAT-get.spilled	page 37, pairs
(59b) line 3	Nsyilxcn	segmentation	iʔ siwɬkʷ aʔ c-kɬcaq iʔ sx̌lilp.	page 37, pairs
(59b) line 4	Nsyilxcn	gloss	DET water DET IPFV-container.facing.up DET floor	page 37, pairs
(59b) line 5	Delphine Derickson Armstrong	translation	‘When John opened the door, the water setting on the floor was spilled.’	page 37, pairs
(59b) line 6	Delphine Derickson Armstrong	speaker comment	Comment: ‘That means it was already spilled, when he opened the door.’	page 37, pairs
(59b) line 7	John Lyon	citation	(Delphine Derickson Armstrong)	page 37, pairs
§3.1	Nsyilxcn	cited form	súxʷəxʷ	page 37, ‘get recognized’
§3.1	Nsyilxcn	cited form	ckicx	page 37, ‘arrive’
§3.1	John Lyon	note	Inchoative transitions are by definition temporary, and therefore cannot be extended indefinitely (60–62, a cases), although the state resulting from the inchoative event can be extended indefinitely (60–62, b cases).51 Inchoatives pattern with achievements, like inchoative súxʷəxʷ ‘get recognized’ (63) or non-inchoative ckicx ‘arrive’ (64), in this respect.52	page 37
(60a) line 1	John Lyon	note	Context: I accidentally knocked a glass of water on the floor.	page 37, pairs
(60a) line 2	Nsyilxcn	segmentation	* iʔ siwɬkʷ c̓xʷ•axʷ, uɬ pútiʔ c̓xʷ•axʷ.	page 37, pairs
(60a) line 3	Nsyilxcn	gloss	DET water get.spilled•C2.INCH and still get.spilled•C2.INCH	page 37, pairs
(60a) line 4	Delphine Derickson Armstrong	translation	* ‘The water got spilled and it still got spilled.’	page 37, pairs
(60a) line 4	John Lyon	citation	(Delphine Derickson Armstrong)	the tag or source at the right of the translation
(60b) line 1	Nsyilxcn	segmentation	iʔ siwɬkʷ c̓xʷaxʷ, uɬ pútiʔ c-c̓axʷ,	page 38, pairs
(60b) line 2	Nsyilxcn	gloss	DET water get.spilled•C2.INCH and still STAT-get.spilled	page 38, pairs
(60b) line 3	Nsyilxcn	segmentation	lut swit t̓ kɬ-ʔip̓-əs.	page 38, pairs
(60b) line 4	Nsyilxcn	gloss	NEG who NEG.FAC on-wipe-(DIR)-3ERG	page 38, pairs
(60b) line 5	Delphine Derickson Armstrong	translation	‘The water got spilled, and is still spilled, nobody wiped it up.’	page 38, pairs
(60b) line 6	John Lyon	citation	(VF | Delphine Derickson Armstrong)	page 38, pairs
footnote 51	John Lyon	note	51 Bar-el (2005:94) cites data parallel to the (b) examples in (60–62) to argue that inchoative states in Squamish are non-culminating, without any final points. I agree that the stative portion of an inchoative is atelic, and so non-culminating, but the eventive portion must culminate relative to some possible world.	page 37, footnote
footnote 52	John Lyon	note	52 There are few exceptions where inchoatives appear to be ambiguously synonymous with result states.	page 37, footnote
footnote 52 (i) line 1	Nsyilxcn	segmentation	in-kəwáp náq̓ʷ•əq̓ʷ, uɬ pútiʔ náq̓ʷ•əq̓ʷ.	page 37, engine language
footnote 52 (i) line 2	Nsyilxcn	gloss	1SG.POSS-horse get.stolen•C2.INCH and still get.stolen•C2.INCH	page 37, engine english
footnote 52 (i) line 3	Delphine Derickson Armstrong	translation	‘My horse got stolen and it is still stolen.’	page 37, engine english
footnote 52 (i) line 4	Nsyilxcn	segmentation	inkəwáp naq̓ʷ•əq̓ʷ, uɬ pútiʔ c-naq̓ʷ.	page 37, engine language
footnote 52 (i) line 5	Nsyilxcn	gloss	1SG.POSS-horse get.stolen•C2.INCH and still STAT-get.stolen	page 37, engine english
footnote 52 (i) line 6	Delphine Derickson Armstrong	translation	‘My horse got stolen and it is still stolen.’	page 37, engine english
footnote 52 (i) line 7	Delphine Derickson Armstrong	speaker comment	Comment: “They mean the same thing.”	page 37, engine english
footnote 52 (i) line 7	John Lyon	citation	(Delphine Derickson Armstrong)	page 37, the source at the right of the speaker comment
footnote 52	Nsyilxcn	cited form	naq̓ʷ	page 37, ‘get stolen’
footnote 52	John Lyon	note	This may be related to the ability of roots like naq̓ʷ ‘get stolen’ to occur as an imperfective zero-derived middles, as described above. This requires further work.	page 37
(61a) line 1	Nsyilxcn	segmentation	* snk̓lip t̓k̓ʷ•ak̓ʷ uɬ pútiʔ t̓k̓ʷ•ak̓ʷ.	page 38, pairs
(61a) line 2	Nsyilxcn	gloss	coyote get.layed.down•C2.INCH and still get.layed.down•C2.INCH	page 38, pairs
(61a) line 3	Delphine Derickson Armstrong	translation	* ‘Coyote fell down and he’s still falling down.’	page 38, pairs
(61a) line 3	John Lyon	citation	(Delphine Derickson Armstrong)	the tag or source at the right of the translation
(61b) line 1	Nsyilxcn	segmentation	snk̓lip t̓k̓ʷak̓ʷ uɬ pútiʔ c-t̓ak̓ʷ.	page 38, pairs
(61b) line 2	Nsyilxcn	gloss	coyote get.layed.down•C2.INCH and still STAT-get.layed.down	page 38, pairs
(61b) line 3	Delphine Derickson Armstrong	translation	‘Coyote fell down and he’s still down.’	page 38, pairs
(61b) line 3	John Lyon	citation	(VF | Delphine Derickson Armstrong)	the tag or source at the right of the translation
(62a) line 1	Nsyilxcn	segmentation	* iʔ sɬiqʷ x̌əw̓•áw̓, uɬ pútiʔ x̌əw̓•áw̓.	page 38, pairs
(62a) line 2	Nsyilxcn	gloss	DET meat get.dried•C2.INCH and still get.dried•C2.INCH	page 38, pairs
(62a) line 3	Delphine Derickson Armstrong	translation	* ‘The meat got dried and it still got dried.’	page 38, pairs
(62a) line 3	John Lyon	citation	(Delphine Derickson Armstrong)	the tag or source at the right of the translation
(62b) line 1	Nsyilxcn	segmentation	iʔ sɬiqʷ x̌əw̓̓́ •áw̓, uɬ pútiʔ c-x̌aw̓.	page 38, pairs
(62b) line 2	Nsyilxcn	gloss	DET meat get.dried•C2.INCH and still STAT-get.dried	page 38, pairs
(62b) line 3	Delphine Derickson Armstrong	translation	‘The meat got dried and it is still dry.’	page 38, pairs
(62b) line 3	John Lyon	citation	(Delphine Derickson Armstrong)	the tag or source at the right of the translation
(63a) line 1	Nsyilxcn	segmentation	* iʔ sqəltmíxʷ suxʷ•xʷ, uɬ pútiʔ suxʷ•xʷ.	page 38, pairs
(63a) line 2	Nsyilxcn	gloss	DET man get.recognized•C2.INCH and still get.recognized•C2.INCH	page 38, pairs
(63a) line 3	Delphine Derickson Armstrong	translation	* ‘The man got recognized and he still got recognized.’	page 38, pairs
(63a) line 4	John Lyon	citation	(Delphine Derickson Armstrong)	page 38, pairs
(63b) line 1	Nsyilxcn	segmentation	iʔ sqəltmíxʷ suxʷ•xʷ, uɬ pútiʔ c-suxʷ.	page 38, pairs
(63b) line 2	Nsyilxcn	gloss	DET man get.recognized•C2.INCH and still STAT-get.recognized	page 38, pairs
(63b) line 3	Delphine Derickson Armstrong	translation	‘The man got recognized and he is still recognizable.’	page 38, pairs
(63b) line 4	John Lyon	citation	(VF | Delphine Derickson Armstrong)	page 38, pairs
(64a) line 1	Nsyilxcn	segmentation	# l sntəx̌ʷəx̌ʷqín c-kicx John, uɬ cəm̓ pútiʔ c-kicx.	page 38, pairs
(64a) line 2	Nsyilxcn	gloss	at noon CISL-arrive John and EPIS still CISL-arrive	page 38, pairs
(64a) line 3	Delphine Derickson Armstrong	translation	‘John arrived at noon and maybe he is still arriving.’	page 38, pairs
(64a) line 3	John Lyon	citation	(Delphine Derickson Armstrong)	the tag or source at the right of the translation
(64b) line 1	Nsyilxcn	segmentation	l sntəx̌ʷəx̌ʷqín c-kicx John, uɬ cəm̓ pútiʔ aláʔ.	page 38, pairs
(64b) line 2	Nsyilxcn	gloss	at noon CISL-arrive John and EPIS still here	page 38, pairs
(64b) line 3	Delphine Derickson Armstrong	translation	‘John arrived at noon, and maybe he is still here.’	page 38, pairs
(64b) line 3	John Lyon	citation	(VF | Delphine Derickson Armstrong)	the tag or source at the right of the translation
§3.1	John Lyon	note	The examples below in (65) confirm that CoS inchoatives in Nsyilxcn always have resultive readings, never in-progress. If in-progress readings were available, the prediction is that (65b), for example, should have an available reading such that The meat is drying but it isn’t dry yet. I conclude that inchoatives entail a result state (Parsons 1990).53,54	page 38
(65a) line 1	Nsyilxcn	segmentation	snk̓lip t̓k̓ʷ•ak̓ʷ náx̌əmɬ lut t̓a c-t̓ak̓ʷ	page 39, pairs
(65a) line 2	Nsyilxcn	gloss	coyote get.layed.down•C2.INCH but NEG NEG.FAC STAT-get.layed.down	page 39, pairs
(65a) line 3	Nsyilxcn	segmentation	#(áɬiʔ s-málx̌aʔ-s tk̓ʷ•ak̓ʷ).	page 39, pairs
(65a) line 4	Nsyilxcn	gloss	because NMLZ-false-3POSS get.layed.down•C2.INCH	page 39, pairs
(65a) line 5	Delphine Derickson Armstrong	translation	‘Coyote fell down but he didn’t go down, because he was pretending to fall.’	page 39, pairs
(65a) line 6	Delphine Derickson Armstrong	speaker comment	Comment: “You have to say the end part or it doesn’t make sense.”	page 39, pairs
(65a) line 7	John Lyon	citation	(Delphine Derickson Armstrong)	page 39, pairs
(65b) line 1	Nsyilxcn	segmentation	# iʔ sɬiqʷ x̌əw̓•áw̓ náx̌əmɬ lut t̓a c-x̌aw̓.	page 39, pairs
(65b) line 2	Nsyilxcn	gloss	DET meat get.dried•C2.INCH but NEG NEG.FAC STAT-get.dried	page 39, pairs
(65b) line 3	Delphine Derickson Armstrong	translation	‘The meat got dry but it isn’t dry.’	page 39, pairs
(65b) line 4	Delphine Derickson Armstrong	speaker comment	Comment: “Okay, how can it dry and not be dry?!”	page 39, pairs
(65b) line 4	John Lyon	citation	(Delphine Derickson Armstrong)	page 39, the source at the right of the speaker comment
(65c) line 1	Nsyilxcn	segmentation	# iʔ siwɬkʷ c̓xʷ•axʷ, nax̌əmɬ lut t̓a c-c̓axʷ.	page 39, pairs
(65c) line 2	Nsyilxcn	gloss	DET water get.spilled•C2.INCH but NEG NEG.FAC STAT-get.spilled	page 39, pairs
(65c) line 3	Delphine Derickson Armstrong	translation	‘The water got spilled but it isn’t spilled.’	page 39, pairs
(65c) line 4	Delphine Derickson Armstrong	speaker comment	Comment: “How can it spill and not really spill, unless it’s in a captikʷɬ?”	page 39, pairs
(65c) line 5	John Lyon	citation	(Delphine Derickson Armstrong)	page 39, pairs
footnote 53	John Lyon	note	53 Target states entailed by inchoative predicates are in principle reversable (see Section 2.2.3), and so (65b) for example should be felicitous with further explanation about how the meat got wet again, perhaps being exposed to rain, and as a result is no longer dry. In this case, the inchoative is evaluated at a different reference time than the stative, crucially. The problem with the examples in (65), as shown by Delphine’s comments, is that the inchoative and stative cannot be evaluated at the same reference time without resulting in a contradiction, which follows if inchoatives entail result states.	page 39, footnote
footnote 54	John Lyon	note	54 For mass nouns such as siwɬkʷ ‘water’, an imperfective inchoative can extend the event transition of a perfective inchoative (ii), as long as some amount of water has already been spilled. In other words, getting spilled doesn’t necessarily entail getting completely spilled, only that some spillage has occurred.	page 39, footnote
footnote 54	Nsyilxcn	cited form	siwɬkʷ	page 39, ‘water’
footnote 54 (ii) line 1	John Lyon	note	Context: A large barrel of water has sprung a leak, some has spilled already.	page 39, engine english
footnote 54 (ii) line 2	Nsyilxcn	segmentation	iʔ siwɬkʷ c̓xʷ•axʷ, uɬ pútiʔ c-c̓xʷ•axʷ.	page 39, engine language
footnote 54 (ii) line 3	Nsyilxcn	gloss	DET water get.spilled•C2.INCH and still IPFV-get.spilled•C2.INCH	page 39, engine english
footnote 54 (ii) line 4	Delphine Derickson Armstrong	translation	‘The water got spilled, and it is still spilling.’	page 39, engine english
footnote 54 (ii) line 5	Delphine Derickson Armstrong	speaker comment	Delphine’s comment: “It’s still spilling…. it never stopped.”	page 39, engine english
footnote 54 (ii) line 6	Nsyilxcn	segmentation	iʔ siwɬkʷ qʷ<ʔ>in, uɬ pútiʔ c-qʷ<ʔ>in.	page 39, engine language
footnote 54 (ii) line 7	Nsyilxcn	gloss	DET water green<INCH> and still IPFV-green<INCH>	page 39, engine english
footnote 54 (ii) line 8	Delphine Derickson Armstrong	translation	‘The water turned green and it is still turning green.’	page 39, engine english
footnote 54 (ii) line 8	John Lyon	citation	(Delphine Derickson Armstrong)	page 39, the source at the right of the translation
footnote 54	John Lyon	note	Example (iii) illustrates a related but different phenomenon: Because recognize is an inchoative achievement, and has an instantaneous transition, imperfective c- forces a plural subject reading. This is likely technically a habitual reading.	page 39
footnote 54 (iii) line 1	Nsyilxcn	segmentation	iʔ sqəltmíxʷ suxʷ•xʷ, uɬ pútiʔ c-suxʷ•xʷ.	page 39, engine language
footnote 54 (iii) line 2	Nsyilxcn	gloss	DET man get.recognized•C2.INCH and still IPFV-get.recognized•C2.INCH	page 39, engine english
footnote 54 (iii) line 3	Delphine Derickson Armstrong	translation	‘The man got recognized, and he is still being recognized.’	page 39, engine english
footnote 54 (iii) line 4	Delphine Derickson Armstrong	speaker comment	Delphine’s comment: “He is recognized by many.”	page 39, engine english
footnote 54 (iii) line 4	John Lyon	citation	(Delphine Derickson Armstrong)	page 39, the source at the right of the speaker comment
§3.1	John Lyon	note	Adjectival inchoatives are also culminative in unmarked circumstances, but differ from CoS inchoatives in the sense that they also allow non-culminative, in-progress readings, as shown in the following examples (66). Unlike the CoS inchoative examples in (65), those in (66) are not contradictory.	page 40
(66a) line 1	Nsyilxcn	segmentation	n<ʔ>ʕas iʔ knəxnáx t k̓ək̓alíʔ náx̌əmɬ lut talíʔ t̓a c-nʕas.	page 40, pairs
(66a) line 2	Nsyilxcn	gloss	heavy<INCH> DET box OBL slow but NEG very NEG.FAC IPFV-heavy	page 40, pairs
(66a) line 3	Delphine Derickson Armstrong	translation	‘The box is getting heavy slowly, but it isn’t really heavy.’	page 40, pairs
(66a) line 4	John Lyon	citation	(VF | Delphine Derickson Armstrong)	page 40, pairs
(66b) line 1	Nsyilxcn	segmentation	kn ɬ<ʔ>ʕat̓ náx̌əmɬ lútiʔ kn t̓a c-ɬʕat̓.	page 40, pairs
(66b) line 2	Nsyilxcn	gloss	1SG.SUBJ wet<INCH> but not.yet 1SG.SUBJ NEG.FAC IPFV-wet	page 40, pairs
(66b) line 3	Delphine Derickson Armstrong	translation	‘I’m getting wet, but I’m not wet yet.’	page 40, pairs
(66b) line 3	John Lyon	citation	(Delphine Derickson Armstrong)	the tag or source at the right of the translation
(66c) line 1	Nsyilxcn	transcription	kn ʔilxʷt náx̌əmɬ lut talíʔ kn t̓ ʔilxʷt.	page 40, pairs
(66c) line 2	Nsyilxcn	gloss	1SG.SUBJ hungry(INCH) but NEG very 1SG.SUBJ NEG.FAC hungry	page 40, pairs
(66c) line 3	Delphine Derickson Armstrong	translation	‘I’m getting hungry, but I’m not hungry yet.’	page 40, pairs
(66c) line 3	John Lyon	citation	(VF | Delphine Derickson Armstrong)	the tag or source at the right of the translation
§3.1	John Lyon	note	The reason for this difference between CoS and adjectival inchoatives is not due to any difference in inchoativity, I suggest, but rather to a difference in viewpoint aspect. While unprefixed CoS inchoatives are formally perfective, a hypothesis which is consistent with their culminative interpretations, unprefixed homogenous adjectives and adjectival inchoatives are formally neutral (Smith 1991).	page 40
§3.1	John Lyon	note	In support of a (null) neutral viewpoint aspect, consider that the homogenous adjectives in (67, cf. 16) do not display sequential readings in the presence of a punctual adverb, as would be expected under a (null) perfective analysis, but rather show temporal overlap effects more characteristic of an imperfective.	page 40
(67a) line 1	Nsyilxcn	segmentation	# c-ɬwin k̓l tk̓əmkniɬxʷ uɬ talíʔ ɬʕat̓.	page 40, pairs
(67a) line 2	Nsyilxcn	gloss	IPFV-abandon to outside and very wet	page 40, pairs
(67a) line 3	Delphine Derickson Armstrong	translation	‘When it got left outside, it was (already) really wet.’	page 40, pairs
(67a) line 3	John Lyon	citation	(Delphine Derickson Armstrong)	the tag or source at the right of the translation
(67b) line 1	Nsyilxcn	segmentation	# ixíʔ ɬaʔ n-wt-nt-ixʷ iʔ l knəxnáx, uɬ nʕast.	page 40, pairs
(67b) line 2	Nsyilxcn	gloss	that when LOC-put.in-DIR-2SG.ERG DET in box and heavy	page 40, pairs
(67b) line 3	Delphine Derickson Armstrong	translation	‘When you put that in the box, it was (already) really heavy.’	page 40, pairs
(67b) line 4	John Lyon	citation	(Delphine Derickson Armstrong)	page 40, pairs
§3.1	John Lyon	note	Further, the adjectival inchoatives in (66), if anything, appear to display imperfective readings, despite the absence of any imperfective marker. Assuming that the absence of culminative / sequential readings in (66) and (67) are linked, and that viewpoint aspect is necessary for converting predicates of events to predicates of times (Rullmann & Matthewson 2018), there may be a null, neutral aspect marker in complementary distribution with the (im)perfective (Smith 1991) which selects for adjectival predicates, and encompasses both perfective and imperfective interpretations. An advantage of this analysis is that it allows for a unified treatment of inchoativity across adjectival and CoS roots. I return to this in Section 3.3.	page 40
§3.1	John Lyon	note	Next, consider that inchoatives, like statives but in contrast to homogenous adjectives, may occur with instrumental adjuncts which reference a causing event (N. Mattina 1996; Davis & Demirdache 1997:108).55 In (68a), for example, the knife makes reference to the event that causes the speaker to get cut, and in (68b) the sun makes reference to the event that causes the object to get thawed.56 The sentence in (68f) is an example from one of Delphine’s narratives, and involves an aspectually prospective predicate built on an inchoative root.	page 41
(68a) line 1	Nsyilxcn	segmentation	kn ník̓•ək̓ iʔ t ník̓mən.	page 41, pairs
(68a) line 2	Nsyilxcn	gloss	1SG.SUBJ get.cut•C2.INCH DET OBL knife	page 41, pairs
(68a) line 3	Delphine Derickson Armstrong, cf. N. Mattina 1996:91	translation	‘I got cut by a knife.’	page 41, pairs, cited Delphine Derickson Armstrong, cf. N. Mattina 1996:91
(68a) line 3	John Lyon	citation	(Delphine Derickson Armstrong, cf. N. Mattina 1996:91)	the tag or source at the right of the translation
(68b) line 1	Nsyilxcn	segmentation	ʕam-áp iʔ t x̌yáɬnəx̌ʷ.	page 41, pairs
(68b) line 2	Nsyilxcn	gloss	thaw-INCH DET OBL sun	page 41, pairs
(68b) line 3	N. Mattina 1996:91	translation	‘It was thawed by the sun.’	page 41, pairs, cited N. Mattina 1996:91
(68b) line 3	John Lyon	citation	(N. Mattina 1996:91)	the tag or source at the right of the translation
(68c) line 1	Nsyilxcn	segmentation	kn p̓ic̓•əc̓ iʔ t c̓íp̓mən.	page 41, pairs
(68c) line 2	Nsyilxcn	gloss	1SG.SUBJ get.pinched•C2.INCH DET OBL pliers	page 41, pairs
(68c) line 3	Delphine Derickson Armstrong	translation	‘I got pinched by the pliers.’	page 41, pairs
(68c) line 3	John Lyon	citation	(Delphine Derickson Armstrong)	the tag or source at the right of the translation
(68d) line 1	Nsyilxcn	segmentation	míƛ̓•əƛ̓ iʔ p̓uyxən iʔ t míƛ̓mən.	page 41, pairs
(68d) line 2	Nsyilxcn	gloss	get.painted•C2.INCH DET car DET OBL paintbrush	page 41, pairs
(68d) line 3	Delphine Derickson Armstrong	translation	‘The car got painted by the paintbrush.’	page 41, pairs
(68d) line 3	John Lyon	citation	(Delphine Derickson Armstrong)	the tag or source at the right of the translation
(68e) line 1	Nsyilxcn	segmentation	ɬ<ʔ>ʕat̓ iʔ lasmíst iʔ t sq̓it.	page 41, pairs
(68e) line 2	Nsyilxcn	gloss	wet<INCH> DET shirt DET OBL rain	page 41, pairs
(68e) line 3	Delphine Derickson Armstrong	translation	‘The shirt got wet by the rain.’	page 41, pairs
(68e) line 3	John Lyon	citation	(Delphine Derickson Armstrong)	the tag or source at the right of the translation
(68f) line 1	Nsyilxcn	segmentation	way̓ ks-n-cəkʷ•kʷ-ítkʷ-aʔx-əlx iʔ t sxʷxʷl̓ikʷ	page 42, pairs
(68f) line 2	Nsyilxcn	gloss	already PROS-LOC-get.pulled•C2.INCH-water-INCP-3PL DET OBL whirlwind	page 42, pairs
(68f) line 3	Nsyilxcn	transcription	iʔ l siwɬkʷ.	page 42, pairs
(68f) line 4	Nsyilxcn	gloss	DET in water	page 42, pairs
(68f) line 5	Delphine Derickson Armstrong	translation	‘They were about to get pulled into water by the whirlpool.’	page 42, pairs
(68f) line 6	John Lyon	citation	(Delphine Derickson Armstrong)	page 42, pairs
footnote 55	John Lyon	note	55 Though human agents are not permitted with inchoatives.	page 41, footnote
footnote 55 (iv) line 1	Nsyilxcn	segmentation	* míƛ̓•əƛ̓ iʔ p̓uyxən iʔ t səxʷmiƛ̓əm.	page 41, engine language
footnote 55 (iv) line 2	Nsyilxcn	gloss	get.painted•C2.INCH DET car DET OBL painter	page 41, engine english
footnote 55 (iv) line 3	Delphine Derickson Armstrong	translation	‘The car got painted by the painter.’	page 41, engine english
footnote 55 (iv) line 4	Nsyilxcn	segmentation	* iʔ sxʷuynt ʕam-áp iʔ t sqəltmíxʷ.	page 41, engine language
footnote 55 (iv) line 5	Nsyilxcn	gloss	DET ice get.melted-INCH DET OBL man	page 41, engine english
footnote 55 (iv) line 6	Delphine Derickson Armstrong	translation	‘The ice got melted by the man.’	page 41, engine english
footnote 55 (iv) line 7	Delphine Derickson Armstrong	speaker comment	Comment: “If he’s using something!”	page 41, engine english
footnote 55 (iv) line 7	John Lyon	citation	(Delphine Derickson Armstrong)	page 41, the source at the right of the speaker comment
footnote 56	John Lyon	note	56 N. Mattina (1996:140) represents inchoatives (a.k.a. ‘anti-causatives’) and their instruments as BECOME[P(y)] by means of x, which may be construed as an informal rendering of CAUSE. N. Mattina (1996) and Davis and Demirdache (1997) both agree that there is no reference to any eventive agent in the semantic structure of an inchoative.	page 41, footnote
§3.1	John Lyon	note	Examples like (68) show that inchoatives, like statives, are semantically causative (Davis & Demirdache 1997), regardless of whether they are built from adjectival or CoS roots. As such, they must have a CAUSE predicate as part of their event structure, whose event argument may be modified by an instrument. In Section 2.1.2, I showed that homogenous adjectives cannot host an instrumental adjunct, which means that the inchoative must be introducing CAUSE to an adjective (Parsons 1990; cf. Piñón 2001). Given also that stative c- does not introduce CAUSE to a CoS root, which instead contains CAUSE as a primitive (Sections 2.2.2 and 2.3.1 above), Nsyilxcn provides an argument against the Bifurcation Thesis (Embick 2009).	page 42
§3.1	John Lyon	note	Lastly, inchoatives (including zero-inchoatives) can be modified by manner adverbs (69), in contrast to homogenous adjectives, as discussed in the previous section.	page 42
(69a) line 1	Nsyilxcn	segmentation	c̓xʷ•axʷ iʔ siwɬkʷ t k̓ək̓alíʔ.	page 42, pairs
(69a) line 2	Nsyilxcn	gloss	get.spilled•C2.INCH DET water OBL slow	page 42, pairs
(69a) line 3	Delphine Derickson Armstrong	translation	‘The water was poured slowly.’	page 42, pairs
(69a) line 3	John Lyon	citation	(Delphine Derickson Armstrong)	the tag or source at the right of the translation
(69b) line 1	Nsyilxcn	segmentation	kn ník̓•ək̓ t xʷus.	page 42, pairs
(69b) line 2	Nsyilxcn	gloss	1SG.SUBJ get.cut•C2.INCH OBL quick	page 42, pairs
(69b) line 3	Delphine Derickson Armstrong	translation	‘I got cut quickly.’	page 42, pairs
(69b) line 3	John Lyon	citation	(Delphine Derickson Armstrong)	the tag or source at the right of the translation
(69c) line 1	Nsyilxcn	segmentation	kla<ʔ>ʕ iʔ c̓ik̓ʷsxn t k̓ək̓alíʔ.	page 42, pairs
(69c) line 2	Nsyilxcn	gloss	turned.on<INCH> DET light OBL slow	page 42, pairs
(69c) line 3	Delphine Derickson Armstrong	translation	‘The light came on slowly.’	page 42, pairs
(69c) line 3	John Lyon	citation	(Delphine Derickson Armstrong)	the tag or source at the right of the translation
(69d) line 1	Nsyilxcn	segmentation	t̓<ʔ>ʕas iʔ tiɬmən t xʷus.	page 42, pairs
(69d) line 2	Nsyilxcn	gloss	hard<INCH> DET glue OBL quick	page 42, pairs
(69d) line 3	Delphine Derickson Armstrong	translation	‘The glue got hard quickly.’	page 42, pairs
(69d) line 3	John Lyon	citation	(Delphine Derickson Armstrong)	the tag or source at the right of the translation
(69e) line 1	Nsyilxcn	transcription	kn ʔilxʷt t k̓ək̓alíʔ.	page 42, pairs
(69e) line 2	Nsyilxcn	gloss	1SG.SUBJ hungry(INCH) OBL slow	page 42, pairs
(69e) line 3	Delphine Derickson Armstrong	translation	‘I’m getting hungry slowly (right now)’ / ‘I got hungry slowly.’ (because I didn’t have breakfast.)	page 42, pairs
(69e) line 3	John Lyon	citation	(Delphine Derickson Armstrong)	the tag or source at the right of the translation
(69f) line 1	Nsyilxcn	segmentation	kn ɬ<ʔ>ʕat̓ t k̓ək̓alíʔ.	page 42, pairs
(69f) line 2	Nsyilxcn	gloss	1SG.SUBJ wet<INCH> OBL slow	page 42, pairs
(69f) line 3	Delphine Derickson Armstrong	translation	‘I’m getting wet slowly from the rain.’	page 42, pairs
(69f) line 3	John Lyon	citation	(Delphine Derickson Armstrong)	the tag or source at the right of the translation
(69g) line 1	Nsyilxcn	segmentation	n<ʔ>ʕas iʔ knəxnax t k̓ək̓alíʔ.	page 43, pairs
(69g) line 2	Nsyilxcn	gloss	heavy<INCH> DET box OBL slow	page 43, pairs
(69g) line 3	Delphine Derickson Armstrong	translation	‘The box got heavy slowly.’	page 43, pairs
(69g) line 4	Delphine Derickson Armstrong	speaker comment	Comment: “I’m carrying a box and it is slowly getting heavy, like with my groceries, before I get to the door.”	page 43, pairs
(69g) line 4	John Lyon	citation	(Delphine Derickson Armstrong)	page 43, the source at the right of the speaker comment
§3.1	John Lyon	note	This confirms that while inchoatives and bare CoS roots have change-of-state event variables that are open to manner modification, derived statives and homogenous adjectives do not, highlighting an important difference between inchoatives and statives, which otherwise often seem to have surface similar interpretations.	page 43
§3.2	John Lyon	heading	3.2 Imperfective inchoative states	page 43
§3.2	John Lyon	note	I-level adjectives cannot be prefixed by imperfective c- (70) unless they have first been inchoativized (71). This follows if the inchoative introduces an event variable and CoS to predicates which do not already have one. Compositionally speaking, this also shows that inchoativity applies before imperfective c-.	page 43
(70a) line 1	Nsyilxcn	segmentation	* t̓i c-piq iʔ smik̓ʷt.	page 43, pairs
(70a) line 2	Nsyilxcn	gloss	EMPH IPFV-white DET snow	page 43, pairs
(70a) line 3	Delphine Derickson Armstrong	translation	‘The snow is white.’	page 43, pairs
(70a) line 3	John Lyon	citation	(Delphine Derickson Armstrong)	the tag or source at the right of the translation
(70b) line 1	Nsyilxcn	segmentation	* c-t̓íkʷəlqʷ iʔ sqəltmíxʷ.	page 43, pairs
(70b) line 2	Nsyilxcn	gloss	IPFV-tall DET man	page 43, pairs
(70b) line 3	Delphine Derickson Armstrong	translation	‘The man is tall.’	page 43, pairs
(70b) line 3	John Lyon	citation	(Delphine Derickson Armstrong)	the tag or source at the right of the translation
(70c) line 1	Nsyilxcn	segmentation	* iʔ siwɬkʷ qʷ<ʔ>in uɬ pútiʔ c-qʷin.	page 43, pairs
(70c) line 2	Nsyilxcn	gloss	DET water green<INCH> and still IPFV-green	page 43, pairs
(70c) line 3	Delphine Derickson Armstrong	translation	‘The water turned green, and it is still green.’	page 43, pairs
(70c) line 3	John Lyon	citation	(Delphine Derickson Armstrong)	the tag or source at the right of the translation
(71a) line 1	Nsyilxcn	segmentation	c-p<ʔ>iq iʔ citxʷ ʕapnáʔ ɬaʔ c-miƛ̓•əƛ̓.	page 43, pairs
(71a) line 2	Nsyilxcn	gloss	IPFV-white<INCH> DET house now when IPFV-get.painted•C2.INCH	page 43, pairs
(71a) line 3	Delphine Derickson Armstrong	translation	‘The house is turning white as it is painted.’	page 43, pairs
(71a) line 4	Delphine Derickson Armstrong	translation	# ‘The house got white.’	page 43, pairs
(71a) line 4	John Lyon	citation	(Delphine Derickson Armstrong)	the tag or source at the right of the translation
(71b) line 1	Nsyilxcn	segmentation	? lut pənʔkín kn t̓ c-ntils kn c-t̓ikʷ•əkʷəlqʷ.	page 43, pairs
(71b) line 2	Nsyilxcn	gloss	NEG when 1SG.SUBJ NEG.FAC IPFV-think 1SG.SUBJ IPFV-tall•C2.INCH	page 43, pairs
(71b) line 3	Delphine Derickson Armstrong	translation	‘I never thought I’d be getting tall.’	page 43, pairs
(71b) line 4	Delphine Derickson Armstrong	speaker comment	Comment: “I guess you could say that.”	page 43, pairs
(71b) line 4	John Lyon	citation	(Delphine Derickson Armstrong)	page 43, the source at the right of the speaker comment
(71c) line 1	Nsyilxcn	segmentation	iʔ siwɬkʷ qʷ<ʔ>in uɬ pútiʔ c-qʷ<ʔ>in.	page 43, pairs
(71c) line 2	Nsyilxcn	gloss	DET water green<INCH> and still IPFV-green<INCH>	page 43, pairs
(71c) line 3	Delphine Derickson Armstrong	translation	‘The water turned green and it is still turning green.’	page 43, pairs
(71c) line 3	John Lyon	citation	(Delphine Derickson Armstrong)	the tag or source at the right of the translation
§3.2	John Lyon	note	When imperfective c- occurs with an inchoative, it either targets the inchoative transition, yielding an in-progress single event reading (72), or else yields a plurality of culminated events in the habitual (73).57,58	page 43
(72a) line 1	Nsyilxcn	segmentation	i-snsiysúʔxən c-ham-áp.	page 44, pairs
(72a) line 2	Nsyilxcn	gloss	1SG.POSS-socks IPFV-damp-INCH	page 44, pairs
(72a) line 3	Delphine Derickson Armstrong	translation	‘My socks are getting damp.’	page 44, pairs
(72a) line 3	John Lyon	citation	(Delphine Derickson Armstrong)	the tag or source at the right of the translation
(72b) line 1	Nsyilxcn	segmentation	iʔ sqʔim c̓<ʔ>aq, uɬ c-t̓<ʔ>ʕás.	page 44, pairs
(72b) line 2	Nsyilxcn	gloss	DET cream sour<INCH> and IPFV-hard<INCH>	page 44, pairs
(72b) line 3	Delphine Derickson Armstrong	translation	‘The cream got sour, and it’s slowly getting hard.’	page 44, pairs
(72b) line 3	John Lyon	citation	(Delphine Derickson Armstrong)	the tag or source at the right of the translation
(72c) line 1	Nsyilxcn	segmentation	kn c-n-sl̓-ip ʕapnáʔ, lut t̓a c-my-st-in	page 44, pairs
(72c) line 2	Nsyilxcn	gloss	1SG.POSS IPFV-LOC-lose-INCH now NEG NEG.FAC IPFV-know-CAUS-1SG.ERG	page 44, pairs
(72c) line 3	Nsyilxcn	segmentation	k̓aʔkín kn ks-xʷúy-aʔx.	page 44, pairs
(72c) line 4	Nsyilxcn	gloss	to.where 1SG.SUBJ PROS-go-INTR	page 44, pairs
(72c) line 5	Delphine Derickson Armstrong	translation	‘I’m getting lost right now, I don̓t know which way to go.’	page 44, pairs
(72c) line 6	John Lyon	citation	(VF | Delphine Derickson Armstrong)	page 44, pairs
(72d) line 1	Nsyilxcn	segmentation	islax̌t c-x̌áq̓•əq̓ ʕapnáʔ.	page 44, pairs
(72d) line 2	Nsyilxcn	gloss	1SG.POSS-friend IPFV-get.paid•C2.INCH now	page 44, pairs
(72d) line 3	Delphine Derickson Armstrong	translation	‘My friend is getting paid right now.’	page 44, pairs
(72d) line 3	John Lyon	citation	(VF | Delphine Derickson Armstrong)	the tag or source at the right of the translation
(72e) line 1	John Lyon	note	Context: You’re walking through the brush and getting hit by branches as you go.	page 44, pairs
(72e) line 2	Nsyilxcn	segmentation	kn c-sp̓•áp̓ ʕapnáʔ.	page 44, pairs, carries footnote 59, written here without its digit
(72e) line 3	Nsyilxcn	gloss	1SG.SUBJ IPFV-get.hit•C2.INCH now	page 44, pairs
(72e) line 4	Delphine Derickson Armstrong	translation	‘I’m getting hit right now.’	page 44, pairs
(72e) line 4	John Lyon	citation	(Delphine Derickson Armstrong)	the tag or source at the right of the translation
(72f) line 1	John Lyon	note	Context: You’re climbing a hawthorn tree and getting poked as you go.	page 45, pairs
(72f) line 2	Nsyilxcn	segmentation	kn c-ƛ̓k̓ʷ-p-xán ʕapnáʔ.	page 45, pairs
(72f) line 3	Nsyilxcn	gloss	1SG.SUBJ IPFV-get.poked-INCH-foot now	page 45, pairs
(72f) line 4	Delphine Derickson Armstrong	translation	‘I’m getting poked right now.’	page 45, pairs
(72f) line 4	John Lyon	citation	(Delphine Derickson Armstrong)	the tag or source at the right of the translation
(72g) line 1	Nsyilxcn	segmentation	c-q̓əy̓•áy̓ mnímɬtət iʔ stəɬtáɬt-(t)ət iʔ k̓l scəcm̓álaʔ-tət.	page 45, pairs
(72g) line 2	Nsyilxcn	gloss	IPFV-get.written•C2.INCH 1PL.INDP DET truth-1PL.POSS DET to children-1PL.POSS	page 45, pairs
(72g) line 3	Delphine Derickson Armstrong	translation	‘Our declaration is being written.’	page 45, pairs
(72g) line 4	Delphine Derickson Armstrong	speaker comment	Comment: “It’s being written as you’re touching the keys.”	page 45, pairs
(72g) line 5	John Lyon	citation	(VF | Delphine Derickson Armstrong)	page 45, pairs
footnote 57	John Lyon	note	57 It is interesting that single event readings of c- inchoatives are in-progress, while habitual readings seem to yield a plurality of complete events, rather than a plurality of in-progress transitions. This requires further work.	page 44, footnote
footnote 58	John Lyon	note	58 The interaction of Nsyilxcn imperfective c- and inchoativity is similar to the interaction of Skwxwú7mesh directional mi ‘come’ and inchoative states (Bar-el 2005:188) in the sense that the event culmination reading (the ‘stative’ reading under Bar-el’s analysis) is ruled out in favor of the event in-progress reading. Similar facts hold for St’át’imcets (Davis in prep.) where the directional auxiliary ts7as has a similar effect on inchoatives. This in turn suggests a possible historical connection between a third homophonous c- prefix in Nsyilxcn, often termed the cislocative, roughly ‘come in the direction of the speaker’, and c- imperfective. If Nsyilxcn imperfectivity has its roots in a cislocative, then the target stative c- may have derived from the imperfective, rather than vice versa, a hypothesis which may better accord with cross-linguistic patterns of grammaticization. This in turn implies that Secwepemctsín is in the process of losing its imperfective c-, having innovated w7ec. St’át’imcets has only ts7as as a relic of an earlier imperfective, having innovated wa7, or having borrowed it from the coast. This unorthodox hypothesis would require considerable cross- linguistic support, which at present is lacking.	page 44, footnote
footnote 58	John Lyon	language	Skwxwú7mesh	Skwxwú7mesh, a Central Salish language
footnote 58	John Lyon	language	St’át’imcets	St’át’imcets, a Northern Interior Salish language
footnote 58	John Lyon	language	Secwepemctsín	Secwepemctsín, a Northern Interior Salish language
footnote 59	John Lyon	note	59 Notice that with (72e,f) the process includes multiple hitting events. These might better be classed as habituals since the transition is too brief to easily yield a single event, in-process reading.	page 44, footnote
(73a) line 1	Nsyilxcn	segmentation	nyʕip c-ham-áp i-snsiysúxən.	page 45, pairs
(73a) line 2	Nsyilxcn	gloss	always IPFV-damp-INCH 1SG.POSS-socks	page 45, pairs
(73a) line 3	Delphine Derickson Armstrong	translation	‘My socks always get wet (whenever I walk in the grass.)’	page 45, pairs
(73a) line 4	John Lyon	citation	(Delphine Derickson Armstrong)	page 45, pairs
(73b) line 1	Nsyilxcn	segmentation	nyʕip c-t̓<ʔ>ʕás iʔ sqʔim.	page 45, pairs
(73b) line 2	Nsyilxcn	gloss	always IPFV-hard<INCH> DET cream	page 45, pairs
(73b) line 3	Delphine Derickson Armstrong	translation	‘The cream always gets hard (after you churn it).’	page 45, pairs
(73b) line 3	John Lyon	citation	(Delphine Derickson Armstrong)	the tag or source at the right of the translation
(73c) line 1	Nsyilxcn	segmentation	way̓ kn c-n-sl̓-ip.	page 45, pairs
(73c) line 2	Nsyilxcn	gloss	yes 1SG.SUBJ IPFV-LOC-lose-INCH	page 45, pairs
(73c) line 3	twi-Lottie Lindley and Sarah McLeod	translation	‘I (usually) get lost.’	page 45, pairs
(73c) line 3	John Lyon	citation	(twi-Lottie Lindley, Sarah McLeod)	the tag or source at the right of the translation
(73d) line 1	Nsyilxcn	segmentation	kn c-x̌áq̓•əq̓.	page 45, pairs
(73d) line 2	Nsyilxcn	gloss	1SG.SUBJ IPFV-get.paid•C2.INCH	page 45, pairs
(73d) line 3	Delphine Derickson Armstrong	translation	‘I (always) get paid.’	page 45, pairs
(73d) line 3	John Lyon	citation	(VF | Delphine Derickson Armstrong)	the tag or source at the right of the translation
(73e) line 1	Nsyilxcn	segmentation	kn c-sp̓•ap̓ kn ɬaʔ c-n-ɬuxʷt.	page 45, pairs
(73e) line 2	Nsyilxcn	gloss	1SG.SUBJ IPFV-get.hit•C2.INCH 1SG.SUBJ when IPFV-in-brush	page 45, pairs
(73e) line 3	Delphine Derickson Armstrong	translation	‘I (always) get hit by branches when I go in the bush.’	page 45, pairs
(73e) line 4	John Lyon	citation	(VF | Delphine Derickson Armstrong)	page 45, pairs
(73f) line 1	Nsyilxcn	segmentation	kn c-ƛ̓k̓ʷ-p-xán kn ɬaʔ c-t̓k̓iwəlx iʔ	page 45, pairs
(73f) line 2	Nsyilxcn	gloss	1SG.SUBJ IPFV-get.poked-INCH-foot 1SG.SUBJ when IPFV-climb DET	page 45, pairs
(73f) line 3	Nsyilxcn	segmentation	sxʷaʔxʷaʔnk-íɬp.	page 45, pairs
(73f) line 4	Nsyilxcn	gloss	thorn-plant	page 45, pairs
(73f) line 5	Delphine Derickson Armstrong	translation	‘I (always) get poked on the foot when I climb hawthorn trees.’	page 45, pairs
(73f) line 6	John Lyon	citation	(VF | Delphine Derickson Armstrong)	page 45, pairs
(73g) line 1	Nsyilxcn	segmentation	ixiʔ c-t̓k̓ʷ•ak̓ʷ iʔ tətwit.	page 45, pairs
(73g) line 2	Nsyilxcn	gloss	DEM IPFV-get.laid.down•C2.INCH DET boy	page 45, pairs
(73g) line 3	twi-Lottie Lindley	translation	‘That’s the boy that (always) falls.’	page 45, pairs
(73g) line 3	John Lyon	citation	(twi-Lottie Lindley)	the tag or source at the right of the translation
(73h) line 1	Nsyilxcn	segmentation	cəm̓ kn c-ník̓•ək̓ ɬaʔ c-k̓ʷúl̓-m-st-ən iʔ	page 46, pairs
(73h) line 2	Nsyilxcn	gloss	EPIS 1SG.SUBJ IPFV-get.cut•C2.INCH when IPFV-make-MID-CAUS-1SG.ERG DET	page 46, pairs
(73h) line 3	Nsyilxcn	transcription	ník̓mən.	page 46, pairs
(73h) line 4	Nsyilxcn	gloss	knife	page 46, pairs
(73h) line 5	Delphine Derickson Armstrong	translation	‘I might get cut when I use a knife.’	page 46, pairs
(73h) line 5	John Lyon	citation	(VF | Delphine Derickson Armstrong)	the tag or source at the right of the translation
(73i) line 1	Nsyilxcn	segmentation	kn c-nik̓•ək̓-kst.	page 46, pairs
(73i) line 2	Nsyilxcn	gloss	1SG.SUBJ IPFV-get.cut•C2.INCH-hand	page 46, pairs
(73i) line 3	twi-Lottie Lindley	translation	‘I (always) cut my finger.’	page 46, pairs
(73i) line 3	John Lyon	citation	(twi-Lottie Lindley)	the tag or source at the right of the translation
(73j) line 1	Nsyilxcn	segmentation	c-kʷúm•əm iʔ ʔaʔískʷ t k(ɬ)-scʔíɬən-s.	page 46, pairs
(73j) line 2	Nsyilxcn	gloss	IPFV-get.stored.away•C2.INCH DET squirrel OBL IRR.N-food-3POSS	page 46, pairs
(73j) line 3	Delphine Derickson Armstrong	translation	‘The squirrel’s food (always) gets stored.’	page 46, pairs
(73j) line 3	John Lyon	citation	(VF | Delphine Derickson Armstrong)	the tag or source at the right of the translation
(73k) line 1	Nsyilxcn	segmentation	nyʕip ɬaʔ c-q̓it kʷu c-ɬ<ʔ>ʕat̓.	page 46, pairs
(73k) line 2	Nsyilxcn	gloss	always when IPFV-rain 1PL.SUBJ IPFV-wet<INCH>	page 46, pairs
(73k) line 3	Delphine Derickson Armstrong	translation	‘We always get wet when it rains.’	page 46, pairs
(73k) line 3	John Lyon	citation	(VF | Delphine Derickson Armstrong)	the tag or source at the right of the translation
§3.2	John Lyon	note	As expected, imperfective inchoatives pattern with imperfective adjectives in that c- is required in habitual contexts (74), and disallowed in single-event (culminative) contexts (75).	page 46
(74a) line 1	Nsyilxcn	segmentation	nyʕ̓ip *(c)-t̓k̓ʷ•ak̓ʷ ɬaʔ sk̓laxʷ.	page 46, pairs
(74a) line 2	Nsyilxcn	gloss	always IPFV-get.layed.down•C2.INCH when evening	page 46, pairs
(74a) line 3	twi-Lottie Lindley	translation	‘Every evening he falls down.’	page 46, pairs
(74a) line 3	John Lyon	citation	(twi-Lottie Lindley)	the tag or source at the right of the translation
(74b) line 1	Nsyilxcn	segmentation	nyʕip kn ?(c)-x̌áq̓•əq̓ iʔ l sʔasil skʕacíw̓s.	page 46, pairs
(74b) line 2	Nsyilxcn	gloss	always 1SG.SUBJ IPFV-get.paid•C2.INCH DET at two week	page 46, pairs
(74b) line 3	Delphine Derickson Armstrong	translation	‘I always get paid every 2 weeks.’	page 46, pairs
(74b) line 3	John Lyon	citation	(VF | Delphine Derickson Armstrong)	the tag or source at the right of the translation
(75a) line 1	Nsyilxcn	segmentation	t̓i naqs kn (*c)-x̌áq̓•əq̓.	page 46, pairs
(75a) line 2	Nsyilxcn	gloss	EMPH one 1SG.SUBJ IPFV-get.paid•C2.INCH	page 46, pairs
(75a) line 3	Delphine Derickson Armstrong	translation	‘I only got paid once.’	page 46, pairs
(75a) line 3	John Lyon	citation	(Delphine Derickson Armstrong)	the tag or source at the right of the translation
(75b) line 1	Nsyilxcn	segmentation	talíʔ kn (*c)-qʷím̓•əm̓ t spiʔsc̓íɬt.	page 46, pairs
(75b) line 2	Nsyilxcn	gloss	very 1SG.SUBJ IPFV-startled•C2.INCH OBL yesterday	page 46, pairs
(75b) line 3	Sarah McLeod	translation	‘I got frightened yesterday.’	page 46, pairs
(75b) line 3	John Lyon	citation	(Sarah McLeod)	the tag or source at the right of the translation
(75c) line 1	Nsyilxcn	segmentation	way̓ kn (*c)-klíq̓•əq̓naʔ.	page 46, pairs
(75c) line 2	Nsyilxcn	gloss	already 1SG.SUBJ IPFV-get.buried•C2.INCH	page 46, pairs
(75c) line 3	Sarah McLeod	translation	‘I got buried.’	page 46, pairs
(75c) line 3	John Lyon	citation	(Sarah McLeod)	the tag or source at the right of the translation
(75d) line 1	Nsyilxcn	segmentation	way̓ kn (*c)-n-sl̓-ip.	page 46, pairs
(75d) line 2	Nsyilxcn	gloss	yes 1SG.SUBJ IPFV-LOC-lose-INCH	page 46, pairs
(75d) line 3	twi-Lottie Lindley and Sarah McLeod	translation	‘I got lost.’	page 46, pairs
(75d) line 3	John Lyon	citation	(twi-Lottie Lindley, Sarah McLeod)	the tag or source at the right of the translation
§3.2	John Lyon	note	Past (76) and future (77) in-progress interpretations of imperfective inchoatives are possible.	page 47
(76a) line 1	Nsyilxcn	segmentation	t spiʔsc̓íɬt i-snsísuxən c-ham-áp, ʕapnáʔ x̌əẃ•áw̓.	page 47, pairs
(76a) line 2	Nsyilxcn	gloss	OBL yesterday 1SG.POSS-socks IPFV-damp-INCH now dry•C2.INCH	page 47, pairs
(76a) line 3	Delphine Derickson Armstrong	translation	‘My socks were (getting) damp yesterday, but today they are dry again.’	page 47, pairs
(76a) line 4	John Lyon	citation	(VF | Delphine Derickson Armstrong)	page 47, pairs
(76b) line 1	Nsyilxcn	segmentation	i-slax̌t c-x̌áq̓•əq̓ t spiʔsc̓íɬt.	page 47, pairs
(76b) line 2	Nsyilxcn	gloss	1SG.POSS-friend IPFV-get.paid•C2.INCH OBL yesterday	page 47, pairs
(76b) line 3	Delphine Derickson Armstrong	translation	‘My friend was (getting) paid yesterday.’	page 47, pairs
(76b) line 3	John Lyon	citation	(VF | Delphine Derickson Armstrong)	the tag or source at the right of the translation
(77) line 1	Nsyilxcn	segmentation	ɬaʔ q̓it ɬaʔ x̌lap, i-snsísuxən cəm̓ c-ham-áp.	page 47, pairs
(77) line 2	Nsyilxcn	gloss	when rain when tomorrow 1SG.POSS-sock EPIS IPFV-damp-INCH	page 47, pairs
(77) line 3	Delphine Derickson Armstrong	translation	‘Tomorrow when it rains, my socks will be getting damp.’	page 47, pairs
(77) line 4	John Lyon	citation	(VF | Delphine Derickson Armstrong)	page 47, pairs
§3.2	John Lyon	note	For in-progress readings of imperfective inchoatives, the event transition must have begun relative to a reference time (78a), and cannot have already culminated (78b), confirming that imperfective c- is targeting a sub-interval of the event which excludes the initial and final points.	page 47
(78a) line 1	Nsyilxcn	segmentation	# i-snsiysúxən c-ham-áp, náx̌əmɬ pútiʔ c-x̌aw̓.	page 47, pairs
(78a) line 2	Nsyilxcn	gloss	1SG.POSS-sock IPFV-damp-INCH but still IPFV-dry	page 47, pairs
(78a) line 3	Delphine Derickson Armstrong	translation	# ‘My socks are getting damp, but they’re still dry.’	page 47, pairs
(78a) line 3	John Lyon	citation	(Delphine Derickson Armstrong)	the tag or source at the right of the translation
(78b) line 1	Nsyilxcn	segmentation	# way̓ c-q̓ay̓ iʔ s-c-k̓ʷúl̓-tət, náx̌əmɬ	page 47, pairs
(78b) line 2	Nsyilxcn	gloss	already STAT-get.written DET NMLZ-STAT-get.written-1PL.POSS but	page 47, pairs
(78b) line 3	Nsyilxcn	segmentation	pútiʔ c-q̓əy̓•áy̓.	page 47, pairs
(78b) line 4	Nsyilxcn	gloss	still IPFV-get.written•C2.INCH	page 47, pairs
(78b) line 5	Delphine Derickson Armstrong	translation	‘Our work is written, but it’s still being written.’	page 47, pairs
(78b) line 5	John Lyon	citation	(Delphine Derickson Armstrong)	the tag or source at the right of the translation
§3.2	John Lyon	note	Like plain inchoatives, imperfective inchoatives allow modification by manner adverbs (79).	page 47
(79a) line 1	Nsyilxcn	segmentation	c-c̓xʷ•axʷ iʔ siwɬkʷ t k̓ək̓alíʔ.	page 47, pairs
(79a) line 2	Nsyilxcn	gloss	IPFV-get.spilled•C2.INCH DET water OBL slow	page 47, pairs
(79a) line 3	Delphine Derickson Armstrong	translation	‘The water is pouring slowly.’	page 47, pairs
(79a) line 3	John Lyon	citation	(Delphine Derickson Armstrong)	the tag or source at the right of the translation
(79b) line 1	Nsyilxcn	segmentation	ʕapnáʔ c-qʷ<ʔ>in iʔ siwɬkʷ t xʷus.	page 47, pairs
(79b) line 2	Nsyilxcn	gloss	now IPFV-green<INCH> DET water OBL quick	page 47, pairs
(79b) line 3	Delphine Derickson Armstrong	translation	‘Now, the water turns green fast.’	page 47, pairs
(79b) line 3	John Lyon	citation	(Delphine Derickson Armstrong)	the tag or source at the right of the translation
(79c) line 1	Nsyilxcn	segmentation	kn c-nik̓•ək̓ t xʷus.	page 47, pairs
(79c) line 2	Nsyilxcn	gloss	1SG.SUBJ IPFV-get.cut•C2.INCH OBL quick	page 47, pairs
(79c) line 3	Delphine Derickson Armstrong	translation	‘I always get cut fast.’	page 47, pairs
(79c) line 3	John Lyon	citation	(Delphine Derickson Armstrong)	the tag or source at the right of the translation
(79d) line 1	Nsyilxcn	segmentation	c-t̓<ʔ>ʕas iʔ tiɬmən t xʷus.	page 48, pairs
(79d) line 2	Nsyilxcn	gloss	IPFV-hard<INCH> DET glue OBL quick	page 48, pairs
(79d) line 3	Delphine Derickson Armstrong	translation	‘The glue usually gets hard fast.’	page 48, pairs
(79d) line 3	John Lyon	citation	(Delphine Derickson Armstrong)	the tag or source at the right of the translation
(79e) line 1	Nsyilxcn	segmentation	kn c-ʔilxʷt t k̓ək̓alíʔ.	page 48, pairs
(79e) line 2	Nsyilxcn	gloss	1SG.SUBJ IPFV-hungry(INCH) OBL slow	page 48, pairs
(79e) line 3	Delphine Derickson Armstrong	translation	‘I usually get hungry slowly.’	page 48, pairs
(79e) line 3	John Lyon	citation	(Delphine Derickson Armstrong)	the tag or source at the right of the translation
§3.2	John Lyon	note	Before presenting an analysis of inchoatives, consider that an examination of internal and durative readings in Nsyilxcn provide additional evidence for analyzing inchoatives as properties of events, and statives as properties of states. Internal readings arise in English when a temporal adverbial such as for two hours modifies a resulting state, while durative readings arise when the adverbial measures the duration of an event transition (Dowty 1979; Yu et al. 2023). In English, CoS roots like break allow only durative readings (80a), while verbs built from property concept roots (i.e., adjectival roots) allow both readings (80b).	page 48
(80a) line 1	English	transcription	Susan broke the vase for two hours.	page 48, English, a CoS root
(80a) line 2	English	note	* Reading 1: Susan broke the vase and it remained broken for two hours. (internal)	page 48, reading 1 of (80a), judged *
(80a) line 3	English	note	#Reading 2: Susan spent two hours breaking the vase. (durative)	page 48, reading 2 of (80a), judged #
(80b) line 1	English	transcription	Susan opened the door for two hours.	page 48, English, a property concept root
(80b) line 2	English	note	Reading 1: Susan opened the door and it remained open for two hours. (internal)	page 48, reading 1 of (80b)
(80b) line 3	English	note	Reading 2: Susan spent two hours (trying to) open the door. (durative)	page 48, reading 2 of (80b)
§3.2	John Lyon	note	Nsyilxcn CoS roots themselves allow neither reading, because they are underspecified, but they may derive internal readings as stative predicates (81a), and durative readings as inchoatives (81b) or other eventive predicates.60 The two readings are mutually exclusive, and show that adverbials modify an open state argument in Nsyilxcn statives, while they modify an open event argument in inchoatives (Section 3).	page 48
(81a) line 1	Nsyilxcn	segmentation	q̓əq̓sápi s-c-c̓axʷ-s iʔ siwɬkʷ.	page 48, pairs, the internal reading
(81a) line 2	Nsyilxcn	gloss	little.while NMLZ-STAT-get.spilled-3POSS DET water	page 48, pairs
(81a) line 3	Delphine Derickson Armstrong	translation	‘The water was spilled for a little while.’	page 48, pairs
(81a) line 3	John Lyon	citation	(VF | Delphine Derickson Armstrong)	the tag or source at the right of the translation
(81b) line 1	Nsyilxcn	segmentation	q̓ə̓q̓sápi s-c-c̓xʷ•axʷ-s iʔ siwɬkʷ	page 48, pairs, the durative reading
(81b) line 2	Nsyilxcn	gloss	little.while NMLZ-IPFV-get.spilled•INCH-3POSS DET water	page 48, pairs
(81b) line 3	Nsyilxcn	segmentation	sic iʔ ƛ̓əl-p-st-ísəlx.	page 48, pairs
(81b) line 4	Nsyilxcn	gloss	before DET still-INCH-CAUS-3PL.ERG	page 48, pairs
(81b) line 5	Delphine Derickson Armstrong	translation	‘The water was pouring out for a while before they stopped it.’	page 48, pairs
(81b) line 6	John Lyon	citation	(VF | Delphine Derickson Armstrong)	page 48, pairs
footnote 60	John Lyon	note	60 The nominalizations in (81) and (82) link the predicate to the temporal adverbial. It is not required for internal / durative readings but tends to occur when the adverbial precedes the main predicate.	page 48, footnote
§3.2	John Lyon	note	Internal readings of adjectival predicates do not involve imperfective c-, which is marginal to ungrammatical in these environments (82a), for unclear reasons. Durative readings of adjectives require imperfective c- and an inchoative in these contexts (82b).	page 49
(82a) line 1	Nsyilxcn	segmentation	ʔasil x̌əx̌yáɬnəx̌ʷ iʔ s-(*c)-ɬʕat̓-s iʔ lasmist. (internal)	page 49, pairs
(82a) line 2	Nsyilxcn	gloss	two hours DET NMLZ-IPFV-wet-3POSS DET shirt	page 49, pairs
(82a) line 3	Delphine Derickson Armstrong	translation	‘The shirt was wet for two hours.’	page 49, pairs
(82a) line 3	John Lyon	citation	(VF | Delphine Derickson Armstrong)	the tag or source at the right of the translation
(82b) line 1	Nsyilxcn	segmentation	q̓əq̓sápi iʔ lasmíst s-c-ham-áp-x. (durative)	page 49, pairs
(82b) line 2	Nsyilxcn	gloss	little.while DET shirt NMLZ-IPFV-damp-INCH-CONT	page 49, pairs
(82b) line 3	Delphine Derickson Armstrong	translation	‘The shirt was getting damp for a little while.’	page 49, pairs
(82b) line 3	John Lyon	citation	(Delphine Derickson Armstrong)	the tag or source at the right of the translation
§3.2	John Lyon	note	Overall, (81) and (82) show that event-modifying, durative readings of unaccusatives utilize imperfectivity and inchoativity, while state-modifying, internal readings of unaccusatives utilize statives or bare adjectives. The morphological difference between internal readings of CoS roots versus adjectives provides additional evidence for a distinction between stative c- and imperfective c-, and for a semantic difference between property concepts and CoS roots in Nsyilxcn.	page 49
§3.3	John Lyon	heading	3.3 Analysis of inchoatives	page 49
§3.3	John Lyon	note	Bar-el (2005) and Kiyota (2008) model inchoative states in two Central Salish languages as containing two subevents: a BECOME transition, and a resulting state (Dowty 1979; Smith 1991; Rothstein 2004). Both sub-events are joined by a sum-event variable, which is open to aspectual modification by a perfective or imperfective (83).	page 49
§3.3	John Lyon	notation	λxλe	page 49
(83) line 1	John Lyon	rule	λxλe . ∃e1∃e2[e=S(e1∪e2) ∧ (BECOME(P))(e1)(x) ∧ P(e2)(x)] inchoative state (Bar-el 2005)	page 49, the display
§3.3	John Lyon	note	Assuming (83), an imperfective will select a sub-interval of the union of the two sub-events. This predicts an ambiguity: For cases where the imperfective sub-interval is drawn from the e1 portion of the union, an in-progress reading is predicted, while for cases where the sub-interval includes part of the e2 portion of the union, a culminative reading is predicted. A perfective will select a super-interval of the union event, which should result only in a culminated reading. For Nsyilxcn inchoatives, aspectual processes like the imperfective do not target a sum event, rather they only target the BECOME sub-event, as shown by the absence of any ambiguity in these cases. The sub-events of an inchoative cannot therefore both be existentially closed prior to application of viewpoint aspect.	page 49
§3.3	John Lyon	note	In Section 2.3 I argued that both sub-event arguments are open in CoS roots. This approach is independently supported by the inchoative data. I suggest that the inchoative ‘backgrounds’ the resulting state portion of a CoS predicate by closing the s variable (84a), leaving open the e variable for further aspectual modification. The imperfective then yields an on-going or habitual reading of the event transition (84b), and the perfective yields a culminative reading (84c).	page 49
(84a) line 1	John Lyon	rule	λeλw∃s[BECOME(P(x)(e)(w)) ∧ CAUSE(e,s)(w)] base inchoative predicate	page 49, engine english
(84b) line 1	John Lyon	rule	λtλw∃e∃s.[BECOME(P(x)(e)(w)) ∧ CAUSE(e,s)(w) ∧ t ⊆ 𝜏(e)] imperfective c- inchoative	page 49, engine english
(84c) line 1	John Lyon	rule	λtλw∃e∃s.[BECOME(P(x)(e)(w)) ∧ CAUSE(e,s)(w) ∧ 𝜏(e) ⊆ t] perfective CoS inchoative	page 49, engine english
§3.3	John Lyon	note	I presented evidence in Section 3.2 that unprefixed adjectival inchoatives are not perfective, as shown by the fact that, unlike CoS inchoatives, they imply but do not entail event culmination. I suggest that a null neutral aspect selects for homogenous and inchoative adjectives, and that this explains their interpretative variability. Smith (1991:123) states that the neutral “complements the other viewpoints in the amount of information it makes visible about an event. The neutral viewpoint includes one endpoint, the perfective both endpoints, the imperfective neither. Thus unlike the imperfective the neutral viewpoint allows closed readings by inference.” Pending further work, I do not present a formal analysis of neutral aspect at this time.	page 50
§3.3	John Lyon	note	Under the analysis in (84), all inchoatives entail a result state, and viewpoint aspect functions to situate the reference time with respect to the eventive versus stative portion of the inchoative. The inchoative is therefore essentially the opposite of stative c-, which backgrounds the event and foregrounds the resulting state. The opposing semantic effects of the stative and the inchoative reflect their complementary distribution, and predicts that inchoativity cannot apply to a stative or imperfective predicate, since the event variable has already been closed.	page 50
§3.3	John Lyon	note	Because the Nsyilxcn inchoative introduces a CoS, and an entailed result state, to predicates which do not already encode them, this means that unlike stative c- or imperfective c-, the inchoative marker must be able to range over different kinds of predicates, including I-level and S- level adjectives, as well as CoS roots. Given that these three predicate types are semantically distinct, this means that the Nsyilxcn inchoative must be ambiguous: For adjectives, it introduces a BECOME event (Parsons 1990), a CAUSE predicate (Alexiadou et al. 2015), and an entailed resulting state (Parsons 1990) (85a). For CoS roots, which come pre-specified with these components under arguments made in Section 2, they simply close the preexisting state variable in an operation essentially opposite that of the target stative (85b). A sample derivation of an imperfective inchoative built on a CoS root is shown in Figure 5.61	page 50
(85a) line 1	John Lyon	rule	λP⟨s,t⟩λeλw∃s . [BECOME(P(e)(w)) ∧ CAUSE(e,s)(w)] inchoative marker for Adj.	page 50, engine english
(85b) line 1	John Lyon	rule	λR⟨s,⟨s,t⟩⟩λe∃s . 𝑅(e)(s) inchoative marker for CoS roots	page 50, engine english
§3.3	John Lyon	note	Figure 5: Derivation of an Nsyilxcn imperfective inchoative	page 50, engine english
footnote 61	John Lyon	note	61 Composition below the VP level is identical to that shown in Figure 4, so I do not include it here.	page 50, footnote
§3.3	John Lyon	language	ʔayʔaǰuθəm	ʔayʔaǰuθəm, a Central Salish language
§3.3	John Lyon	language	St’át’imcets	St’át’imcets, a Northern Interior Salish language
§3.3	John Lyon	note	While positing an ambiguity in the inchoative might seem theoretically cumbersome, it may actually represent a confluence in Nsyilxcn of two separate strategies for inchoative marking found across Salish. In ʔayʔaǰuθəm, for example, the inchoative only targets adjectives (Marianne Huijsmans, p.c.). In St’át’imcets, the morphology of inchoative marking is category specific, and the semantics could vary accordingly. 62 In any case, if the semantics of (85a) and (85b) are independently attested in other Salish languages, then Nsyilxcn may be in the process of generalizing separate, category-specific inchoative operations into a single category-neutral operation, which at this stage still retains distinct category-specific semantics. Further work across the Salish family is required to adequately test this hypothesis.	page 51
§3.3	Nsyilxcn	cited form	cx̌áq̓əq̓	page 51, ‘getting paid’
§3.3	Nsyilxcn	cited form	x̌áq̓əq̓	page 51
footnote 62	John Lyon	note	62 Nsyilxcn suffix -wilx acts similarly to an inchoative, but it co-occurs with other types of inchoative- marking, it cannot be used with a bare CoS root (unlike ‘true’ inchoatives), and ambiguously yields culminating/non-culminating readings. Nsyilxcn -wilx may be category-neutral, unlike St’át’imcets -wil̓x. For St’át’imcets -ʔ-/-p, assuming (85b) would require a causative analysis of CoS roots similar to Davis and Demirdache (1997), and the Nsyilxcn CoS root analysis advanced in this paper. I actually discuss evidence against this approach in Section 4, which if correct, may end up removing this cross-linguistic argument as a plausible motivator for an inchoative ambiguity, pending work on other Salish languages.	page 51, footnote
footnote 62	St’át’imcets	cited affix	-wil̓x	page 51, the St’át’imcets suffix, set against Nsyilxcn -wilx
footnote 62	Nsyilxcn	cited affix	-ʔ-/-p	page 51
footnote 63	John Lyon	note	63 The effect of inertia worlds may possibly manifest in a preference for habitual rather than in-progress readings of imperfective inchoatives in cases where the expected culmination is cancelled.	page 51, footnote
footnote 63 (v) line 1	Nsyilxcn	segmentation	kn cx̌áq̓əq̓ t spiʔsc̓íɬt, náx̌əmɬ lut kn t̓x̌áq̓əq̓.	page 51, a. of (v)
footnote 63 (v) line 2	Delphine Derickson Armstrong	translation	Target: ‘I was getting paid yesterday, but then I didn’t.’	page 51, the reading asked for
footnote 63 (v) line 3	Delphine Derickson Armstrong	translation	Actual: ‘I get paid yesterday (e.g., on Fridays), but I didn’t get paid.’	page 51, the reading given
footnote 63 (v) line 3	John Lyon	citation	(Delphine Derickson Armstrong)	page 51, the source at the right of the translation
footnote 63 (v) line 4	Nsyilxcn	segmentation	iʔ siwɬkʷ cc̓xʷ•axʷ, nax̌əmɬ lutiʔ t̓a cc̓axʷ.	page 51, b. of (v)
footnote 63 (v) line 5	Delphine Derickson Armstrong	translation	Target: ‘The water is spilling but it isn’t spilled yet.’	page 51, the reading asked for
footnote 63 (v) line 6	Delphine Derickson Armstrong	translation	Actual: ‘Water spills, but it isn’t spilled yet.’	page 51, the reading given
footnote 63 (v) line 6	John Lyon	citation	(Delphine Derickson Armstrong)	page 51, the source at the right of the translation
§3.3	John Lyon	note	I should briefly mention an issue regarding the existence entailment of the result state in an inchoative predicate. Dowty (1979) describes an imperfective ‘paradox’, noted as far back as Aristotle. While imperfectives built on telic predicates, e.g., Mozart was finishing the Requiem, can be true, it is possible that there is no time such that Mozart finished the Requiem is true. In other words, event culmination may fail. This stands in contrast to imperfectives built from atelic predicates, e.g., John was walking, where it must be true that John walked (see Zucchi 2021 for discussion). Imperfective and neutral inchoatives in Nsyilxcn may likewise fail to culminate, which raises the question of how a result state can be entailed if the event itself does not complete. I assume that an intensional form of imperfectivity involving inertia worlds (Dowty 1979), event stages (Landman 1992), or modality (Portner 1998), when applied to an inchoative, leads to an event culmination and resulting state which hold not necessarily in the actual world w, but in some w’ which may or may not be equivalent to w. Following Dowty’s model, for example, an imperfective inchoative event cx̌áq̓əq̓ ‘getting paid’ should be true in some world w iff there is a super-interval in which for all the w inertia worlds (i.e., w’), the event culminates (i.e., x̌áq̓əq̓ ‘get paid’ is true). Additionally, since e causes s, the event culmination world should be identical to the world in which the entailed resulting state exists. 63 The existence entailment of the state in imperfective and non-culminating neutral inchoatives is parallel to problematic existence entailments of entities in cases like John was building a house, which does not entail that John built	page 51
§3.3	John Lyon	note	a house, and thus does not entail that the house exists, at least relative to the actual world. Since the problem rests more generally with the analysis of imperfectives, I assume the semantics in (85). In sum, Nsyilxcn inchoative predicates derived from adjectives and CoS roots are semantically causative, as evidenced by their co-occurrence with instrumental adjuncts. Given that homogenous S-level adjectives are not causative, and do not encode a CoS, the inchoative marker must be introducing a BECOME and a CAUSE predicate to the adjectival base, which accords with Alexiadou et al.’s (2015) analysis of inchoative predicates as semantically causative, and also supports the general idea that inchoative verbs may be derived from stative adjectives (Parsons 1990; cf. Piñón 2001:361). Assuming that lexical categories in Nsyilxcn are semantically distinct from one another in the manner that I suggest (Section 2), and that inchoativity is a category-neutral operation, it follows that a semantic ambiguity is necessary for the inchoative. I have argued that the inchoative existentially closes the state argument in a CoS root, in an operation essentially opposite that of a target stativizer.	page 52
§4	John Lyon	heading	4 Cross-linguistic and historical considerations: comparing Nsyilxcn and St’át’imcets	page 52
§4	John Lyon	language	St’át’imcets	St’át’imcets, a Northern Interior Salish language
§4	John Lyon	note	St’át’imcets (Northern Interior Salish) differs from Nsyilxcn in several important ways: First, unaccusative CoS roots can be used in bare form (86a). Second, these co-occur with imperfective wa7 (86b), yielding an in-progress reading of the event. Neither of these are possibilities in Nsyilxcn, as discussed in detail above.64	page 52
(86a) line 1	St’át’imcets	segmentation	mays ta=káoh=a.	page 52, pairs
(86a) line 2	St’át’imcets	gloss	get.fixed DET=car=EXIS	page 52, pairs
(86a) line 3	Carl Alexander	translation	‘The car got fixed.’	page 52, pairs
(86a) line 3	John Lyon	citation	(Carl Alexander, Henry Davis, p.c.)	the tag or source at the right of the translation
(86a) line 3	John Lyon	name	Henry Davis	whose personal communication gives (86), (89) and (92)
(86a) line 3	John Lyon	name	Carl Alexander	St’át’imcets speaker, the source of (86), (89) and (92) with Henry Davis
(86b) line 1	St’át’imcets	segmentation	wa7 mays ta=káoh=a.	page 52, pairs
(86b) line 2	St’át’imcets	gloss	IPFV get.fixed DET=car=EXIS	page 52, pairs
(86b) line 3	Carl Alexander	translation	‘The car is being fixed.’	page 52, pairs
(86b) line 3	John Lyon	citation	(Carl Alexander, Henry Davis, p.c.)	the tag or source at the right of the translation
§4	John Lyon	note	Contrasting the interpretations of (86a) and (86b), it seems possible that bare CoS roots in St’át’imcets only encode a n event transition, not a result state (87).65 With only one open event variable, there is no ambiguity as there is in Nsyilxcn, which predicts correctly that CoS roots can be used in bare form. Further, if CoS roots in St’át’imcets also contained state variables, the prediction is that (86b) might have a secondary, internal reading in addition to a durative reading, such that The car has been fixed (temporarily), but this seems to be absent.	page 52
footnote 64	John Lyon	note	64 Note that the interpretation of (86b) is equivalent to an imperfective inchoative in Nsyilxcn.	page 52, footnote
footnote 65	John Lyon	note	65 Davis (2021) states that (87) “by default treats the core event argument e as a transition”. By ruling out non-transitional and non-culminating eventualities from (87), this approach assumes an ontological distinction between transitional events and non-transitional eventualities/states without however instantiating this distinction within the type theory. In other words, (87) does not necessarily make any type- theoretic distinction between CoS roots and adjectives.	page 52, footnote
§4	John Lyon	notation	λxλeλw	page 53
(87) line 1	John Lyon	rule	λxλeλw . [BECOME(P(x)(e)(w))] St’át’imcets CoS root (Davis 2021)	page 53, the display, carries footnote 66, written here without its digit
§4	John Lyon	note	Under this approach, the completive reading in (86a) is the result of a null perfective (88a), and the in-progress reading in (86b) results from imperfective wa7 (88b).	page 53
(88a) line 1	John Lyon	rule	⟦mays⟧ = λtλw.∃e[BECOME(fixed(x)(e)(w)) ∧ 𝜏(e) ⊆ t]	page 53, engine english
(88b) line 1	John Lyon	rule	⟦wa7 mays⟧ = λtλw.∃e[BECOME(fixed(x)(e)(w)) ∧ t ⊆ 𝜏(e)]	page 53, engine english
§4	John Lyon	note	Next, the St’át’imcets stative marker es- (89a), which although cognate with Nsyilxcn stative c-, has been claimed by Davis et al. (2020) to derive a resultant state, rather than a target state (Kratzer 2000). Unlike Nsyilxcn imperfective c-, St’át’imcets imperfective wa7 is compatible with stative es-, yielding an in-progress reading of the resulting state (89b), including habitual readings (not shown). Note that (89b) includes the ‘internal’ reading missing from (86b).	page 53
(89a) line 1	St’át’imcets	segmentation	es-máys ta=káoh=a.	page 53, pairs
(89a) line 2	St’át’imcets	gloss	STAT-get.fixed DET=car=EXIS	page 53, pairs
(89a) line 3	Carl Alexander	translation	‘The car has been fixed.’	page 53, pairs
(89a) line 3	John Lyon	citation	(Carl Alexander, Henry Davis, p.c.)	the tag or source at the right of the translation
(89b) line 1	St’át’imcets	segmentation	wa7 es-máys ta=káoh=a.	page 53, pairs
(89b) line 2	St’át’imcets	gloss	IPFV STAT-get.fixed DET=car=EXIS	page 53, pairs
(89b) line 3	Carl Alexander	translation	‘The car has been fixed.’ (temporarily, at least)	page 53, pairs
(89b) line 3	John Lyon	citation	(Carl Alexander, Henry Davis, p.c.)	the tag or source at the right of the translation
§4	John Lyon	note	Stative es- forms clearly involve a stative component. If a stative argument is not part of the event structure of a bare CoS root in St’át’imcets, then it must be introduced by the stative marker .67 Kratzer’s resultant stativizer could be modified to introduce a stative argument via CAUSE to an eventive predicate (90). Applied to a bare root like mays, es- yields (91a). Imperfective wa7 then targets the stative variable yielding an internal reading (91b).68	page 53
(90) line 1	John Lyon	rule	⟦es-⟧ = λP⟨s,t⟩λtλs∃e[P(e)(w) ∧ CAUSE(e,s)(w) ∧ 𝜏(e) < t] resultant stativizer	page 53, engine english
(91a) line 1	John Lyon	rule	⟦esmays⟧ = λtλsλw∃e [BECOME(fixed(x)(e)(w)) ∧ CAUSE(e,s)(w) ∧ 𝜏(e) < t]	page 53, engine english
(91b) line 1	John Lyon	rule	⟦wa7 esmays⟧ = λtλw∃s∃e [BECOME(fixed(x)(e)(w)) ∧ CAUSE(e,s)(w) ∧ 𝜏(e) < t ∧ t ⊆ 𝜏(s)]	page 53, engine english
§4	John Lyon	note	St’át’imcets shows that there is no inherent incompatibility between imperfectivity and statives in Salish languages, although Nsyilxcn and St’át’imcets differ in this respect.	page 53
footnote 66	John Lyon	note	66 Davis (2021) does not explicitly utilize a BECOME predicate, representing the CoS root mays instead as λxλeλw.[get.fixed(x)(e)(w)], but I understand this to be a notational variant of λxλeλw.[BECOME(fix(x)(e)(w))], which I instead use for the sake of consistency.	page 53, footnote
footnote 66	John Lyon	notation	λxλeλw.[get.fixed(x)(e)(w	page 53
footnote 66	John Lyon	notation	λxλeλw.[BECOME(fix(x)(e)(w	page 53
footnote 67	John Lyon	note	67 It is critical to include a separate stative argument to derive the difference between (86b) and (89b): An alternate to (91b) which included only an event variable would result in contradictory 𝜏(e) < t ∧ t ⊆ 𝜏(e).	page 53, footnote
footnote 68	John Lyon	note	68 Example (89a) may also involve a null perfective, parallel to (86a), though I abstract away from this for brevity.	page 53, footnote
§4	John Lyon	note	Next, consider that imperfective wa7 can also occur with adjectives (92), similarly to Nsyilxcn imperfective c-.	page 54
(92) line 1	St’át’imcets	segmentation	wa7 uqw7ál’men ta=máw=a.	page 54, pairs
(92) line 2	St’át’imcets	gloss	IPFV thirsty DET=cat=EXIS	page 54, pairs
(92) line 3	Carl Alexander	translation	‘The cat is thirsty.’	page 54, pairs
(92) line 3	John Lyon	citation	(Carl Alexander, Henry Davis, p.c.)	the tag or source at the right of the translation
§4	John Lyon	note	The fact that imperfective wa7 occurs with both resultant states (89b) and adjectives (92) is evidence for treating adjectives ontologically as states (93a,b), especially considering that an ambiguity with imperfective wa7 (94) is independently motivated by (86b, 89b).	page 54
(93a) line 1	John Lyon	rule	⟦uqw7ál’men⟧ = λxλsλw . [thirsty(x)(s)(w)]	page 54, engine english
(93b) line 1	John Lyon	rule	⟦wa7 uqw7ál’men⟧ = λxλsλw . [thirsty(x)(s)(w) & t ⊆ 𝜏(s)]	page 54, engine english
(94a) line 1	John Lyon	rule	⟦wa71⟧ = λPλtλw∃s . [P(x)(s)(w) ∧ t ⊆ 𝜏(s)] imperfective states	page 54, engine english
(94b) line 1	John Lyon	rule	⟦wa72⟧ = λPλtλw∃e . [P(x)(e)(w) ∧ t ⊆ 𝜏(e)] imperfective events	page 54, engine english
§4	John Lyon	language	ʔayʔaǰuθəm	ʔayʔaǰuθəm, a Central Salish language
footnote 69	John Lyon	note	69 St’át’imcets inchoatives, unlike Nsyilxcn CoS inchoatives, appear to allow both culminated and non- culminated readings in the absence of imperfective wa7 (Davis, p.c., 2023). For example, the CoS inchoative ʕʷəlp, which is presumably perfective, can mean either ‘It burned’ or ‘It is burning’. (This ambiguity is removed in imperfective waʔ ʕʷəlp, which means ‘It is/was burning’.) As such St’át’imcets inchoatives seem more similar to Nsyilxcn adjectival inchoatives, specifically. It is unclear to what extent, if any, the ambiguous interpretation of St’át’imcets CoS inchoatives may be due to the semantics of CoS roots in the language, or perhaps a category-neutral, neutral aspect marker.	page 54, footnote
footnote 69	St’át’imcets	cited form	ʕʷəlp	page 54, a St’át’imcets CoS inchoative, ‘It burned’ or ‘It is burning’
footnote 69	St’át’imcets	cited form	waʔ	page 54, the St’át’imcets imperfective, in waʔ ʕʷəlp ‘It is/was burning’
footnote 70	John Lyon	note	70 Though see an alternative possibility above in fn. 58.	page 54, footnote
§4	John Lyon	note	Interpretively, such an analysis seems close to the mark, and accurately characterizes the difference between St’át’imcets and Nsyilxcn with regards to statives and imperfectivity. For now, I do not address possible differences in inchoativity between the two languages.69 A question arises: why can wa7 give imperfective readings of result states in St’át’imcets, but imperfective c- cannot in Nsyilxcn? It is possible that imperfectives only apply to resultant states, not target states. ʔayʔaǰuθəm target states, for example, resemble Nsyilxcn in that they are not compatible with imperfectivity (Marianne Huijsmans, p.c.). Consider that across Salish, imperfective states carry a sense of being ‘temporary’: this holds for imperfective S-level adjectives and imperfective resultant states in languages like St’át’imcets, and accounts for the infelicity of imperfective I-level states. Given that a target state is only true if it continues to affect its argument relative to a reference time, these may also be construed as temporary. The addition of an imperfective to a target state, therefore, contributes nothing new in the way of a basic in-progress reading, though there nevertheless remains a distinct absence of a habitual reading. Given the semantic similarity between target stativity and imperfectivity, as well as the cognacy between St’át’imcets es- and Nsyilxcn c-, it is possible that historically *c- shifted from deriving a resultant state to deriving a target state, and that this conditioned the eventual use of c- as an imperfective marker.70 At the same time, stative event structure originally contributed by the stative prefix in St’át’imcets may over time have become reanalyzed as part of the lexical meaning of unaccusative CoS roots in Nsyilxcn, accounting for the difference between CoS roots in St’át’imcets and Nsyilxcn: Since target states have both an event and a state variable, a shift in the semantics of the stativizer from target state-denoting to resultant state-denoting would require a concomitant shift in the semantics of CoS roots. Alternatively, and ultimately equivalently in terms of its semantic effect, a reanalysis of CoS roots as containing a stative argument may have forced a shift in the semantics of the stativizer.	page 54
§4	John Lyon	note	Further comparative work on other Salish languages may help illuminate synchronic relations between imperfectivity and target versus resultant states, and diachronic shifts in the semantics of stativizers across the Salish language family.	page 55
§5	John Lyon	heading	5 Discussion and conclusion	page 55
§5.1	John Lyon	heading	5.1 Relevance for Salish linguistics	page 55
§5.1	John Lyon	note	This paper has found that change-of state (CoS) roots can be distinguished from adjectives in Nsyilxcn by examining the distribution of two homophonous, yet semantically distinct, c- prefixes. Imperfective c- attaches to eventive predicates (excluding nouns and I-level adjectives): these all show tense-independent in-progress and habitual readings. A separate target stative c- prefix attaches to bare CoS roots. CoS roots in Nsyilxcn are bound: they cannot occur without some form of derivation, in contrast to equivalent unaccusative roots found in other Salish languages. In order to be used, CoS roots typically derive into either a target stative form (with stative c-) or else into an inchoative (through four possible morphological processes). There is likely a historical connection between the two c- prefixes, a connection which I have suggested may be reflected by the semantic similarity between imperfectivity and target stativity: the predicate must be true of an argument relative to a reference time.	page 55
§5.1	John Lyon	language	St’át’imcets	St’át’imcets, a Northern Interior Salish language
§5.1	John Lyon	note	There are implications here for our understanding of how the semantics of lexical classes and event structure root templates might vary across Salish languages. In particular, (i) for languages like Nsyilxcn, a causing event and event transition must be part of the templatic structure of a CoS root, in possible contrast to other Salish languages such as St’át’imcets, and (ii) adjectives in Nsyilxcn are best treated as denoting eventualities, an ontological class encompassing both events proper and states, rather than states specifically, as evidenced by the distribution of imperfectivity. This, again, is in possible contrast to other Salish languages. I review both of these points below. Concerning (i), because both the inchoative and the imperfective require predicates with open event arguments in Nsyilxcn, neither will co-occur with a target state, whose event variable has been closed. In contrast, given that inchoativity closes the state argument of a CoS predicate, imperfectivity can then apply to the remaining event variable. Overall then, stative c- bleeds inchoativity and imperfectivity, while inchoativity bleeds stativity, paving the way for (im)perfectivity. The fact that CoS roots cannot take an imperfective without first being inchoativized strongly suggests that the event variable in the CoS root must first be foregrounded in contrast to an underlying stative argument: Many eventive predicates in Nsyilxcn take imperfectivity without needing their event variable to first be foregrounded, and so CoS roots should be no exception if this were the case, since if e is the only variable, it is by default foregrounded. Further evidence for an underlying stative argument, and an encoded CoS, comes from data showing that CoS roots, unlike adjectives, can occur with instrumental adjuncts in both stative and inchoative forms. Lastly, including both unbound event and state variables in the template structure of Nsyilxcn CoS roots gives a plausible explanation for why they cannot be used in bare form: they are underspecified. This means that a simplex e analysis of CoS roots (87), similar to that advanced in Davis (2021) for St’át’imcets, will not suffice for Nsyilxcn. Overall, this means that while the Unaccusativity Hypothesis is upheld for Salish languages, Nsyilxcn being no exception, the semantics of bare unaccusative roots can vary across Salish languages. There are historical questions relating to this variation which I discussed in Section 4.	page 55
§5.1	John Lyon	note	A distinction is therefore to be made between predicates over event(ualities), as a broad class which includes adjectives, and predicates over CoS events leading up to a resulting state, which includes CoS roots but excludes adjectives. I suggest that this distinction should be reflected straightforwardly in the semantic structure of adjectival and CoS root templates, and that a purely categorial analysis of the distribution of stative c- is insufficient. Although both CoS roots and inchoativized CoS roots are presumably verbal, the former take stative c- but not imperfective c-, while the latter take imperfective c- but not stative c-. The distribution of stative c- instead has a semantic explanation: it is sensitive to the presence of an underlying state argument (Kratzer 2000). Concerning (ii), plain S-level adjectives in Nsyilxcn are best treated as ranging over ontological event(ualitie)s, which include states as a special sub-case. This approach is supported by the ability of S-levels to occur in the imperfective, in contrast to target statives, and accounts for their ‘mutability’, or ability to be construed as eventive in some contexts (N. Mattina 1996). S-level adjectives in St’át’imcets might, in contrast, best be analyzed as ontologically stative, especially given that both adjectives and resultant states can occur in the imperfective (see Section 4 above). Despite being eventive, S-level adjectives in Nsyilxcn do not encode any CoS, as shown in particular by their inability to take instrumental adjuncts which reference a causing event or manner adverbs which require a CoS. Additionally, there may be cross-Salishan differences in imperfectivity: while Nsyilxcn imperfective c- seems to apply only to eventive predicates, St’át’imcets wa7 can also apply to stative predicates.	page 56
§5.1	John Lyon	note	Last, I have proposed that the inchoative marker introduces a CoS semantic template to predicates which do not have them, entailing a result state, while for CoS roots which come prespecified with this template, the inchoative marker foregrounds the event variable by closing the state variable. I have suggested that this ambiguity may reflect a historical confluence of two separate inchoativizing strategies found across Salish languages.	page 56
§5.2	John Lyon	heading	5.2 Relevance for theory	page 56
footnote 71	John Lyon	note	71 Their analysis is motivated by the absence of ‘purely restitutive’ state readings in the context of the presupposition trigger again: rather, the entire causing event is interpreted as having occurred twice (e.g., John broke the plate again entails that the event of breaking has occurred twice). In contrast, property concepts such as enlarge allow restitutive readings (e.g., John enlarged the picture again can be true if the original picture was shrunken, and then made large: i.e., there is only one event of enlarging, but two states	page 56, footnote
§5.2	John Lyon	note	The meaning and distribution of stativity and inchoativity in Nsyilxcn can be semantically accounted for by positing both e “event” and s “state” variables in the representations of CoS roots, following work by Kratzer (2000), Beavers and Koontz-Garboden (2020), and Yu et al. (2023). Kratzer (2000) analyzes some verbal stems in German as encoding both event and state arguments, and posits a target stativizer which closes the event variable, foregrounding a resulting state. Beavers and Koontz-Garboden (2020) analyze result roots in English as underlyingly stative, with their event variables existentially closed.71 Yu et al. (2023) take a different approach, analyzing CoS roots in English as underlyingly eventive, with their state variables are existentially closed.72 I have argued that neither e nor s argument is underlyingly closed in an Nsyilxcn CoS root, making them similar to underived target state participle stems in German (Kratzer 2000). Being thus semantically underspecified, this accounts for their inability to be used in bare form. CoS roots themselves neither entail a CoS or a resulting state (95): these are dependent upon further derivation by the stative-marker, or by the inchoative.	page 56
§5.2	John Lyon	notation	λxλsλeλw	page 57
(95) line 1	John Lyon	rule	λxλsλeλw . [BECOME(P(x)(e)(w)) ∧ CAUSE(e,s)(w)] CoS root	page 57, the display
§5.2	John Lyon	note	I claim that target stative c- requires an argument with both variables open, and it closes the event variable of a CoS root, foregrounding the target state (96a) (Kratzer 2000), yielding a predicate similar to an English CoS root under Beavers and Koontz-Garboden’s (2020) analysis (97a). Nsyilxcn statives entail a culminated event, and consistently show internal readings. Inchoativity, which introduces event and state variables to predicates which do not already have them, existentially closes the state variable in a CoS root, foregrounding the event (96b), and yielding the equivalent of an English CoS root under Yu et al.’s (2023) analysis (97b). Inchoatives entail a resulting state, and consistently show durative readings.	page 57
(96a) line 1	John Lyon	rule	λR⟨s⟨s,t⟩⟩λs∃e . 𝑅(𝑠)(𝑒) target stativizer (Kratzer 2000)	page 57, engine english
(96b) line 1	John Lyon	rule	λR⟨s⟨s,t⟩⟩λe∃s . 𝑅(e)(s) inchoativizer (CoS roots)	page 57, engine english
(97a) line 1	John Lyon	rule	λsλw∃e . [BECOME(P(x)(e)(w)) ∧ CAUSE(e,s)(w)] target state	page 57, engine english
(97b) line 1	John Lyon	rule	λeλw∃s . [BECOME(P(x)(e)(w)) ∧ CAUSE(e,s)(w)] inchoative	page 57, engine english
§5.2	John Lyon	note	This approach reflects the fact that inchoative and stative operations in Nsyilxcn are in complementary distribution, yet both operate on bare CoS roots.	page 57
§5.2	John Lyon	note	Yu et al. (2023) divide English ‘result roots’ into two classes, property concept roots and CoS roots, which are distinguished by whether they can occur in the manner position of an English resultative construction. Nsyilxcn resembles English in the sense that adjectives (i.e., property concepts) and CoS roots are formally distinct, and that both adjectives and CoS roots allow ‘result’ readings, although the empirical facts which motivate the relevant arguments are different in the two languages, since Nsyilxcn lacks English-style resultative constructions (e.g., John wiped the table clean), and does not clearly show restitutive readings.	page 57
§5.2	Nsyilxcn	cited form	nixʷ	page 57, the Nsyilxcn equivalent of English ‘again’
§5.2	John Lyon	language	St’át’imcets	St’át’imcets, a Northern Interior Salish language
§5.2	St’át’imcets	cited form	múta7	page 57, ‘again’
§5.2	John Lyon	note	Overall, Nsyilxcn shows that the English data might be better explained by a more abstract analysis of English CoS roots than that profferred by Yu et al. (2023) or Beavers and Koontz- Garboden (2020): If English CoS roots can be analyzed similarly to underspecified Nsyilxcn CoS roots or underived German target state participle stems (Kratzer 2000), then they may have zero of being large). Initial tests indicate that the Nsyilxcn equivalent of English ‘again’, nixʷ, may be non- presuppositional (see Davis & Matthewson 2022 on St’át’imcets múta7 ‘again’), which invalidates this as a test for restitutive readings.	page 57
footnote 72	John Lyon	note	72 Their approach is motivated by data showing that temporal for PPs target the event (i.e., durative) component of a CoS root, rather than the stative (i.e., internal) component (e.g., Susan broke the vase for 5 minutes targets the duration of the breaking event, not the resulting state). See discussion on durative versus internal readings in Nsyilxcn in Section 3.2.	page 57, footnote
§5.2	John Lyon	note	derivations into stative and eventive forms, supporting an analysis similar to Lieber (1980) who proposes that English and German adjectival participles contain a zero-stativizer. Nsyilxcn provides support for an ontological approach to root distribution (Rappaport Hovav & Levin 1998), which holds that roots fall into different semantic classes and that this accounts for their distribution. Nsyilxcn also provides evidence against the Bifurcation Thesis for Roots (Embick 2009), which holds that event templates may not introduce event structural components which are independently found in roots: the adjectival version of the inchoative marker must introduce CoS semantics, which nevertheless exist independently in underived CoS roots.	page 58
§5.2	John Lyon	note	Though many questions remain concerning the Nsyilxcn aspectual system, I have attempted in this paper to resolve some of the gaps in existing language documentation relating to imperfectivity, inchoativity, and the stative, and their semantic relations to the various lexical classes. The Nsyilxcn facts converge in interesting ways with existing work on other Salish languages, as well as wider theories of lexical aspect, states, and CoS roots.	page 58
references	John Lyon	heading	References	page 58
references	John Lyon	reference	Alexiadou, Artemis, Elena Anagnostopolou, & Florian Schäfer. 2015. External arguments in transitivity alternations: A layering approach. Oxford, UK: Oxford University Press.	
references	John Lyon	reference	Alexyenko, Sascha. 2018. The semantics of habituality as an argument for event-mediated quantification. Proceedings of SALT 28:768–788.	
references	John Lyon	reference	Baier, Nico. 2020. Oblique Arguments in Montana Salish: Separating Agreement and Licensing. Salish Working Group Presentation.	
references	John Lyon	language	Skwxwú7mesh	Skwxwú7mesh, a Central Salish language
references	John Lyon	reference	Bar-el, Leora. 2005. Aspectual Distinction in Skwxwú7mesh. Ph.D. Dissertation, University of British Columbia, Vancouver, BC.	
references	John Lyon	reference	Beavers, John & Andrew Koontz-Garboden. 2012. Manner and result in the roots of verbal meaning. Linguistic Inquiry 43(3):331–369.	
references	John Lyon	reference	Beavers, John & Andrew Koontz-Garboden. 2020. The roots of verbal meaning. Oxford, UK: Oxford University Press.	
references	John Lyon	reference	Borer, Hagit. 2005. Structuring sense: The normal course of events. Vol. 2. Oxford, UK: Oxford University Press.	
references	John Lyon	reference	Burton, Strang & Henry Davis. 1996. Stative Aspect and Possession in Salish. Papers for ICSNL 31:13–22.	
references	John Lyon	reference	Burton, Strang & Lisa Matthewson 2015. Targeted construction storyboards in semantic fieldwork. In Ryan Bochnak & Lisa Matthewson (ed.s), Semantic fieldwork methodology. Oxford, UK: Oxford University Press, 135–156.	
references	John Lyon	reference	Carlson, Greg. 1977. Reference to Kinds in English. Ph.D. dissertation, University of Massachusetts, Amherst, MA.	
references	John Lyon	reference	Chierchia, Gennaro. 1989. Structured meanings, thematic roles and control. In Gennaro Chierchia, Barbara H. Partee, & Raymond Turner (eds.), Properties, types and meaning. Dordrecht, Netherlands: Kluwer, 131–166.	
references	John Lyon	reference	Comrie, Bernard. 1976. Aspect: An introduction to the study of verbal aspect and related problems. Cambridge, MA: Cambridge University Press.	
references	John Lyon	language	St’át’imcets	St’át’imcets, a Northern Interior Salish language
references	John Lyon	reference	Davis, Henry. 1997. Deep unaccusativity and zero syntax in St’át’imcets. In Andrea Mendikoetxea & Myriam Uribe-Etxebarria (eds.), Theoretical Issues at the Morphology-Syntax Interface. Bilbao, Spain: Supplements of the International Journal of Basque Linguistics and Philology, 55–96.	
references	John Lyon	reference	Davis, Henry. 2011. Stalking the Adjective in St’át’imcets. Northwest Journal of Linguistics 5(2):1–60.	
references	John Lyon	language	ʔayʔaǰuθəm	ʔayʔaǰuθəm, a Central Salish language
references	John Lyon	reference	Davis, Henry, Marianne Huijsmans, & Gloria Mellesmoen. 2020. Statives in ʔayʔaǰuθəm and St’át’imcets. Papers for ICSNL 55:107–132.	
references	John Lyon	reference	Davis, Henry. 2021. Going Radical in Salish. Proceedings of the 2021 West Coast Conference on Formal Linguistics (WCCFL).	
references	John Lyon	reference	Davis, Henry. [in preparation]. St’át’imcets Teaching Grammar.	
references	John Lyon	reference	Davis, Henry, Sandra Lai, & Lisa Matthewson. 1997. Cedar Roots and Singing Detectives: Attributive Modification in Salish and English. Papers for ICSNL 32:291–316.	
references	John Lyon	reference	Davis, Henry & Hamida Demirdache. 1997. On Lexical Verb Meanings: Evidence from Salish.	
references	John Lyon	reference	Davis, Henry & L. Matthewson. 2022. ‘Did You Hear? Bill is Dead Again!’ Rhetorical relations in St’át’imcets (Lillooet Salish). Semantics of Under-represented Languages of the Americas 12, University of Ottawa, October 2022.	
references	John Lyon	reference	Dilts, Philip. 2006. An analysis of the Okanagan “middle: marker -m. Papers for ICSNL 41:77–98.	
references	John Lyon	reference	Deo, Ashwini. 2009. Unifying the imperfective and the progressive: partitions as quantificational domains. Linguistics & Philosophy 32:475–521.	
references	John Lyon	reference	Dowty, David. 1979. Word Meaning and Montague Grammar: The Semantics of Verbs and Times in Generative Semantics and in Montague’s PTQ. Dordrecht, Netherlands: Reidel.	
references	John Lyon	reference	Dunham, Joel. 2011. Imperfective, Nominalization (& Irrealis) in Okanagan. Semantics of Under- represented Languages of the Americas (SULA) 6.	
references	John Lyon	reference	Embick, David. 2009. Roots, states, stative passives. Presented at the 2009 Roots Workshop at the University of Stuttgart, Germany.	
references	John Lyon	reference	First Peoples’ Cultural Council. 2022. The Report on the Status of B.C. First Nations Languages. Brentwood Bay, BC.	
references	John Lyon	reference	Kiyota, Masaru. 2008. Situation aspect and viewpoint aspect: from Salish to Japanese. Ph.D. dissertation, University of British Columbia, Vancouver, BC.	
references	John Lyon	reference	Kratzer, Angelika. 1989. Stage-Level and Individual-Level Predicates. UMOP 15(2): Article 10.	
references	John Lyon	reference	Kratzer, Angelika. 2000. Building statives. In Lisa J. Jonathan et al. (eds.): Proceedings of the Twenty-Sixth Annual Meeting of the Berkeley Linguistics Society: General Session and Parasession on Aspect. Berkeley, CA: Berkeley Linguistics Society, 385–399.	
references	John Lyon	reference	Kratzer, Angelika. 2005. Building resultatives. In Claudia Maienborn & Wöllstein-Leisten (eds.), Event arguments: Functions and applications. Tübingen, Germany: Niemeyer, 177–212.	
references	John Lyon	reference	Kuipers, Aert H. 1974. The Shuswap Language: Grammar, Texts, Dictionary. The Hague, Netherlands: Mouton.	
references	John Lyon	reference	Landman, Fred. 1992. The Progressive. Linguistics and Philosophy 1:1–32.	
references	John Lyon	reference	Lieber, Rochelle. 1980. On the Organization of the Lexicon. Ph.D. dissertation, Massachusetts Institute of Technology, Cambridge, MA.	
references	John Lyon	reference	Lyon, John. 2010. Nominal Modification in Okanagan: Complex DPs, Complex Nominal Predicates, and Stative/Customary ac-. Presented at ICSNL 45 in Eugene, OR.	
references	John Lyon	reference	Lyon, John. 2013. Predication and Equation in Okanagan Salish: The Syntax and Semantics of DPs. Ph.D. Dissertation. University of British Columbia, Vancouver, BC.	
references	John Lyon	reference	Lyon, John. 2015. Okanagan Determiner Phrases and Domain Restriction. International Journal of American Linguistics 81(2):187–219.	
references	St’át’imcets	cited form	sqwéqwel	page 60, in the title of Lyon and Davis 2022, Wa7 sqwéqwel’ sSam
references	John Lyon	reference	Lyon, John. 2020. Re-revisiting Okanagan Sentential Aspect. Presented at the UBC TAP Lab.	
references	John Lyon	reference	Lyon, John & Henry Davis (eds.). 2022. Wa7 sqwéqwel’ sSam: St’át’imcets Stories from Sam Mitchell. Vancouver, BC: PNWLL Press.	
references	John Lyon	reference	Mattina, Anthony. 1973. Colville Grammatical Structures. Ph. D. dissertation, University of Hawaii, HI.	
references	John Lyon	reference	Mattina, Anthony. 1989. (V)C2 Reduplication in Colville-Okanagan, with Historical Notes. In Anthony Mattina & Timothy Montler (eds.), American Indian Linguistics and Ethnography in Honor of Laurence C. Thompson. Missoula, MT: University Press, 215-233.	
references	Nsyilxcn	cited affix	-tuɬt	page 60, in the title of Mattina 1994
references	John Lyon	reference	Mattina, Anthony. 1993. Okanagan Aspect: A Working Paper. Papers for ICSNL 28:233–263.	
references	John Lyon	reference	Mattina, Anthony. 1994. -tuɬt and more on Okanagan Transitive Forms: A Working Paper. Papers for ICSNL 29:204–231.	
references	John Lyon	reference	Mattina, Anthony. 2004. The Okanagan Transitive Sentence Protoype. In Donna B. Gerdts & Lisa Matthewson (eds.), Studies in Salish Linguistics in Honor of M. Dale Kinkade. Missoula, MT: UMOPL, 279–288.	
references	John Lyon	reference	Mattina, Nancy. 1994.	
references	John Lyon	reference	Roots, Bases and Stems in Colville-Okanagan. Papers for ICSNL 29:232– 42.	
references	John Lyon	reference	Mattina, Nancy. 1996. Aspect and category in Okanagan word formation. Ph.D. dissertation, Simon Fraser University, Vancouver, BC.	
references	John Lyon	reference	Parsons, Terence. 1990. Events in the Semantics of English. A Study in Subatomic Semantics. Cambridge, MA: MIT Press.	
references	John Lyon	reference	Perlmutter, David M. 1978. Impersonal Passives and the Unaccusativity Hypothesis. Proceedings of the Annual Meeting of the Berkeley Linguistics Society 38.	
references	John Lyon	reference	Piñón, C. 2001. A Finer Look at the Causative-Inchoative Alternation. Proceedings of SALT 11: 346–364.	
references	John Lyon	reference	Portner, Paul. 1998. The Progressive in Modal Semantics. Language 74:4:760–787.	
references	John Lyon	reference	Rappaport Hovav, Malka & Beth Levin. 1998. Building verb meanings. In Miriam Butt & Wilhelm Geuder (eds.), The projection of arguments: Lexical and compositional factors. Standford, CA: CSLI, 97–134.	
references	John Lyon	reference	Rothstein, Susan. 2004. Structuring Events. Oxford, UK: Blackwell Publishing.	
references	John Lyon	reference	Rullmann, Hotze & Lisa Matthewson. 2018. Towards a Theory of Modal-Temporal Interaction. Language 94:2.	
references	John Lyon	reference	Smith, Carlota. 1991. The Parameter of Aspect. Dordrecht, Netherlands: Kluwer.	
references	John Lyon	reference	van Eijk, Jan. 1990. VC Reduplication in Salish. Anthropological Linguistics 32(3/4):228–262. van Eijk, Jan. 1997. The Lillooet Language: Phonology, Morphology, Syntax. Vancouver, BC: UBC Press.	
references	John Lyon	reference	Watkins, Donald. 1970. A description of the phonemes and position classes in the morphology of Head of the Lake Okanagan (Salish). Ph.D. dissertation, University of Alberta, Edmonton, Alberta.	
references	John Lyon	reference	Yu, Jianrong, Josep Ausensi, & Ryan W. Smith. 2023. States and changes-of-state in the semantics of result roots: Evidence from resultative constructions. Natural Language & Linguistic Theory.	
references	John Lyon	reference	Zucchi, Sandro. 2021. Progressive: The Imperfective Paradox. In Daniel Gutzmann, Lisa Matthewson, Cecile Meier, Hotze Rullmann, & Thomas E. Zimmermann (eds.), The Wiley- Blackwell Companion to Semantics. Oxford, UK: John Wiley & Sons.	
