where	who	kind	form	gloss
front	Henry B. Zenk	title	Revisiting Joe Peter’s “Chinook” — Twenty Years Later	page 1, carries footnote *
front	Henry B. Zenk	name	Henry B. Zenk	author
front	Henry B. Zenk	note	Confederated Tribes of Grand Ronde, Oregon	page 1, the author's affiliation
front	Henry B. Zenk	note	Abstract: In attendance at ICSNL 37 (Bellingham, 2002), Tony Johnson and I presented “an exploratory investigation” of 30 twenty-minute audio recordings made in 1941 by John P. Harrington’s assistant John Paul Marr. These recordings consist of English prompts read by Marr; followed by extemporaneous translations into Chinuk Wawa (Chinook Jargon), made by a Cowlitz-identified resident of Yakama Reservation named Joe Peter. The audio quality of the tape dubbings Tony and I had to work from was uneven at best. Fortunately, there now exist high- resolution digital sound files of the original recordings, making them much more accessible. I append a complete transcript of one of these 30 sound files here. With this and other documentation in hand, I offer some historical and linguistic observations on Joe Peter’s “Chinook”. I also comment on Marr’s motivation for recording it at such impressive length.	page 1, the abstract
front	Henry B. Zenk	note	Keywords: Chinuk Wawa, Chinook Jargon, John P. Harrington, John Paul Marr, Joe Peter	page 1, the keywords
front	Henry B. Zenk	note	Papers for the International Conference on Salish and Neighboring Languages 56. D. K. E. Reisinger, Hannah Green, Laura Griffin, Marianne Huijsmans, Gloria Mellesmoen, and Bailey Trotter (eds.). Vancouver, BC: UBCWPL, 2021.	page 1, the volume's header
front	Henry B. Zenk	language	Chinuk Wawa	Chinook Jargon; the lower Columbia variety of Joe Peter and the Grand Ronde variety of CWDP
front	Henry B. Zenk	language	Kathlamet Chinook	Chinookan, as the National Anthropological Archives identified the recordings
front	Henry B. Zenk	language	Chinook proper	Lower Chinook, of Boas's Chinook Texts; the Baker's Bay ‘pure Chinook’
front	Henry B. Zenk	language	Cowlitz	Salishan; Kinkade's Cowlitz Dictionary
front	Henry B. Zenk	language	Taytnapam	Upper Cowlitz Sahaptin
front	Henry B. Zenk	language	Yakama	Sahaptin; Beavert & Hargus 2009
front	Henry B. Zenk	language	Nisqually	named in Harrington's note to set 7
footnote *	Henry B. Zenk	note	I am indebted to Ives Goddard and Daisy Njoku of the Smithsonian Institution for providing me with the high-resolution sound files that made this study possible. Thanks also to Rick McClure of the Taytnapam History Project for sharing biographical information about Joe Peter; and to Tom Larsen and David Robertson for their helpful comments on an earlier draft of this paper.	page 1, footnote *, on the title
footnote *	Henry B. Zenk	name	Joe Peter	1894–1959, the speaker of the recordings (JP), a Cowlitz-identified resident of Yakama Reservation
footnote *	Henry B. Zenk	name	Ives Goddard	of the Smithsonian Institution
footnote *	Henry B. Zenk	name	Daisy Njoku	of the National Anthropological Archives
footnote *	Henry B. Zenk	name	Rick McClure	of the Taytnapam History Project
footnote *	Henry B. Zenk	name	Tom Larsen	commented on an earlier draft
footnote *	Henry B. Zenk	name	David Robertson	commented on an earlier draft; Robertson 2018
§1	Henry B. Zenk	heading	1 The recordings (Marr 1941)	page 1
§1	Henry B. Zenk	note	Originally: fifteen two-sided aluminum discs, twenty minutes (give or take a minute or two) to a side — 30 X 20 = 10 hours of English prompts read by J. P. Harrington’s associate John Paul (“Jack”) Marr; followed by extemporaneous translations from Joe Peter into a language that Marr referred to as “pure Chinook”. Marr’s modus operandi is described in Zenk and Johnson (2003:323): “with the recording machine running, Marr read from translated portions of Boas (1894) [Chinook Texts], breaking the latter into single-sentence, multi-sentence, and phrasal prompts . . . .”	page 1
§1	Henry B. Zenk	note	On checking the website of the National Anthropological Archives one day, I noticed that these recordings are now available online as mp3 tracks; and furthermore, that the language was identified there as “Kathlamet Chinook”, that is, as Chinookan. But Tony Johnson and myself, working from previously available tape dubbings, had earlier positively identified the language as Chinuk Wawa (autonym of the language known historically as Chinook or Chinook Jargon — “Jargon” in local English, including Joe Peter’s in Harrington 1942) (Zenk & Johnson 2003). Notwithstanding the Chinookan origins of much of its lexicon, Chinuk Wawa lacks the productive agglutinative morphology of Chinookan and is in no way to be confused with it (allowing for certain qualifications as discussed below: Section 3).	page 1
§1	Henry B. Zenk	name	Tony Johnson	Tony A. Johnson, the author's co-presenter at ICSNL 37 and co-author of Zenk & Johnson 2003, 2005
§1	Henry B. Zenk	note	On seeing this misidentification, I was moved to send an email to Ives Goddard of the Smithsonian Institution, pointing out the error and calling attention to our long-standing interest in these recordings. Ives put me in touch with Daisy Njoku at the National Anthropological Archives, who generously provided us with high-resolution (.wav) files of the recordings. The audio quality of these proves to be far superior to the tape dubbings that Tony and I struggled with 20 years ago. To date, I have transcribed two of the 30 sound files (leaving only nine hours and twenty minutes to go!), including the one that Tony and I sampled twenty years ago: NAA sound file sinaa_00000694_side_1, which consists of 169 prompt-plus-translation pairs (see appendix). Tony and I limited our 2002 ICSNL presentation to the first 25 of the latter sets, mainly due to the intensive (and time-consuming) effort it took for us to identify Chinuk Wawa word-forms through repeated plays of the tape dubbing. The remainder of our original transcript is riddled with numerous, often gaping lacunae, which I am pleased to say are largely (albeit not entirely) absent from the new transcript. With respect to those first 25 sets: the two transcripts show matching word-forms for roughly 95% of tokens. Among the 5% that don’t match, most are accounted for by word-forms missing from the earlier transcript. But there are also some conflicting identifications, which may serve as a cautionary: while I am by and large confident in my grasp of Joe Peter’s Chinuk Wawa (as I point out in Section 4 below, it shows much in common with the language as I know it from other lower Columbia region sources), “confirmation bias” (conditioned by my very familiarity with those other sources) cannot be ruled out, and I must recognize that my transcripts very likely contain some (hopefully not very many) misidentified word-forms.	page 1
§2	Henry B. Zenk	heading	2 Joe Peter — the man and his languages	page 2
§2	Henry B. Zenk	note	Joe Peter (1894–1959) was born at Olequa, Washington, into a family that had both Cowlitz proper (Salishan speaking) and Upper Cowlitz (Taytnapam Sahaptin speaking) connections; he grew up in the Cowlitz River region of western Washington. In about 1919, in common with other Cowlitz identified individuals of his generation, he took up residence at Yakama Reservation (Rick McClure, personal communication, 2021). Harrington’s (1942:mf1_r18_0009– 0068) 60-odd pages of fieldnotes from Peter include both Salishan and Sahaptin terms, primarily for local flora and fauna. Kinkade incorporated the Salishan terms (“about 35” according to his count; I count more like 25) in his Cowlitz Dictionary, while observing that “significant discrepancies from other Cowlitz data . . . suggest that [Peter] had not used Cowlitz for some time, and was quite rusty” (Kinkade 2004:xiv). By contrast, Harrington’s fieldnotes include at least 62 terms from Peter identified as Sahaptin: 34 as both Upper Cowlitz (Taytnapam) and Yakama, the remainder marked as one or the other (“the Upper Cowlitz is pretty nearly the same as the Yak[ama]” — Joe Peter in Harrington 1942:mf1_r18_0043). There is also a smattering of terms marked “jargon” (Chinuk Wawa); not to mention the fact that Peter obviously volunteered most of his information to Harrington in English.	page 2
§2	Henry B. Zenk	note	To the foregoing emerging picture of Joe Peter’s multilingual repertoire may be added impressions gathered from auditing Marr’s recordings. Marr reads from a literary source — the free-translations accompanying Boas’s (1894) Chinook proper (Lower Chinook) texts. Zenk and Johnson’s (2003:324) following observation regarding Peter’s Chinuk Wawa translations is just as indicative of Peter’s comprehension of literary English, as it is of his fluency in Chinuk Wawa: “Peter almost always responds to Marr’s prompts without perceptible hesitation, and the Chinuk Wawa that follows is likewise both rapid and fluid”. Only here and there does Peter fail to hear or comprehend a prompt or part of a prompt. In such cases, noncomprehension is usually clearly evident from his response — which is: no response! As in this rather amusing exchange, triggered when Marr, reading from page 171 of Chinook Texts, encounters the name of a game: “wacakoai−i” as spelled by Boas — [wɑʃɑkwɑi.i] or perhaps [wɑʃɑku(w)ɑi.i], more-or-less (going by Boas’s phonetic alphabet of that period). Marr proceeds to read the name as if it were meant as standard English (see preface to appendix for an explanation of the alphabet used to spell Joe Peter’s Chinuk Wawa):	page 2
(1) line 1	Henry B. Zenk	note	they played “wah kah KOO lee”	page 3, marked JPM:, Marr's prompt
(1) line 2	Chinuk Wawa	transcription	[no response]	page 3, marked JP:, Joe Peter
(1) line 3	Henry B. Zenk	note	“[wa kʰa / kʰúuli]” / it’s a game	page 3, marked JPM:, Marr's prompt
(1) line 4	Chinuk Wawa	transcription	ɬaska mamuk-ˈhihi ukuk “ˈwagakʰúuli.”	page 3, marked JP:, Joe Peter
(1) line 5	Henry B. Zenk	gloss	3PL play.it that wagakuli	page 3
(1) line 6	Henry B. Zenk	citation	(appendix set 36)	page 3, the appendix set it comes from
§2	Henry B. Zenk	note	Here and elsewhere, Marr reveals his naïveté — his lack equally of academic training/background and local knowledge. He was, as is well known, Harrington’s kid assistant, who seems to have experienced the long (often solitary, as here) trips that Harrington sent him on in search of last speakers of Indigenous languages as a youthful adventure. Albeit the many hours of tedious work that went into the aluminum discs he cut (not always successfully, be it noted) from speakers of many languages also reveals that he possessed exceptional stamina and grit.	page 3
§3	Henry B. Zenk	heading	3 So why ten whole hours of Chinuk Wawa?	page 3
§3	Henry B. Zenk	note	In my email to Ives Goddard, I proposed that Marr’s ten hours of audio with Joe Peter could have been motivated by an elaborate plan hatched by Harrington:	page 3
§3 quote 1	Henry B. Zenk	note	I’m assuming that Harrington put Marr up to this. I wonder whether his idea was to run a linguistic experiment inspired by Boas’s following statement in the introduction to Chinook Texts: “we [i. e. Boas and the speaker, Charles Cultee] conversed only by means of the Chinook jargon.” So perhaps Harrington wanted to hear a back-translation (English to Jargon, the English originating from Boas’s translations of Cultee’s Jargon translations of the original Chinookan). Now, that’s just my speculation. I don’t think Harrington would have conflated “Chinook” (Jargon) with “Chinook” (Chinookan), though that confusion was frequent in Pacific NW history.	page 3, a quotation set off from the text
§3 quote 1	Henry B. Zenk	name	Charles Cultee	Boas's speaker of Chinook proper (Lower Chinook)
§3	Henry B. Zenk	note	Since then, I have explored available correspondence between Harrington and Marr relating to Marr’s 1941 Pacific Northwest fieldtrip (Harrington 1941), and must report that I find no evidence of anything so calculated and deliberate. While Harrington directs Marr towards particular informants and indicates areas of interest to follow up with them, he also encourages Marr to exercise initiative. Nor does he come across as a micro-manager — much more like a coach delivering pep talks to the team (Harrington to Marr 3/22/41: “happy to think at last you are making hay while the sun shines — oh boy isn’t this splendid”); albeit the team must also be ever mindful of its expenses (Harrington to Marr 4/8/41, concerning Fred Yelkes, a Molala- speaking resident of Portland that Marr recorded: “do try to park the car in Fred’s back yard and sleep in it, it will save lots of money”) (Harrington 1941:mf9_r14_0145, 0169).	page 3
§3	Henry B. Zenk	name	Fred Yelkes	a Molala-speaking resident of Portland Marr recorded
§3	Henry B. Zenk	note	Marr’s letters to Harrington (1941:mf9_r7_ 0637–0645) establish that he recorded Joe Peter during the first week of June 1941. The correspondence between Harrington and Marr for the period between March and July 1941 reveals that one of Harrington’s goals for Marr was to locate speakers of “pure Chinook”, by which Harrington meant the Lower Chinook language transcribed by Boas from Charles Cultee some 50 years earlier. A man named John Clipp, then still alive, was reputed to know that language. Harrington to Marr 4/29/41:	page 3
§3	Henry B. Zenk	name	John Clipp	reputed to know pure Chinook
§3 quote 2	Henry B. Zenk	note	Have you received the boas [sic] book giving stories in the Chinook (Baker’s Bay) language . . .? It is vital for you to get this for getting the stories translated from English by John Clip [sic]. . . . Watch out that John Clip does not give you the WRONG LANGUAGE, OR SWITCH CONSTANTLY TO THE WRONG LANGUAGE. I went to the Lib[rary] of Cong[ress] yest[erday] and got a special list of Baker’s Bay CHINOOK words, and mailed them to you by air mail so that you can constantly check on him with those words. Checking by words is the only safe way. Reference by language means little. For instance there may be ten languages all popularly called CHINOOK.	page 4, a quotation set off from the text
§3 quote 2	Henry B. Zenk	citation	(Harrington 1941:mf9_r14_0193)	page 4
§3	Henry B. Zenk	note	Marr first visited John Clipp in May of 1941, but found him unwilling to give information. In very short order, however, he was on the track of another individual he had been led to believe knew the “pure Chinook” language — Joe Peter, named in the following letter dated 6/2/41:	page 4
§3 quote 3	Henry B. Zenk	note	Have finally traced Joe Peter up the river to where his camp was. He has left only one day before I arrived to some unknown place to pick cherries. . . . Will keep on until I find him though. Pure Chinook will be well worth the search.	page 4, a quotation set off from the text
§3 quote 3	Henry B. Zenk	citation	(Harrington 1941:mf9_r7_0637–0638)	page 4
§3	Henry B. Zenk	note	Then, in a letter dated the very next day (6/3/41):	page 4
§3 quote 4	Henry B. Zenk	note	God has graced us at last! I have been working Joe Peter, getting pure Chinook from him. It has been twenty or thirty years since he last spoke it, but he remembers excellent [sic]. Joe was picking cherries at about 7 dollars a day. . . . I told Joe I would pay him seven dollars a day, he wouldn’t have to labor hard as picking cherries and we would work in a room up town. His boss wouldn’t even know about it and he could come back to work in a few days. It worked and we are now recording good chinook [sic]. Most of his words correspond with the words in Charley Cultee’s book – a few differ. But it is Pure Chinook. I am thrilled pink at the very thought of this chinook coming to me just when my hopes had almost vanished. If we can get enough of this pure chinook and some of this Pe El lingo from Kate Charley well, then I will know that my life was not in vain. I will feel that I have accomplished something But! only after I have all of this ancient lingo on records will I feel this way! . . . Am having the Cultee-Boas book dictated sentence by sentence. That is, what he can get of it.	page 4, a quotation set off from the text
§3 quote 4	Henry B. Zenk	citation	(Harrington 1941:mf9_r7_0638–0639)	page 4
§3 quote 4	Henry B. Zenk	name	Kate Charley	named in Marr's letter of 6/3/41
§3	Henry B. Zenk	note	Marr did not receive the following letter and additional resource (Boas’s Kathlamet Texts) from Harrington before finding Joe Peter and recording him. The letter is dated 6/5/41, while Marr writes on 6/4/41 (apparently from somewhere near The Dalles, Oregon) that “I have just now received your letter dated May 28 the first letter since I left Taholah [Washington]” (Harrington 1941:mf9_r7_0641). It seems a puzzle why Harrington would think that Boas’s Kathlamet volume would be any more suitable than the Chinook volume for review with Joe Peter. Did he suspect that Peter would very likely not have known the “Baker’s Bay pure Chinook”, but may have had familiarity with another Chinookan dialect? Also, was Harrington not aware that Marr lacked the requisite training to fully penetrate Boas’s Chinookan transcriptions — key for assessing the “purity” of Peter’s “Chinook”?	page 4
§3 quote 5	Henry B. Zenk	note	After Boas got the wonderful stories from Charley Cultee in the Baker’s Bay pure Chinook, misspelling I am sure all the words, Charley Cultee gave him some more stories in the Cathlamet dialect, and Boas made the Cathlamet stories book . . . . I don’t know for sure if you have this book with you or not, but it is in the extinct (???) Cathlamet lingo and will be fine to go through with Joe Peter. For fear that you don’t have this Kathlamet book, I’m SENDING it to you addressing it to you at Olympia this same mail as this airmail letter.	page 4, a quotation set off from the text
§3 quote 5	Henry B. Zenk	citation	(Harrington 1941:mf9_r14_0229)	page 4
§3	Henry B. Zenk	note	In a letter bearing the very same date as Harrington’s foregoing communication (6/5/41), Marr writes of having “finished getting what Joe Peter knew of Pure Chinook”. As naive as he clearly was, Marr was beginning to get an inkling of the true nature of what he was hearing from Joe Peter:	page 5
§3 quote 6	Henry B. Zenk	note	I caught him [Joe Peter] many times substituting Jargon words instead of pure chinook when he couldn’t think of the Pure Chinook word. He had to think a long time in between times as it has been [unintel] (thirty) years since he last spoke any of this Pure chinook at all.	page 5, a quotation set off from the text
§3 quote 6	Henry B. Zenk	citation	(Harrington 1941:mf9_r7_0642)	page 5
§3	Henry B. Zenk	note	Harrington apparently had his own doubts. In a later letter to Marr (dated 7/4/41) he wrote:	page 5
§3 quote 7	Henry B. Zenk	note	Do you in your conviction believe that Joe Peters [sic] know [sic] much of the pure Chinook lingo, the man who was picking cherries near the Dalles? Please give in detail your impression after having worked with him as regards his knowledge of the pure Chinook language.	page 5, a quotation set off from the text
§3 quote 7	Henry B. Zenk	citation	(Harrington 1941:mf9_r14_0253)	page 5
§3	Henry B. Zenk	note	When he visited Joe Peter at Yakama Reservation the next year, Harrington made no note of any attempts to elicit Chinookan from him. His transcriptions from those visits are confined to Cowlitz (Salishan) and Taytnapam-Yakama Sahaptin terms along with, yes, a smattering of “jargon” — clearly labeled as such.	page 5
§3	Henry B. Zenk	note	So how could Marr have imagined that he was getting pure Chinookan from Joe Peter, when what he was really getting was pure Chinuk Wawa? We must remember that nearly half of the lexicon of lower Columbia Chinuk Wawa is of Chinookan origin, with a substantial contribution also from local Salishan languages. As spoken by Indigenous people of Peter’s and older generations, Chinuk Wawa words of Chinookan and local Salishan origin were pronounced more or less as they would be in the contributing languages. So yes, Marr would have heard a good deal of Chinookan from Joe Peter. And yes, he would have been able to make out a fair amount of it in Boas’s Chinook Texts. Only, the Chinookan part of the Chinuk Wawa lexicon contains but very few words derived from Chinookan inflected verbs, while those few which are so derived are morphologically frozen forms (for example: miɬayt ‘sit, be there, remain’ and iskam ‘take, get’, both represented by tokens in the appended sample, are derived from Chinookan verbs inflected for imperative mood, but function as simplex forms in Chinuk Wawa) (see Zenk & Johnson 2005). Inflected verbs constitute the very beating heart of Chinookan grammar, and it is their absence/nonfunctionality in Chinuk Wawa that induces the sharp, bright line setting Chinuk Wawa off from Chinookan, the latter including but not restricted to its “pure” Baker’s Bay variety. Marr was far from being the first sojourner along the lower Columbia to fall prey to confusing the two “Chinooks” — a confusion, indeed, seen not infrequently down to the present day.	page 5
§3	Chinuk Wawa	cited form	miɬayt	page 5, in italics; ‘sit, be there, remain’
§3	Chinuk Wawa	cited form	iskam	page 5, in italics; ‘take, get’
§4	Henry B. Zenk	heading	4 Joe Peter’s Chinuk Wawa — some preliminary observations	page 5
§4	Henry B. Zenk	note	A great deal could be said about linguistic aspects of Joe Peter’s Chinuk Wawa based on the appended sample. Since that sample is dwarfed by the sheer volume of data yet to be processed, a comprehensive description is best left to the future. I confine myself here to pointing out some similarities and differences between Joe Peter’s Chinuk Wawa (as illustrated in the sample) and the Chinuk Wawa of the Grand Ronde Community of Oregon (as sampled in Chinuk Wawa Dictionary Project 2012: hereafter, CWDP), the variety of the language with which I am most familiar. See Zenk Johnson (2003:325–326) for some additional such observations.	page 5
§4.1	Henry B. Zenk	heading	4.1 Lexicon and phonology	page 6
§4.1	Henry B. Zenk	note	By the evidence of the sample, most of Joe Peter’s Chinuk Wawa word-forms closely match corresponding word-forms compiled in CWDP. While my prior familiarity with the CWDP variety of the language may have induced a degree of confirmation bias here, I am confident that these matches are very close in most instances. There are also many matching compounds and idiomatic usages, as indicated in the sample by CWDP comparisons accompanying their first occurrences. Intrusions from English are fairly common and are usually easy to identify. There remain a number of unidentified forms (tricky to transcribe due to the marginal audio quality of the recording), at least some of which may be due to intrusions from Peter’s other languages. I have proposed possible sources for such forms in sets 58 (Cowlitz Salishan) and 65 (Yakama Sahaptin, with reference to Beavert & Hargus 2009), although it will be observed that both of these matches are rather tenuous.1 On the other hand, I do not have much of a handle on either of those languages, and it is possible that Peter’s Chinuk Wawa shows more influence from one or the other (or both) of them than I have recognized.	page 6
footnote 1	Henry B. Zenk	note	David Robertson considers the Salish intrusion suggested for 58 a stretch. Also note: while Peter’s term for ‘cougar’, swawa, is identical to the Cowlitz term for the same animal, that usage is known from other Chinuk Wawa varieties, although it does not appear in CWDP.	page 6, footnote
footnote 1	Chinuk Wawa	cited form	swawa	page 6, in italics; Joe Peter's term for ‘cougar’, as in Cowlitz
§4.1	Henry B. Zenk	note	While the audio resolution of the digital sound files is not high enough to support a narrow phonetic transcription, it is sufficient to reveal that Peter spoke Chinuk Wawa with a full array of Indigenous phonetic features, as further confirmed by Harrington’s (1942) transcriptions of about a dozen “jargon” terms from him. Refer to explanation of the CWDP alphabet prefacing the sample.	page 6
§4.2	Henry B. Zenk	heading	4.2 yaka ‘3SG’ used with reference to indefinite, abstract, or collective subjects, as well as for 3SG volitional subjects	page 6
§4.2	Henry B. Zenk	note	In the CWDP variety of the language, the usual forms of the 3SG pronoun are yaka and ya: used with reference to 3SG subjects capable of volition either inherently (e.g., people and animals) or by attribution (e.g., active forces like wind or fire, or through idiosyncratic projections of “personhood” onto inanimate things). The most glaring disjunct between Peter’s variety of the language and the CWDP variety comes with respect to Peter’s usage of yaka not only for 3SG volitional subjects (many examples in the sample), but also for indefinite or abstract subjects; and even as a kind of collective subject devoid of singular:plural contrast (reminiscent of the Chinookan neuter collective element ɬ-, which forms part of the Chinuk Wawa pronouns ɬaska ‘3PL’ and ɬaksta ‘who?; someone’). While example (2) is entirely congruent with CWDP usage, example (3) definitely is not: yaka here appears to be working like English it in it became dark. First lines of each set are Marr’s prompts.	page 6
§4.2	Chinuk Wawa	cited form	yaka	page 6, in italics; ‘3SG’, the usual 3SG pronoun
§4.2	Chinuk Wawa	cited form	ya	page 6, in italics; a short form of the 3SG pronoun
§4.2	Chinuk Wawa	cited form	ɬ-	page 6, in italics; the Chinookan neuter collective element
§4.2	Chinuk Wawa	cited form	ɬaska	page 6, in italics; ‘3PL’
§4.2	Chinuk Wawa	cited form	ɬaksta	page 6, in italics; ‘who?; someone’
(2) line 1	Henry B. Zenk	note	in the evening he came home	page 6, Marr's English prompt
(2) line 2	Chinuk Wawa	segmentation	chaku-ˈpulakʰli yaka chaku-ˈhaws	page 6, each word over its gloss
(2) line 3	Henry B. Zenk	gloss	become-night 3SG comes.in	page 6
(2) line 4	Henry B. Zenk	translation	‘(As) it grew dark, he came home.’	page 6
(2) line 5	Henry B. Zenk	note	(cf. CWDP chaku-haws ‘come in, come home’).	page 6, a note to the example
(2) line 6	Henry B. Zenk	citation	(set 52)	page 6, the appendix set it comes from
(3) line 1	Henry B. Zenk	note	when it grew dark he awoke	page 7, Marr's English prompt
(3) line 2	Chinuk Wawa	segmentation	yaka chaku-ˈpulakʰli alta yaka chaku-ˈmiɬayt	page 7, each word over its gloss
(3) line 3	Henry B. Zenk	gloss	3SG become-night then 3SG become-be.there	page 7
(3) line 4	Henry B. Zenk	translation	‘It grew dark then he became present.’	page 7
(3) line 5	Henry B. Zenk	citation	(set 149).	page 7, the appendix set it comes from
§4.2	Henry B. Zenk	note	Example (4) illustrates yaka used with apparent collective reference.	page 7
(4) line 1	Henry B. Zenk	note	and the following morning the elkskins arose / and became elk	page 7, Marr's English prompt
(4) line 2	Chinuk Wawa	segmentation	alta come next ˈsan kʰanawi ukuk yaka ˈmitxwit alta	page 7, each word over its gloss
(4) line 3	Henry B. Zenk	gloss	then come next day all those 3SG stand now	page 7
(4) line 4	Chinuk Wawa	segmentation	uk ˈmulak yaka skin / yaka chaku-ˈmulak alta kʰanawi	page 7, each word over its gloss
(4) line 5	Henry B. Zenk	gloss	that elk 3SG.POS skin 3SG become-elk now all	page 7
(4) line 6	Henry B. Zenk	translation	‘Then come next day, there stood up all the skins of those elks / all became elks now.’	page 7
(4) line 7	Henry B. Zenk	citation	(sets 156 –157).	page 7, the appendix set it comes from
§4.3	Henry B. Zenk	heading	4.3 3SG emphasis form yax̣ka available for focusing special attention on a third person (singular or plural) subject, object, or possessor	page 7
§4.3	Henry B. Zenk	note	The use of this special emphasis form is also characteristic of some Grand Ronde community speakers. In the following CWDP example, it is used with reflexive intent:	page 7
(5) line 1	Henry B. Zenk	citation	(from CWDP 257:)	page 7, the example's source
(5) line 2	Chinuk Wawa	segmentation	ˈyax̣ka ya nanich kʰupa looking-glass / ˈyax̣ka	page 7, each word over its gloss
(5) line 3	Henry B. Zenk	gloss	3SG.EMPH 3SG see PREP looking-glass 3SG.EMPH	page 7
(5) line 4	Henry B. Zenk	translation	‘It was HER (herself) she saw in the mirror — HER (herself)!’	page 7
§4.3	Henry B. Zenk	note	Examples (6) and (7) from the sample show Joe Peter using yax̣ka evidently with like intent:	page 7
§4.3	Chinuk Wawa	cited form	yax̣ka	page 7, in italics; the 3SG emphasis form
(6) line 1	Henry B. Zenk	note	and he was burned	page 7, Marr's English prompt
(6) line 2	Chinuk Wawa	segmentation	alta yaka chaku-ˈpaya yax̣ka	page 7, each word over its gloss
(6) line 3	Henry B. Zenk	gloss	now 3SG get.burned 3SG.EMPH	page 7
(6) line 4	Henry B. Zenk	translation	‘Now he got burned up — HE (himself).’	page 7
(6) line 5	Henry B. Zenk	citation	(set 19)	page 7, the appendix set it comes from
(7) line 1	Henry B. Zenk	note	he hid himself inside	page 7, Marr's English prompt
(7) line 2	Chinuk Wawa	segmentation	yaka mamuk-ˈipsut yax̣ka yawá ˈɬax̣ani	page 7, each word over its gloss
(7) line 3	Henry B. Zenk	gloss	3SG hides.it 3SG.EMPH there outside	page 7
(7) line 4	Henry B. Zenk	translation	‘He hides HIM (himself) there outside [sic].’	page 7
(7) line 5	Henry B. Zenk	citation	(set 125)	page 7, the appendix set it comes from
§4.3	Henry B. Zenk	note	In example (8) yax̣ka is used to cross-reference two different referents of the same noun (kənim ‘canoe(s)’) within the same clause. Makes for awkward close translation!	page 7
§4.3	Chinuk Wawa	cited form	kənim	page 7, in italics; ‘canoe(s)’
(8) line 1	Henry B. Zenk	note	these are not the same canoes he said	page 7, Marr's English prompt
(8) line 2	Chinuk Wawa	segmentation	yaka ˈwawa kʰanawi ukuk ˈkəním wik ˈyax̣ka ukuk ˈkəním /	page 7, each word over its gloss
(8) line 3	Henry B. Zenk	gloss	3SG say all those canoes not 3SG.EMPH those canoes	page 7
(8) line 4	Chinuk Wawa	segmentation	x̣luym[a] ɬaska	page 7, each word over its gloss
(8) line 5	Henry B. Zenk	gloss	different 3PL	page 7
(8) line 6	Henry B. Zenk	translation	‘He said all of those canoes are not the PARTICULAR those canoes / they are different.’	page 7
(8) line 7	Henry B. Zenk	citation	(set 25)	page 8, the appendix set it comes from
§4.3	Henry B. Zenk	note	In example (9) yax̣ka is used as an attention-focuser, as also in CWDP:	page 8
(9) line 1	Henry B. Zenk	note	there was the panther	page 8, Marr's English prompt
(9) line 2	Chinuk Wawa	segmentation	ˈyax̣ka ukuk ˈkʰupá uk / ukuk ˈswawaʔ	page 8, each word over its gloss
(9) line 3	Henry B. Zenk	gloss	3SG.EMPH that.one over.there [sttr] that cougar	page 8
(9) line 4	Henry B. Zenk	translation	‘The one over there was the cougar.’	page 8
(9) line 5	Henry B. Zenk	citation	(set 43)	page 8, the appendix set it comes from
§4.4	Henry B. Zenk	heading	4.4 Short and long forms of frequently used function words	page 8
§4.4	Henry B. Zenk	note	In Zenk and Johnson (2003:325) we speculated that Peter used the CWDP short form munk- for the causative auxiliary verb, along with the usual regional form mamuk- (the latter is illustrated by examples 1 and 7 above). Indeed, my initial transcripts of the sample showed a number of instances of munk-. But on re-auditing the latter, I found myself unsure whether I had really heard an independent munk-, or just an unstressed mamuk- dissolving into the ambient background noise —and/or a slur-form: [mɑ.ũk], more or less. My suspicion now is that Peter uses mamuk- consistently, and that marginal audibility cannot be ruled out in the case of apparent exceptions. Peter does clearly use both the short form uk and the full form ukuk for the demonstrative pronoun (‘that; that one’), also a regional usage. Short and long forms of personal pronouns are well exemplified in CWDP, but are unusual regionally. Here and there Peter shows ya not yaka for the 3SG, although stutters or false starts may account for some if not all of these instances.	page 8
§4.4	Chinuk Wawa	cited form	munk-	page 8, in italics; the CWDP short form of the causative auxiliary
§4.4	Chinuk Wawa	cited form	mamuk-	page 8, in italics; the usual regional form of the causative auxiliary
§4.4	Chinuk Wawa	cited form	uk	page 8, in italics; the short form of the demonstrative
§4.4	Chinuk Wawa	cited form	ukuk	page 8, in italics; the full form of the demonstrative ‘that; that one’
§4.5	Henry B. Zenk	heading	4.5 Regionally unusual features shared with CWDP	page 8
§4.5	Henry B. Zenk	note	Duplicated word-forms, characteristic of CWDP but almost unknown in regional Chinuk Wawa, are found in sets 26, 59, 140–141, 146, and (probably) 34, 164. Sets 31, 32, 38, 55, 62, and 78 show Peter attaching hayu- (derived from the adverb and adjective hayú ‘much, many; often’) to verbs as a marker of durative aspect, a usage likewise almost unknown outside of CWDP, and taken by Robertson (2018) as a linguistic indicator (along with duplicated word forms and other features) of the language’s creolization in its lower Columbia cradle. Examples (10–12) below show duplicated word-forms; examples (13–14) durative hayu- (glossed ‘ongoing’ here). Note that examples (10), (11), and (13) provide further illustrations of yaka ‘3SG’ used with impersonal or collective reference.	page 8
§4.5	Chinuk Wawa	cited form	hayu-	page 8, in italics; a marker of durative aspect
§4.5	Chinuk Wawa	cited form	hayú	page 8, in italics; ‘much, many; often’
(10) line 1	Henry B. Zenk	note	the others had holes and were [not strong]	page 8, Marr's English prompt
(10) line 2	Chinuk Wawa	segmentation	ukuk wəx̣t ya / ukuk ˈx̣luyma yaka ˈmiɬayt ɬxwáp-ɬxwàp ˈkʰanawi	page 8, each word over its gloss
(10) line 3	Henry B. Zenk	gloss	[false start] those different 3SG have hole-hole all	page 8
(10) line 4	Henry B. Zenk	translation	‘Those different ones all have a lot of holes.’	page 8
(10) line 5	Henry B. Zenk	note	(CWDP ɬxwap ‘hole’)	page 8, a note to the example
(10) line 6	Henry B. Zenk	citation	(set 26)	page 8, the appendix set it comes from
(11) line 1	Henry B. Zenk	note	and counters lay there	page 8, Marr's English prompt
(11) line 2	Chinuk Wawa	segmentation	ukuk ˈcʼhəm hayu-hayu yaka ˈmiɬayt	page 8, each word over its gloss
(11) line 3	Henry B. Zenk	gloss	those.ones mark many-many 3SG be.there	page 8
(11) line 4	Henry B. Zenk	translation	‘Those (for) marking lots and lots were there.’	page 8
(11) line 5	Henry B. Zenk	note	(CWDP hayu ‘many, much; lots of’)	page 8, a note to the example
(11) line 6	Henry B. Zenk	citation	(set 59)	page 8, the appendix set it comes from
(12) line 1	Henry B. Zenk	note	she turned over all the elkskins	page 9, Marr's English prompt
(12) line 2	Chinuk Wawa	segmentation	yaka mamuk-ˈkʼilapay-kʼilapay ˈkʰanawi	page 9, each word over its gloss
(12) line 3	Henry B. Zenk	gloss	3SG turn.over-over all	page 9
(12) line 4	Henry B. Zenk	translation	‘She turned all of them over and over.’	page 9
(12) line 5	Henry B. Zenk	note	(CWDP munk-kʼilapay ‘return it; reverse it’)	page 9, a note to the example
(12) line 6	Henry B. Zenk	citation	(set 141)	page 9, the appendix set it comes from
(13) line 1	Henry B. Zenk	note	they played dice with beaver teeth	page 9, Marr's English prompt
(13) line 2	Chinuk Wawa	segmentation	ɬaska hayu-ˈhihi yaka ukuk anqati ʔina yaka ˈlitá	page 9, each word over its gloss
(13) line 3	Henry B. Zenk	gloss	3PL ongoing-play 3SG those.ones long.ago beaver 3SG.POS teeth	page 9
(13) line 4	Henry B. Zenk	translation	‘They were playing the ones that long ago (i.e., originally?) were beaver teeth.’	page 9
(13) line 5	Henry B. Zenk	citation	(set 32)	page 9, the appendix set it comes from
(14) line 1	Henry B. Zenk	note	he reached his house he heard batons	page 9, Marr's English prompt
(14) line 2	Chinuk Wawa	segmentation	yaka ˈɬatwa kʰupa yaka ˈhaws yaka hayu- / hayu-ˈkəmtəks [unintel]	page 9, each word over its gloss
(14) line 3	Henry B. Zenk	gloss	3SG go PREP 3SG.POS house 3SG [sttr] ongoing-perceive [???]	page 9
(14) line 4	Henry B. Zenk	translation	‘He went to his house, he was hearing???’	page 9
(14) line 5	Henry B. Zenk	note	(cf. CWDP hayu-kəmtəks ‘hear [lit., ongoing-perceive]’)	page 9, a note to the example
(14) line 6	Henry B. Zenk	citation	(set 62)	page 9, the appendix set it comes from
§5	Henry B. Zenk	heading	5 Concluding remarks	page 9
§5	Henry B. Zenk	note	Marr’s claim that Joe Peter had not used “Chinook” much in the preceding 20 or 30 years is quite significant, albeit it could to some extent have been motivated by puzzlement over why Peter’s Chinook seemed less “pure” than expected (maybe the man hadn’t used the language in a long time?). Harrington’s 1942 notations show a preponderance of Sahaptin terms from Peter; and furthermore, suggest that his wife, Agnes Peter, was a Sahaptin speaker. Taking into consideration also Kinkade’s assessment of Joe Peter’s Cowlitz Salishan as “quite rusty”, we are left to wonder whether he spoke principally Sahaptin and English during his years of residency at Yakama Reservation. Taking Marr’s claim at face value, it would follow that Peter’s main experience of Chinuk Wawa dated to his earlier life in the Cowlitz homeland, before he relocated to Yakama Reservation. If that is true, that early-life experience must have been intensive and prolonged, otherwise we would be hard put to account for the impressive fluency and fluidity of the Chinuk Wawa heard on these recordings. This is a language that Joe Peter obviously felt very much at home in.	page 9
§5	Henry B. Zenk	name	Agnes Peter	Joe Peter's wife, perhaps a Sahaptin speaker
§5	Henry B. Zenk	note	Nor would a high degree of fluency in Chinuk Wawa have been unusual in Cowlitz country around the turn of the last century, considering what we know of that region’s early post-contact history. One of the cradles of lower Columbia creolized Chinuk Wawa lay just to the south, at Fort Vancouver, where a community composed in large part of French-speaking fur company employees and their local Indian wives had formed during the 1820s–30s. In the course of time, some of these mixed or metis families relocated to French Prairie in the northern Willamette Valley, from whence a number later found their way to Grand Ronde Reservation (founded 1856). Other Fort Vancouver metis families went in the other direction, relocating to the Cowlitz Prairie region. While there are historical references to Chinuk Wawa in use in and around Cowltiz Prairie, to date there has been little if any linguistic description of it. Marr’s trove of Chinuk Wawa data from Joe Peter is potentially of considerable interest in this regard.	page 9
§5	Henry B. Zenk	note	Of course, we would like to know more about Joe Peter’s experience of the language, who he used it with and under what circumstances — detail that is often difficult or impossible to come by so long after the fact. One possible direction for future research is presented by Peter’s family background (Harrington 1942; Robert Boyd personal communication 2019; Rick McClure personal communication 2021). His father was Captain Peter Wyanneshut, who had acquired the inherited name Wyanneshut (Harrington: <wαyάˑnαʃαt>; IPA transliteration: [wʌjʌ́:nʌʃʌt]) from his own father following the latter’s death. It is possible that the older Wyanneshut (Joe Peter’s paternal grandfather) was the same man known to early Willamette Valley settlers as “Wyanoshut” (variously spelled) or Tenas McKay, who first enters recorded history at Fort Vancouver in 1835 and was known subsequently as the leader of a southwest Washington “Klickitat” band that had crossed the Columbia River to settle in the Willamette Valley. If true, this identification points to a family background with multi-generational experience of the kinds of contact situations historically strongly associated with the use of Chinuk Wawa.	page 9
§5	Henry B. Zenk	name	Peter Wyanneshut	Captain Peter Wyanneshut, Joe Peter's father
§5	Henry B. Zenk	name	Robert Boyd	personal communication 2019
§5	Henry B. Zenk	name	Tenas McKay	perhaps the older Wyanneshut, Joe Peter's paternal grandfather
references	Henry B. Zenk	heading	References	page 10
references	Henry B. Zenk	reference	Beavert, Virginia & Sharon Hargus. 2009. Ichishkíin Sínwit: Yakama/Yakima Sahaptin Dictionary. Toppenish and Seattle: Heritage University in association with the University of Washington Press.	page 10
references	Henry B. Zenk	reference	Boas, Franz. 1894. Chinook texts. Bureau of American Ethnology Bulletin 20. Washington.	page 10
references	Henry B. Zenk	reference	Chinuk Wawa Dictionary Project. 2012. Chinuk Wawa kakwa nsayka ulman-tilixam ɬaska munk- kəmtəks nsayka / Chinuk Wawa as Our Elders Teach Us to Speak It. Confederated Tribes of Grand Ronde, Oregon.	page 10
references	Henry B. Zenk	reference	Harrington, John P. 1941. The papers of John Peabody Harrington in the Smithsonian Institution, 1907–1957, volume 9: Correspondence, reels 7, 14. National Anthropological Archives microfilm.	page 10
references	Henry B. Zenk	reference	Harrington, John P. 1942. The papers of John Peabody Harrington in the Smithsonian Institution, 1907–1957, volume 1: Alaska/Northwest Coast, reel 18. National Anthropological Archives microfilm.	page 10
references	Henry B. Zenk	reference	Kinkade, M. Dale. 2004. Cowlitz dictionary and grammatical sketch. Missoula: University of Montana Press.	page 10
references	Henry B. Zenk	reference	Marr, John Paul. 1941. [30 sound files: sinaa_00000682–00000696.] National Anthropological Archives.	page 10
references	Henry B. Zenk	reference	Robertson, David D. 2018. I Go On, Much Speculating: An Additional Source for Chinuk Wawa’s Progressive Prefix. (https://chinookjargon.com/2018/07/17).	page 10
references	Henry B. Zenk	reference	Zenk, Henry B. & Tony A. Johnson. 2003. Chinuk Wawa translations by Joe Peter, 1941: Glimpses of a ‘Chinuk Man’ in action. Papers for ICSNL 38:323–331.	page 10
references	Henry B. Zenk	reference	Zenk, Henry B. & Tony A. Johnson. 2005. Chinookan word classes and Chinuk Wawa etymologies. Papers for ICSNL 40::331–355.	page 10
appendix	Henry B. Zenk	heading	Appendix: complete transcript of sinaa 694 side 1	page 11
appendix template	Henry B. Zenk	note	Template:	page 11
appendix template	Henry B. Zenk	note	# English prompt (John Paul Marr: JPM)	page 11, a line of the template for each set
appendix template	Henry B. Zenk	note	Chinuk Wawa translation (Joe Peter: JP; spelling: CWDP alphabet*)	page 11, a line of the template for each set
appendix template	Henry B. Zenk	note	interlinear glosses	page 11, a line of the template for each set
appendix template	Henry B. Zenk	note	(notes)	page 11, a line of the template for each set
appendix	Henry B. Zenk	note	JPM’s prompts are reproduced word-for-word, minus conventional punctuation or capitalization. The translation is restricted to preliminary glosses on JP’s Chinuk Wawa word-forms. It will be observed that the glossing is left somewhat loose, that is, that identical word-forms are not always glossed identically. At least in part (with due allowance for transcriber carelessness!), this reflects the nature of the language: word-meaning is highly context-sensitive in Chinuk Wawa. Note also: compounds are glossed sometimes as complete word-forms (as in mamuk-wax ‘spill.it’, ɬush-iliʔi ‘prairie’); sometimes according to their individual constituents (as in chaku-pulakʰli ‘become- night’, kʰaku-dlet ‘like/as-true’). First occurrences of compounds belonging to the former category are explained in notes. This translation must be considered a first approximation.	page 11
appendix	Henry B. Zenk	note	CWDP: Chinuk Wawa Dictionary Project (2012), which spells using the Chinuk Wawa alphabet of the Confederated Tribes of Grand Ronde, Oregon. This alphabet uses English letters for sounds whose values are the same as their English-alphabet counterparts; while using adaptations of Americanist symbols elsewhere. Selected CWDP symbols with IPA equivalents:	page 11, the note on CWDP marked * in the template
appendix symbols line 1	Henry B. Zenk	note	CWDP IPA	page 11, the column heads
appendix symbols line 2	Henry B. Zenk	note	a [ɑ:]~[ʌ]	page 11, a symbol and what it stands for, a printed row
appendix symbols line 3	Henry B. Zenk	note	cʼh, kʼ, pʼ, qʼ, tʼ, tʼɬ, tʼs [tʃʼ], [kʼ], [pʼ], [qʼ], [tʼ], [tɬʼ], [tsʼ]	page 11, a symbol and what it stands for, a printed row
appendix symbols line 4	Henry B. Zenk	note	ə (variable quality: uniformly short)	page 11, a symbol and what it stands for, a printed row
appendix symbols line 5	Henry B. Zenk	note	i [i:]~[ɪ]	page 11, a symbol and what it stands for, a printed row
appendix symbols line 6	Henry B. Zenk	note	ɬ, tɬ [ɬ], [tɬ]	page 11, a symbol and what it stands for, a printed row
appendix symbols line 7	Henry B. Zenk	note	q, qʰ [q], [qʰ]	page 11, a symbol and what it stands for, a printed row
appendix symbols line 8	Henry B. Zenk	note	u [u:]~[ʊ] (~[o])	page 11, a symbol and what it stands for, a printed row
appendix symbols line 9	Henry B. Zenk	note	x [x]	page 11, a symbol and what it stands for, a printed row
appendix symbols line 10	Henry B. Zenk	note	x̣[χ]	page 11, a symbol and what it stands for, a printed row
appendix symbols line 11	Henry B. Zenk	note	ʔ [ʔ]	page 11, a symbol and what it stands for, a printed row
appendix symbols line 12	Henry B. Zenk	note	aw, ay [ɑʊ], [ɑɪ]	page 11, a symbol and what it stands for, a printed row
appendix symbols line 13	Henry B. Zenk	note	Other symbols:	page 11, a heading of the list
appendix symbols line 14	Henry B. Zenk	note	[] (e.g., [alta]) uncertainly caught	page 11, a symbol and what it stands for, a printed row
appendix symbols line 15	Henry B. Zenk	note	− (e.g., wik-ikta) joins constituents of compounds	page 11, a symbol and what it stands for, a printed row
appendix symbols line 16	Henry B. Zenk	note	ˈ_ (e.g., ˈɬun, ˈkəlákəla) higher prominence of stressed syllable	page 11, a symbol and what it stands for, a printed row
appendix symbols line 17	Henry B. Zenk	note	note: word-stress (_́) marked only non-initially	page 11, a symbol and what it stands for, a printed row
appendix symbols line 18	Henry B. Zenk	note	/ speech pause	page 11, a symbol and what it stands for, a printed row
appendix symbols line 19	Henry B. Zenk	note	Other abbreviations:	page 12, a heading of the list
appendix symbols line 20	Henry B. Zenk	note	[sttr] stutter	page 12, a symbol and what it stands for, a printed row
appendix symbols line 21	Henry B. Zenk	note	[unfin] unfinished	page 12, a symbol and what it stands for, a printed row
appendix symbols line 22	Henry B. Zenk	note	CT Chinook Texts (Boas 1894)	page 12, a symbol and what it stands for, a printed row
appendix symbols line 23	Henry B. Zenk	note	Cowlitz Cowlitz Salishan form cited from Kinkade (2004)	page 12, a symbol and what it stands for, a printed row
appendix symbols line 24	Henry B. Zenk	note	JP 18.#### Harrington’s (1942) fieldnotes from JP (by microfilm frame number)	page 12, a symbol and what it stands for, a printed row
appendix symbols line 25	Henry B. Zenk	note	Yakama Yakama Sahaptin form cited from Beavert & Hargus (2009)	page 12, a symbol and what it stands for, a printed row
appendix	Henry B. Zenk	heading	sinaa_694_side 1	page 12, the sound file
appendix	Henry B. Zenk	note	0:00:19.9	page 12, the time into the sound file
set 1	Henry B. Zenk	note	he reached still another prairie	page 12, the set's number and Marr's English prompt (JPM)
set 1	Chinuk Wawa	segmentation	yaka ˈɬax̣kʰupa ixt ɬush-ˈili.i*	page 12, Joe Peter's Chinuk Wawa, each word over its gloss (JP)
set 1	Henry B. Zenk	gloss	3SG emerge PREP one prairie	page 12
set 1	Henry B. Zenk	note	(*CWDP ɬush-iliʔi ‘prairie [lit., good-land]’)	page 12, a note to the set
set 2	Henry B. Zenk	note	the third	page 12, the set's number and Marr's English prompt (JPM)
set 2	Chinuk Wawa	segmentation	ukuk ˈɬun	page 12, Joe Peter's Chinuk Wawa, each word over its gloss (JP)
set 2	Henry B. Zenk	gloss	that.one three	page 12
set 3	Henry B. Zenk	note	one half of it burned	page 12, the set's number and Marr's English prompt (JPM)
set 3	Chinuk Wawa	segmentation	ixt ˈsitkum ukuk paya yaka [an] ˈpaya	page 12, Joe Peter's Chinuk Wawa, each word over its gloss (JP)
set 3	Henry B. Zenk	gloss	one half that.one burned 3SG ?on fire	page 12
set 3	Henry B. Zenk	note	(for: ‘one half burned, [rather,] it is on fire’)	page 12, a note to the set
set 4	Henry B. Zenk	note	he took one of his buckets and emptied it	page 12, the set's number and Marr's English prompt (JPM)
set 4	Chinuk Wawa	segmentation	ixt yaka ˈkitɬən yaka ˈiskam yaka mamuk ukuk / ˈwax̣kʰanawi	page 12, Joe Peter's Chinuk Wawa, each word over its gloss (JP)
set 4	Henry B. Zenk	gloss	one 3SG.POS bucket 3SG take 3SG do that.one spill all	page 12
set 5	Henry B. Zenk	note	he took one more bucket and emptied half of it	page 12, the set's number and Marr's English prompt (JPM)
set 5	Chinuk Wawa	segmentation	yaka ˈiskam ixt yaka / ˈkitɬən yaka mamuk-ˈwax̣* sitkum	page 12, Joe Peter's Chinuk Wawa, each word over its gloss (JP)
set 5	Henry B. Zenk	gloss	3SG take one 3SG.POS bucket 3SG spill.it half	page 12
set 5	Henry B. Zenk	note	(*CWDP munk-wax̣ ‘spill it’)	page 12, a note to the set
set 6	Henry B. Zenk	note	then he reached the woods on one other side of the prairie	page 12, the set's number and Marr's English prompt (JPM)
set 6	Chinuk Wawa	segmentation	alta yaka ˈɬatwa limulu-stik * yawá ˈinatay kʰupa uk ɬush-ˈili.i	page 12, Joe Peter's Chinuk Wawa, each word over its gloss (JP)
set 6	Henry B. Zenk	gloss	then 3SG go woods there across PREP that prairie	page 12
set 6	Henry B. Zenk	note	(*limulu-stik: idiomatic; lit., ‘wild-wood’)	page 12, a note to the set
set 6	Henry B. Zenk	note	0:00:55.1	page 12, the time into the sound file
set 7	Henry B. Zenk	note	now he had only two buckets [and a half left]	page 13, the set's number and Marr's English prompt (JPM)
set 7	Chinuk Wawa	segmentation	alta kʰupit ˈmakwst-pi-sitkum yaka / ˈchək* / kʰupá	page 13, Joe Peter's Chinuk Wawa, each word over its gloss (JP)
set 7	Henry B. Zenk	gloss	now only two-and-half 3SG.POS water over.there	page 13
set 7	Henry B. Zenk	note	(*JP18.0017: “we call the water tʃαk [tʃʌk], for in the Nisqually & neighboring dialects tsʊκ [tsʊq] is an erection of the penis”; cf. CWDP tsəqw~tsuq ‘water’)	page 13, a note to the set
set 8	Henry B. Zenk	note	he reached another prairie that was almost totally on fire	page 13, the set's number and Marr's English prompt (JPM)
set 8	Chinuk Wawa	segmentation	yaka ˈqʼoʔ kʰupa ixt ɬush-ˈili.i	page 13, Joe Peter's Chinuk Wawa, each word over its gloss (JP)
set 8	Henry B. Zenk	gloss	3SG arrive PREP one prairie	page 13
set 8	Chinuk Wawa	segmentation	alta wik-saya* ˈkʰanawi yaka ˈpaya ukuk	page 13, Joe Peter's Chinuk Wawa, each word over its gloss (JP)
set 8	Henry B. Zenk	gloss	now nearly all 3SG fire that.one	page 13
set 8	Henry B. Zenk	note	(*CWDP wik-saya ‘near, nearly, almost’)	page 13, a note to the set
set 9	Henry B. Zenk	note	he took one half the bucket and emptied it	page 13, the set's number and Marr's English prompt (JPM)
set 9	Chinuk Wawa	segmentation	yaka ˈiskam sitkum yaka ..kitɬən yaka mamuk-ˈwax ukuḳ	page 13, Joe Peter's Chinuk Wawa, each word over its gloss (JP)
set 9	Henry B. Zenk	gloss	3SG take half 3SG.POS bucket 3SG spill.it that.one	page 13
set 10	Henry B. Zenk	note	he took one more bucket	page 13, the set's number and Marr's English prompt (JPM)
set 10	Chinuk Wawa	segmentation	ixt wəx̣t yaka ˈkitɬən yaka ˈiskam	page 13, Joe Peter's Chinuk Wawa, each word over its gloss (JP)
set 10	Henry B. Zenk	gloss	one again 3SG.POS bucket 3SG take	page 13
set 10	Henry B. Zenk	note	0:01:22.5	page 13, the time into the sound file
set 11	Henry B. Zenk	note	now only one bucket was left	page 13, the set's number and Marr's English prompt (JPM)
set 11	Chinuk Wawa	segmentation	kʰupit-ˈíxt yaka kitɬən [alta] ˈmiɬayt	page 13, Joe Peter's Chinuk Wawa, each word over its gloss (JP)
set 11	Henry B. Zenk	gloss	only-one 3SG.POS bucket?now be.there	page 13
set 12	Henry B. Zenk	note	he reached another prairie	page 13, the set's number and Marr's English prompt (JPM)
set 12	Chinuk Wawa	segmentation	yaka ˈqʼo [wəx̣t] kʰupá ˈixt ɬush-ˈili.i	page 13, Joe Peter's Chinuk Wawa, each word over its gloss (JP)
set 12	Henry B. Zenk	gloss	3SG arrive?again over.there.at* one prairie	page 13
set 12	Henry B. Zenk	note	(*CWDP 106 kʰapá~kʰupá 1) DEM ‘over there’; 2) PREP ‘over there at’)	page 13, a note to the set
set 13	Henry B. Zenk	note	it was all on fire	page 13, the set's number and Marr's English prompt (JPM)
set 13	Chinuk Wawa	segmentation	kʰanawi [ˈwal] ukuk yaka ˈpaya	page 13, Joe Peter's Chinuk Wawa, each word over its gloss (JP)
set 13	Henry B. Zenk	gloss	all ?[w]all that.one 3SG fire	page 13
set 14	Henry B. Zenk	note	he poured out his bucket	page 13, the set's number and Marr's English prompt (JPM)
set 14	Chinuk Wawa	segmentation	yaka ˈwax̣[al] ukuk yaka ˈkitɬən	page 13, Joe Peter's Chinuk Wawa, each word over its gloss (JP)
set 14	Henry B. Zenk	gloss	3SG spill ?all that 3SG.POS bucket	page 13
set 15	Henry B. Zenk	note	when he nearly came across he emptied his bucket	page 13, the set's number and Marr's English prompt (JPM)
set 15	Chinuk Wawa	segmentation	yaka wik-ˈsayá chaku-ˈinatay	page 13, Joe Peter's Chinuk Wawa, each word over its gloss (JP)
set 15	Henry B. Zenk	gloss	3SG nearly come-across	page 13
set 15	Chinuk Wawa	segmentation	[alaa*] ˈalta yaka ˈkʰanawi alta yaka ˈchək yaka ˈwax̣	page 14, Joe Peter's Chinuk Wawa, each word over its gloss (JP)
set 15	Henry B. Zenk	gloss	?EXCLM now 3SG all now 3SG.POS water 3SG spill	page 14
set 15	Henry B. Zenk	note	(*cf. CWDP 263 ala exclamation of surprise — unless just a false start here)	page 14, a note to the set
set 15	Henry B. Zenk	note	0:01:51.7	page 14, the time into the sound file
set 16	Henry B. Zenk	note	he took off his bearskin blanket and beat the fire	page 14, the set's number and Marr's English prompt (JPM)
set 16	Chinuk Wawa	segmentation	yaka mamuk-ˈɬaq* uk yaka pəsisi alta [pi ya..] ˈqʼwəɬ ukuk ˈfayər	page 14, Joe Peter's Chinuk Wawa, each word over its gloss (JP)
set 16	Henry B. Zenk	gloss	3SG remove.it that3SG.POS blanket then ?and [sttr] hit that fire	page 14
set 16	Henry B. Zenk	note	(*CWDP munk-ɬaq ‘remove it, take it off’)	page 14, a note to the set
set 17	Henry B. Zenk	note	the whole bearskin blanket was burned	page 14, the set's number and Marr's English prompt (JPM)
set 17	Chinuk Wawa	segmentation	ukuk / ukuk itsxwət-ˈpəsisi alta ˈkʰanawi yaka chaku-ˈpaya	page 14, Joe Peter's Chinuk Wawa, each word over its gloss (JP)
set 17	Henry B. Zenk	gloss	that that bear-blanket now all 3SG get.burned	page 14
set 18	Henry B. Zenk	note	his hair caught fire	page 14, the set's number and Marr's English prompt (JPM)
set 18	Chinuk Wawa	segmentation	yaka .. yaqsu kʰanawi chaku-ˈpaya	page 14, Joe Peter's Chinuk Wawa, each word over its gloss (JP)
set 18	Henry B. Zenk	gloss	3SG [sttr] hair all get.burned	page 14
set 19	Henry B. Zenk	note	and he was burned	page 14, the set's number and Marr's English prompt (JPM)
set 19	Chinuk Wawa	segmentation	alta yaka chaku-ˈpaya yax̣ka	page 14, Joe Peter's Chinuk Wawa, each word over its gloss (JP)
set 19	Henry B. Zenk	gloss	now 3SG get.burned 3SG.EMPH	page 14
set 20	Henry B. Zenk	note	now that bird was dead	page 14, the set's number and Marr's English prompt (JPM)
set 20	Chinuk Wawa	segmentation	alta yaka ˈmiməlus ukuk ˈkəlákəla	page 14, Joe Peter's Chinuk Wawa, each word over its gloss (JP)
set 20	Henry B. Zenk	gloss	now 3SG dead that bird	page 14
set 20	Henry B. Zenk	note	0:02:22.1	page 14, the time into the sound file
set 21	Henry B. Zenk	note	when it was nearing dark he came to his sister	page 14, the set's number and Marr's English prompt (JPM)
set 21	Chinuk Wawa	segmentation	alta yaka chaku-ˈpulakʰli [alta] yaka ˈqʼoʔ kʰupa yaka ˈats	page 14, Joe Peter's Chinuk Wawa, each word over its gloss (JP)
set 21	Henry B. Zenk	gloss	now 3SG become-night ?now 3SG arrive PREP 3SG.POS sister	page 14
set 22	Henry B. Zenk	note	ah my brother is dead	page 14, the set's number and Marr's English prompt (JPM)
set 22	Chinuk Wawa	segmentation	alta uk nayka ˈaw yaka ˈmiməlus	page 14, Joe Peter's Chinuk Wawa, each word over its gloss (JP)
set 22	Henry B. Zenk	gloss	now that 3SG.POS brother 3SG dead	page 14
set 23	Henry B. Zenk	note	he said to him	page 14, the set's number and Marr's English prompt (JPM)
set 23	Chinuk Wawa	segmentation	yaka ˈwawa kʰupa ˈyax̣ka	page 14, Joe Peter's Chinuk Wawa, each word over its gloss (JP)
set 23	Henry B. Zenk	gloss	3SG say PREP 3SG	page 14
set 24	Henry B. Zenk	note	now all these things you said / you see are not true	page 15, the set's number and Marr's English prompt (JPM)
set 24	Chinuk Wawa	segmentation	alta ukuk kʰanawi-ˈikta mayka ˈwawa mayka ˈnanich	page 15, Joe Peter's Chinuk Wawa, each word over its gloss (JP)
set 24	Henry B. Zenk	gloss	now that all-thing 2SG say 2SG see	page 15
set 24	Chinuk Wawa	segmentation	alta wik yaka kʰaku-ˈdlét	page 15, Joe Peter's Chinuk Wawa, each word over its gloss (JP)
set 24	Henry B. Zenk	gloss	now not 3SG like/as-true	page 15
set 25	Henry B. Zenk	note	these are not the same canoes he said	page 15, the set's number and Marr's English prompt (JPM)
set 25	Chinuk Wawa	segmentation	yaka ˈwawa kʰanawi ukuk ˈkəním wik ˈyax̣ka ukuk ˈkəním /	page 15, Joe Peter's Chinuk Wawa, each word over its gloss (JP)
set 25	Henry B. Zenk	gloss	3SG say all those canoes not 3SG.EMPH those canoes	page 15
set 25	Chinuk Wawa	segmentation	ˈx̣luym[a] ɬaska	page 15, Joe Peter's Chinuk Wawa, each word over its gloss (JP)
set 25	Henry B. Zenk	gloss	different 3PL	page 15
set 25	Henry B. Zenk	note	0:03:08.3	page 15, the time into the sound file
set 26	Henry B. Zenk	note	the others had holes and were [not strong]	page 15, the set's number and Marr's English prompt (JPM)
set 26	Chinuk Wawa	segmentation	ukuk ˈwəx̣t ya / ukuk ˈx̣luyma yaka ˈmiɬayt ɬxwáp-ɬxwàp ˈkʰanawi	page 15, Joe Peter's Chinuk Wawa, each word over its gloss (JP)
set 26	Henry B. Zenk	gloss	that more 3SG . . that different 3SG have hole-hole all	page 15
set 27	Henry B. Zenk	note	he said	page 15, the set's number and Marr's English prompt (JPM)
set 27	Chinuk Wawa	segmentation	yaka ˈwawa	page 15, Joe Peter's Chinuk Wawa, each word over its gloss (JP)
set 27	Henry B. Zenk	gloss	3SG say	page 15
set 28	Henry B. Zenk	note	you are dead now therefore you see differently	page 15, the set's number and Marr's English prompt (JPM)
set 28	Chinuk Wawa	segmentation	mayka ˈmiməlus alta kʰaku [pi] mayka ˈnanichx̣luyma	page 15, Joe Peter's Chinuk Wawa, each word over its gloss (JP)
set 28	Henry B. Zenk	gloss	2SG dead now thus ?but 2SG see different	page 15
set 29	Henry B. Zenk	note	now she carried her brother across to the other side	page 15, the set's number and Marr's English prompt (JPM)
set 29	Chinuk Wawa	segmentation	alta yaka [ˈhal] kʰupa yaka ˈaw yawa inatay	page 15, Joe Peter's Chinuk Wawa, each word over its gloss (JP)
set 29	Henry B. Zenk	gloss	now 3SG ?haul PREP 3SG.POS brotherthere across	page 15
set 30	Henry B. Zenk	note	he saw the people	page 15, the set's number and Marr's English prompt (JPM)
set 30	Chinuk Wawa	segmentation	yaka ˈnanich ukuk ˈtilixam	page 15, Joe Peter's Chinuk Wawa, each word over its gloss (JP)
set 30	Henry B. Zenk	gloss	3SG see those people	page 15
set 30	Henry B. Zenk	note	0:03:36.6	page 15, the time into the sound file
set 31	Henry B. Zenk	note	they sang they played Ithlikum	page 15, the set's number and Marr's English prompt (JPM)
set 31	Chinuk Wawa	segmentation	nayka ˈnanichukuk ˈtilixam ɬaska hayu-ˈiɬəkum* [an???]	page 15, Joe Peter's Chinuk Wawa, each word over its gloss (JP)
set 31	Henry B. Zenk	gloss	1SG see those people 3PL ongoing-bone.game???	page 15
set 31	Henry B. Zenk	note	(*CDWP 81-83 hayu- ‘ongoing [marker of durative aspect]’)	page 15, a note to the set
set 32	Henry B. Zenk	note	they played dice with beaver teeth	page 16, the set's number and Marr's English prompt (JPM)
set 32	Chinuk Wawa	segmentation	ɬaska hayu-ˈhihi yaka ukuk anqati ʔina yaka ˈlitá	page 16, Joe Peter's Chinuk Wawa, each word over its gloss (JP)
set 32	Henry B. Zenk	gloss	3PL ongoing-play 3SG that.one long.ago beaver 3SG.POS teeth	page 16
set 33	Henry B. Zenk	note	the women / played their Ithlikum	page 16, the set's number and Marr's English prompt (JPM)
set 33	Chinuk Wawa	segmentation	ukuk ˈɬuchmən ɬaska ˈiɬəkum wəx̣t	page 16, Joe Peter's Chinuk Wawa, each word over its gloss (JP)
set 33	Henry B. Zenk	gloss	those women 3PL bone.game also	page 16
set 34	Henry B. Zenk	note	they played hoops	page 16, the set's number and Marr's English prompt (JPM)
set 34	Chinuk Wawa	segmentation	ɬaska mamuk ɬaska [ˈmamúk] / ˈhihi kʰupa [loġəl]-loʔloʔ*-ˈstik	page 16, Joe Peter's Chinuk Wawa, each word over its gloss (JP)
set 34	Henry B. Zenk	gloss	3PL do 3PL [?sttr] play PREP ?round-round-stick	page 16
set 34	Henry B. Zenk	note	(*reduplicated? — David Robertson)	page 16, a note to the set
set 35	Henry B. Zenk	note	they played dice with ten discs	page 16, the set's number and Marr's English prompt (JPM)
set 35	Chinuk Wawa	segmentation	ɬaska ɬaska ˈmamuk wəx̣t ɬaska mamuk-ˈhihi	page 16, Joe Peter's Chinuk Wawa, each word over its gloss (JP)
set 35	Henry B. Zenk	gloss	[sttr] 3PL do also 3PL play.it	page 16
set 35	Chinuk Wawa	segmentation	loʔəloʔ [yaka] taɬənəm* / [nʔ ʔ nʔ layk ʌ] ˈlitá wik-ʔina	page 16, Joe Peter's Chinuk Wawa, each word over its gloss (JP)
set 35	Henry B. Zenk	gloss	round ?3SG.POS ten [?sttr]?like a teeth not-beaver**	page 16
set 35	Henry B. Zenk	note	(*CWDP taɬlam ‘ten’; **‘teeth-not-beaver’: circumlocution for ‘dice’?)	page 16, a note to the set
set 35	Henry B. Zenk	note	0:04:13.7	page 16, the time into the sound file
set 36	Henry B. Zenk	note	they played “wah kah KOO lee” [JPM reading from CT 171: Boas spells <wacakoai-i>]	page 16, the set's number and Marr's English prompt (JPM)
set 36	Chinuk Wawa	segmentation	[no response]	page 16, Joe Peter's Chinuk Wawa, each word over its gloss (JP)
set 36	Henry B. Zenk	gloss	“[wa kʰa / kʰúuli]” / it’s a game	page 16
set 36	Chinuk Wawa	segmentation	ɬaska mamuk-ˈhihi ukuk ˈwagakʰúuli.	page 16, Joe Peter's Chinuk Wawa, each word over its gloss (JP)
set 36	Henry B. Zenk	gloss	3PL play.it that wagakuli	page 16
set 37	Henry B. Zenk	note	further on there they sang the conjuror’s song	page 16, the set's number and Marr's English prompt (JPM)
set 37	Chinuk Wawa	segmentation	tunús-sayá yawá ɬaska ˈmamuk / ˈsing	page 16, Joe Peter's Chinuk Wawa, each word over its gloss (JP)
set 37	Henry B. Zenk	gloss	little-away there 3PL do sing	page 16
set 37	Chinuk Wawa	segmentation	ukuk [ˈpaya] ukuk [ˈpaya] yaka ˈaw	page 16, Joe Peter's Chinuk Wawa, each word over its gloss (JP)
set 37	Henry B. Zenk	gloss	that ?fire that ?fire 3SG.POS brother	page 16
set 37	Henry B. Zenk	note	(JP’s meaning is obscure)	page 16, a note to the set
set 38	Henry B. Zenk	note	he wanted to go to these singers	page 16, the set's number and Marr's English prompt (JPM)
set 38	Chinuk Wawa	segmentation	yaka tiki ˈɬatwa [alta məɬət*] qʰa ɬaska hayu-ˈmamuk ˈsing	page 16, Joe Peter's Chinuk Wawa, each word over its gloss (JP)
set 38	Henry B. Zenk	gloss	3SG want go ?now?be.there where 3PL ongoing-do sing	page 16
set 38	Henry B. Zenk	note	(*slur for miɬayt ‘be there’?)	page 16, a note to the set
set 39	Henry B. Zenk	note	he tried to shout	page 17, the set's number and Marr's English prompt (JPM)
set 39	Chinuk Wawa	segmentation	yaka tiki ˈkʰliyí	page 17, Joe Peter's Chinuk Wawa, each word over its gloss (JP)
set 39	Henry B. Zenk	gloss	3SG want cry out	page 17
set 39	Henry B. Zenk	note	0:04:58.1	page 17, the time into the sound file
set 40	Henry B. Zenk	note	but he was laughed at	page 17, the set's number and Marr's English prompt (JPM)
set 40	Chinuk Wawa	segmentation	bət [kʰaná] ɬaska [mamuk-]ˈhihi* yax̣ka	page 17, Joe Peter's Chinuk Wawa, each word over its gloss (JP)
set 40	Henry B. Zenk	gloss	but ?all 3PL ?mock 3SG.EMPH	page 17
set 40	Henry B. Zenk	note	(*CWDP munk-hihi ‘mock (someone)’)	page 17, a note to the set
set 41	Henry B. Zenk	note	he went to his brother in law’s house	page 17, the set's number and Marr's English prompt (JPM)
set 41	Chinuk Wawa	segmentation	yaka ˈɬatwa kʰupa yax̣ka .. / yaka ˈaw yaka ˈhaws ya ..	page 17, Joe Peter's Chinuk Wawa, each word over its gloss (JP)
set 41	Henry B. Zenk	gloss	3SG go PREP 3SG 3SG.POS brother 3SG.POS house [unfin.]	page 17
set 42	Henry B. Zenk	note	their chief was his sister’s husband	page 17, the set's number and Marr's English prompt (JPM)
set 42	Chinuk Wawa	segmentation	yaka tayi yaka ˈats yaka ˈman	page 17, Joe Peter's Chinuk Wawa, each word over its gloss (JP)
set 42	Henry B. Zenk	gloss	3SG.POS chief 3SG.POS sister 3SG.POS man (husband)	page 17
set 42	Henry B. Zenk	note	(for: [yaka tayi [yaka ats [yaka man]]])	page 17, a note to the set
set 42	Chinuk Wawa	segmentation	0:05:17 –0:05:39.5	page 17, Joe Peter's Chinuk Wawa, each word over its gloss (JP)
set 42	Henry B. Zenk	gloss	[gap: during which JPM jumps to CT 194]	page 17
set 43	Henry B. Zenk	note	there was the panther	page 17, the set's number and Marr's English prompt (JPM)
set 43	Chinuk Wawa	segmentation	ˈyax̣ka ukuk ˈkʰupá uk / ukuk ˈswawaʔ	page 17, Joe Peter's Chinuk Wawa, each word over its gloss (JP)
set 43	Henry B. Zenk	gloss	3SG.EMPH that.one over.there that that cougar	page 17
set 44	Henry B. Zenk	note	he was an elk hunter	page 17, the set's number and Marr's English prompt (JPM)
set 44	Chinuk Wawa	segmentation	yax̣ka uk [ya] ˈkəmtə́ks mamuk-ˈkakshət [ukuk] ˈmulak	page 17, Joe Peter's Chinuk Wawa, each word over its gloss (JP)
set 44	Henry B. Zenk	gloss	3SG.EMPH that?3SG know.how* kill.it ?that elk	page 17
set 44	Henry B. Zenk	note	(*CWDP kəmtəks sense 3: ‘know how to, be good at’)	page 17, a note to the set
set 45	Henry B. Zenk	note	every day he went hunting	page 17, the set's number and Marr's English prompt (JPM)
set 45	Chinuk Wawa	segmentation	kʰanawi-ˈsan yaka ɬatwa-ˈnanich	page 17, Joe Peter's Chinuk Wawa, each word over its gloss (JP)
set 45	Henry B. Zenk	gloss	every-day 3SG go-look.for	page 17
set 45	Henry B. Zenk	note	0:06:02.9	page 17, the time into the sound file
set 46	Henry B. Zenk	note	one day he found the branch of a spruce tree	page 17, the set's number and Marr's English prompt (JPM)
set 46	Chinuk Wawa	segmentation	ixt ixt-san yaka ˈtʼɬap ukuk / ukuk ˈlimá-stik*	page 17, Joe Peter's Chinuk Wawa, each word over its gloss (JP)
set 46	Henry B. Zenk	gloss	[sttr] one-day 3SG find that that branch	page 17
set 46	Chinuk Wawa	segmentation	[kʰupa ukuk] ˈhayash-stik yawá	page 17, Joe Peter's Chinuk Wawa, each word over its gloss (JP)
set 46	Henry B. Zenk	gloss	?PREP ?that big-stick there	page 17
set 46	Henry B. Zenk	note	(*CWDP lima-stik ‘branch [lit., arm-stick]’)	page 17, a note to the set
set 47	Henry B. Zenk	note	he twisted it and threw it under his bed	page 18, the set's number and Marr's English prompt (JPM)
set 47	Chinuk Wawa	segmentation	yaka mamuk-ˈɬuk* uk stik ya ˈmash kikwəli kʰupa yaka ˈbet	page 18, Joe Peter's Chinuk Wawa, each word over its gloss (JP)
set 47	Henry B. Zenk	gloss	3SG break.it that stick 3SGthrow down PREP 3SG.POS bed	page 18
set 47	Henry B. Zenk	note	(*CWDP munk-ɬuk ‘break it’)	page 18, a note to the set
set 48	Henry B. Zenk	note	it was a pretty branch	page 18, the set's number and Marr's English prompt (JPM)
set 48	Chinuk Wawa	segmentation	yaka hayash ˈɬush kʰupa ˈnanich	page 18, Joe Peter's Chinuk Wawa, each word over its gloss (JP)
set 48	Henry B. Zenk	gloss	3SG big good PREP look	page 18
set 49	Henry B. Zenk	note	then he said	page 18, the set's number and Marr's English prompt (JPM)
set 49	Chinuk Wawa	segmentation	alta yaka ˈwawa	page 18, Joe Peter's Chinuk Wawa, each word over its gloss (JP)
set 49	Henry B. Zenk	gloss	then 3SG say	page 18
set 50	Henry B. Zenk	note	oh I wish you would become a man	page 18, the set's number and Marr's English prompt (JPM)
set 50	Chinuk Wawa	segmentation	[qʰaq.. qʰaqwi[tɬ]* pi wik] chaku-man ˈmayka	page 18, Joe Peter's Chinuk Wawa, each word over its gloss (JP)
set 50	Henry B. Zenk	gloss	[?[sttr] ?cannot ?but ?not become-man 2SG	page 18
set 50	Henry B. Zenk	note	(*?CWDP qʰawqwaɬ: var. of x̣awqaɬ ‘can’t, unable’)	page 18, a note to the set
set 51	Henry B. Zenk	note	the next day he went / elk hunting	page 18, the set's number and Marr's English prompt (JPM)
set 51	Chinuk Wawa	segmentation	ixt ixt-ˈsan wəx̣t yaka ˈɬatwa yawa yaka ˈnanich mulak	page 18, Joe Peter's Chinuk Wawa, each word over its gloss (JP)
set 51	Henry B. Zenk	gloss	[sttr] one day again 3SG go there 3SG look.for elk	page 18
set 51	Henry B. Zenk	note	0:06:41.5	page 18, the time into the sound file
set 52	Henry B. Zenk	note	in the evening he came home	page 18, the set's number and Marr's English prompt (JPM)
set 52	Chinuk Wawa	segmentation	chaku-ˈpulakʰli yaka chaku-ˈhaws	page 18, Joe Peter's Chinuk Wawa, each word over its gloss (JP)
set 52	Henry B. Zenk	gloss	become-night 3SG comes.in	page 18
set 52	Henry B. Zenk	note	(CWDP 65 chaku-haws ‘come in, come home’)	page 18, a note to the set
set 53	Henry B. Zenk	note	now he saw cedar bark laying on the ground	page 18, the set's number and Marr's English prompt (JPM)
set 53	Chinuk Wawa	segmentation	alta yaka ˈnanich ukuk kəním-ˈstik*	page 18, Joe Peter's Chinuk Wawa, each word over its gloss (JP)
set 53	Henry B. Zenk	gloss	now 3SG see that cedar*	page 18
set 53	Chinuk Wawa	segmentation	kʰupa yaka ˈhaws miɬayt kʰupa ˈili.i	page 18, Joe Peter's Chinuk Wawa, each word over its gloss (JP)
set 53	Henry B. Zenk	gloss	PREP 3SG.POS house be.there PREP ground	page 18
set 53	Henry B. Zenk	note	(*CWDP 271 kənim-stik ‘cedar [lit., canoe-wood]’)	page 18, a note to the set
set 54	Henry B. Zenk	note	where did those people come from	page 18, the set's number and Marr's English prompt (JPM)
set 54	Chinuk Wawa	segmentation	qʰa ɬaska ˈchaku ukuk ˈtilixam	page 18, Joe Peter's Chinuk Wawa, each word over its gloss (JP)
set 54	Henry B. Zenk	gloss	where 3PL come those people	page 18
set 55	Henry B. Zenk	note	they have been playing at discs / he said	page 18, the set's number and Marr's English prompt (JPM)
set 55	Chinuk Wawa	segmentation	ɬaska hayu-ˈhihi / .. ɬaska hayu-ˈhihi kʰupá ukuk ˈmiməlus	page 18, Joe Peter's Chinuk Wawa, each word over its gloss (JP)
set 55	Henry B. Zenk	gloss	3PL ongoing-play 3PL ongoing-play over.there.at those dead (ones?)	page 18
set 56	Henry B. Zenk	note	on the following morning he went again / elk hunting	page 19, the set's number and Marr's English prompt (JPM)
set 56	Chinuk Wawa	segmentation	.. ukuk tənəs-ˈsan wəx̣t yaka ɬatwa-ˈnanich mulak	page 19, Joe Peter's Chinuk Wawa, each word over its gloss (JP)
set 56	Henry B. Zenk	gloss	that morning again 3SG go.look.for elk	page 19
set 56	Henry B. Zenk	note	(CWDP tənəs-san ‘morning [lit., little-sun]’)	page 19, a note to the set
set 57	Henry B. Zenk	note	in the evening he came home	page 19, the set's number and Marr's English prompt (JPM)
set 57	Chinuk Wawa	segmentation	tənəs-pulakʰli alta yaka chaku-[ˈhaws] chaku-ˈkʼilapay	page 19, Joe Peter's Chinuk Wawa, each word over its gloss (JP)
set 57	Henry B. Zenk	gloss	evening then 3SG ?come.in come-return	page 19
set 57	Henry B. Zenk	note	0:07:29.1	page 19, the time into the sound file
set 57	Henry B. Zenk	note	[gap]	page 19, a gap in the recording
set 57	Henry B. Zenk	note	0:07:41.7	page 19, the time into the sound file
set 58	Henry B. Zenk	note	now the floor of his house / lay full of cedar bark	page 19, the set's number and Marr's English prompt (JPM)
set 58	Chinuk Wawa	segmentation	alta [.. an] ˈkikwəli yaka chaku ˈkʰupá kʰanuwi ˈpatɬ	page 19, Joe Peter's Chinuk Wawa, each word over its gloss (JP)
set 58	Henry B. Zenk	gloss	now ???on down 3SG become over.there all full	page 19
set 58	Chinuk Wawa	segmentation	[tí-yaka] / [mamuk] uk yaka skin-ˈstik**	page 19, Joe Peter's Chinuk Wawa, each word over its gloss (JP)
set 58	Henry B. Zenk	gloss	? INDEF*-3SG.?POS?makes that 3SG.POS bark	page 19
set 58	Henry B. Zenk	note	(*? cf. Cowlitz (Kinkade 2004:143) t INDEF; **CWDP skin-stik ‘bark [lit., skin-wood]’)	page 19, a note to the set
set 59	Henry B. Zenk	note	and counters lay there	page 19, the set's number and Marr's English prompt (JPM)
set 59	Chinuk Wawa	segmentation	ukuk ˈcʼhəm hayu-hayu ˈkʰupá yaka ˈmiɬayt	page 19, Joe Peter's Chinuk Wawa, each word over its gloss (JP)
set 59	Henry B. Zenk	gloss	that mark many-many over.there 3SG be.there	page 19
set 60	Henry B. Zenk	note	he went out for a fourth time	page 19, the set's number and Marr's English prompt (JPM)
set 60	Chinuk Wawa	segmentation	alta yaka ˈɬatwa a lakt [ˈtayətʰay(m)]	page 19, Joe Peter's Chinuk Wawa, each word over its gloss (JP)
set 60	Henry B. Zenk	gloss	then 3SG go ?“a” four ?[sttr]?time	page 19
set 61	Henry B. Zenk	note	and came home later in the afternoon	page 19, the set's number and Marr's English prompt (JPM)
set 61	Chinuk Wawa	segmentation	yaka ˈchaku hayash-ˈlili kʰupá / [mash sitk .. [cut-off]]	page 19, Joe Peter's Chinuk Wawa, each word over its gloss (JP)
set 61	Henry B. Zenk	gloss	3SG come big-awhile over.there [unfin]	page 19
set 62	Henry B. Zenk	note	he reached his house he heard batons	page 19, the set's number and Marr's English prompt (JPM)
set 62	Chinuk Wawa	segmentation	yaka ˈɬatwa kʰupa yaka ˈhaws	page 19, Joe Peter's Chinuk Wawa, each word over its gloss (JP)
set 62	Henry B. Zenk	gloss	3SG go PREP 3SG.POS house	page 19
set 62	Chinuk Wawa	segmentation	yaka hayu / hayu-ˈkəmtəks* [rvɛ́:ɑ χló[ɪ]mɑ]	page 19, Joe Peter's Chinuk Wawa, each word over its gloss (JP)
set 62	Henry B. Zenk	gloss	3SG [sttr] hear* ?over.there a (x̣luyma:) different?	page 19
set 62	Henry B. Zenk	note	(*CWDP hayu-kəmtəks ‘hear [lit., ongoing-perceive]’)	page 19, a note to the set
set 63	Henry B. Zenk	note	then he became angry	page 19, the set's number and Marr's English prompt (JPM)
set 63	Chinuk Wawa	segmentation	alta yaka chaku-ˈsaliks	page 19, Joe Peter's Chinuk Wawa, each word over its gloss (JP)
set 63	Henry B. Zenk	gloss	then 3SG become-angry	page 19
set 63	Henry B. Zenk	note	0:08:20.6	page 20, the time into the sound file
set 64	Henry B. Zenk	note	where did these people come from	page 20, the set's number and Marr's English prompt (JPM)
set 64	Chinuk Wawa	segmentation	qʰa ɬaska ˈchaku ukuk ˈtilixam	page 20, Joe Peter's Chinuk Wawa, each word over its gloss (JP)
set 64	Henry B. Zenk	gloss	where? 3PL come those people	page 20
set 65	Henry B. Zenk	note	they always play at discs / in my house	page 20, the set's number and Marr's English prompt (JPM)
set 65	Chinuk Wawa	segmentation	kʰanawi-ˈsan [ukuk ˈkʰaqəpuɬ*] ɬaska ˈhihi kʰupa nayka ˈhaws	page 20, Joe Peter's Chinuk Wawa, each word over its gloss (JP)
set 65	Henry B. Zenk	gloss	every-day ?that ?? 3PL play PREP 1SG.POS house	page 20
set 65	Henry B. Zenk	note	(*?cf. Yakama kʼpuuɬ [qʼpuˑɬ] ‘round, spherical’)	page 20, a note to the set
set 66	Henry B. Zenk	note	he heard the noise in the house	page 20, the set's number and Marr's English prompt (JPM)
set 66	Chinuk Wawa	segmentation	yaka ˈkəmtə́ks ukuk ˈhayáa kʰupa ˈhaws	page 20, Joe Peter's Chinuk Wawa, each word over its gloss (JP)
set 66	Henry B. Zenk	gloss	3SG aware that ?ONOM PREP house	page 20
set 67	Henry B. Zenk	note	and the baton struck	page 20, the set's number and Marr's English prompt (JPM)
set 67	Chinuk Wawa	segmentation	ukuk yaka ˈaw kʰaku ˈɬun	page 20, Joe Peter's Chinuk Wawa, each word over its gloss (JP)
set 67	Henry B. Zenk	gloss	that 3SG.POS brother as three	page 20
set 67	Henry B. Zenk	note	(here and in 68, 158, JP appears to understand the prompts with reference to some story other than the one JPM is reading — a story from his own store of traditional knowledge?)	page 20, a note to the set
set 68	Henry B. Zenk	note	[he arrived at home and entered (unintel prompt restored with ref to CT 194)]	page 20, the set's number and Marr's English prompt (JPM)
set 68	Chinuk Wawa	segmentation	yaka aw ˈqʼoʔ kʰupa yaka ˈhaws yaka ˈɬatwa	page 20, Joe Peter's Chinuk Wawa, each word over its gloss (JP)
set 68	Henry B. Zenk	gloss	3SG.POS brother arrive PREP 3SG.POS house 3SG go	page 20
set 69	Henry B. Zenk	note	now counters lay on the plank	page 20, the set's number and Marr's English prompt (JPM)
set 69	Chinuk Wawa	segmentation	alta kʰupá [ukuk] yaka ˈmiɬáyt kʰupa ˈliplash*	page 20, Joe Peter's Chinuk Wawa, each word over its gloss (JP)
set 69	Henry B. Zenk	gloss	now over.there?that 3SG be.there PREP plank	page 20
set 69	Henry B. Zenk	note	(*CWDP laplash ‘plank, board’)	page 20, a note to the set
set 69	Henry B. Zenk	note	0:08:55.3	page 20, the time into the sound file
set 70	Henry B. Zenk	note	he said	page 20, the set's number and Marr's English prompt (JPM)
set 70	Chinuk Wawa	segmentation	yaka ˈwawa	page 20, Joe Peter's Chinuk Wawa, each word over its gloss (JP)
set 70	Henry B. Zenk	gloss	3SG say	page 20
set 71	Henry B. Zenk	note	tomorrow we shall hide to see where these people came from	page 20, the set's number and Marr's English prompt (JPM)
set 71	Chinuk Wawa	segmentation	tumála aɬqi nayka ˈipsut yawá	page 20, Joe Peter's Chinuk Wawa, each word over its gloss (JP)
set 71	Henry B. Zenk	gloss	tomorrow will 1SG hide there	page 20
set 71	Chinuk Wawa	segmentation	nayk[a] / ˈnanich qʰa uk ˈtilixam ɬaska ˈchaku	page 20, Joe Peter's Chinuk Wawa, each word over its gloss (JP)
set 71	Henry B. Zenk	gloss	1SG see where those people 3PL come	page 20
set 72	Henry B. Zenk	note	the next morning he went out	page 20, the set's number and Marr's English prompt (JPM)
set 72	Chinuk Wawa	segmentation	ukuk wəx̣t tənəs-ˈsan yaka ɬatwa-ˈɬax̣ani	page 20, Joe Peter's Chinuk Wawa, each word over its gloss (JP)
set 72	Henry B. Zenk	gloss	that again morning 3SG go-outside	page 20
set 73	Henry B. Zenk	note	he stayed near the grass near the house	page 21, the set's number and Marr's English prompt (JPM)
set 73	Chinuk Wawa	segmentation	yaka wik .. yaka ˈmiɬayt kʰupá	page 21, Joe Peter's Chinuk Wawa, each word over its gloss (JP)
set 73	Henry B. Zenk	gloss	3SG not [sttr] 3SG be.there over.there	page 21
set 73	Chinuk Wawa	segmentation	wik-saya kʰupa ˈtipsu kʰupa ukuk ˈhaws	page 21, Joe Peter's Chinuk Wawa, each word over its gloss (JP)
set 73	Henry B. Zenk	gloss	not-far PREP grass PREP that house	page 21
set 74	Henry B. Zenk	note	and looked	page 21, the set's number and Marr's English prompt (JPM)
set 74	Chinuk Wawa	segmentation	yaka ˈnanich	page 21, Joe Peter's Chinuk Wawa, each word over its gloss (JP)
set 74	Henry B. Zenk	gloss	3SG looks	page 21
set 75	Henry B. Zenk	note	he did not see anybody	page 21, the set's number and Marr's English prompt (JPM)
set 75	Chinuk Wawa	segmentation	wik-ikta yaka ˈnanich	page 21, Joe Peter's Chinuk Wawa, each word over its gloss (JP)
set 75	Henry B. Zenk	gloss	nothing 3SG see	page 21
set 75	Henry B. Zenk	note	0:09:25.9	page 21, the time into the sound file
set 76	Henry B. Zenk	note	then he heard the bat.. [break in audio: batons moving in the interior of the house]	page 21, the set's number and Marr's English prompt (JPM)
set 76	Chinuk Wawa	segmentation	[break] kəmtəks ukuk ˈhayú / ikta ˈhayú ən / [ixwl]* kʰupa ˈhaws	page 21, Joe Peter's Chinuk Wawa, each word over its gloss (JP)
set 76	Henry B. Zenk	gloss	. . . ?aware of those many things many?in ?move PREP house	page 21
set 76	Henry B. Zenk	note	(*see 120 below)	page 21, a note to the set
set 77	Henry B. Zenk	note	he went home and looked through a hole in the wall	page 21, the set's number and Marr's English prompt (JPM)
set 77	Chinuk Wawa	segmentation	yaka ˈɬatwa kʰupá pi yaka ˈnanich kʰupa uk ˈɬxwap / yaka ˈliplásh	page 21, Joe Peter's Chinuk Wawa, each word over its gloss (JP)
set 77	Henry B. Zenk	gloss	3SG go PREP and 3SG look PREP that hole 3SG.POS plank	page 21
set 78	Henry B. Zenk	note	now there was a youth who was playing at discs	page 21, the set's number and Marr's English prompt (JPM)
set 78	Chinuk Wawa	segmentation	naw ˈalta kʰupá ukuk ˈixt tənəs-ˈman* ɬaska hayu-ˈhihi kʰupá	page 21, Joe Peter's Chinuk Wawa, each word over its gloss (JP)
set 78	Henry B. Zenk	gloss	now now over.there that.one one boy 3PL ongoing-play over.there	page 21
set 78	Henry B. Zenk	note	(*CWDP tənəs-man ‘boy [lit., little-man]’)	page 21, a note to the set
set 79	Henry B. Zenk	note	my brother calls me a branch of the spruce	page 21, the set's number and Marr's English prompt (JPM)
set 79	Chinuk Wawa	segmentation	[ukuk] nayka ˈaw yaka ˈmash kʰupa ˈnayka lima-stik	page 21, Joe Peter's Chinuk Wawa, each word over its gloss (JP)
set 79	Henry B. Zenk	gloss	?that.one 1SG.POS brother3SG throw PREP 1SG branch	page 21
set 79	Chinuk Wawa	segmentation	[yaka] wawa] uk nim uk ˈstik	page 21, Joe Peter's Chinuk Wawa, each word over its gloss (JP)
set 79	Henry B. Zenk	gloss	?3SG say that name that stick	page 21
set 80	Henry B. Zenk	note	my brother twisted me often	page 21, the set's number and Marr's English prompt (JPM)
set 80	Chinuk Wawa	segmentation	[ukuk]nayka aw yaka mamuk	page 21, Joe Peter's Chinuk Wawa, each word over its gloss (JP)
set 80	Henry B. Zenk	gloss	?that 1SG.POS brother3SG do [unfin?]	page 21
set 81	Henry B. Zenk	note	then the panther entered	page 21, the set's number and Marr's English prompt (JPM)
set 81	Chinuk Wawa	segmentation	ukuk ˈswawa yaka chaku-ˈhaws alta	page 21, Joe Peter's Chinuk Wawa, each word over its gloss (JP)
set 81	Henry B. Zenk	gloss	that cougar 3SG comes.in now	page 21
set 81	Henry B. Zenk	note	0:10:18.5	page 22, the time into the sound file
set 82	Henry B. Zenk	note	oh my poor brothers why do you hide yourself before me	page 22, the set's number and Marr's English prompt (JPM)
set 82	Chinuk Wawa	segmentation	na nayka aw ˈqʰata pi mayka mamuk-ipsut* mayka [iɬwəli] kʰupa nayka	page 22, Joe Peter's Chinuk Wawa, each word over its gloss (JP)
set 82	Henry B. Zenk	gloss	.. 1SG.POS brother why? but 2SG hide.it 2SG.POS?flesh PREP 1SG	page 22
set 82	Henry B. Zenk	note	(*CWDP munk-ipsut ‘hide it [lit., make hidden]’)	page 22, a note to the set
set 83	Henry B. Zenk	note	then the youth was ashamed	page 22, the set's number and Marr's English prompt (JPM)
set 83	Chinuk Wawa	segmentation	ukuk ukuk tənəs-ˈman yaka hayash-ˈshim alta	page 22, Joe Peter's Chinuk Wawa, each word over its gloss (JP)
set 83	Henry B. Zenk	gloss	[sttr] that boy 3SG great-shame now	page 22
set 84	Henry B. Zenk	note	he remained there	page 22, the set's number and Marr's English prompt (JPM)
set 84	Chinuk Wawa	segmentation	yaka ˈmiɬayt kʰupá	page 22, Joe Peter's Chinuk Wawa, each word over its gloss (JP)
set 84	Henry B. Zenk	gloss	3SG be.there over.there	page 22
set 85	Henry B. Zenk	note	now the panther gave him good arrows	page 22, the set's number and Marr's English prompt (JPM)
set 85	Chinuk Wawa	segmentation	alta uk alta ukuk hayas-ˈswawa [ya] ˈpaɬæch* yax̣ka	page 22, Joe Peter's Chinuk Wawa, each word over its gloss (JP)
set 85	Henry B. Zenk	gloss	now that now that big-cougar ?3SG give 3SG	page 22
set 85	Chinuk Wawa	segmentation	hayash ˈɬush ka / ˈkaláytən	page 22, Joe Peter's Chinuk Wawa, each word over its gloss (JP)
set 85	Henry B. Zenk	gloss	great good [sttr] arrow	page 22
set 85	Henry B. Zenk	note	(*cf. CWDP palach ‘give’)	page 22, a note to the set
set 86	Henry B. Zenk	note	then the boy went hunting deer	page 22, the set's number and Marr's English prompt (JPM)
set 86	Chinuk Wawa	segmentation	alta ukuk tənəs-ˈman yaka ɬatwa-ˈnanich mawich	page 22, Joe Peter's Chinuk Wawa, each word over its gloss (JP)
set 86	Henry B. Zenk	gloss	then that boy 3SG go-look.for deer	page 22
set 87	Henry B. Zenk	note	then the panther said to his younger brother	page 22, the set's number and Marr's English prompt (JPM)
set 87	Chinuk Wawa	segmentation	ukuk ukuk ˈswawa yaka ˈwawa kʰupa yaka tənəs-ˈaw	page 22, Joe Peter's Chinuk Wawa, each word over its gloss (JP)
set 87	Henry B. Zenk	gloss	[sttr] that cougar 3SG say PREP 3SG.POS little-brother	page 22
set 87	Henry B. Zenk	note	0:11:00.3	page 22, the time into the sound file
set 88	Henry B. Zenk	note	go only this way do not go down the river	page 22, the set's number and Marr's English prompt (JPM)
set 88	Chinuk Wawa	segmentation	mayka ˈɬatwa yakwá wik mayka ˈɬatwa yawá	page 22, Joe Peter's Chinuk Wawa, each word over its gloss (JP)
set 88	Henry B. Zenk	gloss	2SG go here not 2SG go there	page 22
set 88	Chinuk Wawa	segmentation	say[a] ˈkikwəli kʰupa uk ˈchək	page 22, Joe Peter's Chinuk Wawa, each word over its gloss (JP)
set 88	Henry B. Zenk	gloss	far down PREP that water	page 22
set 89	Henry B. Zenk	note	he obeyed and only went up the river	page 22, the set's number and Marr's English prompt (JPM)
set 89	Chinuk Wawa	segmentation	[pi] ˈalta yaka ˈkəmtəks pi yaka ˈɬatwa kʰupa ˈsax̣ali kʰupa uk ˈchək	page 22, Joe Peter's Chinuk Wawa, each word over its gloss (JP)
set 89	Henry B. Zenk	gloss	?and then 3SG understand and 3SG go PREP up PREP that water	page 22
set 90	Henry B. Zenk	note	he grew up	page 23, the set's number and Marr's English prompt (JPM)
set 90	Chinuk Wawa	segmentation	yaka chaku-ˈhayash*	page 23, Joe Peter's Chinuk Wawa, each word over its gloss (JP)
set 90	Henry B. Zenk	gloss	3SG grow.up	page 23
set 90	Henry B. Zenk	note	(*CWDP chaku-hayash ‘grow up [lit., become big]’)	page 23, a note to the set
set 91	Henry B. Zenk	note	one day however he went down the river	page 23, the set's number and Marr's English prompt (JPM)
set 91	Chinuk Wawa	segmentation	ixt ˈsan ya / ixt ˈsan ixt ˈsan alta yaka ˈɬatwa kikwəli ukuk uk ˈchək	page 23, Joe Peter's Chinuk Wawa, each word over its gloss (JP)
set 91	Henry B. Zenk	gloss	one day [sttr sttr] one day then 3SG go down that.one that water	page 23
set 92	Henry B. Zenk	note	he came to a prairie where he found a chicken hawk	page 23, the set's number and Marr's English prompt (JPM)
set 92	Chinuk Wawa	segmentation	yaka ˈqʼoʔ kʰupá kʰupa uk tənəs ɬush-ˈili.i	page 23, Joe Peter's Chinuk Wawa, each word over its gloss (JP)
set 92	Henry B. Zenk	gloss	3SG arrive over.there PREP thatlittle prairie	page 23
set 92	Chinuk Wawa	segmentation	qʰa ukuk / ˈmiɬayt ˈkəlákəla kəmtəks-ˈmawʔn	page 23, Joe Peter's Chinuk Wawa, each word over its gloss (JP)
set 92	Henry B. Zenk	gloss	where that.one be.there bird knows-mountains*	page 23
set 92	Henry B. Zenk	note	(*ev. circumlocution: kəlakələ-kəmtəks-[mountain] ‘bird knowing (having familiarity with) the mountains’)	page 23, a note to the set
set 93	Henry B. Zenk	note	he shot it	page 23, the set's number and Marr's English prompt (JPM)
set 93	Chinuk Wawa	segmentation	yaka ˈpu	page 23, Joe Peter's Chinuk Wawa, each word over its gloss (JP)
set 93	Henry B. Zenk	gloss	3SG shoot	page 23
set 94	Henry B. Zenk	note	and hit its wing	page 23, the set's number and Marr's English prompt (JPM)
set 94	Chinuk Wawa	segmentation	yaka ˈqʼwəɬ kʰupa yaka / [audio glitch]	page 23, Joe Peter's Chinuk Wawa, each word over its gloss (JP)
set 94	Henry B. Zenk	gloss	3SG hit PREP 3SG.POS . . .	page 23
set 94	Henry B. Zenk	note	0:11:48.7	page 23, the time into the sound file
set 95	Henry B. Zenk	note	he fell down and ran and jumping away	page 23, the set's number and Marr's English prompt (JPM)
set 95	Chinuk Wawa	segmentation	yaka ˈtʼɬux̣yawa pi yaka ˈɬatwa / wik-sayá	page 23, Joe Peter's Chinuk Wawa, each word over its gloss (JP)
set 95	Henry B. Zenk	gloss	3SG fall there and 3SG go not-far	page 23
set 96	Henry B. Zenk	note	he chased it for a long distance	page 23, the set's number and Marr's English prompt (JPM)
set 96	Chinuk Wawa	segmentation	yaka mamuk-ˈkuri* sayá yawá	page 23, Joe Peter's Chinuk Wawa, each word over its gloss (JP)
set 96	Henry B. Zenk	gloss	3SG chase.it far there	page 23
set 96	Henry B. Zenk	note	(*CWDP munk-kuri ‘chase, pursue [lit., make-run]’)	page 23, a note to the set
set 97	Henry B. Zenk	note	then he saw a house	page 23, the set's number and Marr's English prompt (JPM)
set 97	Chinuk Wawa	segmentation	yaka ˈnanich uk ˈhaws	page 23, Joe Peter's Chinuk Wawa, each word over its gloss (JP)
set 97	Henry B. Zenk	gloss	3SG see that house	page 23
set 98	Henry B. Zenk	note	the chicken hawk entered the same house	page 23, the set's number and Marr's English prompt (JPM)
set 98	Chinuk Wawa	segmentation	yawa [yaka] ukuk / kəlákəla kəmtəks-ˈmawʔn yaka ˈmiɬayt kʰupá	page 23, Joe Peter's Chinuk Wawa, each word over its gloss (JP)
set 98	Henry B. Zenk	gloss	there?3SG that bird knowing-mountains 3SG be.there over.there	page 23
set 99	Henry B. Zenk	note	then he went on slowly	page 24, the set's number and Marr's English prompt (JPM)
set 99	Chinuk Wawa	segmentation	alta yaka ˈɬatwa ɬawá	page 24, Joe Peter's Chinuk Wawa, each word over its gloss (JP)
set 99	Henry B. Zenk	gloss	then 3SG go slow	page 24
set 100	Henry B. Zenk	note	he thought	page 24, the set's number and Marr's English prompt (JPM)
set 100	Chinuk Wawa	segmentation	yaka ˈtəmtəm	page 24, Joe Peter's Chinuk Wawa, each word over its gloss (JP)
set 100	Henry B. Zenk	gloss	3SG think	page 24
set 101	Henry B. Zenk	note	oh they will kill me I had better turn back	page 24, the set's number and Marr's English prompt (JPM)
set 101	Chinuk Wawa	segmentation	alaxti*ɬaska mamuk-ˈmiməlus** nayka ˈɬush nayka [ˈmamuk] kʼilapay	page 24, Joe Peter's Chinuk Wawa, each word over its gloss (JP)
set 101	Henry B. Zenk	gloss	maybe 3PL kill.it 1SG best 1SG ?make return	page 24
set 101	Henry B. Zenk	note	(*CWDP alaxti ‘maybe, almost’; **CDWP munk-miməlust ‘to kill [lit., make-dead]’)	page 24, a note to the set
set 102	Henry B. Zenk	note	but I like my arrows so well	page 24, the set's number and Marr's English prompt (JPM)
set 102	Chinuk Wawa	segmentation	.. nayka / .. nayka hayash-ˈtiki nayka kal / ˈkaláytən	page 24, Joe Peter's Chinuk Wawa, each word over its gloss (JP)
set 102	Henry B. Zenk	gloss	[sttr] 1SG greatly-like 1SG.POS [sttr] arrows	page 24
set 102	Henry B. Zenk	note	0:12:28.4	page 24, the time into the sound file
set 103	Henry B. Zenk	note	I must go in	page 24, the set's number and Marr's English prompt (JPM)
set 103	Chinuk Wawa	segmentation	ɬush nayka ˈɬatwa kʰupá	page 24, Joe Peter's Chinuk Wawa, each word over its gloss (JP)
set 103	Henry B. Zenk	gloss	best 1SG go over.there	page 24
set 104	Henry B. Zenk	note	then he entered the house	page 24, the set's number and Marr's English prompt (JPM)
set 104	Chinuk Wawa	segmentation	alta yaka ɬatwa-ˈnanich kʰupá	page 24, Joe Peter's Chinuk Wawa, each word over its gloss (JP)
set 104	Henry B. Zenk	gloss	then 3SG go-look over.there	page 24
set 105	Henry B. Zenk	note	standing at the door	page 24, the set's number and Marr's English prompt (JPM)
set 105	Chinuk Wawa	segmentation	yaka ˈmitxwit yawá kʰupa ˈlapót	page 24, Joe Peter's Chinuk Wawa, each word over its gloss (JP)
set 105	Henry B. Zenk	gloss	3SG stand there PREP door	page 24
set 106	Henry B. Zenk	note	the house was full of people who looked at his arrow	page 24, the set's number and Marr's English prompt (JPM)
set 106	Chinuk Wawa	segmentation	kʰanawi uk tilixam ɬaska yaka ˈpatɬ kʰupá yaka ˈnanich yaka ˈkaláytən	page 24, Joe Peter's Chinuk Wawa, each word over its gloss (JP)
set 106	Henry B. Zenk	gloss	all those people 3PL 3SG full over.there 3SG look 3SG.POS arrows	page 24
set 106	Henry B. Zenk	note	(?‘those people ɬaska (they) the ones (yaka) being full over there’: possible use of 3SG yaka as a relative pronoun? — resumed by yaka in yaka nanich: ‘...who looked’)	page 24, a note to the set
set 107	Henry B. Zenk	note	all the people looked at it	page 24, the set's number and Marr's English prompt (JPM)
set 107	Chinuk Wawa	segmentation	kʰanawi ukuk ˈtilixam ɬaska ˈnanichukuk	page 24, Joe Peter's Chinuk Wawa, each word over its gloss (JP)
set 107	Henry B. Zenk	gloss	all those people 3PL look that.one	page 24
set 108	Henry B. Zenk	note	they gave the arrow to a bird who looked at it	page 24, the set's number and Marr's English prompt (JPM)
set 108	Chinuk Wawa	segmentation	ɬaska ˈpaɬæch ukuk ˈkaláytən kʰupa uk tənəs-maʔ / ixt ˈman yaka ˈnanich	page 24, Joe Peter's Chinuk Wawa, each word over its gloss (JP)
set 108	Henry B. Zenk	gloss	3PL give that arrow PREP that boy [unfin] one man 3SG look	page 24
set 108	Henry B. Zenk	note	(CT 195, from which JPM is reading, says “Blue Jay,” not bird; JP repeats as “boy” before correcting himself to “a (=one) man”)	page 24, a note to the set
set 109	Henry B. Zenk	note	then the young man said	page 25, the set's number and Marr's English prompt (JPM)
set 109	Chinuk Wawa	segmentation	ukuk ukuk tənəs-ˈman yaka ˈwawa	page 25, Joe Peter's Chinuk Wawa, each word over its gloss (JP)
set 109	Henry B. Zenk	gloss	[sttr] that boy 3SG says	page 25
set 109	Henry B. Zenk	note	0:13:06.3	page 25, the time into the sound file
set 110	Henry B. Zenk	note	give me my arrow	page 25, the set's number and Marr's English prompt (JPM)
set 110	Chinuk Wawa	segmentation	ˈpaɬæch nayka / ˈkaláytən	page 25, Joe Peter's Chinuk Wawa, each word over its gloss (JP)
set 110	Henry B. Zenk	gloss	give 1SG arrow	page 25
set 111	Henry B. Zenk	note	it is not your arrows / you bad man	page 25, the set's number and Marr's English prompt (JPM)
set 111	Chinuk Wawa	segmentation	wik ukuk ˈmisáyka misáyka ˈkʰaltash* [yaka uk] man /	page 25, Joe Peter's Chinuk Wawa, each word over its gloss (JP)
set 111	Henry B. Zenk	gloss	not those 2PL.POS 2PL worthless? 3SG?that man	page 25
set 111	Chinuk Wawa	segmentation	misáyka masháchi ˈman	page 25, Joe Peter's Chinuk Wawa, each word over its gloss (JP)
set 111	Henry B. Zenk	gloss	2PL bad-man	page 25
set 111	Henry B. Zenk	note	(*CWDP kʰəltəs (sense 4:) ‘worthless, no good’)	page 25, a note to the set
set 112	Henry B. Zenk	note	again the people looked at the arrow	page 25, the set's number and Marr's English prompt (JPM)
set 112	Chinuk Wawa	segmentation	ukuk ˈtilixam ɬaska ˈnanich [aɬqi wəx̣t] ˈkaláytən	page 25, Joe Peter's Chinuk Wawa, each word over its gloss (JP)
set 112	Henry B. Zenk	gloss	those people 3PL look.at?later?again arrow	page 25
set 113	Henry B. Zenk	note	and they said	page 25, the set's number and Marr's English prompt (JPM)
set 113	Chinuk Wawa	segmentation	ɬaska ˈwawa	page 25, Joe Peter's Chinuk Wawa, each word over its gloss (JP)
set 113	Henry B. Zenk	gloss	3PL say	page 25
set 114	Henry B. Zenk	note	to what chief may this arrow belong	page 25, the set's number and Marr's English prompt (JPM)
set 114	Chinuk Wawa	segmentation	ɬaksta tayí yaka ˈkaláytən yaka / miɬayt	page 25, Joe Peter's Chinuk Wawa, each word over its gloss (JP)
set 114	Henry B. Zenk	gloss	who? chief 3SG.POS arrow 3SG possess	page 25
set 115	Henry B. Zenk	note	it is a good arrow	page 25, the set's number and Marr's English prompt (JPM)
set 115	Chinuk Wawa	segmentation	ukuk hayash-ɬush ˈkaláytən	page 25, Joe Peter's Chinuk Wawa, each word over its gloss (JP)
set 115	Henry B. Zenk	gloss	that great-good arrow	page 25
set 116	Henry B. Zenk	note	[they] gave it to the bird	page 25, the set's number and Marr's English prompt (JPM)
set 116	Chinuk Wawa	segmentation	ɬaska ˈpaɬæch kʼilapay kʰupa ukuk ˈkəlákəla	page 25, Joe Peter's Chinuk Wawa, each word over its gloss (JP)
set 116	Henry B. Zenk	gloss	3PL give back PREP that bird	page 25
set 116	Henry B. Zenk	note	0:13:43.8	page 25, the time into the sound file
set 117	Henry B. Zenk	note	give me my double-pointed arrow	page 25, the set's number and Marr's English prompt (JPM)
set 117	Chinuk Wawa	segmentation	ˈpaɬæch nayka ukuk makwst nayka yaka ˈɬush [yakʼisiɬ]*	page 25, Joe Peter's Chinuk Wawa, each word over its gloss (JP)
set 117	Henry B. Zenk	gloss	give 1SG that two 1SG.POS 3SG well ?sharp	page 25
set 117	Henry B. Zenk	note	(*?cf. CWDP 303 yakʼisiɬ ‘sharp’)	page 25, a note to the set
set 118	Henry B. Zenk	note	we’ll take	page 26, the set's number and Marr's English prompt (JPM)
set 118	Chinuk Wawa	segmentation	nisáyka .. / ˈiskam ukuk	page 26, Joe Peter's Chinuk Wawa, each word over its gloss (JP)
set 118	Henry B. Zenk	gloss	1PL take that.one	page 26
set 119	Henry B. Zenk	note	then the young one / young man arose / and took it	page 26, the set's number and Marr's English prompt (JPM)
set 119	Chinuk Wawa	segmentation	alta ukuk ix tənəs-ˈman yaka ˈmitxwit yaka ˈiskam	page 26, Joe Peter's Chinuk Wawa, each word over its gloss (JP)
set 119	Henry B. Zenk	gloss	then that one boy 3SG stands 3SG takes	page 26
set 120	Henry B. Zenk	note	he shook himself	page 26, the set's number and Marr's English prompt (JPM)
set 120	Chinuk Wawa	segmentation	yaka mamuk-[ixwəl]* yax̣ka / iɬwəli	page 26, Joe Peter's Chinuk Wawa, each word over its gloss (JP)
set 120	Henry B. Zenk	gloss	3SG ?shakes.it 3SG.EMPH body	page 26
set 120	Henry B. Zenk	note	(*cf. CWDP x̣ələl ‘shake’; JP may have a different word-form, perhaps from the same original Chinookan source: cf. CT 60.9 <ixElÉl> [ix̣ələ́l] ‘he moves’)	page 26, a note to the set
set 121	Henry B. Zenk	note	his body was covered with dentalia	page 26, the set's number and Marr's English prompt (JPM)
set 121	Chinuk Wawa	segmentation	yaka a yaka / yaka iɬwəli / ˈpatɬ kʰupa ukuk hayu ˈyakʼísiɬ-ikta	page 26, Joe Peter's Chinuk Wawa, each word over its gloss (JP)
set 121	Henry B. Zenk	gloss	3SG [sttr] 3SG 3SG body full PREP those many sharp-things	page 26
set 121	Henry B. Zenk	note	(hayu yakʼisiɬ-ikta is a circumlocution, perhaps reflecting off-audio explanation by JPM?)	page 26, a note to the set
set 122	Henry B. Zenk	note	then the chicken hawk flew on in in the house assumed the shape of a woman followed the chief [sic!]	page 26, the set's number and Marr's English prompt (JPM)
set 122	Chinuk Wawa	segmentation	yaka uk / yaka uk kəlákəla yaka kəmtəks-ˈmawʔn [tilixam]	page 26, Joe Peter's Chinuk Wawa, each word over its gloss (JP)
set 122	Henry B. Zenk	gloss	3SG that 3SG that bird 3SG knowing-mountains?person	page 26
set 122	Chinuk Wawa	segmentation	yaka ˈchaku [kʰawak .. kʰawakta]*tʰil alta yaka [ch]aku-ˈx̣luyim[a]**	page 26, Joe Peter's Chinuk Wawa, each word over its gloss (JP)
set 122	Henry B. Zenk	gloss	3SG comes?flies ?flies? until then 3SG changes	page 26
set 122	Henry B. Zenk	note	(*very uncertainly caught: cf. CDWP 290 qʰawaq ‘to fly’; **CWDP chaku-x̣luyma ‘change, transform [lit., become different]’)	page 26, a note to the set
set 123	Henry B. Zenk	note	they went and went and went	page 26, the set's number and Marr's English prompt (JPM)
set 123	Chinuk Wawa	segmentation	alta yaka ˈɬatwa	page 26, Joe Peter's Chinuk Wawa, each word over its gloss (JP)
set 123	Henry B. Zenk	gloss	then 3SG goes	page 26
set 123	Henry B. Zenk	note	0:14:32.8	page 26, the time into the sound file
set 124	Henry B. Zenk	note	until he finally came to his older brother’s house	page 26, the set's number and Marr's English prompt (JPM)
set 124	Chinuk Wawa	segmentation	alta yaka ˈqʼoʔ kʰupa [ukuk] oldmæn ya olmæn yaka ˈaw*	page 26, Joe Peter's Chinuk Wawa, each word over its gloss (JP)
set 124	Henry B. Zenk	gloss	then 3SG arrive PREP ?that old.man [sttr] senior 3SG brother	page 26
set 124	Henry B. Zenk	note	(*olmæn yaka aw:?’senior it (yaka) is (the) brother [the senior person who is his brother]’)	page 26, a note to the set
set 125	Henry B. Zenk	note	he hid himself inside	page 26, the set's number and Marr's English prompt (JPM)
set 125	Chinuk Wawa	segmentation	yaka mamuk-ˈipsut yax̣ka yawá ˈɬax̣ani	page 26, Joe Peter's Chinuk Wawa, each word over its gloss (JP)
set 125	Henry B. Zenk	gloss	3SG hides 3SG.EMPH there outside	page 26
set 125	Henry B. Zenk	note	(JP apparently heard “outside,” not “inside”)	page 26, a note to the set
set 126	Henry B. Zenk	note	the [old] woman entered the house and did not see anybody	page 27, the set's number and Marr's English prompt (JPM)
set 126	Chinuk Wawa	segmentation	ukuk yaka [kəlá(y)tən*] yaka ˈɬatwa-haws** pi wik-ɬaksta yaka ˈnanich	page 27, Joe Peter's Chinuk Wawa, each word over its gloss (JP)
set 126	Henry B. Zenk	gloss	that 3SG ?arrow 3SG go.inside and nobody 3SG see	page 27
set 126	Henry B. Zenk	note	(*misheard? misspoken?; **CWDP ɬatwa-haws ‘go into the house’)	page 27, a note to the set
set 127	Henry B. Zenk	note	she thought	page 27, the set's number and Marr's English prompt (JPM)
set 127	Chinuk Wawa	segmentation	yaka ˈtəmtəm	page 27, Joe Peter's Chinuk Wawa, each word over its gloss (JP)
set 127	Henry B. Zenk	gloss	3SG thinks	page 27
set 128	Henry B. Zenk	note	where may that youth have gone?	page 27, the set's number and Marr's English prompt (JPM)
set 128	Chinuk Wawa	segmentation	qʰa qʰa uk tənəs-tilixam ɬaska ˈɬatwa	page 27, Joe Peter's Chinuk Wawa, each word over its gloss (JP)
set 128	Henry B. Zenk	gloss	[sttr] where? that child 3PL go	page 27
set 129	Henry B. Zenk	note	in the evening the panther came home	page 27, the set's number and Marr's English prompt (JPM)
set 129	Chinuk Wawa	segmentation	alta tənəs-pulakʰli yaka uk ˈswawa yaka chaku-ˈkʼilapay	page 27, Joe Peter's Chinuk Wawa, each word over its gloss (JP)
set 129	Henry B. Zenk	gloss	then evening 3SG that cougar 3SG come-return	page 27
set 130	Henry B. Zenk	note	now there was a woman / in this house	page 27, the set's number and Marr's English prompt (JPM)
set 130	Chinuk Wawa	segmentation	alta ukuk ˈɬuchmən [ya] kʰupá ˈkʰupá yaka ˈhaws	page 27, Joe Peter's Chinuk Wawa, each word over its gloss (JP)
set 130	Henry B. Zenk	gloss	now that woman ?3SG over.there over.there.at 3SG.POS house	page 27
set 130	Henry B. Zenk	note	0:15:13.9	page 27, the time into the sound file
set 131	Henry B. Zenk	note	he thought	page 27, the set's number and Marr's English prompt (JPM)
set 131	Chinuk Wawa	segmentation	yaka ˈtəmtəm	page 27, Joe Peter's Chinuk Wawa, each word over its gloss (JP)
set 131	Henry B. Zenk	gloss	3SG thinks	page 27
set 132	Henry B. Zenk	note	certainly he went down the river	page 27, the set's number and Marr's English prompt (JPM)
set 132	Chinuk Wawa	segmentation	nawitka [mey] yaka ˈɬatwa [kə] kikwəli kʰupa ukuk ˈchək	page 27, Joe Peter's Chinuk Wawa, each word over its gloss (JP)
set 132	Henry B. Zenk	gloss	indeed ?? 3SG go [sttr] down PREP that water	page 27
set 133	Henry B. Zenk	note	then he married the woman	page 27, the set's number and Marr's English prompt (JPM)
set 133	Chinuk Wawa	segmentation	alta yaka miɬayt ˈɬuchmən iskam ɬuchmən kʰupá	page 27, Joe Peter's Chinuk Wawa, each word over its gloss (JP)
set 133	Henry B. Zenk	gloss	then 3SG possess woman get woman over.there	page 27
set 134	Henry B. Zenk	note	she thought	page 27, the set's number and Marr's English prompt (JPM)
set 134	Chinuk Wawa	segmentation	yaka ˈtəmtəm	page 27, Joe Peter's Chinuk Wawa, each word over its gloss (JP)
set 134	Henry B. Zenk	gloss	3SG thinks	page 27
set 135	Henry B. Zenk	note	when did that youth come home	page 27, the set's number and Marr's English prompt (JPM)
set 135	Chinuk Wawa	segmentation	qʰənchi [yax̣ka uk ˈyouth pi] ya chaku-ˈkʼilapay	page 27, Joe Peter's Chinuk Wawa, each word over its gloss (JP)
set 135	Henry B. Zenk	gloss	when ?3SG.EMPH?that?youth ?but 3SG come-return	page 27
set 136	Henry B. Zenk	note	on the following day she searched for him	page 27, the set's number and Marr's English prompt (JPM)
set 136	Chinuk Wawa	segmentation	yaka .. / ukuk hayash [uk] san yaka [??] kʰupá [aɬq]	page 27, Joe Peter's Chinuk Wawa, each word over its gloss (JP)
set 136	Henry B. Zenk	gloss	3SG [sttr] that big ?the day 3SG ?? over.there [unfin]	page 27
set 137	Henry B. Zenk	note	she searched / she turned over [all] the elk skins until it turned dark	page 28, the set's number and Marr's English prompt (JPM)
set 137	Chinuk Wawa	segmentation	yaka mamuk-ˈkʼilapay* kʰanawi ukuk / mulakyaka skin	page 28, Joe Peter's Chinuk Wawa, each word over its gloss (JP)
set 137	Henry B. Zenk	gloss	3SG turn.over all those elk 3SG.POS skin	page 28
set 137	Chinuk Wawa	segmentation	əntʰɪ́l [ˈwik] yaka pulakʰli	page 28, Joe Peter's Chinuk Wawa, each word over its gloss (JP)
set 137	Henry B. Zenk	gloss	until?not 3SG night	page 28
set 137	Henry B. Zenk	note	(*CWDP munk-kʼilapay ‘reverse it, turn it back’)	page 28, a note to the set
set 138	Henry B. Zenk	note	she continued two days	page 28, the set's number and Marr's English prompt (JPM)
set 138	Chinuk Wawa	segmentation	yaka mamuk ˈkʰakwa makst ˈsan	page 28, Joe Peter's Chinuk Wawa, each word over its gloss (JP)
set 138	Henry B. Zenk	gloss	3SG do thus two days	page 28
set 138	Henry B. Zenk	note	0:15:53.4	page 28, the time into the sound file
set 139	Henry B. Zenk	note	then she searched through all the skins on one side of the house	page 28, the set's number and Marr's English prompt (JPM)
set 139	Chinuk Wawa	segmentation	alta yaka mamuk-ˈkʼilapay kʰanawi ukuk ˈskin	page 28, Joe Peter's Chinuk Wawa, each word over its gloss (JP)
set 139	Henry B. Zenk	gloss	then 3SG turn.over all those skins	page 28
set 139	Chinuk Wawa	segmentation	kʰupa ˈixt [kʰupa-ukuk] ˈhaws	page 28, Joe Peter's Chinuk Wawa, each word over its gloss (JP)
set 139	Henry B. Zenk	gloss	PREP one ?PREP-that.one house	page 28
set 140	Henry B. Zenk	note	now she searched / at the other side of the house	page 28, the set's number and Marr's English prompt (JPM)
set 140	Chinuk Wawa	segmentation	alta ixt [wəx̣t] alta yaka mamuk-ˈkʼilapay-kʼilapay* .. ˈkʼilapay kʰanawi	page 28, Joe Peter's Chinuk Wawa, each word over its gloss (JP)
set 140	Henry B. Zenk	gloss	then one?again now 3SG turn.over-over over all	page 28
set 140	Henry B. Zenk	note	(*CWDP munk-kʼilapay-kʼilapay ‘turn it over and over, roll it’; triple repetition here?)	page 28, a note to the set
set 141	Henry B. Zenk	note	she turned over all the elkskins	page 28, the set's number and Marr's English prompt (JPM)
set 141	Chinuk Wawa	segmentation	yaka mamuk-ˈkʼilapay-kʼilapay ˈkʰanawi	page 28, Joe Peter's Chinuk Wawa, each word over its gloss (JP)
set 141	Henry B. Zenk	gloss	3SG turn.over-over all	page 28
set 142	Henry B. Zenk	note	finally she found him	page 28, the set's number and Marr's English prompt (JPM)
set 142	Chinuk Wawa	segmentation	alta yaka ˈtʼɬap yax̣ka	page 28, Joe Peter's Chinuk Wawa, each word over its gloss (JP)
set 142	Henry B. Zenk	gloss	then 3SG find 3SG.EMPH	page 28
set 143	Henry B. Zenk	note	sleeping under the skin	page 28, the set's number and Marr's English prompt (JPM)
set 143	Chinuk Wawa	segmentation	ˈmusum yaka ˈmusum antʰap əvə [ukuk a] / pəs / pasisi	page 28, Joe Peter's Chinuk Wawa, each word over its gloss (JP)
set 143	Henry B. Zenk	gloss	sleep 3SG sleep on top of a that.one [sttr] [sttr] blanket	page 28
set 144	Henry B. Zenk	note	she took some grease / and / and elk hooves	page 28, the set's number and Marr's English prompt (JPM)
set 144	Chinuk Wawa	segmentation	yaka ˈiskam .. mulak yaka ˈlepʰyi pi ˈklis	page 28, Joe Peter's Chinuk Wawa, each word over its gloss (JP)
set 144	Henry B. Zenk	gloss	3SG take elk 3SG.POS foot and grease	page 28
set 145	Henry B. Zenk	note	she made a fire and roasted the hoofs	page 29, the set's number and Marr's English prompt (JPM)
set 145	Chinuk Wawa	segmentation	yaka ˈmamuk paya [alta]	page 29, Joe Peter's Chinuk Wawa, each word over its gloss (JP)
set 145	Henry B. Zenk	gloss	3SG makes fire ?now	page 29
set 145	Chinuk Wawa	segmentation	yaka mamuk-ˈpaya* alta uk / ˈlipʰyí kʰanawi	page 29, Joe Peter's Chinuk Wawa, each word over its gloss (JP)
set 145	Henry B. Zenk	gloss	3SG cooks.it then those feet all	page 29
set 145	Henry B. Zenk	note	(*CWDP munk-paya (sense 2) ‘cook it’)	page 29, a note to the set
set 145	Henry B. Zenk	note	0:16:40.4	page 29, the time into the sound file
set 146	Henry B. Zenk	note	and [when] they were done she pounded them	page 29, the set's number and Marr's English prompt (JPM)
set 146	Chinuk Wawa	segmentation	yaka .. kʰu / ɬaska ˈkʰupít alta [uk] ˈlepʰyé	page 29, Joe Peter's Chinuk Wawa, each word over its gloss (JP)
set 146	Henry B. Zenk	gloss	3SG [sttr] 3PL stop then ?those feet	page 29
set 146	Chinuk Wawa	segmentation	yaka mamuk- / ˈqʼwəɬ-qʼwəɬ ɬaska	page 29, Joe Peter's Chinuk Wawa, each word over its gloss (JP)
set 146	Henry B. Zenk	gloss	3SG make strike-strike 3PL	page 29
set 147	Henry B. Zenk	note	she took some soot and mixed it with hair of an elk’s nose	page 29, the set's number and Marr's English prompt (JPM)
set 147	Chinuk Wawa	segmentation	yaka iskam tunus /tunus paya-stik kʰanawi [ˈɬe.il tu mamuk ..] kʰupá	page 29, Joe Peter's Chinuk Wawa, each word over its gloss (JP)
set 147	Henry B. Zenk	gloss	3SG take little little burnt-stick all ?black?to make?? over.there	page 29
set 148	Henry B. Zenk	note	now she mixed it [with along with every thing else]	page 29, the set's number and Marr's English prompt (JPM)
set 148	Chinuk Wawa	segmentation	alta yaka ˈmamuk kʰanu / ˈkʰanumákwst ukuk kʰupa kʰanawi-ˈikta	page 29, Joe Peter's Chinuk Wawa, each word over its gloss (JP)
set 148	Henry B. Zenk	gloss	now 3SG makes all together that.one PREP every-thing	page 29
set 149	Henry B. Zenk	note	when it grew / grew dark he awoke	page 29, the set's number and Marr's English prompt (JPM)
set 149	Chinuk Wawa	segmentation	yaka chaku-ˈpulakʰli alta yaka chaku-ˈmiɬayt	page 29, Joe Peter's Chinuk Wawa, each word over its gloss (JP)
set 149	Henry B. Zenk	gloss	3SG become-night then 3SG become-be.there	page 29
set 150	Henry B. Zenk	note	now his nostrils felt sore	page 29, the set's number and Marr's English prompt (JPM)
set 150	Chinuk Wawa	segmentation	alta alta yaka / [unfin]	page 29, Joe Peter's Chinuk Wawa, each word over its gloss (JP)
set 150	Henry B. Zenk	gloss	now now 3SG	page 29
set 151	Henry B. Zenk	note	oh my younger brother	page 29, the set's number and Marr's English prompt (JPM)
set 151	Chinuk Wawa	segmentation	alta yaka chaku-ˈsik yaka ˈaw o nayka tunús-ˈaw.	page 29, Joe Peter's Chinuk Wawa, each word over its gloss (JP)
set 151	Henry B. Zenk	gloss	now 3SG become-sick 3SG.POS brother oh 1SG.POS little-brother	page 29
set 151	Henry B. Zenk	note	0:17:26.3	page 29, the time into the sound file
set 152	Henry B. Zenk	note	your nose is transformed into an elk’s nose	page 29, the set's number and Marr's English prompt (JPM)
set 152	Chinuk Wawa	segmentation	ukuk mayka ˈmuqsin* yaka chaku mulak yaka muqsin kʰakwa	page 29, Joe Peter's Chinuk Wawa, each word over its gloss (JP)
set 152	Henry B. Zenk	gloss	that 2SG.POS nose 3SG become elk 3SG.POS nose like	page 29
set 152	Henry B. Zenk	note	(*CWDP 286 məqʰəsən ‘nose’; Cowlitz mə́qsn ‘nose’)	page 29, a note to the set
set 153	Henry B. Zenk	note	oh my older brother	page 30, the set's number and Marr's English prompt (JPM)
set 153	Chinuk Wawa	segmentation	o nax * ukuk nayka / [aw] nayka ˈaw	page 30, Joe Peter's Chinuk Wawa, each word over its gloss (JP)
set 153	Henry B. Zenk	gloss	oh?INTERJ that.one 1SG.POS [sttr] 1SG.POS brother	page 30
set 153	Henry B. Zenk	note	(*?cf. CWDP nəx (var. of nəʔ) INTERJ)	page 30, a note to the set
set 154	Henry B. Zenk	note	hoofs / are growing on my feet	page 30, the set's number and Marr's English prompt (JPM)
set 154	Chinuk Wawa	segmentation	uk mulak yaka ˈlipʰyi kʰupa ..	page 30, Joe Peter's Chinuk Wawa, each word over its gloss (JP)
set 154	Henry B. Zenk	gloss	those elk 3SG.POS?feet PREP [sttr]	page 30
set 154	Chinuk Wawa	segmentation	ukuk / chaku-ˈhayásh kʰupa nayka ˈlipʰyí	page 30, Joe Peter's Chinuk Wawa, each word over its gloss (JP)
set 154	Henry B. Zenk	gloss	?those grow PREP 1SG.POS feet	page 30
set 155	Henry B. Zenk	note	I cannot help you	page 30, the set's number and Marr's English prompt (JPM)
set 155	Chinuk Wawa	segmentation	wik nayka wik ˈqʰaqwitɬ* pus nayka ˈelán** mayka	page 30, Joe Peter's Chinuk Wawa, each word over its gloss (JP)
set 155	Henry B. Zenk	gloss	not 1SG not unable for 1SG help 2SG	page 30
set 155	Henry B. Zenk	note	(*CWDP qʰawqwaɬ (var. of x̣awqaɬ) ‘unable, can’t’; **CWDP yeʔlan ‘help, assistance’)	page 30, a note to the set
set 156	Henry B. Zenk	note	and the following morning the elkskins arose	page 30, the set's number and Marr's English prompt (JPM)
set 156	Chinuk Wawa	segmentation	alta kʰəm nekst ˈsan kʰanawi ukuk yaka ˈmitxwit alta	page 30, Joe Peter's Chinuk Wawa, each word over its gloss (JP)
set 156	Henry B. Zenk	gloss	then come next day all those 3SG stand now	page 30
set 156	Chinuk Wawa	segmentation	uk ˈmulak yaka skin	page 30, Joe Peter's Chinuk Wawa, each word over its gloss (JP)
set 156	Henry B. Zenk	gloss	those elk 3SG.POS skin	page 30
set 157	Henry B. Zenk	note	and became elk	page 30, the set's number and Marr's English prompt (JPM)
set 157	Chinuk Wawa	segmentation	yaka chaku-ˈmulák alta kʰanawí	page 30, Joe Peter's Chinuk Wawa, each word over its gloss (JP)
set 157	Henry B. Zenk	gloss	3SG become-elk now all	page 30
set 157	Henry B. Zenk	note	0:18:05.2	page 30, the time into the sound file
set 158	Henry B. Zenk	note	the youth arose	page 30, the set's number and Marr's English prompt (JPM)
set 158	Chinuk Wawa	segmentation	alta pus ɬaska mamuk-ˈpaya [taɬlam]	page 30, Joe Peter's Chinuk Wawa, each word over its gloss (JP)
set 158	Henry B. Zenk	gloss	then ?would 3PL burn.it ?ten	page 30
set 158	Henry B. Zenk	note	(Here and there, JP’s translations reflect his own perceptions of the story behind JPM’s words; only here, it is hard to fathom his meaning: ‘then they would burn ten (of what?)’ ???)	page 30, a note to the set
set 159	Henry B. Zenk	note	he became a spirit	page 30, the set's number and Marr's English prompt (JPM)
set 159	Chinuk Wawa	segmentation	alta ya.. / alta yaka ˈchaku ukuk x̣luyma ˈtilixam	page 30, Joe Peter's Chinuk Wawa, each word over its gloss (JP)
set 159	Henry B. Zenk	gloss	then [sttr] then 3SG become that different person	page 30
set 159	Chinuk Wawa	segmentation	yawa .. miməlus-ˈili.i*	page 30, Joe Peter's Chinuk Wawa, each word over its gloss (JP)
set 159	Henry B. Zenk	gloss	there?? cemetery	page 30
set 159	Henry B. Zenk	note	(*CWDP miməlust-iliʔi ‘cemetery [lit., dead-land]’)	page 30, a note to the set
set 160	Henry B. Zenk	note	then he went out	page 31, the set's number and Marr's English prompt (JPM)
set 160	Chinuk Wawa	segmentation	alta yaka ɬatwa-ˈɬax̣ani	page 31, Joe Peter's Chinuk Wawa, each word over its gloss (JP)
set 160	Henry B. Zenk	gloss	then 3SG go-outside	page 31
set 161	Henry B. Zenk	note	then all the elks arose and went into the woods	page 31, the set's number and Marr's English prompt (JPM)
set 161	Chinuk Wawa	segmentation	alta kʰanawi ukuk ˈmulak ɬaska ˈmitxwit	page 31, Joe Peter's Chinuk Wawa, each word over its gloss (JP)
set 161	Henry B. Zenk	gloss	then all those elk 3PL stand	page 31
set 161	Chinuk Wawa	segmentation	pi ɬaska ˈɬatwa yawá kʰupa ˈstik	page 31, Joe Peter's Chinuk Wawa, each word over its gloss (JP)
set 161	Henry B. Zenk	gloss	and 3PL go there PREP wood	page 31
set 162	Henry B. Zenk	note	the other panther took the woman [at] her arm	page 31, the set's number and Marr's English prompt (JPM)
set 162	Chinuk Wawa	segmentation	ukuk ˈswawa yaka iskam ukuk ˈɬuchmən kʰupa yaka limá	page 31, Joe Peter's Chinuk Wawa, each word over its gloss (JP)
set 162	Henry B. Zenk	gloss	that cougar 3SG takes that woman PREP 3SG.POS arm	page 31
set 163	Henry B. Zenk	note	he carried her out of the house	page 31, the set's number and Marr's English prompt (JPM)
set 163	Chinuk Wawa	segmentation	yaka ˈlulu yaka ˈɬax̣ani kʰupa ukuk ˈhaws	page 31, Joe Peter's Chinuk Wawa, each word over its gloss (JP)
set 163	Henry B. Zenk	gloss	3SG bring 3SG outside PREP that house	page 31
set 163	Henry B. Zenk	note	note: JP’s normally rapid delivery seems to speed up towards the end of this track, making these last half-dozen segments rather difficult to follow — transcription in doubt!	page 31, the transcriber's note to the set
set 163	Henry B. Zenk	note	0:18:50.2	page 31, the time into the sound file
set 164	Henry B. Zenk	note	and shook her till all her [skin] fell down	page 31, the set's number and Marr's English prompt (JPM)
set 164	Chinuk Wawa	segmentation	yaka mamuk-ˈixwəl* alta	page 31, Joe Peter's Chinuk Wawa, each word over its gloss (JP)
set 164	Henry B. Zenk	gloss	3SG shake.it then	page 31
set 164	Chinuk Wawa	segmentation	[x̣ələqɬ-x̣ələqɬ ˈx̣ələqɬ**] uk kʰanawi yaka ˈiɬwəli uk [ˈtʼɬux̣the ground]	page 31, Joe Peter's Chinuk Wawa, each word over its gloss (JP)
set 164	Henry B. Zenk	gloss	?opens-opens ?opens that all 3SG.POS flesh that?fall to?the ground]	page 31
set 164	Henry B. Zenk	note	(*see 120; **CWDP x̣alaqɬ ‘open’; triple repetition?)	page 31, a note to the set
set 165	Henry B. Zenk	note	he threw her down and said	page 31, the set's number and Marr's English prompt (JPM)
set 165	Chinuk Wawa	segmentation	yaka ˈmash yax̣ka [tʼɬux̣] [pi] yaka ˈwawa	page 31, Joe Peter's Chinuk Wawa, each word over its gloss (JP)
set 165	Henry B. Zenk	gloss	3SG throw 3SG.EMPH?fall ?and 3SG say	page 31
set 166	Henry B. Zenk	note	your name shall be chicken-hawk	page 31, the set's number and Marr's English prompt (JPM)
set 166	Chinuk Wawa	segmentation	nayka mamuk / nayka [mamuk-nim] [kləklə] kəmtəks ../	page 31, Joe Peter's Chinuk Wawa, each word over its gloss (JP)
set 166	Henry B. Zenk	gloss	1SG make 1SG ?name.it ?bird knowing	page 31
set 166	Chinuk Wawa	segmentation	uk kəlákəla ˈkəmtəks-mawʔn kʰanawi-ˈikta	page 31, Joe Peter's Chinuk Wawa, each word over its gloss (JP)
set 166	Henry B. Zenk	gloss	that bird knowing-mountains every-thing	page 31
set 167	Henry B. Zenk	note	and from now on you will never make chiefs unhappy	page 32, the set's number and Marr's English prompt (JPM)
set 167	Chinuk Wawa	segmentation	ukuk / ukuk [?? pi] hilu hilu-ɬaksta pus munk [nu] sik-təmtəm*	page 32, Joe Peter's Chinuk Wawa, each word over its gloss (JP)
set 167	Henry B. Zenk	gloss	that that ???but [sttr] lacking-who for make?new sadness	page 32
set 167	Henry B. Zenk	note	(*CWDP sik-təmtəm ‘sorry, sad, regretful’)	page 32, a note to the set
set 168	Henry B. Zenk	note	when you see a snake you shall eat it	page 32, the set's number and Marr's English prompt (JPM)
set 168	Chinuk Wawa	segmentation	pus mayka .. /pus mayka ˈnanichukuk ˈʔuliq alta [mayka] ˈməkʰ[mək]	page 32, Joe Peter's Chinuk Wawa, each word over its gloss (JP)
set 168	Henry B. Zenk	gloss	when 2SG when 2SG see that snake then ?2SG eat	page 32
set 169	Henry B. Zenk	note	my name shall be panther	page 32, the set's number and Marr's English prompt (JPM)
set 169	Chinuk Wawa	segmentation	yaka nayka ˈnim miɬ[ayt]* [tənəs-]swawa	page 32, Joe Peter's Chinuk Wawa, each word over its gloss (JP)
set 169	Henry B. Zenk	gloss	3SG 1SG.POS name be.there ?little-cougar	page 32
set 169	Henry B. Zenk	note	(*crack in record)	page 32, a note to the set
set 169	Henry B. Zenk	note	0:19:35.6 end of sinaa 694 side 1	page 32, the time into the sound file
