where	who	kind	form	gloss
front	nsyilxcn	cited form	cəm̓/cmay	page 1
front	nsyilxcn	cited form	cakʷ	page 1
front	John Lyon	language	nɬeʔkepmxcín	Thompson River Salish, cited from Hannon 2025
front	John Lyon	note	___________________________ In Proceedings of ICSNL 61, Ella Hannon, Laura Griffin, Brent Hall, Bruce Oliver, Danica Reid, Julia Schillo, Lauren Schneider, Reed Steiner, and Bailey Trotter (eds.). Vancouver, BC: UBCWPL. Zero Prospectives, Zero Modals, and Modo-Temporal Interactions in nsyilxcn (Okanagan Salish)* John Lyon University of British Columbia - Okanagan Abstract: This paper motivates a zero prospective marker for nsyilxcn, in complementary distribution with overt markers mi and k-. This paper also examines interactions between tense /aspect, and epistemic cəm̓/cmay and bouletic cakʷ. I suggest that cakʷ fits the profile of a bouletic mood marker (Matthewson 2010) as opposed to a modal proper , and that there is a zero circumstantial modal in nsyilxcn (Matthewson 2013 for Gitksan, Hannon 2025 for nɬeʔkepmxcín). Notably, the zero modal and zero prospective co -occur, which means that a given sentence can be ambiguous between a prospective modal reading and a non -prospective non-modal reading. I show that context is criti cal in disambiguating these two readings.	page 1
front	John Lyon	note	Keywords: aspect, modals, modo-temporal interaction, mood, Southern Interior Salish	page 1
§1	John Lyon	heading	1 Introduction	page 1
§1	John Lyon	note	nsyilxcn (a.k.a. Okanagan, Southern Interior Salish ) is unusual among Salish languages in that prospective marking can often be omitted in future-oriented contexts (N. Mattina 1999). It is also the case that prospective sentences, whether overtly marked as such or not, sometimes have modal interpretations. In light of this, this paper has two main goals.	page 1
§1	nsyilxcn	cited form	k-----(mix)aʔx/(a)m	page 1
§1	John Lyon	note	The first goal is to motivate a morphologically zero prospective marker in nsyilxcn. The zero prospective marker alternates with two overt prospective marking strategies , particle mi and inflectional k-----(mix)aʔx/(a)m. The second goal is to examine the semantic interaction between epistemic and circumstantial modals and the tense/aspect system, with particular attention paid to zero- and overt ly-marked prospectives. This paper aims to fill a gap in our understanding of prospectives across Salish, and to provide some understanding of modo-temporal interactions from the Southern Interior Salish perspective. The focus here is on empirical patterns as opposed to formal analysis, though I do take tentative steps towards an analysis . The paper is structured as follows:	page 1
§1	nsyilxcn	cited form	cəm̓/cmay	page 1
§1	nsyilxcn	cited form	cakʷ	page 1
footnote *	John Lyon	note	* Many thanks go to Delphine Derickson-Armstrong and Dave Michele of Westbank reserve, without whom this work would not have been possible. This work has been funded by a Social Sciences and Humanities Research Council of Canada Insight Development Grant (43 0-2022-00827), and through the generous support of the En’owkin Centre in Penticton, BC. Limlmt also to Upper Nicola Elders twi-Lottie Lindley and Sarah McLeod.	page 1, footnote
§1	John Lyon	name	En’owkin	the En’owkin Centre in Penticton, BC, a supporter of the work
§1	John Lyon	language	St’át’imcets	cited from Rullmann & Matthewson 2018
§1	John Lyon	note	Section 2 reviews evidence for a morphologically zero and semantically underspecified grammatical tense in nsyilxcn, and provides some background on sentential aspect (see Lyon 2024, Lyon in prep, for a more detailed discussion). Section 3 compares sentences with overt prospective marking to future-oriented sentences which lack prospective marking altogether . I show that t he zero prospective is generally judged felicitous in contexts for which the futurity of the event is mutually understood, though it is sometimes rejected out of context, or in contexts for which there is a competing, pragmatically plausible non -prospective interpretation . Section 4 builds on Menzies’ (2013) study of nsyilxcn modals in re-examining epistemic cəm̓/cmay and bouletic cakʷ with respect to the temporal-aspectual system. In 4.1, I show that epistemic cəm̓/cmay can have a present, past, or future temporal orientation depending on the sentential aspect of the predicate (Rullmann & Matthewson 2018). In 4.2, I show that bouletic cakʷ can co-occur with epistemic cəm̓/cmay (Menzies 2013), and that cakʷ cannot generally occur in circumstantial contexts which do not reflect the goals/desires of the speaker. Since the environments in which cakʷ is used appear to largely overlap with subjunctive marking in St’át’imcets (Matthewson 2010), and cakʷ can co- occur with both prospective and non-prospective aspects, which is unexpected for a circumstantial modal (Condoravdi 2002, Rullmann & Matthewson 2018), I propose that cakʷ is a bouletic mood marker (Portner 1997, Matthewson 2010), rather than a modal proper. Finally, since circumstantial modal contexts do not require cakʷ, and typically use only overt or zero prospective aspect , I propose that there is a zero circumstantial modal in nsyilxcn (Matthewson et. al, 2022; Hannon 2025). Section 5 provides a summary, and an informal sketch of an analysis, and outlines several points for future research.	page 1
§2	John Lyon	heading	2. nsyilxcn Tense and Aspect	page 2
§2	John Lyon	note	Section 2.1 reviews evidence for a zero grammatical tense . S ection 2.2 provides a summary description and analysis of sentential aspect, aside from prospective aspect which is presented separately in section 3.	page 2
§2.1	John Lyon	heading	2.1 Temporal Reference and ‘Zero’ Tense	page 2
§2.1	nsyilxcn	cited affix	ʔiɬ-[ɬ]t-	page 2
footnote 1	John Lyon	note	1 Technically there is a zero, non -extended aspect marker intervening between the non -prospective and perfective aspect markers in examples like (1) (Lyon in prep), though I leave it out in this paper for the sake of clarity, and since it is not critical for the discussion.	page 2, footnote
footnote 2	John Lyon	note	2 Abbreviations used in this paper are as follows: AFF affirmative; APPL applicative; BOUL bouletic; C complementizer; C1 first consonant reduplication; C2 second consonant reduplication; C1C2 total reduplication; CAUS causative transitivizer; CF constructed form; CISL cislocative; CS change-of-state; DEM demonstrative; DET determiner; DEV developmental; DIR directive transitivizer; ERG ergative; EPIS epistemic; EXCL exclusive; EXT extended-now aspect; FAC factual; INCH inchoativizer; IND indirective ditransitivizer; INDEP independent; INSTR instrumental; INTR intransitivizer; IPFV imperfective; LOC locative; NEG negative; NM.IRR nominal irrealis; NMLZ nominalizer; N.CTR non-control; N.FUT non-future; N.PROS non-prospective; OBJ object; OBL oblique; OCC occupational; PASS passive; PFV perfective; PL plural; POSS possessive; PROS prospective; Q question marker; RECP reciprocal; REDR redirective ditransitivizer; REFL reflexive; SG singular; STAT stativizer; SUBJ indicative intransitive subject; VF volunteered form; VG volunteered gloss/translation. Note that I do not exhaus tively parse all forms for reasons of space, but aim to provide sufficient morphological detail. Within examples, I bold words which are of major importance to the discussion.	page 2, footnote
§2.1	John Lyon	note	nsyilxcn tense is morphologically zero (N. Mattina 1999, Dunham 2011, Lyon 2024, Lyon in prep). This means that a given sentence may in principle be interpreted as having past, present or future temporal reference. Temporal reference is established through one or more of the following strategies: (i) default interpretations based on aktionsart , (ii) discourse context, (iii) temporal adverbials (N. Mattina 1999), (iv) viewpoint aspectual restrictions in a few cases. For example, the perfective ditransitive accomplishment predicate ʔiɬ-[ɬ]t- eat-REDR- ‘to eat something belonging to someone’ defaults to a completive reading (i.e. ‘maximal’) with a past temporal reference (1a), but also allows for ongoing reading (i.e. ‘non -maximal’) with present temporal reference (1b), and future temporal reference in the context of a future adverbial (1c). Perfective accomplishments imply without entailing maximality, which enables the ongoing event reading in (1b) (Bar-el 2005, Lyon 2024, Lyon in prep).1,2	page 2
(1a) line 1	John Lyon	note	Context: I see my brother drop an apple core in the trash. It was my apple.	page 3, engine english
(1a) line 2	nsyilxcn	segmentation	i-ɬqáqcaʔ kʷu ∅-∅-ʔiɬ-[ɬ]t-s in-ʔápəl.	page 3, engine language
(1a) line 3	nsyilxcn	gloss	1SG.POSS-older.brother 1PL.OBJ N.PROS-PFV-eat-REDR-3ERG 1SG.POSS-apple	page 3, engine english
(1a) line 4	John Lyon	translation	‘My big brother ate my apple.’ (Dave Michele | VF)	page 3, engine english
(1b) line 1	John Lyon	note	Context: I look over and see my brother with my apple in his mouth.	page 3, engine english
(1b) line 2	nsyilxcn	segmentation	i-ɬqáqcaʔ kʷu ∅-∅-ʔiɬ-[ɬ]t-s in-ʔápəl.	page 3, engine language
(1b) line 3	nsyilxcn	gloss	1SG.POSS-older.brother 1PL.OBJ N.PROS-PFV-eat-REDR-3ERG 1SG.POSS-apple	page 3, engine english
(1b) line 4	John Lyon	translation	‘My big brother is eating my apple.’ (Delphine Derickson-Armstrong | VF)	page 3, engine english
(1c) line 1	John Lyon	note	Context: My brother ate my apple today, so I’m going to get him back tomorrow. I tell him:	page 3, engine english
(1c) line 2	nsyilxcn	segmentation	kʷ ɬə c-xʷuy x̌lap iʔ l siɬkʷkʷʕást t sc̓iɬn,	page 3, engine language
(1c) line 3	nsyilxcn	gloss	2SG.SBJ when CISL-go tomorrow DET at early.morning OBL food	page 3, engine english
(1c) line 4	nsyilxcn	segmentation	way̓ ∅-∅-ʔiɬ-[ɬ]t-m-n an-ʔápəl.	page 3, engine residue
(1c) line 5	nsyilxcn	gloss	already N.PROS-PFV-eat-REDR-2SG.OBJ-1SG.ERG 2SG.POSS-apple	page 3, engine english
(1c) line 6	John Lyon	translation	‘When you get here tomorrow, I will have eaten your apple.’ (Dave Michele | CF,VG)	page 3, engine english
§2.1	John Lyon	note	Likewise, imperfectives (regardless of aktionsart) are preferentially interpreted as having present temporal reference. Nevertheless, past or future temporal reference is possible in the presence of an adverbial or in a context which specifies the temporal reference.	page 3
(2a) line 1	John Lyon	note	Context: You’re talking about how you got around when you were younger.	page 3, engine english
(2a) line 2	nsyilxcn	segmentation	yaʕt k̓aʔkín kn ∅-c-xʷaʔxʷíst kn ɬaʔ tətwit.	page 3, engine language
(2a) line 3	nsyilxcn	gloss	all to.where 1SG.SUBJ N.PROS-IPFV-walk.around 1SG.SUBJ when young	page 3, engine english
(2a) line 4	John Lyon	translation	‘I always walked everywhere when I was young.’ (Delphine Derickson-Armstrong | VF)	page 3, engine english
(2b) line 1	John Lyon	note	Context: I’m hungry now, and am telling you what I’d like to eat.	page 3, engine english
(2b) line 2	nsyilxcn	segmentation	∅-c-ʔilxʷ-m-st-n iʔ sk̓ʷəl̓cnink.	page 3, engine language
(2b) line 3	nsyilxcn	gloss	N.PROS-IPFV-hungry-APPL-CAUS-1SG.ERG DET tripe	page 3, engine english
(2b) line 4	John Lyon	translation	‘I am hungry for tripe.’ (Delphine Derickson-Armstrong | VF)	page 3, engine english
(2c) line 1	John Lyon	note	Context: You’re reassuring your friend that you’ll be there for them in the future.3	page 3, engine english
(2c) line 2	nsyilxcn	segmentation	nyʕip ∅-c-knxit-st-m-n kʷ ɬaʔ k̓iwəlx.	page 3, engine residue
(2c) line 3	nsyilxcn	gloss	always (N.)PROS-IPFV-help-CAUS-2SG.OBJ-1SG.ERG 2SG.SUBJ when old	page 3, engine english
(2c) line 4	John Lyon	translation	‘I’ll always help you when you get old.’ (Dave Michele | VF)	page 3, engine english
footnote 3	John Lyon	note	3 It is unclear whether (2c) , which has a future temporal reference, contains a zero prospective or non - prospective marker. Lyon (in prep) predicts that both should be interpretively equivalent under future time reference, since a n imperfective event may be non -maximal, and non -maximal eventualities may always begin before or end after a reference time. I gloss these cases as (N.)PROS for now.	page 3, footnote
footnote 4	John Lyon	note	4 Lyon (2024) assumes a zero non-future and a separate zero future tense (Rullmann & Matthewson 2018).	page 3, footnote
§2.1	nsyilxcn	cited form	n̓ín̓w̓iʔs	page 4, ‘later/in awhile’
§2.1	John Lyon	language	St’át’imcets	cited from Rullmann & Matthewson 2018
§2.1	John Lyon	language	nɬeʔkepmxcín	Thompson River Salish, cited from Hannon 2025
§2.1	John Lyon	note	Example sets such as (1) and (2) I take to be evidence that grammatical tense is zero.4 (Because tense is always zero, I do not mark it in the interlinear representations.) Despite this, both future temporal reference as well a s a prospective orientation at a past or present temporal reference point are generally the more marked interpretations. In the absence of either prospective marking, a future temporal adverbial, or a contextual clue indicating an action will happen in the immediate future, a sentence is much less likely to be accepted as having future temporal reference or a prospective orientation . For example, out of context the transitive accomplishment in (3a) has only a non-prospective orientation without prospective mi (see speaker’s comment) . Transitive (3b) has a past temporal reference and a non -prospective orientation: the prospective orientation requires adverb n̓ín̓w̓iʔs ‘later/in awhile’ (see speaker’s comment, N. Mattina 1999). This markedness correlates with the observation that in many other Salish languages, marking is required for future temporal reference or a prospective orientation (Rullmann & Matthewson 2018 for St’át’imcets, Hannon 2025 for nɬeʔkepmxcín).	page 3
(3a) line 1	nsyilxcn	segmentation	#ʕapnáʔ ∅-∅-xaq̓-nt-s-n.	page 4, engine language
(3a) line 2	nsyilxcn	gloss	now N.PROS-PFV-pay-DIR-2SG.OBJ-1SG.ERG	page 4, engine english
(3a) line 3	John Lyon	translation	‘Now I paid you.’	page 4, engine english
(3a) line 4	John Lyon	translation	#‘I’m gonna pay you now.’ (Sarah McLeod, Dave Michele | CF)	page 4, engine english
(3a) line 5	Dave Michele	speaker comment	Dave Michel: ʕapnáʔ mi x̌aq̓ntsn. ‘Now I will pay you.’	page 4, engine language
(3a)	nsyilxcn	cited form	ʕapnáʔ	in the speaker comment, page 4
(3a)	nsyilxcn	cited form	x̌aq̓ntsn	in the speaker comment, page 4
(3b) line 1	nsyilxcn	segmentation	#∅-∅-caʔ-nt-ín in-kəwáp.	page 4, engine language
(3b) line 2	nsyilxcn	gloss	N.PROS-PFV-punch-DIR-1SG.ERG 1SG.POSS-horse	page 4, engine english
(3b) line 3	John Lyon	translation	‘I punched my horse.’ (Sarah McLeod | VF)	page 4, engine english
(3b) line 4	John Lyon	translation	#‘I’m gonna punch my horse.’	page 4, engine english
(3b) line 5	Sarah McLeod	speaker comment	Sarah McLeod: n̓ín̓w̓iʔs caʔntín inkəwáp. ‘I’ll punch my horse later.’	page 4, engine language
(3b)	nsyilxcn	cited form	n̓ín̓w̓iʔs	in the speaker comment, page 4
(3b)	nsyilxcn	cited form	caʔntín	in the speaker comment, page 4
(3b)	nsyilxcn	cited form	inkəwáp	in the speaker comment, page 4
§2.1	John Lyon	note	Given a clear discourse context, however, a zero-marked prospective orientation (4a) is entirely possible and sometimes volunteered alongside an overtly -marked prospective (4b). Note that (i) subject agreement in transitive zero prospective cases is ergative (4a), while it is possessive in the overtly marked cases (4b); (ii) extended aspect is missing in (4a) but present in (4b); and (iii) both cases have modal interpretations available.	page 4
(4) line 1	John Lyon	note	Context: Your friend is looking for a ride to a meeting you both have today. You say to them: (context from Hannon 2025:189)	page 4, engine english
(4a) line 1	nsyilxcn	segmentation	∅-∅-kɬ-mut-st-m-n k̓l snʔúl̓lustn.	page 4, engine language
(4a) line 2	nsyilxcn	gloss	PROS-PFV-on-sit-CAUS-2SG.OBJ-1SG.ERG to meeting.	page 4, engine english
(4a) line 3	John Lyon	translation	‘I will/can give you a ride.’ (Delphine Derickson-Armstrong | CF)	page 4, engine english
(4a) line 4	Delphine Derickson-Armstrong	speaker comment	DD Comment: Good, if it’s real oral, if you’re right there and the person is right there too.	page 4, engine english
(4b) line 1	nsyilxcn	segmentation	kʷ i-k-s-∅-kɬ-mút-st-m k̓l snʔúl̓lustn	page 4, engine language
(4b) line 2	nsyilxcn	gloss	2SG.OBJ 1SG.POSS-PROS-EXT-PFV-on-sit-CAUS-EXT/PROS to meeting	page 4, engine english
(4b) line 3	nsyilxcn	segmentation	ɬ an-x̌mínk.	page 4, engine language
(4b) line 4	nsyilxcn	gloss	if 2SG.POSS-want	page 4, engine english
(4b) line 5	John Lyon	translation	‘I will/can give you a ride if you want.’ (Delphine Derickson-Armstrong | VF)	page 4, engine english
footnote 5	John Lyon	note	5 Discourse particle way̓ in (5a) can take on one of several different meanings . Here it takes on the meaning of its lexical root to finish, so is glossed as already. Since particle way̓ occurs in prospective sentences as well, and is not required for a non -prospective interpretation, I do not think it is correct to analyze way̓ as itself being non-prospective, although there may be more than one way̓. More work is needed here.	page 4, footnote
§2.1	nsyilxcn	cited form	way̓	page 4
§2.1	John Lyon	note	Examples like (4a) provide good evidence for the claim that there is a zero prospective aspect in nsyilxcn. It is important to keep in mind that zero future tense must be semantically distinguished from the zero prospective aspect, since future temporal reference is compatible with both the zero non-prospective aspect (5a, similarly to a future perfect)5 as well as prospective aspect (5b).	page 4
(5a) line 1	John Lyon	note	Context: My brother ate my apple today, so I’m going to get him back tomorrow. I tell him:	page 5, engine english
(5a) line 2	nsyilxcn	segmentation	kʷ ɬə c-xʷuy x̌lap iʔ l siɬkʷkʷʕást t sc̓iɬn,	page 5, engine language
(5a) line 3	nsyilxcn	gloss	2SG.SBJ when CISL-go tomorrow DET at early.morning OBL food	page 5, engine english
(5a) line 4	nsyilxcn	segmentation	way̓ ∅-∅-ʔiɬ-[ɬ]t-m-n an-ʔápəl.	page 5, engine residue
(5a) line 5	nsyilxcn	gloss	already N.PROS-PFV-eat-REDR-2SG.OBJ-1SG.ERG 2SG.POSS-apple	page 5, engine english
(5a) line 6	John Lyon	translation	‘When you get here tomorrow, I will have eaten your apple.’ (Dave Michele | CF,VG)	page 5, engine english
(5b) line 1	John Lyon	note	Context: You see your brother’ s apple on the table, and he asks if you want to eat it instead. You’re not hungry at that moment, but think you will be in a little while.	page 5, engine english
(5b) line 2	nsyilxcn	segmentation	n̓ín̓w̓iʔs ∅-∅-ʔiɬ-[ɬ]t-m-n an-ʔápəl iʔ l sʔixíxiʔ.	page 5, engine language
(5b) line 3	nsyilxcn	gloss	later PROS-PFV-eat-REDR-2SG.OBJ-1SG.ERG 2SG.POSS-apple DET in awhile	page 5, engine english
(5b) line 4	John Lyon	translation	‘I’m gonna eat your apple in a little while.’ (Dave Michele | CF,VG)	page 5, engine english
§2.1	John Lyon	note	Next, I provide a summary of sentential aspect in nsyilxcn (§2.2) before looking more closely at prospective sentences (§3).	page 5
§2.2	John Lyon	heading	2.2 Sentential Aspect: (Im)perfective and Extended-Now Layers	page 5
§2.2	nsyilxcn	cited affix	əc-	page 5
§2.2	nsyilxcn	cited form	k----(mix)aʔx/(a)m	page 5
§2.2	nsyilxcn	cited form	əc-Ipfv/Stat	page 5
§2.2	nsyilxcn	cited form	/∅-Pfv	page 5
§2.2	nsyilxcn	cited form	–(mix)aʔx	page 5
footnote 6	John Lyon	note	6 The suffixal portion of extended -now aspect surfaces as -mix with weak stem intransitives, and -x with strong stems . With transitives, the suffixal alternation is -ám with weak stems and -m with strong stems . When the prospective prefix co-occurs with extended aspect, intransitive extended -x deletes with strong stems, and I assume that the two -mix suffixes coalesce. With transitives, I assume that the two -ám/-m suffixes coalesce. This rather unintuitive characterization of the suffixal portions of these aspects is necessary if one is to decompose the prefixal elements, but it clearly underscores the need for a better understanding of the morpho-phonology in the suffixal domain, and the syntax more generally.	page 5, footnote
§2.2	nsyilxcn	cited affix	-ám	page 5
§2.2	nsyilxcn	cited affix	-ám/-m	page 5
footnote 7	John Lyon	note	7 The zero non-extended aspect in nsyilxcn essentially functions only to map a predicate of events to a predicate of times (Lyon, in prep). Again, I do not include it in my interlinear parsings in this paper.	page 5, footnote
footnote 8	John Lyon	note	8 A. Mattina (1993) proposes three non -analyzable prospective prefixes, ks-, kc-, ksc-, however semantic parallels with non -prospective s-, c -, and sc- forms I think argue for a compositional approach , notwithstanding morpho-phonological problems with the suffixal portions of these aspects noted in fn 6. Note also that the zero prospective as well as mi, in contrast , requires neither extended-now nor imperfective marking. This may indicate a semantic distinction on some level, though this requires further work.	page 5, footnote
§2.2	John Lyon	note	Sentential aspect in nsyilxcn consists of three distinct layers, each of which contributes a distinct semantics to the overall meaning of the verb, as schematized in Figure 1 (Lyon 2024, in prep). The innermost ‘inclusion aspect’ layer attaches directly to a verb stem and consists of an alternation between a zero perfective and an imperfective prefix əc-. Next, extended -now aspect (a.k.a. continuative, or ‘extended’ for short) s----(mi)x/(a)m6 alternates with a zero non-extended aspect.7 Lastly, prospective k----(mix)aʔx/(a)m (and its zero variant) alternates with a zero non-prospective marker. The prefixal portions of all three markers can occur in sequence, as in (6). They may also occur independently of one another with the exception that prospective k- requires either extended- now s- and/or imperfective əc-. Why this should be the case remains unclear.8 [Tense ∅ [OrdAsp k-Pros /∅ N.Pros [XNAsp s-Ext /∅ N.Ext [InclAsp əc-Ipfv/Stat /∅-Pfv [vP verb ]] –(mi)x ] –(mix)aʔx]] Figure 1: nsyilxcn Sentential Aspect	page 5
(6) line 1	nsyilxcn	segmentation	kʷu ɬaʔ wk-t-wixʷ st̓x̌íyut, kn k-s-c-miymáy-aʔx	page 6, engine language
(6) line 2	nsyilxcn	gloss	1PL.SUBJ when see-DIR-RECP next.year 1SG.SUBJ PROS-EXT-IPFV-teach-EXT/PROS	page 6, engine english
(6) line 3	nsyilxcn	segmentation	iʔ l sic i-s-c-k̓ʷúl̓.	page 6, engine language
(6) line 4	nsyilxcn	gloss	DET at new 1SG.POSS-NMLZ-STAT-work	page 6, engine english
(6) line 5	John Lyon	translation	‘When we see each other again next year, I’ll be teaching in my new job.’	page 6, engine english
(6) line 6	John Lyon	citation	(Delphine Derickson-Armstrong | VF)	page 6, engine english
§2.2	John Lyon	note	Inclusion aspect is illustrated above in §2.1, so I now review extended-now aspect. Extended-now aspect is similar to a perfect in the sense that it contributes an extended -now timespan which contains the event run-time as a proper or non-proper sub-interval (Lyon 2024, in prep). Similarly to a perfect, a semantic contrast is apparent, based on whether the underlying predicate is imperfective or perfective (Pancheva 2003).	page 6
(7a) line 1	nsyilxcn	segmentation	ɬaʔ c-nʔuɬxʷ Hailey, way̓ kn ∅-s-c-tər̓q-míx.	page 6, engine language
(7a) line 2	nsyilxcn	gloss	when CISL-enter Hailey already 1SG.SUBJ N.PROS-EXT-IPFV-dance-EXT	page 6, engine english
(7a) line 3	John Lyon	translation	‘When Hailey came in, I was in the middle of dancing.’	page 6, engine english
(7a) line 4	John Lyon	citation	(Delphine Derickson-Armstrong | CF)	page 6, engine english
(7b) line 1	nsyilxcn	segmentation	ɬaʔ c-nʔuɬxʷ Hailey, way̓ kn ∅-s-∅-tər̓q-míx.	page 6, engine language
(7b) line 2	nsyilxcn	gloss	when CISL-enter Hailey already 1SG.SUBJ N.PROS-EXT-PFV-dance-EXT	page 6, engine english
(7b) line 3	John Lyon	translation	‘When Hailey came in, I was done dancing.’ (Delphine Derickson-Armstrong | CF)	page 6, engine english
§2.2	John Lyon	note	Extended-now aspect imposes singularity over eventuality parts (Lyon 2024, in prep). This means that true habitual readings are not possible for extended imperfectives . Compare the base imperfective in (8a) with the extended-now imperfective in (8b).	page 6
(8) line 1	John Lyon	note	Context: You’re talking about some of the things you’d typically do when you were younger.	page 6, engine english
(8a) line 1	nsyilxcn	segmentation	nyʕip ∅-c-knxit-st-n i-swawásaʔ kn ɬə tətwít.	page 6, engine residue
(8a) line 2	nsyilxcn	gloss	always N.PROS-IPFV-help-CAUS-1SG.ERG 1SG.POSS-aunt 1SG.SUBJ when boy	page 6, engine english
(8a) line 3	John Lyon	translation	‘I used to help my aunt when I was young.’ (Dave Michele | VF)	page 6, engine english
(8b) line 1	nsyilxcn	segmentation	#nyʕip i-∅-s-c-knxít-m i-swawásaʔ	page 6, engine residue
(8b) line 2	nsyilxcn	gloss	always 1SG.POSS-N.PROS-EXT-IPFV-help-(DIR)-EXT 1SG.POSS-aunt	page 6, engine english
(8b) line 3	nsyilxcn	transcription	kn ɬə tətwit.	page 6, engine residue
(8b) line 4	nsyilxcn	gloss	1SG.SUBJ when boy	page 6, engine english
(8b) line 5	John Lyon	translation	‘I was (continuously) helping my aunt when I was young.’ (Dave Michele | CF)	page 6, engine english
§2.2	John Lyon	note	Further, in contrast to non-extended perfectives which allow ongoing event readings (9a, cf. 1b), with extended-now perfectives an event must not be ongoing at a reference time (9b). Lyon (in prep) treats nsyilxcn extended-now aspect as introducing maximality over event stages (Altschuler 2014). The perfective requires an event stage, whereas the imperfective only requires an event part, not necessarily an event stage, hence extended aspect will only necessarily require maximality with perfectives. Extended imperfectives are typically interpreted as non-maximal, though these can also have maximal readings if the event has ceased at or before speech time.	page 6
(9) line 1	John Lyon	note	Context: You know that Mary has started writing a story, and are not sure if she finished.	page 7, engine english
(9a) line 1	nsyilxcn	segmentation	Marí ∅-∅-q̓əy̓-nt-ís iʔ sm̓aʔm̓áy̓,	page 7, engine language
(9a) line 2	nsyilxcn	gloss	Mary N.PROS-PFV-write-DIR-3ERG DET story	page 7, engine english
(9a) line 3	nsyilxcn	segmentation	uɬ cmay pútiʔ c-q̓əy̓-st-ís.	page 7, engine language
(9a) line 4	nsyilxcn	gloss	and EPIS still IPFV-write-CAUS-3ERG	page 7, engine english
(9a) line 5	John Lyon	translation	‘Mary wrote a story, maybe she is still writing it.’ (Delphine Derickson-Armstrong | VF)	page 7, engine english
(9b) line 1	nsyilxcn	segmentation	#Marí ∅-s-∅-q̓əy̓-ám-s iʔ sm̓aʔm̓áy̓,	page 7, engine language
(9b) line 2	nsyilxcn	gloss	Mary N.PROS-EXT-PFV-write-(DIR)-EXT-3POSS DET story	page 7, engine english
(9b) line 3	nsyilxcn	segmentation	uɬ cmay pútiʔ c-q̓əy̓-st-ís.	page 7, engine language
(9b) line 4	nsyilxcn	gloss	and EPIS still IPFV-write-CAUS-3ERG	page 7, engine english
(9b) line 5	John Lyon	translation	‘Mary wrote a story, maybe she is still writing it.’ (Delphine Derickson-Armstrong | CF)	page 7, engine english
§2.2	John Lyon	note	Extended-now aspect also attaches to bare states. These typically have non-maximal (‘universal’) readings at a reference time (10) though maximal, experiential readings are also possible (e.g. Have you been hungry? ). Since maximality is not required in these cases , in contrast to eventive predicates (e.g. 9b), Lyon (in prep) proposes that states do not take the zero perfective. If there were a zero perfective in (10), for example, then the prediction is that extended aspect should enforce a maximal reading, but this is not the case.	page 7
(10) line 1	John Lyon	note	Context: Dave addressing a student who is eating something in class.	page 7, engine english
(10) line 2	nsyilxcn	segmentation	nikxnáʔ, ha kʷ ∅-s-ʔilxʷt-x?	page 7, engine language
(10) line 3	nsyilxcn	gloss	gee Q 2SG.SUBJ N.PROS-EXT-hungry-EXT	page 7, engine english
(10) line 4	John Lyon	translation	‘Goodness, are you still hungry?’ (Dave Michele, VF)	page 7, engine english
§2.2	John Lyon	note	Overall, the contrast between the existential readings found with extended-now perfectives, and the universal readings found with extended-now states and imperfectives suggests that extended-now aspect is in some ways similar to a perfect (cf. Iatridou et. al 2001, Pancheva 2003). Indeed, extended-now interpretations emerge in the context of adverbials which can take on a since meaning. The since clause in (11a) entails that the imperfective event occurred at least once during the time span that stretches between the time when John was 12 years old and speech time. The quasi-habitual reading in (11a) (not possible in the absence of the since clause) is due to the since clause introducing existential quantification over events within an extended now time span (Iatridou et al 2001). The since interpretation is generally only available with extended predicates (11a, not 11b), which follows if extended predicates introduce an ‘extended-now’ time span, which the since clause then references.	page 7
(11a) line 1	John Lyon	note	Context: John has gone running every weekend since he was 12 years old.	page 7, engine english
(11a) line 2	nsyilxcn	segmentation	John ʔúpənkst uɬ ʔasil spintk kiʔ ∅-s-c-ntr̓qpncut-x.	page 7, engine language
(11a) line 3	nsyilxcn	gloss	John ten and two year N.FUT.C N.PROS-EXT-IPFV-run-EXT	page 7, engine english
(11a) line 4	John Lyon	translation	‘John has been running since he was 12 years old.’ (Delphine Derickson-Armstrong | CF)	page 7, engine english
(11b) line 1	John Lyon	note	Context: John has gone running every weekend since he was 12 years old.	page 7, engine english
(11b) line 2	nsyilxcn	segmentation	#John ʔúpənkst uɬ ʔasil spintk iʔ s-ƛ̓x̌ap-s kaʔ ∅-c-ntr̓qpncut.	page 7, engine language
(11b) line 3	nsyilxcn	gloss	John ten and two year DET NMLZ-age-3POSS N.FUT.C N.PROS-IPFV-run	page 7, engine english
(11b) line 4	John Lyon	translation	Target: ‘John has been running since he was 12 years old.’	page 7, engine english
(11b) line 5	John Lyon	translation	Actual: #‘John ran / was running when he was 12 years old.’	page 7, engine english
(11b) line 6	John Lyon	citation	(Delphine Derickson-Armstrong | CF)	page 7, engine english
§2.2	John Lyon	note	Unlike the English perfect, nsyilxcn extended-now aspect is not inherently retrospective. Example (12a), classified by A. Mattina (1993) as intentional, is not interpreted as a perfect in contrast to morpho-phonologically identical (1 3). A zero non -prospective (13) or a zero (12a) or overt prospective marker k- (12b) is needed to semantically disambiguate the temporal orientation of an extended-now predicate. Discourse context plays a critical role in disambiguating the zero marker, as I show below.	page 8
(12) line 1	John Lyon	note	Context: You are offering to help your friend carry some groceries upstairs.	page 8, engine english
(12a) line 1	nsyilxcn	segmentation	húmaʔ kʷ i-∅-s-∅-knxít-m.	page 8, engine language
(12a) line 2	nsyilxcn	gloss	excuse.me 2SG.OBJ 1SG.POSS-PROS-EXT-PFV-help-(DIR)-EXT/PROS	page 8, engine english
(12a) line 3	John Lyon	translation	‘Can I help you?’ (Delphine Derickson-Armstrong | VF)	page 8, engine english
(12b) line 1	nsyilxcn	segmentation	uc kʷ i-k-s-∅-knxít-m.	page 8, engine language
(12b) line 2	nsyilxcn	gloss	Q 2SG.OBJ 1SG.POSS-PROS-EXT-PFV-help-(DIR)-EXT/PROS	page 8, engine english
(12b) line 3	John Lyon	translation	‘Can I help you?’ (Delphine Derickson-Armstrong | VF)	page 8, engine english
(13) line 1	nsyilxcn	segmentation	kʷ i-∅-s-∅-knxít-m.	page 8, engine residue
(13) line 2	nsyilxcn	gloss	2SG.OBJ 1SG.POSS-N.PROS-EXT-PFV-help-(DIR)-EXT	page 8, engine english
(13) line 3	John Lyon	translation	‘I (had) helped you.’ (Delphine Derickson-Armstrong | CF)	page 8, engine english
(13) line 4	Delphine Derickson-Armstrong	speaker comment	DD: Kind of past tense. You can also say if it looks like they need help [12a].	page 8, engine english
§2.2	John Lyon	note	In reviewing nsyilxcn sentential aspect in this section, we have seen two separate environments which support the idea of a zero prospective: base transitives (4a) and extended -now perfectives (12). The next section illustrates other environments which seem to involve a zero prospective.	page 8
§3	John Lyon	heading	3 Prospective Aspect: Overt and Zero	page 8
§3	John Lyon	note	This section introduces the two overt prospective marking strategies (mi and k-) while comparing and contrasting these with the zero prospective. While some speakers more strongly prefer overt prospective marking (DM) than other speakers (DD,SM), all accept and sometimes volunteer zero prospectives. In what follows I show that prospective marking may be omitted in contexts for which the futurity of the event is mutually understood.	page 8
§3	nsyilxcn	cited form	k-....(mix)aʔx/ám	page 8
§3	nsyilxcn	cited form	kiʔ	page 8
footnote 9	John Lyon	note	9 There are some semantic differences which I abstract away from in this paper: For example, in sentences involving clausal sequencing mi lends a causal flavour which ks- does not.	page 8, footnote
footnote 10	John Lyon	note	10 Given that mi and kiʔ are in complementary distribution, it is somewhat unexpected that mi is prospective, while kiʔ is non-future, rather than non-prospective. Evidence for a non-future analysis of kiʔ comes from the fact that kiʔ can co-occur with prospective k- in non-future contexts: e.g. the present prospective sentence cniɬc, k̓aʔkín kiʔ ksxʷúyaʔx? “Him, where is he going to go?” (Delphine Derickson -Armstrong | VF). On the other hand, a non-prospective should not be able to occur with a prospective. I currently do not have evidence that kiʔ cannot be used in the future tense, so this requires further work.	page 8, footnote
§3	nsyilxcn	cited form	cniɬc	page 8
§3	nsyilxcn	cited form	k̓aʔkín	page 8
§3	nsyilxcn	cited form	ksxʷúyaʔx	page 8
§3	John Lyon	note	Sentences with a future temporal orientation commonly have overt prospective marking. This is realized by either a particle mi or inflectional k-....(mix)aʔx/ám (abbreviated as k- in the prose) marking on the predicate. The choice of mi versus k- is largely syntactically determined.9 I first introduce mi before moving on to k-. mi occurs in contexts requiring contrastive focus (14a), cases where a locational or temporal adverbial is preposed to the front of the sentence (14b-e), and in multi-clausal sentences involving a temporal sequencing of events (14f). mi is a complementizer in complementary distribution with non-future kiʔ (Lyon 2013, Lyon & Ignace 2021).10	page 8
(14a) line 1	nsyilxcn	segmentation	John mi ∅-ƛ̓xʷup.	page 9, engine language
(14a) line 2	nsyilxcn	gloss	John PROS.C PFV-win	page 9, engine english
(14a) line 3	John Lyon	translation	‘John (is the one who) will win.’ (Sarah McLeod | VF)	page 9, engine english
(14b) line 1	nsyilxcn	segmentation	k̓l n-kʷr̓-itkʷ mi kn ∅-pulx.	page 9, engine residue
(14b) line 2	nsyilxcn	gloss	to LOC-yellow-water PROS.C 1SG.ABS PFV-camp	page 9, engine english
(14b) line 3	John Lyon	translation	‘I will camp at Glimpse Lake.’ (Sarah McLeod | VF)	page 9, engine english
(14c) line 1	nsyilxcn	segmentation	ik̓líʔ mi ∅-xʷuy!	page 9, engine language
(14c) line 2	nsyilxcn	gloss	to.there PROS.C PFV-go	page 9, engine english
(14c) line 3	John Lyon	translation	‘He’ll go that way.’ (Sarah McLeod | CF)	page 9, engine english
(14d) line 1	John Lyon	note	Context: Your daughter asks you where you’re going to be cooking tonight, so she can drop by later for dinner.	page 9, engine english
(14d) line 2	nsyilxcn	segmentation	k̓l a-səsíʔ iʔ citxʷs mi kn	page 9, engine residue
(14d) line 3	nsyilxcn	gloss	to 2SG.POSS-maternal.uncle DET house-3POSS PROS.C 1SG.SUBJ	page 9, engine english
(14d) line 4	nsyilxcn	segmentation	s-c-k̓ʷəl̓-c[n]-ncút-x ɬə k̓liʔ kʷ ɬə ∅-kicx.	page 9, engine language
(14d) line 5	nsyilxcn	gloss	EXT-IPFV-make-food-EXT when to.there 2SG.SUBJ when PFV-arrive	page 9, engine english
(14d) line 6	John Lyon	translation	‘I’ll be cooking at your uncle’s house when you get there.’ (Dave Michele | CF)	page 9, engine english
(14e) line 1	John Lyon	note	Context: Showing someone around a kitchen, and what they will be using to cook.	page 9, engine english
(14e) line 2	nsyilxcn	segmentation	aláʔ mi c-p̓y̓q-st-ixʷ iʔ sɬiqʷ iʔ l n-k̓ʷl̓-c[n]-ncú[t]-tn.	page 9, engine language
(14e) line 3	nsyilxcn	gloss	here PROS.C IPFV-cook-CAUS-2SG.ERG DET meat DET in in-make-food-REFL-INSTR	page 9, engine english
(14e) line 4	John Lyon	translation	‘You’ll be boiling meat in this pot.’ (Delphine Derickson-Armstrong | VF)	page 9, engine english
(14f) line 1	nsyilxcn	segmentation	wik-nt-p, mi p ∅-q̓əl•ílt.	page 9, engine residue
(14f) line 2	nsyilxcn	gloss	see-DIR-2PL.ERG PROS.C 2PL.SUBJ PFV-sick•C2.CS	page 9, engine english
(14f) line 3	John Lyon	translation	‘If you see her then you’ll get sick.’ (Lottie Lindley | VF)	page 9, engine english
§3	John Lyon	note	mi is not absolutely required in these cases. While out of context mi is usually judged mandatory (15), given a context where the futurity of the event is mutually understood, as in (16), it may be omitted. (17) illustrates a future -oriented sequencing of events (cf. 14f), but without any prospective marking.	page 9
(15) line 1	nsyilxcn	segmentation	tac-k̓aʔx̌ís #(mi) kn ∅-xʷuy.	page 9, engine residue
(15) line 2	nsyilxcn	gloss	towards-to.there PROS.C 1SG.SUBJ PFV-go	page 9, engine english
(15) line 3	John Lyon	translation	‘I’m going to go that way.’ (Dave Michele | VF)	page 9, engine english
(15) line 4	Delphine Derickson-Armstrong	speaker comment	DD Comment: [Without mi, it] means you went that way.	page 9, engine english
(16) line 1	John Lyon	note	Context: Showing someone around a kitchen, and what they will be using to cook.	page 9, engine english
(16) line 2	nsyilxcn	segmentation	aláʔ iʔ l ɬkap (mi) ∅-npus-nt-xʷ iʔ sɬiqʷ.	page 9, engine language
(16) line 3	nsyilxcn	gloss	here DET in pot PROS.C PFV-boil-DIR-2SG.ERG DET meat	page 9, engine english
(16) line 4	John Lyon	translation	‘Here in this pot is where you’ll boil the meat.’	page 9, engine english
(16) line 5	John Lyon	citation	(Delphine Derickson-Armstrong | VF w/ mi)	page 9, engine english
(16) line 6	Delphine Derickson-Armstrong	speaker comment	DD Comment: It’s also good without mi.	page 9, engine english
(17) line 1	John Lyon	note	Context: Your friend drops you off at a remote used car lot with your money. You don’t really like the only car you can afford, but buying it is the only way you can get back home.	page 10, engine english
(17) line 2	nsyilxcn	segmentation	way̓ t̓i ∅-∅-nʔiys-n iʔ atmopíl áɬiʔ lut t̓	page 10, engine residue
(17) line 3	nsyilxcn	gloss	AFF EXCL PROS-PFV-buy-(DIR)-1SG.ERG DET automobile because NEG NEG.FAC	page 10, engine english
(17) line 4	nsyilxcn	segmentation	∅-∅-nʔiys-n, [lut] t̓ i-k̓ɬkícx k̓ in-cítxʷ.	page 10, engine language, carries footnote 11, written here without its digit
(17) line 5	nsyilxcn	gloss	PROS-PFV-buy-(DIR)-1SG.ERG NEG NEG.FAC 1SG.POSS-reach to 1SG.POSS-house	page 10, engine english
(17) line 6	John Lyon	translation	‘I’ll buy it because if I don’t buy it then I can’t get back to my house.’	page 10, engine english
(17) line 7	John Lyon	citation	(Delphine Derickson-Armstrong | VF)	page 10, engine english
§3	John Lyon	note	mi is sometimes volunteered or accepted clause-internally alongside k-, though this is the exception rather than the rule.12 This suggests the possibility that mi and k- may be syntactically conditioned reflexes of a single abstract prospective morpheme, rather than there being two separate prospective morphemes, each of which contributes a prospective semantics.	page 10
(18a) line 1	John Lyon	note	Context: Your friend asks you what are you doing this weekend? You’re just thinking about going away for the weekend but haven’t purchased a bus ticket yet. (Context from Glougie 2007)	page 10, engine english
(18a) line 2	nsyilxcn	segmentation	ɬkʷkʷʕast ɬaʔ x̌lap mi kn k-s-∅-xʷúy-aʔx	page 10, engine language
(18a) line 3	nsyilxcn	gloss	early.morning when tomorrow PROS.C 1SG.SUBJ PROS-EXT-PFV-go-EXT/PROS	page 10, engine english
(18a) line 4	nsyilxcn	segmentation	k̓l Vancouver.	page 10, engine english
(18a) line 5	nsyilxcn	gloss	to Vancouver	page 10, engine english
(18a) line 6	John Lyon	translation	‘I am going to Vancouver tomorrow.’ (Delphine Derickson-Armstrong | VF)	page 10, engine english
(18b) line 1	John Lyon	note	Context: A fortune teller is gazing into a crystal ball and telling you about your future.	page 10, engine english
(18b) line 2	nsyilxcn	segmentation	anwí mi a-k-s-∅-mrím-m	page 10, engine language
(18b) line 3	nsyilxcn	gloss	2SG.INDEP PROS.C 2SG.POSS-PROS-EXT-PFV-marry-EXT/PROS	page 10, engine english
(18b) line 4	nsyilxcn	transcription	iʔ ylmíxʷəm k̓l spáx̌mən.	page 10, engine language
(18b) line 5	nsyilxcn	gloss	DET chief to Douglas.Lake	page 10, engine english
(18b) line 6	John Lyon	translation	‘You will marry the chief of Spax̌mən.’ (Sarah McLeod | VF)	page 10, engine english
(18b) line 6	nsyilxcn	place	spáx̌mən	page 10, in the tiers of (18b), with k̓l ‘to’, glossed Douglas.Lake
(18b) line 6	John Lyon	place	Spax̌mən	page 10, the chief of Spax̌mən, in the translation of (18b)
(18c) line 1	nsyilxcn	segmentation	x̌lap mi kn k-s-∅-ƛ̓aʔƛ̓aʔ-míxaʔx t automobile.	page 10, engine residue
(18c) line 2	nsyilxcn	gloss	tomorrow PROS.C 1SG.SUBJ PROS-EXT-PFV-look.for-EXT/PROS OBL automobile.	page 10, engine english
(18c) line 3	John Lyon	translation	‘Tomorrow I’m going to look for a car.’ (Dave Michele | VF)	page 10, engine english
(18d) line 1	nsyilxcn	segmentation	axáʔ mi i-k-s-∅-cún-m ɬaʔ x̌lap.	page 10, engine residue
(18d) line 2	nsyilxcn	gloss	this PROS.C 1SG.POSS-PROS-EXT-PFV-say-(DIR)-EXT/PROS when tomorrow	page 10, engine english
(18d) line 3	John Lyon	translation	‘This is what I will say to them tomorrow.’ (Dave Michele | VF)	page 10, engine english
footnote 11	John Lyon	note	11 The form ik̓ɬkicx is unexpected. 1st sg. possessive i- generally only attaches to a verbal aspect containing an s- prefix. The sentence was rechecked however and judged grammatical . Dave Michele offers the alternative prospective lut t̓iksk̓ɬkicm incítxʷ, where the i- pronoun occurs as expected. This could be taken as evidence for a fairly late-stage deletion of ks-....-m.	page 10, footnote
§3	nsyilxcn	cited form	ik̓ɬkicx	page 10
§3	nsyilxcn	cited form	t̓iksk̓ɬkicm	page 10
§3	nsyilxcn	cited form	incítxʷ	page 10
footnote 12	John Lyon	note	12 There are also cases where their co-occurrence is rejected. It could be the case that mi and k- are sometimes interpreted as each contributing the same semantics and thus block the other from occuring.	page 10, footnote
footnote 12 (i) line 1	nsyilxcn	segmentation	x̌lap mi kn (*k-s-)∅-xʷúy(*-aʔx) k̓l nk̓mápəlqs.	page 10, engine language
footnote 12 (i) line 2	nsyilxcn	gloss	tomorrow PROS.C 1SG.SUBJ PROS-EXT-PFV-go-EXT/PROS to head.of.the.lake	page 10, engine english
footnote 12 (i) line 3	John Lyon	translation	‘Tomorrow I’ll go to Head-of-the-Lake.’ (Sarah McLeod | CF)	page 10, engine english
§3	nsyilxcn	cited form	–(mix)aʔx	page 11
§3	John Lyon	note	In all other syntactic environments for which prospective aspect is overtly marked , k- may surface on t he predicate. k- nearly always co -occurs with an s- prefix. There are three different types of k-s- constructions, morphosyntactically speaking (see A. Mattina 1993). First, intransitives with indicative agreement in main or subordinate clauses have a suffixal portion –(mix)aʔx (19a), with -mix surfacing with phonologically weak stems. Second, transitives in main or subordinate clauses take ergative agreement, except in 1 st and 2nd person (and sometimes 3 rd) singular where agreement is possessive (19b) and an –(a)m suffix surfaces, with -a surfacing with phonologically weak stems. Third, intransitives in subordinate clauses may take possessive agreement without any aspectual suffix (19c). (19a-b) involve extended-now aspect, while I assume that (1 9c) does not, though further work is needed here.13	page 11
(19a) line 1	nsyilxcn	segmentation	kn nstils John k-s-∅-xʷúy-aʔx.	page 11, engine residue
(19a) line 2	nsyilxcn	gloss	1SG.ABS think John PROS-EXT-PFV-go-PROS	page 11, engine english
(19a) line 3	John Lyon	translation	‘I think John will go.’ (Sarah McLeod | CF)	page 11, engine english
(19b) line 1	nsyilxcn	segmentation	lut t̓ i-k-s-∅-ʔamn-ám iʔ kəkwáp.	page 11, engine residue
(19b) line 2	nsyilxcn	gloss	NEG NEG.FAC 1SG.POSS-PROS-EXT-PFV-feed-(DIR)-EXT/PROS DET dog	page 11, engine english
(19b) line 3	John Lyon	translation	‘I won’t feed the dog.’ (Theresa Dennis | VF)	page 11, engine english
(19c) line 1	nsyilxcn	segmentation	k̓ik̓əm k-s-q̓ilt-s.	page 11, engine language
(19c) line 2	nsyilxcn	gloss	almost PROS-NMLZ-sick-3POSS	page 11, engine english
(19c) line 3	John Lyon	translation	‘He almost got sick.’ (Sarah McLeod | VF)	page 11, engine english
§3	John Lyon	note	That mi and k- are both prospective aspect markers, rather than future tense markers, is shown by the fact that these can be used under a past temporal reference, similarly to other extended and non- extended sentential aspects.	page 11
(20a) line 1	John Lyon	note	Context: I’m telling my friend that yesterday, I had thought about going to church.	page 11, engine english
(20a) line 2	nsyilxcn	segmentation	kn k-s-∅-xʷúy-aʔx k̓l sənk̓ʕámən t spiʔsc̓íɬt	page 11, engine language
(20a) line 3	nsyilxcn	gloss	1SG.SUBJ PROS-EXT-PFV-go-EXT/PROS to church OBL yesterday	page 11, engine english
(20a) line 4	nsyilxcn	segmentation	uɬ ∅-∅-k̓ɬʔíys-ən i-spúʔus.	page 11, engine language
(20a) line 5	nsyilxcn	gloss	and N.PROS-PFV-change-(DIR)-1SG.ERG 1SG.POSS-heart	page 11, engine english
(20a) line 6	John Lyon	translation	‘I was going to go to church, but then I changed my mind.’ (Dave Michele | VF)	page 11, engine english
(20b) line 1	nsyilxcn	segmentation	iʔ kəkwáp k-s-∅-síwst-aʔx uɬ ∅-∅-nx̌iɬ	page 11, engine language
(20b) line 2	nsyilxcn	gloss	DET dog PROS-EXT-PFV-drink-EXT/PROS and N.PROS-PFV-scared	page 11, engine english
(20b) line 3	nsyilxcn	segmentation	uɬ ∅-∅-yalt.	page 11, engine language
(20b) line 4	nsyilxcn	gloss	and N.PROS-PFV-run.away	page 11, engine english
(20b) line 5	John Lyon	translation	‘The dog was going to drink, but then it got scared and ran away.’ (Sarah McLeod | VF)	page 11, engine english
footnote 13	John Lyon	note	13 Cases like (19c) differ from (19a,b) in not allowing an imperfective variant , which I take to be evidence that cases like (19c) do not have an (im)perfective layer (regardless of whether the predicate is eventive or stative). Surface similar cases, e.g. iʔ k-s-c-q̓ay̓-s ‘what he will write’ involve stative (ə)c- as opposed to imperfective (ə)c-, and always occur in argument position s. The latter cases involve a nominalizer s- and nominal irrealis kɬ- whose /ɬ/ drops before s-. Although cases like (19c) distribute as verbs as opposed to nouns, for now I gloss the s- as ‘nominalizer’ in order to distinguish it from extended-now s-. More work is clearly needed here.	page 11, footnote
§3	nsyilxcn	cited form	iʔ	page 11
§3	nsyilxcn	cited form	k-s-c-q̓ay̓-s	page 11, ‘what he will write’
§3	nsyilxcn	cited affix	(ə)c-	page 11
§3	nsyilxcn	cited affix	kɬ-	page 11
§3	nsyilxcn	cited form	/ɬ/	page 11
(20c) line 1	nsyilxcn	segmentation	spiʔsc̓íɬt kn k-s-∅-píx̌-aʔx nax̌əmɬ ∅-maɬ-c̓áɬt.	page 12, engine language
(20c) line 2	nsyilxcn	gloss	yesterday 1SG.SUBJ PROS-EXT-PFV-hunt-EXT/PROS but N.PROS-too-cold	page 12, engine english
(20c) line 3	John Lyon	translation	‘Yesterday I was gonna go hunting but it was too cold.̓ (Sarah McLeod | VF)	page 12, engine english
(20d) line 1	John Lyon	note	Context: You’re talking about your temperment when you were a kid.	page 12, engine english
(20d) line 2	nsyilxcn	segmentation	nyʕip kn k-c-nk̓aʔk̓aʔsmíls-aʔx lut t̓	page 12, engine language
(20d) line 3	nsyilxcn	gloss	always 1SG.SUBJ PROS-IPFV-grouchy-PROS NEG NEG.FAC	page 12, engine english
(20d) line 4	nsyilxcn	segmentation	xʷʔit kn ɬə ∅-∅-ʔiɬn.	page 12, engine language
(20d) line 5	nsyilxcn	gloss	many 1SG.SUBJ if (N).PROS-PFV-eat	page 12, engine english
(20d) line 6	John Lyon	translation	‘I was always going to be grouchy if I didn’t get enough to eat.’	page 12, engine english
(20d) line 7	John Lyon	citation	(Delphine Derickson-Armstrong, Dave Michele | CF)	page 12, engine english
(20e) line 1	nsyilxcn	segmentation	q̓sápi i-k-c-c̓əx̌ʷ-c̓x̌ʷ-ílt-m in-cəcm̓álaʔ	page 12, engine language
(20e) line 2	nsyilxcn	gloss	long.ago 1SG.POSS-PROS-IPFV-C1C2-instruct-child-(DIR)-PROS 1SG.POSS-children	page 12, engine english
(20e) line 3	nsyilxcn	segmentation	ɬə ∅-∅-k̓s-m-ncút-əlx.	page 12, engine language
(20e) line 4	nsyilxcn	gloss	if/when (N).PROS-PFV-bad-INTR-REFL-3PL	page 12, engine english
(20e) line 5	John Lyon	translation	‘Long time ago, I would talk to my kids when they misbehaved.’ (Dave Michele | CF)	page 12, engine english
(20f) line 1	John Lyon	note	Context: Somebody was shot yesterday at noon. The police ask you where you were.	page 12, engine english
(20f) line 2	nsyilxcn	segmentation	t spiʔsc̓íɬt iʔ l ntəx̌ʷx̌ʷqín, i-k-s-c-xʷk̓ʷ-ám	page 12, engine language
(20f) line 3	nsyilxcn	gloss	OBL yesterday DET at noon 1SG.POSS-PROS-EXT-IPFV-clean-(EXT)-EXT/PROS	page 12, engine english
(20f) line 4	nsyilxcn	segmentation	in-cítxʷ.	page 12, engine language
(20f) line 5	nsyilxcn	gloss	1SG.POSS-house	page 12, engine english
(20f) line 6	John Lyon	translation	‘Yesterday at noon, I was just about to start cleaning my house.’ (Dave Michele | CF)	page 12, engine english
(20g) line 1	nsyilxcn	segmentation	iwá k-s-∅-maʔmáy-aʔx k[ɬ]-sxʷ-c̓x̌ʷ-íplaʔ-m, náx̌əmɬ	page 12, engine language
(20g) line 2	nsyilxcn	gloss	even PROS-EXT-PFV-learn-EXT/PROS NM.IRR-OCC-instruct-thread-INTR but	page 12, engine english
(20g) line 3	nsyilxcn	segmentation	∅-∅-maʔmáyaʔ-m uɬ ʕapnáʔ sxʷ-maʔmáyaʔ-m.	page 12, engine language
(20g) line 4	nsyilxcn	gloss	N.PROS-PFV-learn-INTR and now OCC-learn-INTR	page 12, engine english
(20g) line 5	John Lyon	translation	‘Even though he was going to be a lawyer, he became a teacher instead.’	page 12, engine english
(20g) line 6	John Lyon	citation	(Delphine Derickson-Armstrong | VF)	page 12, engine english
(21a) line 1	nsyilxcn	segmentation	iʔ sxʷlk̓am mi ∅-xʷuy, náx̌əmɬ lut t̓ ∅-∅-xʷuy.	page 12, engine language
(21a) line 2	nsyilxcn	gloss	DET policeman PROS.C PFV-go but NEG NEG.FAC N.PROS-PFV-go	page 12, engine english
(21a) line 3	John Lyon	translation	‘The policeman was going to go but he did not go.’ (Sarah McLeod | CF)	page 12, engine english
(21b) line 1	nsyilxcn	segmentation	way̓ kík̓əm mi ∅-knxit-nt-s-n ɬaʔ	page 12, engine residue
(21b) line 2	nsyilxcn	gloss	AFF nearly PROS.C PFV-help-DIR-2SG.OBJ-1SG.ERG when	page 12, engine english
(21b) line 3	nsyilxcn	segmentation	∅-∅-c-nʔuɬxʷ Hailey.	page 12, engine language
(21b) line 4	nsyilxcn	gloss	N.PROS-PFV-CISL-enter Hailey	page 12, engine english
(21b) line 5	John Lyon	translation	‘When Hailey walked in, I was about to help you.’ (Delphine Derickson-Armstrong | VF)	page 12, engine english
(21c) line 1	nsyilxcn	segmentation	∅-∅-c̓əq̓-nt-ín iʔ wlwlim mi mys-pə•p•l̓t-wílx.	page 12, engine language
(21c) line 2	nsyilxcn	gloss	N.PROS-PFV-hit-DIR-1SG.ERG DET metal PROS.C more-flat•C1•-DEV	page 12, engine english
(21c) line 3	John Lyon	translation	‘I hammered the metal so that it would get really flat.’ (Dave Michele | VF)	page 12, engine english
§3	John Lyon	note	Given an appropriate context k- is optional for a prospective reading, similarly to mi. (22-24) show the zero prospective alternating with k- in both intransitive and transitive contexts.	page 12
(22) line 1	John Lyon	note	Context: I have a hat in my hand, and am getting ready to put it on.	page 13, engine english
(22a) line 1	nsyilxcn	segmentation	kn ∅-∅-qʷacqn-m.	page 13, engine language
(22a) line 2	nsyilxcn	gloss	1SG.SUBJ PROS-PFV-hat-INTR	page 13, engine english
(22a) line 3	John Lyon	translation	‘I’m gonna put my hat on.’ (Delphine Derickson-Armstrong | Sarah McLeod | CF)	page 13, engine english
(22b) line 1	nsyilxcn	segmentation	kn k-s-∅-qʷácqn-aʔx.	page 13, engine language
(22b) line 2	nsyilxcn	gloss	1SG.SUBJ PROS-EXT-PFV-hat-EXT/PROS	page 13, engine english
(22b) line 3	John Lyon	translation	‘I’m gonna put my hat on.’ (Delphine Derickson-Armstrong | Dave Michele | CF)	page 13, engine english
(23) line 1	John Lyon	note	Context: It’s hot out and you let your friend know how much you’d appreciate a cold drink.	page 13, engine english
(23a) line 1	nsyilxcn	segmentation	taɬt kn ∅-x̌əs-spuʔús	page 13, engine language
(23a) line 2	nsyilxcn	gloss	very 1SG.SUBJ PROS-good-heart	page 13, engine english
(23a) line 3	nsyilxcn	segmentation	kʷu ɬə ∅-∅-siwst-m-st-xʷ t siwɬkʷ.	page 13, engine residue
(23a) line 4	nsyilxcn	gloss	1SG.OBJ if (N.)PROS-PFV-drink-APPL-CAUS-2SG.ERG OBL water	page 13, engine english
(23a) line 5	John Lyon	translation	‘I’d be very happy if you brought me a drink.’ (Dave Michele | CF)	page 13, engine english
(23b) line 1	nsyilxcn	segmentation	taɬt kn k-s-x̌əs-spuʔús-aʔx	page 13, engine language
(23b) line 2	nsyilxcn	gloss	very 1SG.SUBJ PROS-EXT-good-heart-EXT/PROS	page 13, engine english
(23b) line 3	nsyilxcn	segmentation	kʷu ɬə ∅-∅-siwst-m-st-xʷ t siwɬkʷ.	page 13, engine residue
(23b) line 4	nsyilxcn	gloss	1SG.OBJ if (N.)PROS-PFV-drink-APPL-CAUS-2SG.ERG OBL water	page 13, engine english
(23b) line 5	John Lyon	translation	‘I’d be very happy if you brought me a drink. ‘ (Dave Michele | CF)	page 13, engine english
(24) line 1	John Lyon	note	Context: You are offering to help your friend carry some groceries upstairs.	page 13, engine english
(24a) line 1	nsyilxcn	segmentation	húmaʔ kʷ i-∅-s-∅-knxít-m.	page 13, engine language
(24a) line 2	nsyilxcn	gloss	excuse.me 2SG.OBJ 1SG.POSS-PROS-EXT-PFV-help-(DIR)-EXT/PROS	page 13, engine english
(24a) line 3	John Lyon	translation	‘Can I help you?’ (Delphine Derickson-Armstrong | VF)	page 13, engine english
(24b) line 1	nsyilxcn	segmentation	uc kʷ i-k-s-∅-knxít-m.	page 13, engine language
(24b) line 2	nsyilxcn	gloss	Q 2SG.OBJ 1SG.POSS-PROS-EXT-PFV-help-(DIR)-EXT/PROS	page 13, engine english
(24b) line 3	John Lyon	translation	‘Can I help you?’ (Delphine Derickson-Armstrong | VF)	page 13, engine english
§3	John Lyon	note	k- is independent of extended-now aspect, as shown by the non-extended imperfective examples in (25a,b). Non-extended prospective imperfective k-c- forms are usually interpreted as prospective habituals (25a), though progressive readings are also possible ( 25b).14 These are not commonly volunteered, but do occur in texts and are judged grammatical in elicitation contexts. The absence of s- here I take to be good evidence for the layered approach to aspect.	page 13
(25a) line 1	John Lyon	note	Context: You were running down a steep hill and slipped and fell. You tell your friend later about your accident.	page 13, engine english
(25a) line 2	nsyilxcn	segmentation	kn ɬə k-c-wcklíp-aʔx,	page 13, engine language
(25a) line 3	nsyilxcn	gloss	1SG.SUBJ if/when PROS-IPFV-run.downhill-PROS	page 13, engine english
(25a) line 4	nsyilxcn	segmentation	lut t̓ ƛ̓ax̌t kn ɬaʔ ∅-c-qícəlx.	page 13, engine language
(25a) line 5	nsyilxcn	gloss	NEG NEG.FAC fast 1SG.SUBJ when (N.)PROS-IPFV-run	page 13, engine english
(25a) line 6	John Lyon	translation	‘In the future, I won’t run so fast when I’m going downhill.’	page 13, engine english
(25a) line 7	John Lyon	citation	(Delphine Derickson-Armstrong | Dave Michele | CF)	page 13, engine english
footnote 14	John Lyon	note	14 There is no k-c- form parallel to (19c), further evidence that s- in (19c) is not extended s-.	page 13, footnote
(25b) line 1	nsyilxcn	segmentation	kʷ ɬaʔ ∅-∅-c-kicx ɬaʔ x̌lap, way̓	page 14, engine language
(25b) line 2	nsyilxcn	gloss	2SG.SUBJ when (N.)PROS-PFV-CISL-arrive when tomorrow already	page 14, engine english
(25b) line 3	nsyilxcn	segmentation	kn k-c-xʷík̓-ɬc̓aʔ-[aʔ]x.	page 14, engine language
(25b) line 4	nsyilxcn	gloss	1SG.SUBJ PROS-IPFV-tan-skin-PROS	page 14, engine english
(25b) line 5	John Lyon	translation	‘When you get here tomorrow, I’ll be tanning a hide.’	page 14, engine english
(25b) line 6	John Lyon	citation	(Delphine Derickson-Armstrong | Dave Michele | CF)	page 14, engine english
(25c) line 1	John Lyon	note	Context: We’re making a resolution about how we want to be when we are old.	page 14, engine english
(25c) line 2	nsyilxcn	segmentation	kʷu ɬə k̓íwəlx, nyʕip kʷu k-c-nx̌síls-aʔx.	page 14, engine language
(25c) line 3	nsyilxcn	gloss	1PL.SUBJ when old always 1PL.SUBJ PROS-IPFV-kind-PROS	page 14, engine english
(25c) line 4	John Lyon	translation	‘When we’re old, we’ll always be kind.’	page 14, engine english
(25c) line 5	John Lyon	citation	(Delphine Derickson-Armstrong, Dave Michele | CF)	page 14, engine english
§3	John Lyon	note	Examples similar to (25) do not require overt prospective marking. As (26a,b) shows, an apparently identical interpretation results even when prospective marking is absent.15	page 14
(26) line 1	John Lyon	note	Context: You’re reassuring your friend that you’ll be there for them in the future.	page 14, engine english
(26a) line 1	nsyilxcn	segmentation	nyʕip kʷ i-k-c-knxít-m kʷ ɬaʔ ∅-k̓íwəlx.	page 14, engine language
(26a) line 2	nsyilxcn	gloss	always 2SG.OBJ 1SG.POSS-PROS-IPFV-help-PROS 2SG.SUBJ when N.PROS-old	page 14, engine english
(26a) line 3	John Lyon	translation	‘I’ll always help you when you get old.’	page 14, engine english
(26a) line 4	John Lyon	citation	(Delphine Derickson-Armstrong | Dave Michele | CF)	page 14, engine english
(26b) line 1	nsyilxcn	segmentation	nyʕip ∅-c-knxit-st-m-n kʷ ɬaʔ ∅-k̓íwəlx.	page 14, engine language
(26b) line 2	nsyilxcn	gloss	always (N.)PROS-IPFV-help-CAUS-2SG.OBJ-1SG.ERG 2SG.SUBJ when N.PROS-old	page 14, engine english
(26b) line 3	John Lyon	translation	‘I’ll always help you when you get old.’ (Dave Michele | VF)	page 14, engine english
§3	John Lyon	note	For the overtly -marked prospective non-extended imperfectives (like 26a), the preference for a habitual interpretation is quite strong, and these are sometimes judged infelicitious in case a single- event interpretation is required (27).16	page 14
(27a) line 1	nsyilxcn	segmentation	#ɬaʔ x̌lap axáʔ i-k-c-c-cú-ɬt-m.	page 14, engine language
(27a) line 2	nsyilxcn	gloss	when tomorrow this 1SG.POSS-PROS-IPFV-say-DITR-PROS	page 14, engine english
(27a) line 3	John Lyon	translation	‘This is what I will say to them tomorrow.’ (Dave Michele | CF)	page 14, engine english
(27a) line 4	Dave Michele	speaker comment	DM Comment: No, you’re saying only one thing.	page 14, engine english
(27b) line 1	nsyilxcn	segmentation	#t̓i naqs kʷ i-k-c-knxít-m ɬaʔ x̌lap.	page 14, engine language
(27b) line 2	nsyilxcn	gloss	EXCL one 2SG.OBJ 1SG.POSS-PROS-IPFV-help-PROS when tomorrow	page 14, engine english
(27b) line 3	John Lyon	translation	‘I can only help you one time tomorrow.’ (Delphine Derickson-Armstrong | CF)	page 14, engine english
(27b) line 4	Delphine Derickson-Armstrong	speaker comment	DD Comment: It sounds a bit odd.	page 14, engine english
footnote 15	John Lyon	note	15 The null prospective in (26 b) is not required : these could also be non -prospective imperfectives with a future time reference . Under either case, the event can be ongoing at a future reference time. See Lyon (forthcoming).	page 14, footnote
footnote 16	John Lyon	note	16 This is consistent with an analysis of s- as introducing event singularity. However, non-prospective non- extended (‘base’) imperfectives easily allow single event progressive readings, e.g. q̓sápi t̓i naqs pnicíʔ əcc̓əx̌ʷc̓x̌ʷstín incəcm̓álaʔ. (DM, VF) ‘Long time ago, I was talking to my kids this one time when they misbehaved.’ Why k-c- forms more strongly prefer habitual readings remains unclear.	page 14, footnote
§3	nsyilxcn	cited form	q̓sápi	page 14
§3	nsyilxcn	cited form	t̓i	page 14
§3	nsyilxcn	cited form	pnicíʔ	page 14
§3	nsyilxcn	cited form	əcc̓əx̌ʷc̓x̌ʷstín	page 14
§3	nsyilxcn	cited form	incəcm̓álaʔ	page 14
§3	John Lyon	note	For single-event interpretations, extended aspect is much preferred (28).	page 15
(28a) line 1	nsyilxcn	segmentation	t̓i naqs kʷ i-k-s-knxít-m ɬaʔ x̌lap.	page 15, engine residue
(28a) line 2	nsyilxcn	gloss	EXCL one 2SG.OBJ 1SG.POSS-PROS-EXT-PFV-help-EXT/PROS when tomorrow	page 15, engine english
(28a) line 3	John Lyon	translation	‘I will only help you one time tomorrow.’ (Dave Michele | VF)	page 15, engine english
(28b) line 1	nsyilxcn	segmentation	t̓i naqs kʷ i-k-s-c-knxít-m ɬaʔ x̌lap.	page 15, engine residue
(28b) line 2	nsyilxcn	gloss	EXCL one 2SG.OBJ 1SG.POSS-PROS-EXT-IPFV-help-EXT/PROS when tomorrow	page 15, engine english
(28b) line 3	John Lyon	translation	‘I will only be helping you one time tomorrow.’ (Dave Michele | VF)	page 15, engine english
§3	John Lyon	note	Extended imperfectives, as well, do not require prospective marking in order to be interpreted as prospectives, as can be seen by comparing (29a) with similar (29b).	page 15
(29a) line 1	John Lyon	note	Context: My friend asks if they can visit me tomorrow morning. I have a lot of work planned for the next day, so I tell them:	page 15, engine english
(29a) line 2	nsyilxcn	segmentation	cəm̓ ɬaʔ x̌lap kʷ ɬaʔ c-kicx,	page 15, engine residue
(29a) line 3	nsyilxcn	gloss	EPIS when tomorrow 2SG.SUBJ when CISL-arrive	page 15, engine english
(29a) line 4	nsyilxcn	segmentation	kn k-s-c-xʷk̓ʷ-íɬxʷ-aʔx.	page 15, engine language
(29a) line 5	nsyilxcn	gloss	1SG.SUBJ PROS-EXT-IPFV-clean-house-EXT/PROS	page 15, engine english
(29a) line 6	John Lyon	translation	‘When you get here tomorrow, I’ll be cleaning the house.’	page 15, engine english
(29a) line 7	John Lyon	citation	(Delphine Derickson-Armstrong, Dave Michele | CF)	page 15, engine english
(29b) line 1	John Lyon	note	Context: Your friend asks if you’ll be busy when they arrive at your place tomorrow.	page 15, engine english
(29b) line 2	nsyilxcn	segmentation	kn ∅-s-c-xʷík̓-ɬc̓aʔ-x kʷ ɬaʔ ∅-∅-c-kicx	page 15, engine language
(29b) line 3	nsyilxcn	gloss	1SG.SUBJ (N.)PROS-EXT-IPFV-tan-hide-EXT 2SG.SUBJ when N.PROS-PFV-CISL-arrive	page 15, engine english
(29b) line 4	nsyilxcn	transcription	ɬaʔ x̌lap.	page 15, engine language
(29b) line 5	nsyilxcn	transcription	when tomorrow	page 15, engine english
(29b) line 6	John Lyon	translation	‘I’ll be tanning the hide when you arrive tomorrow.’	page 15, engine english
(29b) line 7	John Lyon	citation	(Delphine Derickson-Armstrong | Dave Michele | CF)	page 15, engine english
§3	John Lyon	note	Despite the apparent optionality of prospective marking described above, it is more difficult for the zero prospective to replace k- in perfective, past tense contexts (30a-c). I assume that this is because the zero prospective forms are string ambiguous with non-prospective forms. In discourse contexts for which the prospective event is in the future, and this is mutually understood to be the case, the absence of prospective marking usually leaves little room for misinterpretation. When the prospective event is in the past, however, the lack of prospective marking can easily lead to the inference that the event, in fact, did happen. Nevertheless, (30d) shows that if it is clear from the context that the past event did not take place, the zero prospective is acceptable. In fact, (30d) is contradictory unless one posits a zero prospective.	page 15
(30a) line 1	John Lyon	note	Context: There is a thirsty-looking dog that stopped by a puddle, but then it heard something and ran off again before it had time to drink.	page 15, engine english
(30a) line 2	nsyilxcn	segmentation	#iʔ kəkwáp ∅-∅-siwst uɬ ∅-∅-nx̌iɬ uɬ ∅-∅-yalt.	page 15, engine language
(30a) line 3	nsyilxcn	gloss	DET dog PROS-PFV-drink and N.PROS-PFV-scared and N.PROS-PFV-run.away	page 15, engine english
(30a) line 4	John Lyon	translation	Target: ‘The dog was going to drink, but then it got scared and ran away.’	page 15, engine english
(30a) line 5	John Lyon	translation	Actual: #‘The dog drank, then it got scared and ran away.’	page 15, engine english
(30a) line 6	John Lyon	citation	(Delphine Derickson-Armstrong | Dave Michele | CF)	page 15, engine english
(30a) line 7	Delphine Derickson-Armstrong	speaker comment	Comment: kssíwstaʔx.	page 15, engine residue
(30a)	nsyilxcn	cited form	kssíwstaʔx	in the speaker comment, page 15
(30b) line 1	John Lyon	note	Context: I had plans to go hunting yesterday, but the weather took a turn.	page 16, engine english
(30b) line 2	nsyilxcn	segmentation	#t spiʔsc̓íɬt kn ∅-∅-pix̌-m náx̌əmɬ myaɬ-c̓áɬt.	page 16, engine language
(30b) line 3	nsyilxcn	gloss	OBL yesterday 1SG.SUBJ PROS-PFV-hunt-INTR but too-cold	page 16, engine english
(30b) line 4	John Lyon	translation	Target: ‘Yesterday I was gonna go hunting but it was too cold.’	page 16, engine english
(30b) line 5	John Lyon	translation	Actual: #‘Yesterday I went hunting but it was too cold.’	page 16, engine english
(30b) line 6	John Lyon	citation	(Delphine Derickson-Armstrong | Dave Michele | CF)	page 16, engine english
(30b) line 7	Delphine Derickson-Armstrong	speaker comment	Comment: kspíx̌aʔx	page 16, engine language
(30b)	nsyilxcn	cited form	kspíx̌aʔx	in the speaker comment, page 16
(30c) line 1	nsyilxcn	segmentation	#t spiʔsc̓íɬt ∅-∅-q̓it, náx̌əmɬ lut t̓ ∅-∅-q̓it.	page 16, engine language
(30c) line 2	nsyilxcn	gloss	OBL yesterday PROS-PFV-rain but NEG NEG.FAC N.PROS-PFV-rain	page 16, engine english
(30c) line 3	John Lyon	translation	Target: ‘Yesterday it was going to rain, but then it didn’t.’	page 16, engine english
(30c) line 4	John Lyon	translation	Actual: # ‘Yesterday it rained, but it didn’t.’	page 16, engine english
(30c) line 5	John Lyon	citation	(Delphine Derickson-Armstrong | Dave Michele | CF)	page 16, engine english
(30c) line 6	Delphine Derickson-Armstrong	speaker comment	Comment: iʔ sʕác̓əc̓s ksq̓ítaʔx. ‘It looked as if it was going to rain’	page 16, engine residue
(30c)	nsyilxcn	cited form	iʔ	in the speaker comment, page 16
(30c)	nsyilxcn	cited form	sʕác̓əc̓s	in the speaker comment, page 16
(30c)	nsyilxcn	cited form	ksq̓ítaʔx	in the speaker comment, page 16
(30d) line 1	John Lyon	note	Context: You’re car shopping, and you saw a car that you like but know it will take most of your money. You tell your friend:	page 16, engine english
(30d) line 2	nsyilxcn	segmentation	∅-∅-nʔiys-n náx̌əmɬ lut t̓ ∅-∅-nʔiys-n,	page 16, engine language
(30d) line 3	nsyilxcn	gloss	PROS-PFV-buy-(DIR)-1SG.ERG but NEG NEG.FAC N.PROS-PFV-buy-(DIR)-1SG.ERG	page 16, engine english
(30d) line 4	nsyilxcn	segmentation	maɬ ∅-nslxʷʔaqsm.	page 16, engine language
(30d) line 5	nsyilxcn	gloss	too.much N.PROS-expensive	page 16, engine english
(30d) line 6	John Lyon	translation	‘I was gonna buy it but I didn’t buy it because it was too expensive.’	page 16, engine english
(30d) line 7	John Lyon	citation	(Dave Michele | VF)	page 16, engine english
§3	John Lyon	note	Prospective aspect cannot normally be used if the event is ongoing at speech time (31).	page 16
(31) line 1	John Lyon	note	Context: Your friend asks you what you’re doing right this moment. You answer:	page 16, engine english
(31a) line 1	nsyilxcn	segmentation	i-∅-s-c-x̌ʷíc-m iʔ sƛ̓uk̓ʷm.	page 16, engine residue
(31a) line 2	nsyilxcn	gloss	1SG.POSS-N.PROS-EXT-IPFV-cut.in.pieces-(DIR)-EXT DET carrot	page 16, engine english
(31a) line 3	John Lyon	translation	‘I’m cutting carrots.’ (Delphine Derickson-Armstrong | VF)	page 16, engine english
(31b) line 1	nsyilxcn	segmentation	#i-k-s-∅-x̌ʷíc-m iʔ sƛ̓uk̓ʷm.	page 16, engine language
(31b) line 2	nsyilxcn	gloss	1SG.POSS-PROS-EXT-PFV-cut.in.pieces-(DIR)-EXT DET carrot	page 16, engine english
(31b) line 3	John Lyon	translation	‘I’m gonna cut up the carrots.’ (Delphine Derickson-Armstrong | CF)	page 16, engine english
(31b) line 4	Delphine Derickson-Armstrong	speaker comment	Comment: No, that means you didn’t do it yet.	page 16, engine english
§3	John Lyon	note	There is conflicting evidence, however, that a prospective event can be ongoing at a counterfactual speech time, similar to “would” in English. Further work is need here. (32a) suggests that this may be the case, while (32b,c) provide counterevidence.	page 16
(32a) line 1	John Lyon	note	Context: You’ve chosen a sweater pattern that you like, but forgot to pick up some yarn at the store yesterday. You’re sitting down by the fire and wish you were knitting it right at that moment.	page 17, engine english
(32a) line 2	nsyilxcn	segmentation	cakʷ kn kʷn-íʔst t tar̓,	page 17, engine residue
(32a) line 3	nsyilxcn	gloss	BOUL 1SG.SUBJ get-N.CTR OBL yarn	page 17, engine english
(32a) line 4	nsyilxcn	segmentation	way̓ kn k-s-∅-k̓ʷúl̓-aʔx t sq̓əq̓át̓əlqs ʕapnáʔ.	page 17, engine language
(32a) line 5	nsyilxcn	gloss	already 1SG.SUBJ PROS-EXT-PFV-make-EXT/PROS OBL sweater now	page 17, engine english
(32a) line 6	John Lyon	translation	‘If I had gotten some yarn, I would be making a sweater right now.’	page 17, engine english
(32a) line 7	John Lyon	citation	(Delphine Derickson-Armstrong | Dave Michele | CF)	page 17, engine english
(32a) line 8	Dave Michele	speaker comment	DM Comment: If you had some yarn, you’d be doing it now.	page 17, engine english
(32b) line 1	John Lyon	note	Context: Your friend asks you what you’re doing right this moment. You answer:	page 17, engine english
(32b) line 2	nsyilxcn	segmentation	#i-∅-s-c-x̌ʷíc-m iʔ sƛ̓uk̓ʷm	page 17, engine language
(32b) line 3	nsyilxcn	gloss	1SG.POSS-N.PROS-EXT-IPFV-cut.in.pieces-(DIR)-EXT DET carrot	page 17, engine english
(32b) line 4	nsyilxcn	segmentation	cakʷ nixʷ t shaʕ̓ík̓ʷ kn k-s-∅-x̌ʷíc-aʔx	page 17, engine language
(32b) line 5	nsyilxcn	gloss	BOUL also OBL onion 1SG.SUBJ PROS-EXT-PFV-cut.in.pieces-EXT/PROS	page 17, engine english
(32b) line 6	nsyilxcn	segmentation	ɬaʔ ∅-c-nɬək̓ʷɬəkʷmí-st-xʷ ɬaʔ	page 17, engine language
(32b) line 7	nsyilxcn	gloss	if N.PROS-IPFV-remember-CAUS-2SG.ERG when	page 17, engine english
(32b) line 8	nsyilxcn	segmentation	∅-∅-nʔiys-nt-xʷ ilíʔ.	page 17, engine language
(32b) line 9	nsyilxcn	gloss	N.PROS-PFV-buy-DIR-2SG.ERG there	page 17, engine english
(32b) line 10	John Lyon	translation	‘I’m cutting carrots, but I’d be cutting onions too right now if you’d remembered to buy them.’ (Delphine Derickson-Armstrong | CF)	page 17, engine english
(32b) line 11	Delphine Derickson-Armstrong	speaker comment	Comment: No, that means you’re gonna do it. You have to say kn cx̌ʷicm.	page 17, engine english
(32b)	nsyilxcn	cited form	cx̌ʷicm	in the speaker comment, page 17
(32c) line 1	nsyilxcn	segmentation	#cakʷ lut ɬə qʷ<ʔ>ac ʕapnáʔ, way̓ k-s-∅-mqʷqʷ-míxaʔx.	page 17, engine language
(32c) line 2	nsyilxcn	gloss	BOUL NEG if warm<INCH> today already PROS-EXT-PFV-snowfall-EXT/PROS	page 17, engine english
(32c) line 3	John Lyon	translation	‘If it wasn’t so warm today, it would be about to snow.’ (Dave Michele | VF, VG)	page 17, engine english
(32c) line 4	John Lyon	translation	Target: If it wasn’t so warm right now, it would be snowing.	page 17, engine english
§3	John Lyon	note	Both mi and k- can be used in contexts where either a future plan exists (context 1, 33), and in contexts where the future is less settled (context 2, 33).17	page 17
(33) line 1	John Lyon	note	Context 1: You are going to Vancouver for the weekend. You have already purchased your bus ticket, and you leave tomorrow morning at 8:00am. I ask you what your plans are for the weekend. How do you respond? (Context from Glougie 2007)	page 17, engine english
(33) line 2	John Lyon	note	Context 2: Your friend asks you what are you doing this weekend? You’re just thinking about going away for the weekend but haven’t purchased a bus ticket yet. (Context from Glougie 2007)	page 17, engine english
(33a) line 1	nsyilxcn	segmentation	ɬaʔ x̌lap mi kn k-s-∅-xʷúy-aʔx k̓l Vancouver. 1 √ / 2 √	page 17, engine english
(33a) line 2	nsyilxcn	gloss	when tomorrow PROS.C 1SG.SUBJ PROS-EXT-PFV-go-EXT/PROS to Vancouver	page 17, engine english
(33a) line 3	John Lyon	translation	‘Tomorrow I am going to V ancouver.’ (Dave Michele | VF)	page 17, engine english
footnote 17	John Lyon	note	17 This contrasts with St’át’imcets, where only cuz’ is permitted in contexts where a future course of action has been decided upon (Glougie 2007:10), not kelh.	page 17, footnote
§3	John Lyon	language	St’át’imcets	cited from Rullmann & Matthewson 2018
(33b) line 1	nsyilxcn	segmentation	x̌lap mi kn ∅-xʷuy k̓l Vancouver. 1 √ / 2 √	page 18, engine english
(33b) line 2	nsyilxcn	gloss	tomorrow PROS.C 1SG.SUBJ PFV-go to Vancouver	page 18, engine english
(33b) line 3	John Lyon	translation	‘Tomorrow I am going to V ancouver.’ (Delphine Derickson-Armstrong | VF)	page 18, engine english
(33c) line 1	nsyilxcn	segmentation	kn k-s-∅-xʷúy-aʔx k̓l Vancouver ɬaʔ x̌lap. 1 √ / 2 √	page 18, engine residue
(33c) line 2	nsyilxcn	gloss	1SG.SUBJ PROS-EXT-PFV-go-EXT/PROS to Vancouver when tomorrow	page 18, engine english
(33c) line 3	John Lyon	translation	‘Tomorrow I am going to V ancouver.’ (Delphine Derickson-Armstrong | VF)	page 18, engine english
§3	John Lyon	note	The zero prospective may also be used in contexts involving a predetermined schedule for which a plain futurate is possible in English, e.g. Tomorrow, you cook. (34) (Kaufman 2005, Copley 2014). But schedules are clearly not a prerequiste in order for a zero prospective to be used (35). This shows that zero prospectives are not the equivalent of plain futurates in English under an analysis such as Copley (2014), which require that a plan for the eventuality overlaps with reference time.	page 18
(34) line 1	John Lyon	note	Context: You and your roommates have a schedule to take turns cooking. It’ s your turn on the schedule to cook tomorrow.	page 18, engine english
(34a) line 1	nsyilxcn	segmentation	ɬaʔ x̌lap anwí kʷ [k]-s-∅-k̓ʷl̓cncút-aʔx.	page 18, engine language
(34a) line 2	nsyilxcn	gloss	when tomorrow 2SG.INDEP 2SG.SUBJ PROS-EXT-PFV-cook-EXT/PROS	page 18, engine english
(34a) line 3	John Lyon	translation	‘Tomorrow, you cook.’ (Delphine Derickson-Armstrong | VF)	page 18, engine english
(34b) line 1	nsyilxcn	segmentation	ɬaʔ x̌lap anwí (mi) kʷ ∅-k̓ʷl̓cncut.	page 18, engine language
(34b) line 2	nsyilxcn	gloss	when tomorrow 2SG.INDEP PROS.C 2SG.SUBJ PFV-cook	page 18, engine english
(34b) line 3	John Lyon	translation	‘Tomorrow, you cook.’ (Dave Michele | VF w/ mi)	page 18, engine english
(34b) line 4	Delphine Derickson-Armstrong	speaker comment	DD: You could put mi, but you don’t have to.	page 18, engine english
(35) line 1	John Lyon	note	Context: Your friend needs someone to cook dinner for them tomorrow, so you offer:	page 18, engine english
(35a) line 1	nsyilxcn	segmentation	kʷ i-k-s-∅-k̓ʷl̓cncút-xt-m ɬaʔ x̌lap.	page 18, engine language
(35a) line 2	nsyilxcn	gloss	2SG.OBJ 1SG.POSS-PROS-EXT-PFV-cook-IND-EXT/PROS when tomorrow	page 18, engine english
(35a) line 3	John Lyon	translation	‘I will cook for you tomorrow.’ (Delphine Derickson-Armstrong | VF)	page 18, engine english
(35b) line 1	nsyilxcn	segmentation	∅-∅-k̓ʷl̓cncut-xt-m-n ɬaʔ x̌lap.	page 18, engine language
(35b) line 2	nsyilxcn	gloss	PROS-PFV-cook-IND-2SG.OBJ-1SG.ERG when tomorrow	page 18, engine english
(35b) line 3	John Lyon	translation	‘I will cook for you tomorrow.’ (Delphine Derickson-Armstrong, Dave Michele | CF)	page 18, engine english
(35b) line 4	Delphine Derickson-Armstrong	speaker comment	DD: Short and sweet. DM: To the point.	page 18, engine english
§3	John Lyon	language	nɬeʔkepmxcín	Thompson River Salish, cited from Hannon 2025
§3	John Lyon	note	As suggested by (35), mi, k- and the zero prospective can all be used in offer contexts. This suggests that a modal semantics are involved on some level (Glougie 2007, Copley 2009, Matthewson et al 2022), and raises the possibility of a zero circumstantial modal in addition to the zero prospective (see Matthewson 2013 for Gitksan, Hannon 2025 for nɬeʔkepmxcín).	page 18
(36) line 1	John Lyon	note	Context: A friend is collecting stories that she would like to put into a book. She tells you that she is having trouble finding people who are willing to contribute. (Context from Glougie 2007)	page 18, engine english
(36a) line 1	nsyilxcn	segmentation	incá i-k-s-∅-q̓əy̓-ám i-s-c-qʷəlqʷílt	page 18, engine language
(36a) line 2	nsyilxcn	gloss	1SG.INDEP 1SG.POSS-PROS-EXT-PFV-write-EXT/PROS 1SG.POSS-NMLZ-STAT-speak	page 18, engine english
(36a) line 3	nsyilxcn	segmentation	ɬə an-x̌mínk.	page 18, engine language
(36a) line 4	nsyilxcn	gloss	if 2SG.POSS-want	page 18, engine english
(36a) line 5	John Lyon	translation	‘I’ll write my story if you want.’ (Sarah McLeod | VF)	page 18, engine english
(36b) line 1	nsyilxcn	segmentation	incá mi ∅-q̓əy̓-nt-ín i-s-c-qʷəlqʷílt	page 19, engine language
(36b) line 2	nsyilxcn	gloss	1SG.INDEP PROS.C PFV-write-DIR-1SG.ERG 1SG.POSS-NMLZ-STAT-speak	page 19, engine english
(36b) line 3	nsyilxcn	segmentation	ɬə an-x̌mínk.	page 19, engine language
(36b) line 4	nsyilxcn	gloss	if 2SG.POSS-want	page 19, engine english
(36b) line 5	John Lyon	translation	‘I’ll write my story if you want.’ (Sarah McLeod | VF)	page 19, engine english
(36c) line 1	nsyilxcn	segmentation	∅-∅-q̓əy̓-nt-in i-s-c-m̓aʔmáy̓ ɬ an-x̌mínk.	page 19, engine language
(36c) line 2	nsyilxcn	gloss	PROS-PFV-write-DIR-1SG.ERG 1SG.POSS-NMLZ-STAT-tell if 2SG.POSS-want	page 19, engine english
(36c) line 3	John Lyon	translation	‘I’ll write my story if you want.’ (Delphine Derickson-Armstrong | VF | Dave Michele)	page 19, engine english
§3	John Lyon	note	In summary, although both mi and k- are typically used in prospective sentences, they may be omitted across a wide range of sentential aspects in contexts for which the future orientation of the event is mutually understood, and for which an interpretive ambiguity does not arise. Interpretive parallels between mi, k-, and the zero prospective suggest that these share the same or similar semantics, and I assume for now that this is the case.	page 19
§4	John Lyon	heading	4 Modo-Temporal Interactions	page 19
§4	nsyilxcn	cited form	cəm̓/cmay	page 19
§4	nsyilxcn	cited form	cakʷ	page 19
§4	John Lyon	note	This section examines interactions between sentential aspect and modality. I survey two particles: epistemic cəm̓/cmay (section 4.1) and bouletic cakʷ and a range of other non-overtly marked circumstantial contexts (section 4.2).18 As a terminological preliminary, I follow Condoravdi (2002) and Rullmann & Matthewson (2018:2-3) in using temporal perspective (‘TP’) to describe the time at which the conversational background of a modal is evaluated, and temporal orientation (‘TO’) to describe the relation between temporal perspective and the time of the event. I assume that a modal’s temporal perspective is determined by a higher tense morpheme (Rullmann & Matthewson 2018), which in nsyilxcn is always null.	page 19
§4.1	John Lyon	heading	4.1 Epistemic Modals	page 19
§4.1	nsyilxcn	cited form	cəm̓/cmay.19	page 19
§4.1	nsyilxcn	cited form	cəm̓/cmay	page 19
§4.1	John Lyon	note	Epistemic modals reflect the certainty of a speaker with respect to his knowledge (e.g. English “might/must” under one reading). In nsyilxcn, epistemic possibility is indicated through cəm̓/cmay.19 In the absence of overt prospective marking, a modal sentence containing cəm̓/cmay may have any temporal orientation, depending on the context. (3 7) for example may have a past (37a) or future temporal orientation (37b).	page 19
footnote 18	John Lyon	note	18 In epistemic contexts requiring a necessity reading, or when direct sensory evidence for the modal claim is available, a particle mat tends to be used ( Menzies 2013). I do not discuss mat in detail in this paper , or several other phrasal modals which have heretofore never been described in detail (e.g. xʷum̓ t̓i), but which deserve attention.	page 19, footnote
§4.1	nsyilxcn	cited form	xʷum̓	page 19
§4.1	nsyilxcn	cited form	t̓i	page 19
footnote 19	John Lyon	note	19 The difference between cəm̓ and cmay is unclear. Sometimes speakers comment that cəm̓ indicates future, whereas cmay does not , but targeted elicitation indicates that this distinction does not hold , at least straightforwardly. Further work, and refined elicitation techniques may uncover a difference between the two. It is worth noting that nxaʔamxčín (spoken to the south of nsyilxcn) has a past tense enclitic =ay̓ which may at one time have been present in nsyilxcn. Spectulatively, *cm=ay̓ could have indicated an epistemic modal claim with a past temporal orientation.	page 19, footnote
§4.1	nsyilxcn	cited form	cəm̓	page 19
§4.1	John Lyon	language	nxaʔamxčín	Moses-Columbian, spoken to the south of nsyilxcn, with a past tense enclitic =ay̓
§4.1	nsyilxcn	cited form	=ay̓	page 19
§4.1	nsyilxcn	cited form	cm=ay̓	page 19
(37) line 1	John Lyon	note	1SG.SUBJ think John EPIS N.PROS/PROS-PFV-win	page 20, heads the rows below
(37a) line 1	John Lyon	translation	‘I think John might have won.’	page 20
(37a) line 1	John Lyon	note	(Sarah McLeod | VF, VG)	page 20
(37b) line 1	John Lyon	translation	‘I think John might win.’	page 20
(37b) line 1	John Lyon	note	(Sarah McLeod | good)	page 20
§4.1	John Lyon	note	This ambiguity in has its roots in the alternation between a zero -prospective and the zero -non- prospective, discussed above in section 2, and illustrated again in (3 8), where a past non - prospective vs. present prospective context affects the interpretation of the sentence.	page 20
(38) line 1	John Lyon	note	Context 1: It’s hot out and you let your friend know you’d appreciate a cold drink.	page 20, engine english
(38) line 2	John Lyon	note	Context 2: You tell your partner how much you appreciate them helping you to cool off.	page 20, engine english
(38) line 3	nsyilxcn	segmentation	taɬt kn ∅-x̌əs-spuʔús	page 20, engine language
(38) line 4	nsyilxcn	gloss	very 1SG.SUBJ N.PROS/PROS-good-heart	page 20, engine english
(38) line 5	nsyilxcn	segmentation	kʷu ɬə ∅-∅-siwst-m-st-xʷ t siwɬkʷ.	page 20, engine residue
(38) line 6	nsyilxcn	gloss	1SG.OBJ if/when N.PROS/PROS-PFV-drink-APPL-CAUS-2SG.ERG OBL water	page 20, engine english
(38) line 7	nsyilxcn	gloss	Context 1: ‘I’d be very happy if you brought me a drink.’ (Dave Michele | CF)	page 20, engine english
§4.1	John Lyon	note	Context 2: ‘I was very happy when you brought me a drink.’ (Delphine Derickson | Dave Michele | CF) These examples seem to show that cəm̓/cmay in (37) receives its temporal orientation from the lower predicate’s ordering aspect (Rullmann & Matthewson 2018), and that the ambiguity between the zero prospective and non-prospective is contextually resolved.	page 20
§4.1	John Lyon	language	nɬeʔkepmxcín	Thompson River Salish, cited from Hannon 2025
§4.1	nsyilxcn	cited form	ʔe	page 20
§4.1	nsyilxcn	cited form	stx̌épe	page 20
§4.1	nsyilxcn	cited form	néʔe	page 20, ‘might’
§4.1	nsyilxcn	cited form	x̌ə́	page 20
§4.1	nsyilxcn	cited form	xʷúy̓	page 20
§4.1	John Lyon	note	In this section I examine the co -occurrence of cəm̓ / cmay and tense/aspect under a range of different temporal perspectives and orientations. I show that the temporal orientation of cəm̓ / cmay as future ( 4.1.1), present ( 4.1.2), or past ( 4.1.3) follows from the aspectual properties of the underlying predicate. This resembles results from modo -temporal research done on other Salish languages (Rullmann & Matthewson 2018, Hannon 2025). Hannon (2025) in particular shows for neighbouring N.I.S. language nɬeʔkepmxcín that epistemic modals ʔe stx̌épe néʔe ‘might’ and x̌ə́ kus ‘maybe’ may have a future temporal orientation even in the absence of prospective xʷúy̓. This I take to be intra-familial support for a zero prospective which provides temporal orientation to the modal (cf. Kratzer 2011, Louie 2015).	page 20
§4.1.1	John Lyon	heading	4.1.1 Future Temporal Orientation	page 20
§4.1.1	nsyilxcn	cited form	cəm̓	page 20
§4.1.1	John Lyon	language	St’át’imcets	cited from Rullmann & Matthewson 2018
§4.1.1	John Lyon	language	nɬeʔkepmxc	Thompson River Salish, broken by the text layer before ín
§4.1.1	nsyilxcn	cited form	ín	page 20
§4.1.1	John Lyon	note	The epistemic possibility modals cəm̓ and cmay have a future TO when they co-occur with prospective marking (39) however they also retain a future TO even in the absence of prospective marking (40). I assume that this is due to the zero prospective, described in the previous section . The absence of any requirement on overt prospective marking makes nsyilxcn different from St’át’imcets (Rullmann & Matthewson 2018) , though similar to some cases in nɬeʔkepmxc ín (Hannon 2025).20	page 20
(39a) line 1	nsyilxcn	segmentation	cmay anwí kʷ k-s-∅-xʷúy-aʔx.	page 20, engine language
(39a) line 2	nsyilxcn	gloss	EPIS 2SG.INDEP 2SG.SUBJ PROS-EXT-PFV-go-EXT/PROS	page 20, engine english
(39a) line 3	John Lyon	translation	‘Maybe you’re gonna go.’ (Sarah McLeod | VF)	page 20, engine english
footnote 20	John Lyon	note	20 In St’át’imcets, epistemic modals require overt prospective marking for future TO. Circumstantial modals do not allow prospective marking with future TO (Rullmann & Matthewson 2018).	page 20, footnote
(39b) line 1	nsyilxcn	segmentation	cəm̓ laʔkín kn k-s-qʷn̓qʷn̓t-míxaʔx.	page 21, engine language
(39b) line 2	nsyilxcn	gloss	EPIS when 1SG.SUBJ PROS-EXT-humble-EXT/PROS	page 21, engine english
(39b) line 3	John Lyon	translation	‘Someday I might be poor.’ (Sarah McLeod | VF)	page 21, engine english
(39c) line 1	nsyilxcn	segmentation	cmay anwí mi kʷ ∅-xʷuy.	page 21, engine english
(39c) line 2	nsyilxcn	gloss	EPIS 2SG.INDEP PROS.C 2SG.SUBJ PFV-go	page 21, engine english
(39c) line 3	John Lyon	translation	‘Maybe you’re the one that’s going.’ (Sarah McLeod | CF)	page 21, engine english
(39d) line 1	nsyilxcn	segmentation	cmay k̓l Vernon mi kn ∅-xʷuy.	page 21, engine english
(39d) line 2	nsyilxcn	gloss	EPIS to Vernon PROS.C 1SG.SUBJ PFV-go	page 21, engine english
(39d) line 3	John Lyon	translation	‘Maybe I’ll go to Vernon.’ (Sarah McLeod | VF)	page 21, engine english
(40a) line 1	nsyilxcn	segmentation	cəm̓ ∅-∅-xaq̓-nt-s-n.	page 21, engine residue
(40a) line 2	nsyilxcn	gloss	EPIS PROS-PFV-pay-DIR-2SG.OBJ-1SG.ERG	page 21, engine english
(40a) line 3	John Lyon	translation	‘I might pay you.’ (Dave Michele | CF,VG)	page 21, engine english
(40b) line 1	nsyilxcn	segmentation	cəm̓ ∅-∅-caʔ-nt-ín in-kəwáp.	page 21, engine language
(40b) line 2	nsyilxcn	gloss	EPIS PROS-PFV-punch-DIR-1SG.ERG 1SG.POSS-horse	page 21, engine english
(40b) line 3	John Lyon	translation	‘I might punch my horse.’ (Dave Michele | CF,VG)	page 21, engine english
(40c) line 1	nsyilxcn	segmentation	cmay ∅-∅-k̓ʷilk̓ iʔ xƛ̓ut.	page 21, engine language
(40c) line 2	nsyilxcn	gloss	EPIS PROS-PFV-roll DET rock	page 21, engine english
(40c) line 3	John Lyon	translation	‘That rock might/will fall.’ (Sarah McLeod | VF)	page 21, engine english
(40d) line 1	nsyilxcn	segmentation	ixíʔ cəm̓ ∅-∅-kíl-nt-m-əlx t skəmxíst.	page 21, engine language
(40d) line 2	nsyilxcn	gloss	DEM EPIS PROS-PFV-chase-DIR-PASS-3PL OBL bear	page 21, engine english
(40d) line 3	John Lyon	translation	‘Maybe the bear will chase them.’ (Sarah McLeod | CF)	page 21, engine english
(40e) line 1	nsyilxcn	segmentation	John cmay ∅-∅-k̓r-am.	page 21, engine residue
(40e) line 2	nsyilxcn	gloss	John EPIS PROS-PFV-swim-INTR	page 21, engine english
(40e) line 3	John Lyon	translation	‘Maybe John will swim.’ (Sarah McLeod | VF)	page 21, engine english
(40f) line 1	nsyilxcn	segmentation	cəm̓ ∅-∅-cút-əlx lut.	page 21, engine language
(40f) line 2	nsyilxcn	gloss	EPIS PROS-PFV-say-3PL NEG	page 21, engine english
(40f) line 3	A. Mattina:1973	translation	‘They might say: no.’	page 21, engine english, cited A. Mattina:1973
(40f) line 3	John Lyon	citation	(A. Mattina:1973)	the tag or source at the right of the translation
(40g) line 1	nsyilxcn	segmentation	cmay kn ∅-∅-xʷuy k̓l nk̓mápəlqs.	page 21, engine language
(40g) line 2	nsyilxcn	gloss	EPIS 1SG.SUBJ PROS-PFV-go to Vernon	page 21, engine english
(40g) line 3	John Lyon	translation	‘Maybe I’ll go to Vernon.’ (Sarah McLeod | VF)	page 21, engine english
(40h) line 1	nsyilxcn	segmentation	yaʕt iʔ sk̓ʷanɬq cəm̓ ∅-∅-x̌əw̓•áw̓ t x̌iyutwílx.	page 21, engine language
(40h) line 2	nsyilxcn	gloss	all DET crops EPIS PROS-PFV-get.dry•C2 OBL next.year	page 21, engine english
(40h) line 3	John Lyon	translation	‘Next summer, all the plants will get dry.’ (Delphine Derickson-Armstrong | VF)	page 21, engine english
(40i) line 1	nsyilxcn	segmentation	ɬaʔ ∅-∅-q̓it ɬaʔ x̌lap, i-snsísuxən cəm̓ ∅-∅-ham-áp.	page 21, engine language
(40i) line 2	nsyilxcn	gloss	when (N.)PROS-PFV-rain when tomorrow 1SG.POSS-socks EPIS PROS-PFV-damp-INCH	page 21, engine english
(40i) line 3	John Lyon	translation	‘Tomorrow when it rains, my socks will get damp.’ (Delphine Derickson-Armstrong | VF)	page 21, engine english
§4.1.1	nsyilxcn	cited form	cəm̓/cmay	page 22
§4.1.1	nsyilxcn	cited form	cəm̓/cmay.21	page 22
§4.1.1	John Lyon	note	(41)-(42) likewise show how prospective marking is optional for a future TO . (41) in particular shows how cəm̓/cmay can be used even in contexts which reflect a high degree of speaker certainty, though some level of uncertainty and/or futurity is required to use cəm̓/cmay.21	page 22
(41a) line 1	John Lyon	note	Context: You wake up one morning and look outside your window. You see a few dark clouds, so you think: (context from Hannon 2025)	page 22, engine english
(41a) line 2	nsyilxcn	segmentation	cəm̓ (k-s-)∅-q̓ít(-aʔx).	page 22, engine residue
(41a) line 3	nsyilxcn	gloss	EPIS PROS-EXT-PFV-rain-EXT/PROS	page 22, engine english
(41a) line 4	John Lyon	translation	Target: ‘It must be going to rain.’ (Delphine Derickson-Armstrong | CF)	page 22, engine english
(41b) line 1	John Lyon	note	Context: You look outside and see dark clouds and lightning flashes. You tell your friend:	page 22, engine english
(41b) line 2	nsyilxcn	segmentation	k-s-∅-k̓s-ás̓qət-aʔx, cəm̓/cmay (k-s-)∅-q̓ít(-aʔx).	page 22, engine language
(41b) line 3	nsyilxcn	gloss	PROS-EXT-PFV-bad-day-EXT/PROS EPIS PROS-EXT-PFV-rain-EXT/PROS	page 22, engine english
(41b) line 4	John Lyon	translation	Target: ‘It must be going to rain.’ (Delphine Derickson-Armstrong, Dave Michele | VF)	page 22, engine english
(42) line 1	John Lyon	note	Context: My mother is planning a get together for our dad’s birthday. My younger sister likes to come to our family get-togethers, but she lives really far so it’s very expensive for her to come back. I think: (context from Hannon 2025:200)	page 22, engine english
(42) line 2	nsyilxcn	segmentation	cmay i-ɬcəcúps tl lkʷut (k-s-)∅-c-xʷúy(-aʔx)	page 22, engine english
(42) line 3	nsyilxcn	gloss	EPIS 1SG.POSS-younger.sister from far.away PROS-EXT-PFV-CISL-go-EXT/PROS	page 22, engine english
(42) line 4	nsyilxcn	segmentation	iʔ k̓l tk̓ʷul̓tn-s in-místm.	page 22, engine language
(42) line 5	nsyilxcn	gloss	DET to birthday-3POSS 1SG.POSS-father	page 22, engine english
(42) line 6	John Lyon	translation	‘My younger sister might come from far away to my dad’s birthday.’	page 22, engine english
(42) line 7	John Lyon	citation	(Delphine Derickson-Armstrong | VF w/o k-, good with)	page 22, engine english
§4.1.1	John Lyon	note	cəm̓/cmay and/or prospective marking is preferred for a future orientation (43). This is due to the contextual restrictions on the zero prospective discussed in section 2, resulting from the surface ambiguity with the zero non-prospective. In (43b), because the leaning log can potentially also be described as having fallen over (non -prospective) in this context , prospective marking helps disambiguate in favour of a future orientation. (44) expresses a similar alternation out of context.	page 22
(43) line 1	John Lyon	note	Context: A man is teaching his son how to build a fence. The boy sees his father moving a log that had been leaning up against a tree, and he asks a bystander why he’s moving the log. The bystander replies (context adapted from Hannon 2025:201)	page 22, engine english
(43a) line 1	nsyilxcn	segmentation	k-s-∅-síx̌əlx-st-[m]-s iʔ əc-txn-álqʷ,	page 22, engine language
(43a) line 2	nsyilxcn	gloss	PROS-EXT-PFV-move-CAUS-EXT/PROS-3POSS DET STAT-lean-log	page 22, engine english
(43a) line 3	nsyilxcn	segmentation	áɬiʔ cəm̓ (k-s-)∅-wláx̌(-aʔx).	page 22, engine language
(43a) line 4	nsyilxcn	gloss	because EPIS PROS-EXT-PFV-fall.over-EXT/PROS	page 22, engine english
(43a) line 5	John Lyon	translation	‘He is going to move the leaning log, because it might fall.’	page 22, engine english
(43a) line 6	John Lyon	citation	(Delphine Derickson-Armstrong | VF w/o k-, good with)	page 22, engine english
footnote 21	John Lyon	note	21 Speakers often prefer cəm̓/cmay to overt prospective marking in future contexts that are yet ‘unsettled’. For example, while one could say p ikswíkm ɬaʔ x̌lap ‘I will see you all tomorrow’ with prospective k-, a more appropriate way to express this is cəm̓ wikɬmn ɬaʔ x̌lap, using a modal and zero prospective . Delphine Derickson-Armstrong has conveyed that since “ We don’t know for sure I’ll see you tomorrow” (anything could happen between now and then), cəm̓ is more appropriate. This matches the observation that prospective aspect in the absence of an (overt) modal makes a ‘stronger’ statement.	page 22, footnote
§4.1.1	nsyilxcn	cited form	ikswíkm	page 22
§4.1.1	nsyilxcn	cited form	ɬaʔ	page 22
§4.1.1	nsyilxcn	cited form	x̌lap	page 22, ‘I will see you all tomorrow’
§4.1.1	nsyilxcn	cited form	wikɬmn	page 22
(43b) line 1	nsyilxcn	segmentation	k-s-∅-síx̌əlx-st-s iʔ əc-txn-álqʷ,	page 23, engine language
(43b) line 2	nsyilxcn	gloss	PROS-EXT-PFV-move-CAUS-EXT-3ERG DET STAT-lean-log	page 23, engine english
(43b) line 3	nsyilxcn	segmentation	áɬiʔ #(k-s-)∅-wláx̌#(-aʔx).	page 23, engine language
(43b) line 4	nsyilxcn	gloss	because PROS-EXT-PFV-fall.over-EXT/PROS	page 23, engine english
(43b) line 5	John Lyon	translation	‘He is going to move the leaning log, bcause it’s going to fall.’	page 23, engine english
(43b) line 6	John Lyon	citation	(Delphine Derickson-Armstrong | VF, VG)	page 23, engine english
(43b) line 7	Delphine Derickson-Armstrong	speaker comment	Comment: [Without k-,] it already fell over.	page 23, engine english
(44a) line 1	nsyilxcn	segmentation	John cmay ∅-∅-k̓əws-k̓r-ám náx̌əmɬ ∅-múqʷəqʷ.	page 23, engine language
(44a) line 2	nsyilxcn	gloss	John EPIS PROS-PFV-go-swim-INTR but N.PROS-reluctant	page 23, engine english
(44a) line 3	John Lyon	translation	‘John might go swiming (tomorrow), he’s not sure.’ (Delphine Derickson-Armstrong | VF)	page 23, engine english
(44b) line 1	nsyilxcn	segmentation	#John ∅-∅-k̓əws-k̓r-ám náx̌əmɬ ∅-múqʷəqʷ.	page 23, engine language
(44b) line 2	nsyilxcn	gloss	John N.PROS/#PROS-PFV-go-swim-INTR but N.PROS-reluctant	page 23, engine english
(44b) line 3	John Lyon	translation	Intended: ‘John might go swimming (tomorrow), he’s not sure.’	page 23, engine english
(44b) line 4	John Lyon	translation	Actual: ‘John went swimming but he wasn’t sure.’ (Delphine Derickson-Armstrong | CF)	page 23, engine english
(44b) line 5	Delphine Derickson-Armstrong	speaker comment	Comment: No, how can you finish that?	page 23, engine english
§4.1.1	John Lyon	note	Prospectives in the absence of cəm̓/cmay are not interpreted as involving an epistemic claim. This shows two things: First, that the prospective itself does not encode epistemic possibility, and second, that there is no zero epistemic possibility modal. While omitting cəm̓/cmay is sometimes acceptable in future-oriented contexts for which the agent has no control over the event (45), as it is in English, if the agent is in control of the event, and is not committed to actualizing the event, it is important to include cəm̓/cmay (46).	page 23
(45) line 1	John Lyon	note	Context: It’s winter. You want to go for a walk, but the ground looks icy. You think: (context from Hannon 2025:202)	page 23, engine english
(45a) line 1	nsyilxcn	segmentation	cəm̓ i-k-s-t̓k̓ʷ•ák̓ʷ kn ɬaʔ xʷaʔxʷíst.	page 23, engine language
(45a) line 2	nsyilxcn	gloss	EPIS 1SG.POSS-NM.IRR-NMLZ-get.laid.down•C2.CS 1SG.SUBJ when walk	page 23, engine english
(45a) line 3	John Lyon	translation	‘I might slip if I go for a walk.’ (Delphine Derickson-Armstrong | VF)	page 23, engine english
(45b) line 1	nsyilxcn	segmentation	i-k-s-t̓k̓ʷ•ák̓ʷ kn ɬaʔ xʷaʔxʷíst.	page 23, engine language
(45b) line 2	nsyilxcn	gloss	1SG.POSS-NM.IRR-NMLZ-get.laid.down•C2.CS 1SG.SUBJ when walk	page 23, engine english
(45b) line 3	John Lyon	translation	Target: ‘I might slip if I go for a walk.’ (Delphine Derickson-Armstrong | CF)	page 23, engine english
(45b) line 4	John Lyon	translation	Literally: ‘I will slip if I go for a walk.’	page 23, engine english
(45b) line 5	Delphine Derickson-Armstrong	speaker comment	Comment: I guess you could shorten it, people would understand.	page 23, engine english
(46) line 1	John Lyon	note	√Context 1: I have decided I’m definitely going to go running today.	page 23, engine english
(46) line 2	John Lyon	note	#Context 2: I’m not sure if I’m going to go running, or not.	page 23, engine english
(46) line 3	nsyilxcn	segmentation	kn k-s-∅-ntr̓qpncút-aʔx ʕapnáʔ t sx̌əlx̌ʕált .	page 23, engine language
(46) line 4	nsyilxcn	gloss	1SG.SUBJ PROS-EXT-PFV-run-EXT/PROS now OBL day	page 23, engine english
(46) line 5	John Lyon	translation	‘I’m going to go running today.’ (Delphine Derickson-Armstrong | CF)	page 23, engine english
(46) line 6	Delphine Derickson-Armstrong	speaker comment	DD Comment for Context 2: lut kn t̓a nputls kn ɬə ksntr̓qpncútaʔx ʕapnaʔ t sx̌əlx̌ʕalt.	page 23, engine language
(46)	nsyilxcn	cited form	t̓a	in the speaker comment, page 23
(46)	nsyilxcn	cited form	ɬə	in the speaker comment, page 23
(46)	nsyilxcn	cited form	ksntr̓qpncútaʔx	in the speaker comment, page 23
(46)	nsyilxcn	cited form	ʕapnaʔ	in the speaker comment, page 23
(46)	nsyilxcn	cited form	sx̌əlx̌ʕalt	in the speaker comment, page 23
§4.1.1	nsyilxcn	cited form	t̓a	page 23
§4.1.1	nsyilxcn	cited form	ksntr̓qpncútaʔx	page 23
§4.1.1	nsyilxcn	cited form	ʕapnáʔ	page 23
§4.1.1	nsyilxcn	cited form	sx̌əlx̌ʕált	page 23
§4.1.1	John Lyon	note	‘I’m not sure if I’m going to running today.’ DM Comment: lut t̓a cmystin, cmay kn ksntr̓qpncútaʔx ʕapnáʔ t sx̌əlx̌ʕált.	page 23
§4.1.1	nsyilxcn	cited form	nstils	page 24, ‘I thought’
§4.1.1	nsyilxcn	cited form	iʔ	page 24
§4.1.1	nsyilxcn	cited form	sʕác̓əc̓s	page 24, ‘it looked as if’
§4.1.1	John Lyon	note	‘I don’t know, I might go running today.’ The above examples involve cəm̓/cmay with a future TO under a present TP, however e pistemic modal claims involving a future TO are also possible under a past TP. The same facts hold: Either cəm̓/cmay and/or overt prospective marking is required for a future orientation. Note that (47a) and (48a) do not have cəm̓/cmay, but because these contain paraphrastic means of indicating speaker uncertainty (kn nstils ‘I thought’, iʔ sʕác̓əc̓s ‘it looked as if’) , they are compatible with a weak epistemic context. Regarding (49), recall from the previous section that the zero prospective is restricted in contexts which might be misconstrued as involving the zero non -prospective. This could explain why (49) is marginal for Dave Michele.	page 23
(47) line 1	John Lyon	note	Context: The day before yesterday (Wednesday), the weather channel said it was going to snow yesterday (Thursday).	page 24, engine english
(47a) line 1	nsyilxcn	segmentation	t skaʔɬásq̓ət kn nstils t spiʔsc̓íɬt k-s-∅-mqʷqʷ-míxaʔx	page 24, engine language
(47a) line 2	nsyilxcn	gloss	OBL Wednesday 1SG.SUBJ think OBL yesterday PROS-EXT-PFV-snow.falls-EXT/PROS	page 24, engine english
(47a) line 3	nsyilxcn	transcription	náx̌əmɬ lut.	page 24, engine language
(47a) line 4	nsyilxcn	gloss	but NEG	page 24, engine english
(47a) line 5	John Lyon	translation	‘The day before yesterday, I thought it might snow yesterday, but it didn’t.’	page 24, engine english
(47a) line 6	John Lyon	citation	(Delphine Derickson-Armstrong | VF)	page 24, engine english
(47b) line 1	nsyilxcn	segmentation	t skaʔɬásq̓ət kn nstils t spiʔsc̓iɬt cəm̓ ∅-∅-mqʷaqʷ	page 24, engine language
(47b) line 2	nsyilxcn	gloss	OBL Wednesday 1SG.SUBJ think OBL yesterday EPIS PROS-PFV-snow.falls	page 24, engine english
(47b) line 3	nsyilxcn	segmentation	náx̌əmɬ lut t̓ ∅-∅-mqʷaqʷ.	page 24, engine language
(47b) line 4	nsyilxcn	gloss	but NEG NEG.FAC N.PROS-PFV-snow.falls	page 24, engine english
(47b) line 5	John Lyon	translation	‘The day before yesterday, I thought it might snow yesterday, but it didn’t snow.’	page 24, engine english
(47b) line 6	John Lyon	citation	(Delphine Derickson-Armstrong | CF)	page 24, engine english
(48) line 1	John Lyon	note	Context: When you looked out of your window earlier today it was cloudy, so it looked like it must have been going to rain. So you took your raincoat, but in the end it cleared up and the weather was sunny. Someone asks you later why you have your raincoat, and you say: (context from Rullmann & Matthewson 2018)	page 24, engine english
(48a) line 1	nsyilxcn	segmentation	ʕapnáʔ sx̌əlx̌ʕált iʔ s-ʕác̓-əc̓-s k-s-∅-q̓ít-aʔx	page 24, engine language
(48a) line 2	nsyilxcn	gloss	now day DET NMLZ-look-COS-3POSS PROS-EXT-PFV-rain-EXT/PROS	page 24, engine english
(48a) line 3	nsyilxcn	segmentation	náx̌əmɬ lut t̓ ∅-∅-q̓it.	page 24, engine language
(48a) line 4	nsyilxcn	gloss	but NEG NEG.C N.PROS-PFV-rain	page 24, engine english
(48a) line 5	John Lyon	translation	‘Earlier today it might have been going to rain, but it didn’t end up raining.’	page 24, engine english
(48a) line 6	John Lyon	citation	(Delphine Derickson-Armstrong | VF)	page 24, engine english
(48b) line 1	nsyilxcn	segmentation	iʔ l siɬkʷkʷʕást ∅-∅-ʕac̓-n iʔ tmxʷúlaʔxʷ uɬ iʔ	page 24, engine language
(48b) line 2	nsyilxcn	gloss	DET on early.morning N.PROS-PFV-look-(DIR)-1SG.ERG DET land and DET	page 24, engine english
(48b) line 3	nsyilxcn	segmentation	s-ʕác̓-əc̓-s cəm̓ ∅-∅-q̓it, náx̌əmɬ lut t̓ ∅-∅-q̓it.	page 24, engine language
(48b) line 4	nsyilxcn	gloss	NMLZ-look-COS-3POSS EPIS PROS-PFV-rain but NEG NEG.FAC N.PROS-PFV-rain	page 24, engine english
(48b) line 5	John Lyon	translation	‘Earlier today it might have been going to rain, but it didn’t end up raining.’	page 24, engine english
(48b) line 6	John Lyon	citation	(Delphine Derickson-Armstrong | Dave Michele | CF)	page 24, engine english
(49) line 1	John Lyon	note	Context: I had plans to go hunting yesterday, but the weather got too cold.	page 25, engine english
(49) line 2	nsyilxcn	segmentation	?t spiʔsc̓íɬt cəm̓ kn ∅-∅-pix̌-m náx̌əmɬ myaɬ ∅-c̓aɬt.	page 25, engine language
(49) line 3	nsyilxcn	gloss	OBL yesterday EPIS 1SG.SUBJ PROS-PFV-hunt-INTR but too N.PROS-cold	page 25, engine english
(49) line 4	John Lyon	translation	‘I was going to go hunting yesterday but it got too cold.’	page 25, engine english
(49) line 5	John Lyon	citation	(Delphine Derickson-Armstrong | Dave Michele | CF)	page 25, engine english
(49) line 6	Delphine Derickson-Armstrong	speaker comment	DD Comment: You could say that.	page 25, engine english
(49) line 7	Dave Michele	speaker comment	DM Comment: cəm̓ sounds a bit odd.	page 25, engine english
(49)	nsyilxcn	cited form	cəm̓	in the speaker comment, page 25
§4.1.1	John Lyon	note	In sum, this section has shown that the future TO of the modal cəm̓/cmay obtains with both overt and zero prospectives , and that in the absence of cəm̓/cmay or other paraphrastic means of indicating speaker uncertainty, a prospective does not have a weak epistemic reading. The general picture I suggest is that context is generally sufficient to disambiguate the zero prospective vs. zero non-prospective, and that the modal receives its temporal orientation from ordering aspect.	page 25
§4.1.2	John Lyon	heading	4.1.2 Present Temporal Orientation	page 25
§4.1.2	nsyilxcn	cited form	cəm̓/cmay	page 25
§4.1.2	John Lyon	note	cəm̓/cmay may have a present TO in sentences containing predicates with a variety of aspect ual inflections. For example, in (50) the predicates are unmarked nominal predicates,22 whereas in (51- 52) the predicates are unmarked states. In (53-54), non-extended and extended imperfectives are used to signal an event in progress.23	page 25
(50) line 1	John Lyon	note	Context: You hear a loud sound up on the roof, and see dark clouds and lightning flashes. You’re not sure if it’ s hail or rain.	page 25, engine english
(50) line 2	nsyilxcn	segmentation	talíʔ nƛ̓əx̌cín iʔ sníxəxl̓-s iʔ l nk̓mkniɬxʷ,	page 25, engine language
(50) line 3	nsyilxcn	gloss	very loud DET sound-3POSS DET on roof	page 25, engine english
(50) line 4	nsyilxcn	segmentation	cmay ∅-q̓it, cmay ∅-c̓əc̓lúsnt.	page 25, engine language
(50) line 5	nsyilxcn	gloss	EPIS N.PROS-rain EPIS N.PROS-hail	page 25, engine english
(50) line 6	John Lyon	translation	‘The sound on the roof is really loud, it might be rain, it might be hail.’	page 25, engine english
(50) line 7	John Lyon	citation	(Delphine Derickson-Armstrong, Dave Michele | VF)	page 25, engine english
(51) line 1	John Lyon	note	Context: You know that the berries in the Okanagan are usually ripe in July. You don’t know if the berries are ripe right now, but since it is July then based on your knowledge the berries might be ripe.	page 25, engine english
(51a) line 1	nsyilxcn	segmentation	cmay ∅-p̓y̓aq iʔ síyaʔ ʕapnáʔ.	page 25, engine language
(51a) line 2	nsyilxcn	gloss	EPIS N.PROS-ripe DET saskatoon now	page 25, engine english
(51a) line 3	Menzies 2013:22	translation	‘The berries might be ripe now.’	page 25, engine english, cited Menzies 2013:22
(51a) line 3	John Lyon	citation	(Menzies 2013:22)	the tag or source at the right of the translation
(51b) line 1	nsyilxcn	segmentation	cəm̓ ∅-p̓y̓aq iʔ st̓xaɬq ʕapnáʔ.	page 25, engine language
(51b) line 2	nsyilxcn	gloss	EPIS N.PROS-ripe DET huckleberry now	page 25, engine english
(51b) line 3	John Lyon	translation	‘The huckleberries might be ripe now.’ (Delphine Derickson-Armstrong | VF)	page 25, engine english
footnote 22	John Lyon	note	22 I assume that nominal predicates (e.g. in 50) can be inflected for ordering aspect, given the existence of nominal irrealis (perhaps nominal prospective) marker kɬ-. This needs further work, however. Adjectival states (e.g. in 51) clearly take extended and ordering aspect, but not the perfective (Lyon in prep).	page 25, footnote
§4.1.2	nsyilxcn	cited affix	kɬ-	page 25
footnote 23	John Lyon	note	23 Perfective events are also predicted to be felicitous with cəm̓/cmay under a present TO in some cases.	page 25, footnote
(52) line 1	nsyilxcn	segmentation	i-sqʷsíʔ iʔ lutíʔ t̓ ∅-qltmxʷ-wilx,	page 26, engine language
(52) line 2	nsyilxcn	gloss	1SG.POSS-son not.yet NEG.FAC N.PROS-man-become	page 26, engine english
(52) line 3	nsyilxcn	segmentation	náx̌əmɬ cəm̓ way̓ ∅-k̓íʔk̓aʔt.	page 26, engine language
(52) line 4	nsyilxcn	gloss	but EPIS already N.PROS-close	page 26, engine english
(52) line 5	John Lyon	translation	‘My son isn’t a man yet, but he’s getting close.’ (Delphine Derickson-Armstrong | VF)	page 26, engine english
(53) line 1	John Lyon	note	Context: You know that Mary loves to go running and often goes on runs randomly. She could also be at the store or at school. I ask you, where is Mary?	page 26, engine english
(53) line 2	nsyilxcn	segmentation	Mary cmay ∅-əc-qíclx.	page 26, engine language
(53) line 3	nsyilxcn	gloss	Mary EPIS N.PROS-IPFV-run	page 26, engine english
(53) line 4	Menzies 2013:21	translation	‘Mary might be running.’	page 26, engine english, cited Menzies 2013:21
(53) line 4	John Lyon	citation	(Menzies 2013:21)	the tag or source at the right of the translation
(54) line 1	John Lyon	note	Context: The curtains are closed, but you hear a loud sound up on the roof, and see lightning flashes through the curtains. You tell your friend:	page 26, engine english
(54) line 2	nsyilxcn	segmentation	cmay s-c-q̓it-x.	page 26, engine residue, carries footnote 24, written here without its digit
(54) line 3	nsyilxcn	gloss	EPIS EXT-IPFV-rain-EXT	page 26, engine english
(54) line 4	John Lyon	translation	‘It must be raining.’ (Dave Michele | VF)	page 26, engine english
§4.1.2	John Lyon	note	Prospective aspect does not occur in contexts which require that the modal have a present TO (55), which is expected if the temporal orientation of the modal is determined by the aspect of the underlying predicate.	page 26
(55) line 1	John Lyon	note	Context: You know that the berries in the Okanagan are usually ripe in July. You don’t know if the berries are ripe right now, but since it is July then based on your knowledge the berries might be ripe. (context from Menzies 2013)	page 26, engine english
(55) line 2	nsyilxcn	segmentation	#cmay k-s-∅-p̓y̓áq-aʔx iʔ síyaʔ ʕapnáʔ.	page 26, engine language
(55) line 3	nsyilxcn	gloss	EPIS PROS-EXT-PFV-ripe-EXT/PROS DET saskatoon now	page 26, engine english
(55) line 4	nsyilxcn	gloss	The berries might be ripe now. (Dave Michele | CF)	page 26, engine english
(55) line 5	Dave Michele	speaker comment	DM Comment: No, p̓y̓aq.	page 26, engine residue
(55)	nsyilxcn	cited form	p̓y̓aq	in the speaker comment, page 26
§4.1.2	John Lyon	note	A present TO is also possible under a p ast TP, given an appropriate context. (56) uses an extended imperfective predicate to indicate an event in progress at a past reference time. The use of cmay reflects the epistemic state of the speaker at the past time for which the event was in progress, not at speech time.	page 26
(56) line 1	John Lyon	note	Context: The Canucks were playing last night. You weren’t watching the game, but you heard your son sounding excited from the other room, where he was watching. You thought the Canucks were winning, and you called up your friend and said: ‘Good sports news!’ But after the game, you found out that the Canucks had actually lost, and your son was excited about something his friend was telling him on his cellphone. Today, your friend asks you why you had told him there was good sports news when the Canucks had actually lost. You say: (context from Rullmann & Matthewson 2018)	page 26, engine english
(56) line 2	nsyilxcn	segmentation	iʔ Canucks cmay ∅-s-c-ƛ̓xʷúp-x-əlx.	page 26, engine language
(56) line 3	nsyilxcn	gloss	DET Canucks EPIS N.PROS-EXT-IPFV-win-EXT-3PL	page 26, engine english
(56) line 4	John Lyon	translation	‘The Canucks might have been winning.’ (Delphine Derickson-Armstrong | VF)	page 26, engine english
footnote 24	John Lyon	note	24 q̓it ‘rain’ is ambiguous between a nominal (50) and verbal (54) predicate.	page 26, footnote
§4.1.2	nsyilxcn	cited form	q̓it	page 26, ‘rain’
§4.1.2	John Lyon	note	Lastly, a present TO and present TP are compatible with a sentence with future temporal reference. In (57), the modal claim is based on the speaker’s current epistemic state (present TP), about a progressive event (present TO) which will occur in the future.	page 27
(57) line 1	John Lyon	note	Context: Your daughter isn’t feeling well so you give her some medicine and stay with her as she gets sleepy. Your husband runs out to the pharmacy but asks you before he leaves if your daughter will still be awake when he gets back.	page 27, engine english
(57) line 2	nsyilxcn	segmentation	a-st̓mkʔílt cəm̓ way̓ ∅-c-ʔitx mi	page 27, engine residue
(57) line 3	nsyilxcn	gloss	2SG.POSS-daughter EPIS already N.PROS-IPFV-sleep PROS.C	page 27, engine english
(57) line 4	nsyilxcn	segmentation	kʷ ∅-ɬ-c-kicx.	page 27, engine language
(57) line 5	nsyilxcn	gloss	2SG.SUBJ PFV-return-CISL-arrive	page 27, engine english
(57) line 6	John Lyon	translation	‘Your daughter will already be sleeping by the time you get back.’	page 27, engine english
(57) line 7	John Lyon	citation	(Delphine Derickson-Armstrong | VF)	page 27, engine english
§4.1.3	John Lyon	heading	4.1.3 Past Temporal Orientation	page 27
§4.1.3	nsyilxcn	cited form	kiʔ	page 27
§4.1.3	nsyilxcn	cited form	kaʔ	page 27
§4.1.3	John Lyon	note	For syntactic contexts conducive to prospective mi (58a), a non-future complementizer kiʔ (or allomorph kaʔ) is sufficient to give a present or past TO to the modal (58b).	page 27
(58a) line 1	nsyilxcn	segmentation	cmay k̓l Vernon mi kn ∅-xʷuy.	page 27, engine english
(58a) line 2	nsyilxcn	gloss	EPIS to Vernon PROS.C 1SG.SUBJ PFV-go	page 27, engine english
(58a) line 3	John Lyon	translation	‘Maybe I’ll go to Vernon.’ (Sarah McLeod | VF)	page 27, engine english
(58b) line 1	nsyilxcn	segmentation	cmay k̓l Vernon kiʔ kn ∅-∅-xʷuy.	page 27, engine english
(58b) line 2	nsyilxcn	gloss	EPIS to Vernon N.FUT.C 1SG.SUBJ N.PROS-PFV-go	page 27, engine english
(58b) line 3	John Lyon	translation	‘Maybe I went to Vernon.’ (Sarah McLeod | VF)	page 27, engine english
§4.1.3	John Lyon	note	For syntactic contexts conducive to prospective k-, non-prospective non-extended perfectives (59) and extended perfectives ( 60) tend to be used in modal discourse contexts requiring a past TO because of their maximality implicatures and entailments, respectively (see Lyon in prep).	page 27
(59) line 1	John Lyon	note	Context: You were on a walk this morning and you heard what sounded like a chickadee. However, the bird only called once and you didn’t see it. Later, you think: (context from Hannon 2025:201)	page 27, engine english
(59) line 2	nsyilxcn	segmentation	cəm̓ ∅-∅-nixl̓-m-n iʔ c̓əskʕáknaʔ.	page 27, engine language
(59) line 3	nsyilxcn	gloss	EPIS N.PROS-PFV-hear-APPL-(DIR)-1SG.ERG DET chickadee	page 27, engine english
(59) line 4	John Lyon	translation	‘It might have been a chickadee that I heard.’ (Delphine Derickson-Armstrong | CF)	page 27, engine english
(60a) line 1	John Lyon	note	Context: You walk outside and notice that the ground is wet. This time of year, it could have been either snow or rain that made the ground wet. You think: (context from Hannon 2025:201)	page 27, engine english
(60a) line 2	nsyilxcn	segmentation	cmay ∅-s-∅-q̓it-x.	page 27, engine language
(60a) line 3	nsyilxcn	gloss	EPIS N.PROS-EXT-PFV-rain-EXT	page 27, engine english
(60a) line 4	John Lyon	translation	‘It might have been rain.’ (Delphine Derickson-Armstrong | VF)	page 27, engine english
(60b) line 1	John Lyon	note	Context: Your daughter isn’t feeling well so you give her some medicine and stay with her as she gets sleepy. Your husband runs out to the pharmacy but asks you before he leaves if your daughter will still be awake when he gets back. You reply:	page 28, engine english
(60b) line 2	nsyilxcn	segmentation	way̓ cəm̓ ∅-s-∅-ʔitx-x a-st̓mkʔílt mi	page 28, engine residue
(60b) line 3	nsyilxcn	gloss	already EPIS N.PROS-EXT-PFV-fall.asleep-EXT 2SG.POSS-daughter PROS.C	page 28, engine english
(60b) line 4	nsyilxcn	segmentation	sic kʷ ∅-ɬ-c-kicx.	page 28, engine residue
(60b) line 5	nsyilxcn	gloss	new 2SG.SUBJ PFV-RETURN-CISL-arrive	page 28, engine english
(60b) line 6	John Lyon	translation	‘She will have already fallen asleep by the time you get back.’25 (Dave Michele | VF)	page 28, engine english
§4.1.3	John Lyon	note	Next, epistemic cmay can also have a past TO under a past TP (von Fintel & Gillies 2008:87). The epistemic claims in (61-62) are based on the speaker’s past knowledge state, and concern an event or state that happened prior to the time of evaluation.26	page 28
(61) line 1	John Lyon	note	Context: Sophie is looking for some ice cream and checks the freezer. There is none in there. Asked why she opened the freezer, she replies: (Context from von Fintel & Gillies 2008:87, cf Rullmann & Matthewson 2018)	page 28, engine english
(61a) line 1	nsyilxcn	segmentation	cmay ilíʔ kɬ-ice-cream.	page 28, engine residue
(61a) line 2	nsyilxcn	gloss	EPIS there EXIST-ice-cream	page 28, engine english
(61a) line 3	John Lyon	translation	‘There might have been ice cream in the freezer.’ (Sarah McLeod | VF)	page 28, engine english
(61b) line 1	nsyilxcn	segmentation	lut t̕ ʔakɬ-ice-cream iʔ l n-súl-mn, mat cmay ilíʔ náx̌əmɬ.	page 28, engine language
(61b) line 2	nsyilxcn	gloss	NEG NEG.FAC EXIST-ice-cream DET in in-freeze-INTR EVID EPIS there but	page 28, engine english
(61b) line 3	John Lyon	translation	‘There’s no ice cream in the freezer, but there could’ve been.’ (Sarah McLeod | VF)	page 28, engine english
(62) line 1	John Lyon	note	Context: You looked out of your window earlier today the ground was wet, so it looked like it might have rained. But you find out later that sprinklers had been watering the ground. (Context from Matthewson 2013)	page 28, engine english
(62) line 2	nsyilxcn	segmentation	cəm̓ ∅-s-∅-q̓it-x náx̌əmɬ lut t̓ ∅-s-∅-q̓it-x,	page 28, engine language
(62) line 3	nsyilxcn	gloss	EPIS N.PROS-EXT-PFV-rain-EXT but NEG NEG.FAC N.PROS-EXT-PFV-rain-EXT	page 28, engine english
(62) line 4	nsyilxcn	segmentation	ixíʔ c-k̓laʔ iʔ snt̓xʷptan-s iʔ siwɬkʷ,	page 28, engine language
(62) line 5	nsyilxcn	gloss	DEM CISL-to.here DET sprinkler-3POSS DET water	page 28, engine english
(62) line 6	nsyilxcn	segmentation	∅-∅-ɬʕat̓-nú-s iʔ tmxʷúlaʔxʷ.	page 28, engine language
(62) line 7	nsyilxcn	gloss	N.PROS-PFV-wet-manage.to-(DIR)-3ERG DET land	page 28, engine english
(62) line 8	John Lyon	translation	‘It might have rained but it ended up being the sprinklers that got the ground wet.’	page 28, engine english
(62) line 9	John Lyon	citation	(Delphine Derickson-Armstrong, Dave Michele | VF)	page 28, engine english
footnote 25	John Lyon	note	25 Note that St’át’imcets plan kelh yields a meaning equivalent to will have already in (60b) (Davis in prep, ch. 19). nsyilxcn extended aspect (sometimes in combination with way̓ ‘already’) is roughly equivalent to plan in St’át’imcets. In the context of (60b), k- yields a different meaning, She will already be about to fall asleep (see 63b). Thus, k- (and the zero prospective presumably) differ from kelh. Overall, this suggests that the nsyilxcn prospective places the event time after a reference time , rather than a reference time after an evaluation time, as argued by Glougie (2007) for St’át’imcets kelh.	page 28, footnote
§4.1.3	John Lyon	language	St’át’imcets	cited from Rullmann & Matthewson 2018
§4.1.3	nsyilxcn	cited form	way̓	page 28, ‘already’
footnote 26	John Lyon	note	26 It is unclear whether predicates prefixed with (ʔa)kɬ- ‘exist/have’ take sentential aspect, though I have not run across this before, and assume here that they do not.	page 28, footnote
§4.1.3	nsyilxcn	cited affix	(ʔa)kɬ-	page 28, ‘exist/have’
§4.1.3	John Lyon	note	Prospective marking is infelicitous for past temporal orientations (63a). This follows from more general restriction against prospective marking in non -prospective contexts (63b), and again, is consistent with the idea that the modal receives its temporal orientation from sentential aspect.	page 28
(63a) line 1	John Lyon	note	Context: You were on a walk this morning and you heard what sounded like a chickadee. However, the bird only called once and you didn’t see it. Later, you think: (context from Hannon 2025:201)	page 29, engine english
(63a) line 2	nsyilxcn	segmentation	#cmay i-k-s-∅-níxl̓-m iʔ c̓əskʕáknaʔ t siɬkʷkʷʕást.	page 29, engine language
(63a) line 3	nsyilxcn	gloss	EPIS 1SG.POSS-PROS-EXT-PFV-hear-EXT/PROS DET chickadee OBL early.morning	page 29, engine english
(63a) line 4	John Lyon	translation	‘I might have heard a chickadee this morning.’	page 29, engine english
(63a) line 5	John Lyon	citation	(Dave Michele | Delphine Derickson-Armstrong | CF)	page 29, engine english
(63b) line 1	John Lyon	note	Context: Your daughter isn’t feeling well so you give her some medicine and stay with her as she gets sleepy. Your husband runs out to the pharmacy but asks you before he leaves if your daughter will still be awake when he gets back.	page 29, engine english
(63b) line 2	nsyilxcn	segmentation	#way̓ a-st̓mkʔílt k-s-∅-ʔítx-aʔx	page 29, engine language
(63b) line 3	nsyilxcn	gloss	already 2SG.POSS-daughter PROS-EXT-PFV-fall.asleep-EXT/PROS	page 29, engine english
(63b) line 4	nsyilxcn	segmentation	mi sic kʷ ∅-ɬ-c-kicx.	page 29, engine residue
(63b) line 5	nsyilxcn	gloss	PROS.C new 2SG.SUBJ PFV-return-CISL-arrive	page 29, engine english
(63b) line 6	John Lyon	translation	Target: ‘She will have already fallen asleep by the time you get back.’	page 29, engine english
(63b) line 7	John Lyon	translation	Actual: ‘She will be about to fall asleep by the time you get back.’ (Dave Michele | CF)	page 29, engine english
(63b) line 8	Dave Michele	speaker comment	DM Comment: No, she wouldn’t have been asleep yet.	page 29, engine english
§4.1.3	John Lyon	note	Finally, a non-prospective, past-oriented predicate will not be interpreted modally in the absence of a modal particle. This fits with data above in §4.1.1 which argue against the idea of a zero epistemic modal.	page 29
(64) line 1	John Lyon	note	Context: You were on a walk this morning and you heard what sounded like a chickadee. However, the bird only called once and you didn’t see it. Later, you think: (context from Hannon 2025:201)	page 29, engine english
(64) line 2	nsyilxcn	segmentation	#(cəm̓) ∅-∅-nixl̓-m-n iʔ c̓əskʕáknaʔ.	page 29, engine language
(64) line 3	nsyilxcn	gloss	EPIS N.PROS-PFV-hear-APPL-(DIR)-1SG.ERG DET chickadee	page 29, engine english
(64) line 4	John Lyon	translation	Intended: ‘It might have been a chickadee that I heard.’	page 29, engine english
(64) line 5	John Lyon	translation	Actual: ‘I heard a chickadee’. (Delphine Derickson-Armstrong | CF)	page 29, engine english
§4.1.4	John Lyon	heading	4.1.4 Section Summary	page 29
§4.1.4	nsyilxcn	cited form	cəm̓/cmay	page 29
§4.1.4	John Lyon	note	This section has shown that the temporal orientation of epistemic cəm̓/cmay depends on the aspectual properties of the inflected predicate. This means that in order for the modal to have a future TO in the absence of overt prospective marking, a zero prospective must be providing th at temporal orientation. Additionally, it was shown that for prospective sentences without cəm̓/cmay, an epistemic interpretation is not available . This suggests overall that nsyilxcn prospectives are non-modal prospectives, and that there is no zero epistemic modal in the absence of cəm̓/cmay.	page 29
§4.2	John Lyon	heading	4.2 (Zero) Circumstantial Modality	page 29
§4.2	nsyilxcn	cited form	cakʷ	page 29
§4.2	nsyilxcn	cited form	cəm̓/cmay	page 30
§4.2	John Lyon	language	St’át’imcets	cited from Rullmann & Matthewson 2018
§4.2	John Lyon	note	This section examines the interaction between circumstantial modality and temporal pers pective and orientation in nsyilxcn, but also attempts to reframe previous understandings of circumstantial modality (Menzies 2013). In §4.2.1, I show that a subset of circumstantial contexts occur with a bouletic particle cakʷ, which Menzies (2013) treats as modal. cakʷ appears to have a future temporal orientation in these cases. In §4.2.2., I show that cakʷ may also be used with non-prospective aspects. Circumstantial modals, by hypothesis always have a future temporal orientation (Rullmann & Matthewson 2018 ). This means that cakʷ cannot be receiving it’s temporal orientation from sentential aspect, in contrast to cəm̓/cmay discussed in §4.1. In §4.2.3, I show that c ircumstantial readings are possible in the absence of any modal particle . Additionally, cakʷ may co-occur with epistemic cəm̓/cmay and is used in contexts for which subjunctive marking applies in other Salish languages (St’át’imcets , Matthewson 2010) . For th ese reasons, I suggest that there is a zero circumstantial modal in nsyilxcn (Matthewson et. al, 2022; Hannon 2025), and that cakʷ is in fact a bouletic mood marker which is consistent with either an epistemic or circumstantial modal base. §4.2.4 provides a brief summary.	page 29
§4.2.1	John Lyon	heading	4.2.1 Introducing Bouletic Particle cakʷ: Future Temporal Orientations	page 30
§4.2.1	nsyilxcn	cited form	cakʷ	page 30
§4.2.1	John Lyon	note	Circumstantial modal contexts in nsyilxcn often involve a particle cakʷ. Menzies (2013) analyzes cakʷ as a bouletic modal, which “concerns what is possible or necessary, given a person’s desires” (von Fintel 2006:2). Typical bouletic cases are shown in (65).	page 30
(65a) line 1	nsyilxcn	segmentation	cakʷ way̓ ∅-x̌ast n̓ín̓aʔxʷ t t̓axt	page 30, engine language
(65a) line 2	nsyilxcn	gloss	BOUL AFF PROS-good a.little OBL sweet	page 30, engine english
(65a) line 3	nsyilxcn	segmentation	a-k-s-∅-wt-nt-ím.	page 30, engine language
(65a) line 4	nsyilxcn	gloss	2SG.POSS-PROS-EXT-PFV-put.inside-DIR-EXT/PROS	page 30, engine english
(65a) line 5	John Lyon	translation	‘It would taste better if you added more sugar.’ (Sarah McLeod | VF)	page 30, engine english
(65b) line 1	nsyilxcn	segmentation	cakʷ ∅-∅-nʔiys-n iʔ automobile t spiʔsc̓íɬt,	page 30, engine residue
(65b) line 2	nsyilxcn	gloss	BOUL PROS-PFV-buy-(DIR)-1SG.ERG DET automobile OBL yesterday	page 30, engine english
(65b) line 3	nsyilxcn	segmentation	lut ɬə ∅-∅-k̓ɬʔiys-n i-spuʔús.	page 30, engine language
(65b) line 4	nsyilxcn	gloss	NEG if PROS-PFV-change-(DIR)-1SG.ERG 1SG.POSS-heart	page 30, engine english
(65b) line 5	John Lyon	translation	‘I should have bought the car yesterday, if I didn’t change my mind.’ (Dave Michel | VF)	page 30, engine english
(65c) line 1	nsyilxcn	transcription	cakʷ x̌ast t sqəltmíxʷ mi ylmíxʷəm.	page 30, engine language
(65c) line 2	nsyilxcn	gloss	BOUL good OBL man PROS.C chief	page 30, engine english
(65c) line 3	John Lyon	translation	‘A good man should always be chief.’ (Lottie Lindley | VF)	page 30, engine english
(65d) line 1	nsyilxcn	segmentation	yaʕyáʕt iʔ sqilxʷ cakʷ ∅-c-x̌aʔ-st-ísəlx	page 30, engine language
(65d) line 2	nsyilxcn	gloss	all DET indigenous.person BOUL (N.)PROS-IPFV-honour-CAUS-3PL.ERG	page 30, engine english
(65d) line 3	nsyilxcn	transcription	iʔ ƛ̓əx̌əx̌ƛ̓x̌áp.	page 30, engine language
(65d) line 4	nsyilxcn	gloss	DET elders	page 30, engine english
(65d) line 5	John Lyon	translation	‘All people should honor their elders.’ (Lottie Lindley | VF)	page 30, engine english
§4.2.1	John Lyon	language	nɬeʔkepmxcín	Thompson River Salish, cited from Hannon 2025
§4.2.1	nsyilxcn	cited form	cəm̓/cmay	page 30
§4.2.1	John Lyon	note	cakʷ can co-occur with any aspectually inflected predicate under either a past or present temporal perspective. Most commonly it occurs with a future-oriented predicate. In these cases, prospective k- is not typically volunteered but is readily accepted with no apparent change in meaning (Hannon 2025:197-198 notes a similar pattern in nɬeʔkepmxcín). cakʷ is similar to cəm̓/cmay in this respect.	page 30
(66) line 1	John Lyon	note	Context: We are watching the weight lifting category during the Olympics. We see an athlete holding a very heavy weight above his head. He is shaking very hard. If he doesn’t drop it soon his arms are going to give out. I say to you: (context from Menzies 2013:30)	page 31, engine english
(66a) line 1	nsyilxcn	segmentation	cakʷ ∅-∅-yxʷ-mi-s.	page 31, engine language
(66a) line 2	nsyilxcn	gloss	BOUL PROS-PFV-lower-APPL-(DIR)-3ERG	page 31, engine english
(66a) line 3	Menzies 2013	translation	‘He should drop it.’	page 31, engine english, cited Menzies 2013
(66a) line 3	John Lyon	citation	(Menzies 2013)	the tag or source at the right of the translation
(66b) line 1	nsyilxcn	segmentation	cakʷ k-s-yxʷ-m-iʔ-s.	page 31, engine language
(66b) line 2	nsyilxcn	gloss	BOUL PROS-EXT-lower-APPL-(DIR)-EXT/PROS-3POSS	page 31, engine english
(66b) line 3	John Lyon	translation	‘He should drop it.’ (Dave Michele | VF)	page 31, engine english
(67) line 1	John Lyon	note	Context: My partner and I have a big dog. My little cousin is coming over tomorrow, so we think our dog should stay outside tomorrow. I say to my partner: (context from Hannon 2025:196)	page 31, engine english
(67a) line 1	nsyilxcn	segmentation	cakʷ k̓l tk̓mkniɬxʷ mi ∅-wt-nt-im iʔ kəkəwáp x̌lap.	page 31, engine language
(67a) line 2	nsyilxcn	gloss	BOUL to outside PROS.C PFV-put-DIR-1PL.ERG DET dog tomorrow	page 31, engine english
(67a) line 3	John Lyon	translation	‘We should put the dog outside tomorrow.’ (Dave Michele | VF)	page 31, engine english
(67b) line 1	nsyilxcn	segmentation	cakʷ k̓l tk̓mkniɬxʷ k-s-∅-wt-nt-im iʔ kəkəwáp x̌lap.	page 31, engine language
(67b) line 2	nsyilxcn	gloss	BOUL to outside PROS-EXT-PFV-put-DIR-1PL.ERG DET dog tomorrow	page 31, engine english
(67b) line 3	John Lyon	translation	‘We should put the dog outside tomorrow.’ (Dave Michele | CF)	page 31, engine english
(68) line 1	John Lyon	note	Context: You’re bringing your granddaughter out on the land to pick saskatoons. She can be a bit of a picky eater, so you’re always encouraging her to try new things. You hold a saskatoon out to her and say… (context from Hannon 2025:197)	page 31, engine english
(68a) line 1	nsyilxcn	segmentation	cakʷ ∅-∅-k̓ʷin̓-nt-xʷ axáʔ iʔ síyaʔ.	page 31, engine language
(68a) line 2	nsyilxcn	gloss	BOUL PROS-PFV-try-DIR-2SG.ERG this DET saskatoon	page 31, engine english
(68a) line 3	John Lyon	translation	‘You should try this saskatoon.’ (Dave Michele | VF)	page 31, engine english
(68b) line 1	nsyilxcn	segmentation	cakʷ a-k-s-∅-k̓ʷín̓-m axáʔ iʔ síyaʔ.	page 31, engine language
(68b) line 2	nsyilxcn	gloss	BOUL 2SG.POSS-PROS-EXT-PFV-try-(DIR)-EXT/PROS this DET saskatoon	page 31, engine english
(68b) line 3	John Lyon	translation	‘You should try this saskatoon.’ (Dave Michele | CF)	page 31, engine english
§4.2.1	John Lyon	note	Insofar as a person’s desires coincide with “what is possible, necessary, permissible, or obligatory, given a body of law or a set of moral principles or the like” (von Fintel 2006:2), cakʷ is also allowed in deontic contexts, with or without overt prospective marking.	page 31
(69) line 1	John Lyon	note	Context: You’re blind and your friend is offering to guide you to your car. You’re convinced you can find your own way, so you say: (cf. N.Mattina 1999:222-223)	page 31, engine english
(69) line 2	nsyilxcn	segmentation	cakʷ lut kʷu a-k-s-∅-knxít-m, way̓	page 31, engine residue
(69) line 3	nsyilxcn	gloss	BOUL NEG 1SG.OBJ 2SG.POSS-PROS-EXT-PFV-help-EXT/PROS AFF	page 31, engine english
(69) line 4	nsyilxcn	segmentation	∅-əc-my-st-ín tac k̓aʔkín mi kn ∅-xʷuy.	page 31, engine residue
(69) line 5	nsyilxcn	gloss	N.PROS-IPFV-know-CAUS-1SG.ERG over.to to.where PROS.C 1SG.SUBJ PFV-go	page 31, engine english
(69) line 6	John Lyon	translation	‘You don’t have to help me, I know where I’m going to go.’ (Dave Michel | VF)	page 31, engine english
(70) line 1	John Lyon	note	Context: You’ve just stepped inside your friend’s house and are now telling your kids:	page 32, engine english
(70a) line 1	nsyilxcn	segmentation	cakʷ ∅-∅-k̓ʷƛ̓-k̓ʷƛ̓-nt-im iʔ q̓aʔ-xán-tət,	page 32, engine language
(70a) line 2	nsyilxcn	gloss	BOUL PROS-PFV-PL-take.off-DIR-1PL.ERG DET stuck-foot-1PL.POSS	page 32, engine english
(70a) line 3	nsyilxcn	segmentation	cəm̓ iʔ sláx̌t-[t]ət ∅-ʕáymt-əlx.	page 32, engine language
(70a) line 4	nsyilxcn	gloss	EPIS DET friend-1PL.POSS PROS-mad-3PL	page 32, engine english
(70a) line 5	John Lyon	translation	‘We have to take our shoes off now, or our hosts will get mad.’	page 32, engine english
(70a) line 6	John Lyon	citation	(Delphine Derickson-Armstrong | VF)	page 32, engine english
(70b) line 1	nsyilxcn	segmentation	John cakʷ k-s-∅-k̓ʷƛ̓-nt-is iʔ q̓aʔ•q̓aʔ-xán-s.	page 32, engine language
(70b) line 2	nsyilxcn	gloss	John BOUL PROS-EXT-PFV-take.off-DIR-3ERG DET C1C2•stuck-foot-3POSS	page 32, engine english
(70b) line 3	John Lyon	translation	‘John should take off his shoes.’ (Sarah McLeod | VF)	page 32, engine english
(71) line 1	John Lyon	note	Context: You come inside after working outside in the field all day. Your wife says to you:	page 32, engine english
(71a) line 1	nsyilxcn	segmentation	cakʷ kʷ ∅-∅-c̓aw̓-íkst-m.	page 32, engine language
(71a) line 2	nsyilxcn	gloss	BOUL 2SG.SUBJ PROS-PFV-wash-hand-INTR	page 32, engine english
(71a) line 3	John Lyon	translation	‘You should wash your hands.’ (Delphine Derickson-Armstrong | Dave Michele | VF)	page 32, engine english
(71b) line 1	nsyilxcn	segmentation	cakʷ kʷ k-s-∅-c̓aw̓-íw̓-kst-aʔx.	page 32, engine language
(71b) line 2	nsyilxcn	gloss	BOUL 2SG.SUBJ PROS-EXT-PFV-wash-middle[?]-hand-EXT/PROS	page 32, engine english
(71b) line 3	John Lyon	translation	‘You should wash your hands.’ (Delphine Derickson-Armstrong | Dave Michele | CF)	page 32, engine english
(72) line 1	John Lyon	note	Context: You come straight to the dinner table after working outside in the field all day. Your wife says to you:	page 32, engine english
(72a) line 1	nsyilxcn	segmentation	cakʷ kʷ ∅-∅-c̓aw̓-íkst-m mi sic kʷu ∅-ʔaɬ-ʔíɬn.	page 32, engine language
(72a) line 2	nsyilxcn	gloss	BOUL 2SG.SUBJ PROS-PFV-wash-hand-MID PROS.C new 1PL.SUBJ PFV-C1C2-eat	page 32, engine english
(72a) line 3	John Lyon	translation	‘You should have washed your hands before we eat.’ (Dave Michele | VF)	page 32, engine english
(72b) line 1	nsyilxcn	segmentation	cakʷ kʷ k-s-∅-c̓aw̓-íw̓-kst-aʔx. cxʔit.	page 32, engine language
(72b) line 2	nsyilxcn	gloss	BOUL 2SG.SUBJ PROS-EXT-PFV-wash-middle[?]-hand-EXT/PROS first	page 32, engine english
(72b) line 3	John Lyon	translation	‘You should have washed your hands first.’ (Delphine Derickson-Armstrong | VF)	page 32, engine english
(73) line 1	John Lyon	note	Context: You’re in a café where the seating time is limited to one hour. You’ve been there for an hour already, so a worker comes over to you and says: (context from Hannon	page 32, engine english
(73) line 2	nsyilxcn	transcription	2025:203)	page 32, engine residue
(73) line 3	nsyilxcn	segmentation	∅-maɬ-q̓ʷíc̓t iʔ snʔiɬntn, way̓ cakʷ t̓i kʷ ∅-∅-xʷuy ʕapnáʔ.	page 32, engine language
(73) line 4	nsyilxcn	gloss	N.PROS-too-full DET restaurant AFF BOUL EXCL 2SG.SUBJ PROS-PFV-go now	page 32, engine english
(73) line 5	John Lyon	translation	‘It’s too full, if you wouldn’t mind leaving now.’ (Dave Michele | VF)	page 32, engine english
§4.2.1	John Lyon	note	cakʷ may be used in teleological contexts (74), insofar as the speaker’s desires coincide with “what means are possible or necessary for achieving a particular goal” (von Fintel 2006:2).	page 32
(74a) line 1	John Lyon	note	Context: There’s three ways to get to Vancouver from the Okanagan: fly, drive, or take the bus. You tell your friend:	page 32, engine english
(74a) line 2	nsyilxcn	segmentation	cakʷ ɬ an-x̌mínk iʔ l stage mi kʷ ∅-kɬ-mut.	page 32, engine residue
(74a) line 3	nsyilxcn	gloss	BOUL if 2SG.POSS-want DET at bus PROS.C 2SG.SUBJ PFV-on-sit	page 32, engine english
(74a) line 4	John Lyon	translation	‘You can take the bus if you want.’ (Dave Michele | VF)	page 32, engine english
(74b) line 1	John Lyon	note	Context: There used to be three ways to get to Vancouver from the Okanagan: fly, drive, or take the bus. Now you can’t take the bus anymore. You tell your friend:	page 33, engine english
(74b) line 2	nsyilxcn	transcription	tl q̓sápi cakʷ iʔ l sílxʷaʔ aʔ nxʷaʔxʷúytn	page 33, engine language
(74b) line 3	nsyilxcn	gloss	from long.time BOUL DET in big DET bus	page 33, engine english
(74b) line 4	nsyilxcn	segmentation	mi kʷ ∅-kɬ-mut ɬ an-x̌mínk.	page 33, engine language
(74b) line 5	nsyilxcn	gloss	PROS.C 2SG.SUBJ PFV-on-sit if 2SG.POSS-want	page 33, engine english
(74b) line 6	John Lyon	translation	‘Long time ago, you could’ve taken the bus if you wanted.’	page 33, engine english
(74b) line 7	John Lyon	citation	(Delphine Derickson-Armstrong | VF)	page 33, engine english
§4.2.1	John Lyon	note	cakʷ may also be used in abilitative modal contexts (75), which convey what is possible “given the physical limits of a particular person or thing ” ( Menzies 2013:29). Again, overt prospective marking may or may not be present.	page 33
(75a) line 1	John Lyon	note	Context: You’re at a rock-lifting contest, and you’ve been training for a long time. You see a big rock and you think “I have to be able to lift this rock.”	page 33, engine english
(75a) line 2	nsyilxcn	segmentation	way̓ cakʷ axáʔ iʔ xƛ̓ut i-k-s-∅-nwisəlx-nún-m.	page 33, engine language
(75a) line 3	nsyilxcn	gloss	AFF BOUL this DET rock 1SG.POSS-PROS-EXT-PFV-lift-NC.TR-EXT/PROS	page 33, engine english
(75a) line 4	John Lyon	translation	‘I should be able to lift this one.’ (Dave Michele | VG, VF)	page 33, engine english
(75b) line 1	John Lyon	note	Context: I used to be strong enough to lift this big rock.	page 33, engine english
(75b) line 2	nsyilxcn	segmentation	cakʷ way̓ i-k-s-∅-nwislx-nún-m axáʔ iʔ xƛ̓ut.	page 33, engine residue
(75b) line 3	nsyilxcn	gloss	BOUL AFF 1SG.POSS-PROS-EXT-PFV-lift-NC.TR-EXT/PROS this DET rock	page 33, engine english
(75b) line 4	John Lyon	translation	‘I could have lifted that rock (when I was younger).’ (Dave Michele | VF)	page 33, engine english
(75c) line 1	John Lyon	note	Context: I used to be strong enough to lift this big rock.	page 33, engine english
(75c) line 2	nsyilxcn	segmentation	cakʷ way̓ ∅-∅-nwislx-st-n iʔ sílxʷaʔ iʔ xƛ̓ut	page 33, engine language
(75c) line 3	nsyilxcn	gloss	BOUL AFF PROS-PFV-lift-CAUS-1SG.ERG DET big DET rock	page 33, engine english
(75c) line 4	nsyilxcn	segmentation	pútiʔ kn ɬə ∅-swiʔnúmtaʔx.	page 33, engine language
(75c) line 5	nsyilxcn	gloss	still 1SG.SUBJ when N.PROS-beautiful	page 33, engine english
(75c) line 6	John Lyon	translation	‘I could have lifted that big rock when I was younger.’	page 33, engine english
(75c) line 7	John Lyon	citation	(Delphine Derickson-Armstrong | VF)	page 33, engine english
§4.2.1	John Lyon	note	cakʷ can be used in offer contexts as well, with or without overt prospective marking.	page 33
(76) line 1	John Lyon	note	Context: A friend is organizing a charity drive whereby we will collect donations from people in exchange for hiking up a mountain. She asks me if I would like to participate in the climb. (Context from Glougie 2007:3)	page 33, engine english
(76a) line 1	nsyilxcn	segmentation	cakʷ way̓ ∅-∅-kx[n]-nt-s-in k̓l sqilt ɬ an-x̌mínk.	page 33, engine residue
(76a) line 2	nsyilxcn	gloss	BOUL AFF PROS-PFV-accompany-DIR-2SG.OBJ-1SG.ERG to top if 2SG.POSS-want	page 33, engine english
(76a) line 3	John Lyon	translation	‘I will go with you to the mountain if you want.’ (Sarah McLeod | VF)	page 33, engine english
(76b) line 1	nsyilxcn	segmentation	cakʷ kʷ i-k-s-∅-kxn-ám	page 33, engine residue
(76b) line 2	nsyilxcn	gloss	BOUL 2SG.OBJ 1SG.POSS-PROS-EXT-PFV-accompany-EXT/PROS	page 33, engine english
(76b) line 3	nsyilxcn	segmentation	kʷu ɬaʔ ∅-∅-xʷuy̓ k̓l məkʷíw̓t.	page 33, engine language
(76b) line 4	nsyilxcn	gloss	1PL.SUBJ when PROS-PFV-go to mountain	page 33, engine english
(76b) line 5	John Lyon	translation	‘I’ll go with you when we go up the mountain.’ (Delphine Derickson-Armstrong | VF)	page 33, engine english
(77) line 1	John Lyon	note	Context: Your friend was looking for a ride to a meeting you both had last week. You offered but your friend found a different way to get there. You see them later and tell them:	page 34, engine english
(77a) line 1	nsyilxcn	segmentation	cakʷ way̓ ∅-∅-kɬ-mut-st-m-n l in-automobile.	page 34, engine english
(77a) line 2	nsyilxcn	gloss	BOUL AFF PROS-PFV-on-sit-CAUS-2SG.OBJ-1SG.ERG in 1SG.POSS-automobile	page 34, engine english
(77a) line 3	John Lyon	translation	‘I could have given you a ride in my car.’ (Delphine Derickson-Armstrong | VF)	page 34, engine english
(77b) line 1	nsyilxcn	segmentation	cakʷ incá mi ∅-kɬ-mut-st-m-n l in-automobile.	page 34, engine english
(77b) line 2	nsyilxcn	gloss	BOUL 1SG.INDEP PROS.C PFV-on-sit-CAUS-2SG.OBJ-1SG.ERG in 1SG.POSS-automobile	page 34, engine english
(77b) line 3	John Lyon	translation	‘I could have given you a ride in my car.’ (Dave Michele | CF)	page 34, engine english
§4.2.1	John Lyon	note	The examples in this section are consitent with an analysis of cakʷ as a bouletic modal which either receives its future temporal orientation from the overt or zero prospective, or is specified as future- oriented because of a diversity condition (Condoravdi 2002), such that “for any (occurrence of a) modal, there be at least one world in the modal base in which the prejacent is true, and one in which it is false ” (Rullmann & Matthewson 2018: 24). If all circumstantial worlds have the same truth values for past and present TP events, this essentially forces a future TO for cakʷ. In §4.2.2, I show that cakʷ may co-occur with non-prospective aspects. This means that i f cakʷ must have a future TO, it differs from cəm̓/cmay in not receiving its future TO from an aspectually inflected predicate.	page 34
§4.2.2	John Lyon	heading	4.2.2 cakʷ and other Temporal Orientations	page 34
§4.2.2	nsyilxcn	cited form	cakʷ	page 34
§4.2.2	John Lyon	note	The examples in the previous section involve sentences with an overt or zero prospective, where cakʷ appears to take a future temporal orientation relative to a present or past temporal perspective. These examples involve unrealized events, which have not yet occurred relative to a past or present point in time. Other cases involving cakʷ do not involve unrealized events, however, and these cases cannot take prospective aspect.	page 34
§4.2.2	John Lyon	note	Consider (78), for example, where the event of dropping a weight did occur, and the speaker is expressing that the event that occurred should have occurred earlier than it did. The main verb is inflected with a non-prospective extended-now aspect. Compare (78) with (79, cf. 66 above) where the event is unrealized, and prospective marking is allowed. This suggests that cakʷ cannot be receiving its temporal orientation from the aspectually-inflected predicate.	page 34
(78) line 1	John Lyon	note	Context: We are watching the weight lifting category during the Olympics. We see an athlete holding a very heavy weight above his head. He drops it suddenly and motions that he pulled a muscle in his back. You say:	page 34, engine english
(78) line 2	nsyilxcn	segmentation	cakʷ way̓ #k-/∅-s-∅-yxʷ-min-m-s mi lut	page 34, engine english
(78) line 3	nsyilxcn	gloss	BOUL already #PROS-/N.PROS-EXT- PFV-lower-APPL-EXT/PROS-3POSS PROS.C NEG	page 34, engine english
(78) line 4	nsyilxcn	segmentation	k-s-x̌an̓númt-s iʔ snk̓mikn-s.	page 34, engine language
(78) line 5	nsyilxcn	gloss	PROS-NMLZ-get.hurt-3POSS DET back-3POSS	page 34, engine english
(78) line 6	John Lyon	translation	‘He should have dropped it (earlier) so he wouldn’t have hurt his back.’	page 34, engine english
(78) line 7	John Lyon	citation	(Delphine Derickson-Armstrong | Dave Michel | VF)	page 34, engine english
(78) line 8	Dave Michele	speaker comment	Dave Michele: With k-, that’ s future tense, we’re trying to say past tense.	page 34, engine english
(79) line 1	John Lyon	note	Context: We are watching the weight lifting category during the Olympics. We see an athlete holding a very heavy weight above his head. He is shaking very hard, if he doesn’t drop it soon his arms are going to give out. I say to you: (context from Menzies 2013:30)	page 35, engine english
(79a) line 1	nsyilxcn	segmentation	cakʷ ∅-∅-yxʷ-mi-s.	page 35, engine language
(79a) line 2	nsyilxcn	gloss	BOUL PROS-PFV-lower-APPL-(DIR)-3ERG	page 35, engine english
(79a) line 3	Menzies 2013	translation	‘He should drop it.’	page 35, engine english, cited Menzies 2013
(79a) line 3	John Lyon	citation	(Menzies 2013)	the tag or source at the right of the translation
(79b) line 1	nsyilxcn	segmentation	cakʷ k-s-yxʷ-m-iʔ-s.	page 35, engine language
(79b) line 2	nsyilxcn	gloss	BOUL PROS-EXT-lower-APPL-(DIR)-EXT/PROS-3POSS	page 35, engine english
(79b) line 3	John Lyon	translation	‘He should drop it.’ (Dave Michele | VF)	page 35, engine english
§4.2.2	nsyilxcn	cited form	wiʔ	page 35, ‘to finish’
§4.2.2	John Lyon	note	A similar case is shown below. In (80a), a non-prospective interpretation of the extended predicate is enforced by compounding root wiʔ ‘to finish’. cakʷ occurs in a similar sentence in (80b).	page 35
(80) line 1	John Lyon	note	Context: You’re talking about how you should have finished your hunting trip earlier today before your wife called you, but the weather was bad which delayed you wrapping things up.	page 35, engine english
(80a) line 1	nsyilxcn	segmentation	way̓ kn ∅-s-∅-wiʔs-píx̌-x uɬ in-tkɬmílxʷ	page 35, engine language
(80a) line 2	nsyilxcn	gloss	already 1SG.SUBJ N.PROS-EXT-PFV-finish-hunt-EXT and 1SG.POSS-woman	page 35, engine english
(80a) line 3	nsyilxcn	segmentation	kʷu ∅-∅-tqʷəlqʷəltíw̓s-ɬt-s.	page 35, engine language
(80a) line 4	nsyilxcn	gloss	1SG.OBJ N.PROS-PFV-phone-REDR-3ERG	page 35, engine english
(80a) line 5	John Lyon	translation	‘I had already finished hunting when my wife called me.’ (Dave Michel | VF)	page 35, engine english
(80b) line 1	nsyilxcn	segmentation	cakʷ way̓ kn ∅-s-∅-wiʔs-píx̌-x kiʔ ∅-k̓s-asq̓t-m,	page 35, engine language
(80b) line 2	nsyilxcn	gloss	BOUL already 1SG.SUBJ N.PROS-EXT-PFV-finish-hunt-EXT N.FUT.C PFV-bad-day-INTR	page 35, engine english
(80b) line 3	nsyilxcn	segmentation	sic itlíʔ in-tkɬmílxʷ kʷu ∅-∅-tqʷəlqʷəltíw̓s-ɬt-s.	page 35, engine language
(80b) line 4	nsyilxcn	gloss	new from.there 1SG.POSS-woman 1SG.OBJ N.PROS-PFV-phone-REDR-3ERG	page 35, engine english
(80b) line 5	John Lyon	translation	‘I should have already finished hunting when there was a storm, that was before my wife called me.’ (Dave Michel | VF)	page 35, engine english
§4.2.2	John Lyon	note	Again, this contrasts with morphologically similar cases involving unrealized events which can occur with a zero prospective (81).	page 35
(81) line 1	John Lyon	note	Context: You were all registered to ride in the Omak Stampede but then you broke your leg before the ride. Your friend asks you if you’ve ever ridden in the Stampede before. You reply:	page 35, engine english
(81a) line 1	nsyilxcn	segmentation	cakʷ k̓l Omak iʔ snpanw̓scút-s kn k-s-∅-k̓əmtíw̓s-aʔx,	page 35, engine language
(81a) line 2	nsyilxcn	gloss	BOUL to Omak DET rodeo-3POSS 1SG.SUBJ PROS-EXT-PFV-ride.horseback- EXT/PROS	page 35, engine english
(81a) line 3	nsyilxcn	segmentation	náx̌əmɬ kn ∅-∅-x̌ʷc̓-p-xan.	page 35, engine language
(81a) line 4	nsyilxcn	gloss	but 1SG.SUBJ N.PROS-PFV-get.broken-INCH-foot	page 35, engine english
(81a) line 5	John Lyon	translation	‘I should have already ridden in the Omak stampede, but I broke my leg.’	page 35, engine english
(81a) line 6	John Lyon	citation	(Dave Michele | VF)	page 35, engine english
(81b) line 1	nsyilxcn	segmentation	cakʷ kn ∅-s-∅-k̓əmtíw̓s-x k̓l Omak iʔ snpanw̓scút-s,	page 36, engine language
(81b) line 2	nsyilxcn	gloss	CIRC 1SG.SUBJ PROS-EXT-PFV-ride.horseback-EXT to Omak DET rodeo-3POSS	page 36, engine english
(81b) line 3	nsyilxcn	segmentation	náx̌əmɬ kn ∅-∅-x̌ʷc̓-p-xan.	page 36, engine language
(81b) line 4	nsyilxcn	gloss	but 1SG.SUBJ N.PROS-PFV-get.broken-INCH-foot	page 36, engine english
(81b) line 5	John Lyon	translation	‘I should have already ridden in the Omak stampede, but I broke my leg.’	page 36, engine english
(81b) line 6	John Lyon	citation	(Dave Michele | CF)	page 36, engine english
§4.2.2	John Lyon	note	These examples appear to show that future orientation of cakʷ is not directly linked to the temporal orientation of the predicate event. This independence may receive further support from cases involving events with present temporal reference in counterfactual circumstances (82), though this requires further work.	page 36
(82a) line 1	John Lyon	note	Context: You’re taking a break with your friend at work, but you took a little bit too long, so the boss says:	page 36, engine english
(82a) line 2	nsyilxcn	segmentation	cakʷ p ∅-s-c-k̓ʷul̓-x ʕapnáʔ.	page 36, engine language
(82a) line 3	nsyilxcn	gloss	BOUL 2PL.SUBJ (N.)PROS-EXT-IPFV-work-EXT now	page 36, engine english
(82a) line 4	John Lyon	translation	‘You should be working right now.’ (Dave Michele | VF)	page 36, engine english
(82b) line 1	John Lyon	note	Context: You’re getting low on fish, and you send your son out to catch fish but he comes back early without any, and you say:	page 36, engine english
(82b) line 2	nsyilxcn	segmentation	cakʷ t̓i kʷ ∅-c-ɬəɬt̓-ám ʕapnáʔ.	page 36, engine language
(82b) line 3	nsyilxcn	gloss	BOUL EXCL 2SG.SUBJ (N.)PROS-IPFV-fishing-INTR now	page 36, engine english
(82b) line 4	John Lyon	translation	‘You should be fishing right now.’ (Dave Michele | VF after prompt)	page 36, engine english
§4.2.2	nsyilxcn	cited form	xʷuy̓	page 36
§4.2.2	John Lyon	language	ɬeʔkepmxcín	Thompson River Salish, as the text layer breaks it
§4.2.2	John Lyon	language	St’át’imcets	cited from Rullmann & Matthewson 2018
§4.2.2	John Lyon	note	Hannon (2025) argues that prospective aspect xʷuy̓ provides the future temporal orientation to a circumstantial modal in n ɬeʔkepmxcín (cf. Matthewson 2013 ). Rullmann & Matthewson (2018) show that in Gitksan and St’át’imcets, circumstantial modals respectively require and disallow prospective marking. Overall, the Gitksan and n ɬeʔkepmxcín facts follow if prospective marking supplies the future temporal orientation to the modal, and the St’át’imcets facts follow if the modal itself has a future orientation, perhaps because of a diversity condition common to all circumstantial modals (Condoravdi 2002). Regarding nsyilxcn, if it must be the case that cakʷ is future oriented, then it is not receiving its temporal orientation from sentential aspect.	page 36
§4.2.2	John Lyon	note	I suggest that cakʷ is not a modal, but a mood marker which can co-occur with a modal in a lower position. This is based on examples showing that cakʷ is not permitted in some circumstantial contexts, may co-occur with epistemic modals, and more generally, is unnecessary for a wide range of circumstantial readings. For circumstantial contexts in which cakʷ occurs, I posit a zero circumstantial modal. This is discussed in the next section.	page 36
§4.2.3	John Lyon	heading	4.2.3 Circumstantial Contexts Without cakʷ, and the Zero Circumstantial Modal	page 36
§4.2.3	nsyilxcn	cited form	cakʷ	page 36
§4.2.3	John Lyon	note	This section provides evidence that bouletic cakʷ is not a modal particle, since circumstantial readings are easily available without it, and it co-occurs with epistemic modals. Rather, I propose that there is a zero circumstantial modal, and that cakʷ is a mood marker.	page 36
§4.2.3	John Lyon	note	First, cakʷ cannot generally be used if the prejacent does not reflect the speaker’s goals or desires. In (83) for example, cakʷ entails that the speaker hopes that weeds do grow in their garden.	page 36
(83) line 1	John Lyon	note	Context: You see some weeds growing in your next door neighbour’ s yard. You’re a serious gardener, and don’t want weeds to grow in your garden so you think.	page 37, engine english
(83) line 2	nsyilxcn	segmentation	#lut in-x̌mínk iʔ snplliw̓s l i-snk̓ʷánɬqtn, uɬ lut kn	page 37, engine language
(83) line 3	nsyilxcn	gloss	NEG 1SG.POSS-want DET weeds in 1SG.POSS-garden and NEG 1SG.SUBJ	page 37, engine english
(83) line 4	nsyilxcn	segmentation	t̓ wik-m náx̌əmɬ (#cakʷ)	page 37, engine language
(83) line 5	nsyilxcn	gloss	NEG.FAC see-INTR but BOUL	page 37, engine english
(83) line 6	nsyilxcn	segmentation	k-s-∅-n-pl•l-íw̓s-aʔx l i-snk̓ʷánɬqtn.	page 37, engine language
(83) line 7	nsyilxcn	gloss	PROS-EXT-PFV-LOC-grow•C2.CS-middle-EXT/PROS in 1SG.POSS-garden	page 37, engine english
(83) line 8	John Lyon	translation	‘I don’t want weeds in my garden, and I don’t see any, but they (#should)/could grow in my garden.’	page 37, engine english
(83) line 9	Delphine Derickson-Armstrong	speaker comment	DD Comment: No, [with cakʷ] that’ s hoping for the weeds.	page 37, engine english
(83)	nsyilxcn	cited form	cakʷ	in the speaker comment, page 37
(83) line 10	Dave Michele	speaker comment	DM Comment: No, you’re hoping the weeds don’t grow in your garden.	page 37, engine english
§4.2.3	John Lyon	note	Next, insofar as ‘pure’ circumstantial contexts (Menzies 2013:35) do not rely on the speaker’s goals or desires, these contexts also tend not to occur with cakʷ (84).	page 37
(84) line 1	John Lyon	note	Context: You’re part of TEK (traditional ecological knowledge) class who is hiking to a site to look for sp̓iƛ̓əm (bitterroot). You’re not sure if you’re quite in the area where sp̓iƛ̓əm grow, so you ask your teacher about it, and they reply:	page 37, engine english
(84a) line 1	nsyilxcn	segmentation	way̓, kn nstils iʔ sp̓íƛ̓əm aláʔ k-s-∅-pl•l-míxaʔx.	page 37, engine language
(84a) line 2	nsyilxcn	gloss	yes 1SG.SUBJ think DET bitterroot here PROS-EXT-PFV-grow•C2.CS-EXT/PROS	page 37, engine english
(84a) line 3	John Lyon	translation	‘Yes, I think spiƛ̓əm can grow here.’ (Delphine Derickson-Armstrong | VF)	page 37, engine english
(84b) line 1	nsyilxcn	segmentation	q̓sápi iʔ sp̓íƛ̓əm aláʔ k-s-∅-pl•l-míxaʔx,	page 37, engine language
(84b) line 2	nsyilxcn	gloss	long.ago DET bitterroot here PROS-EXT-PFV-grow•C2.CS-EXT/PROS	page 37, engine english
(84b) line 3	nsyilxcn	segmentation	náx̌əmɬ lut ʕapnáʔ, ∅-maɬ-cíx̌cəx̌t.	page 37, engine language
(84b) line 4	nsyilxcn	gloss	but NEG now N.PROS-too-hot	page 37, engine english
(84b) line 5	John Lyon	translation	‘Long ago, spiƛ̓əm could have grown here, but not now, it is too hot.’	page 37, engine english
(84b) line 6	John Lyon	citation	(Delphine Derickson-Armstrong | Dave Michele | CF)	page 37, engine english
(84c) line 1	nsyilxcn	segmentation	#iʔ sp̓íƛ̓əm cakʷ aláʔ k-s-∅-pl•l-míxaʔx.	page 37, engine language
(84c) line 2	nsyilxcn	gloss	DET bitterroot BOUL here PROS-EXT-PFV-grow•C2.CS-EXT/PROS	page 37, engine english
(84c) line 3	John Lyon	translation	‘Bitterroot could grow here.’ (Delphine Derickson-Armstrong | CF)	page 37, engine english
§4.2.3	John Lyon	note	It also seems clear that cakʷ cannot be used epistemically. In ( 85)-(87), the context allow s for epistemic might or must in English, though cakʷ is not felicitous.	page 37
(85) line 1	John Lyon	note	Context: Your older brother has a habit of waking up very late. You want to call him this morning, but you think: ‘My older brother is sleeping now.̓ (context adapted from Hannon 2025)	page 37, engine english
(85a) line 1	nsyilxcn	segmentation	i-ɬqáqcaʔ ∅-s-c-ʔítx-əx ʕapnáʔ.	page 37, engine language
(85a) line 2	nsyilxcn	gloss	1SG.POSS-older.brother N.PROS-EXT-IPFV-sleep-EXT now	page 37, engine english
(85a) line 3	John Lyon	translation	‘My older brother is sleeping now.’ (Dave Michele | VF)	page 37, engine english
(85b) line 1	nsyilxcn	segmentation	#cakʷ ∅-s-c-ʔítx-əx i-ɬqáqcaʔ ʕapnáʔ.	page 37, engine language
(85b) line 2	nsyilxcn	gloss	CIRC N.PROS-EXT-IPFV-sleep-EXT 1SG.POSS-older.brother now	page 37, engine english
(85b) line 3	John Lyon	translation	‘My older brother should be sleeping now.’ (Dave Michele | CF)	page 37, engine english
(85b) line 4	Dave Michele	speaker comment	Comment: No, that wouldn’t work.	page 37, engine english
(86) line 1	John Lyon	note	Context: It was really cold last night. You saw a lot of clouds gathering when you were going to bed. This morning, you wake up and immediately think:	page 38, engine english
(86a) line 1	nsyilxcn	segmentation	mat way̓ ∅-s-∅-mqʷəqʷ-míx t sk̓ək̓láxʷ.	page 38, engine language
(86a) line 2	nsyilxcn	gloss	EVID AFF N.PROS-EXT-PFV-snow.fall-EXT OBL last.night	page 38, engine english
(86a) line 3	John Lyon	translation	‘It must have snowed last night.’ (Dave Michele | VF)	page 38, engine english
(86b) line 1	nsyilxcn	segmentation	#cakʷ way̓ ∅-s-∅-mqʷəqʷ-míx t sk̓ək̓láxʷ.	page 38, engine language
(86b) line 2	nsyilxcn	gloss	BOUL AFF N.PROS-EXT-PFV-snow.fall-EXT OBL last.night	page 38, engine english
(86b) line 3	John Lyon	translation	‘It should have snowed last night.’ (Dave Michele | CF)	page 38, engine english
(87) line 1	John Lyon	note	Context: It’s winter. You want to go for a walk, but the ground looks icy. You’re worried you might slip and fall (context from Hannon 2025:202)	page 38, engine english
(87) line 2	nsyilxcn	segmentation	lut in-x̌mínk i-k-s-xʷaʔxʷíst ɬaʔ c-súl-laʔxʷ,	page 38, engine language
(87) line 3	nsyilxcn	gloss	NEG 1SG.POSS-want 1SG.POSS-PROS-NMLZ-walk when STAT-frozen-ground	page 38, engine english
(87) line 4	nsyilxcn	segmentation	áɬiʔ cəm̓/#cakʷ kn ∅-∅-t̓k̓ʷ•ak̓ʷ.	page 38, engine language
(87) line 5	nsyilxcn	gloss	because EPIS/#BOUL 1SG.SUBJ PROS-PFV-get.laid.down•C2.COS	page 38, engine english
(87) line 6	John Lyon	translation	‘I don’t like to walk when it is icy out because I might/#want to fall.’	page 38, engine english
(87) line 7	John Lyon	citation	(Delphine Derickson-Armstrong | VF)	page 38, engine english
(87) line 8	Dave Michele	speaker comment	DM Comment: No cakʷ, that says you want to fall.	page 38, engine english
(87)	nsyilxcn	cited form	cakʷ	in the speaker comment, page 38
(87) line 9	Delphine Derickson-Armstrong	speaker comment	DD Comment: No I wouldn’t [put cakʷ in there].	page 38, engine english
§4.2.3	John Lyon	note	Although cakʷ cannot be used epistemically by itself, it may co-occur with epistemic modal cmay (88) (Menzies 2013). For these cases, the speaker hopes that it might be the case that X. The fact that cakʷ can co-occur with a non-circumstantial modal is one piece of evidence that cakʷ may be a mood marker, rather than a modal. Comparing (87) with (88c), it seems that when cakʷ co-occurs with cmay, the bouletic force of cakʷ may in somes cases be removed: In (88c) the speaker’s goals and desires are not to fall down on the icy ground . Why cmay should have this effect on cakʷ remains unclear, but I return to other less clearly bouletic uses of cakʷ in the following discussion.	page 38
(88a) line 1	John Lyon	note	Context: You’re part of TEK (traditional ecological knowledge) class who is hiking to a site to look for sp̓iƛ̓əm (bitterroot). You’re not sure if you’re quite in the area where sp̓iƛ̓əm grow, so you ask your teacher about it, and they reply:	page 38, engine english
(88a) line 2	nsyilxcn	segmentation	iʔ sp̓íƛ̓əm cakʷ cmay aláʔ k-s-∅-pl•l-míxaʔx,	page 38, engine language
(88a) line 3	nsyilxcn	gloss	DET bitterroot BOUL EPIS here PROS-EXT-PFV-grow•C2.CS-EXT/PROS	page 38, engine english
(88a) line 4	nsyilxcn	segmentation	iʔ s-ʕác̓-əc̓-s.	page 38, engine language
(88a) line 5	nsyilxcn	gloss	DET NMLZ-look-C2-3POSS	page 38, engine english
(88a) line 6	John Lyon	translation	‘I’m hoping this the area where spiƛ̓əm looks like it will grow.’	page 38, engine english
(88a) line 7	John Lyon	citation	(Delphine Derickson-Armstrong | VF, VG)	page 38, engine english
(88b) line 1	nsyilxcn	segmentation	cakʷ cmay John ∅-∅-c-kicx.	page 38, engine residue
(88b) line 2	nsyilxcn	gloss	BOUL EPIS John PROS-PFV-CISL-arrive	page 38, engine english
(88b) line 3	John Lyon	translation	‘I hope John will come.’ (Sarah McLeod | VF)	page 38, engine english
(88c) line 1	John Lyon	note	Context: It’s winter. You want to go for a walk, but the ground looks icy. You think: (context from Hannon 2025:202)	page 39, engine english
(88c) line 2	nsyilxcn	segmentation	kn ɬaʔ ʔácqaʔ cakʷ cmay kn ∅-∅-t̓k̓ʷ•ak̓ʷ	page 39, engine language
(88c) line 3	nsyilxcn	gloss	1SG.SUBJ if go.outside BOUL EPIS 1SG.SUBJ PROS-PFV-get.laid.down•C2.COS	page 39, engine english
(88c) line 4	nsyilxcn	transcription	áɬiʔ nirnrt.	page 39, engine language
(88c) line 5	nsyilxcn	transcription	because slippery	page 39, engine english
(88c) line 6	John Lyon	translation	‘If I go outside, maybe I’ll fall down, because it is slippery.’	page 39, engine english
(88c) line 7	John Lyon	citation	(Delphine Derickson-Armstrong | VF)	page 39, engine english
§4.2.3	John Lyon	note	There is widespread evidence that circumstantial readings are possible without cakʷ, including deontic, teleological, abilitative, and contexts involving offers . This suggests that there is zero circumstantial modal. First however, consider that for circumstantial contexts that normally allow cakʷ, cakʷ or other marker of deference to the hearer is often required when a 2nd person participant is involved. This is due to a ‘politeness’ factor, and the fact that second person prospectives are interpreted as commands rather than offers in the absence of cakʷ (89).	page 39
(89a) line 1	John Lyon	note	Context: You’re bringing your granddaughter out on the land to pick saskatoons. She can be a bit of a picky eater, so you’re always encouraging her to try new things. You hold a saskatoon out to her and say: (context from Hannon 2025:197)	page 39, engine english
(89a) line 2	nsyilxcn	segmentation	#(cakʷ) ∅-∅-k̓ʷin̓-nt-xʷ axáʔ iʔ síyaʔ.	page 39, engine language
(89a) line 3	nsyilxcn	gloss	BOUL PROS-PFV-try-DIR-2SG.ERG this DET saskatoon	page 39, engine english
(89a) line 4	nsyilxcn	gloss	Intended [without cakʷ]: ‘You should try this saskatoon.’ (Dave Michele | CF)	page 39, engine english
(89a) line 5	nsyilxcn	transcription	Actual [without cakʷ]: ‘You will try this saskatoon.’	page 39, engine english
(89b) line 1	John Lyon	note	Context: You’re in a café where the seating time is limited to one hour. You’ve been there for an hour already, so a worker comes over to you and says: (context from Hannon	page 39, engine english
(89b) line 2	nsyilxcn	transcription	2025:189/203)	page 39, engine residue
(89b) line 3	nsyilxcn	segmentation	maɬ-q̓ʷíc̓t iʔ snʔiɬntn, way̓ #(cakʷ) t̓i kʷ ∅-∅-xʷuy ʕapnáʔ.	page 39, engine language
(89b) line 4	nsyilxcn	gloss	too-full DET restaurant AFF BOUL EXCL 2SG.SUBJ PROS-PFV-go now	page 39, engine english
(89b) line 5	nsyilxcn	transcription	Intended [without cakʷ]: ‘It’s too full, if you wouldn’t mind leaving now.’	page 39, engine english
(89b) line 6	nsyilxcn	segmentation	Actual [without cakʷ]: ‘It’s too full, you have to leave now.’	page 39, engine english
(89b) line 7	John Lyon	speaker comment	Comment: Ok [without cakʷ], but he’s kicking you out. (Dave Michele | CF)	page 39, engine english
(89b)	nsyilxcn	cited form	cakʷ	in the speaker comment, page 39
(89c) line 1	John Lyon	note	Context: Your friend is looking for a ride to a meeting you both have today. You say: (context from Hannon 2025:189/203)	page 39, engine english
(89c) line 2	nsyilxcn	segmentation	#kʷ i-k-s-∅-xʷúy-st-m iʔ k̓l snqʷaʔqʷʔaltán.	page 39, engine language
(89c) line 3	nsyilxcn	gloss	2SG.OBJ 1SG.POSS-PROS-EXT-PFV-go-CAUS-EXT/PROS DET to meeting	page 39, engine english
(89c) line 4	John Lyon	translation	Intended: I can give you a ride to the meeting.	page 39, engine english
(89c) line 5	John Lyon	translation	Actual: #I’m going to give you a ride to the meeting. (Dave Michele | CF)	page 39, engine english
(89c) line 6	Dave Michele	speaker comment	Comment: You can’t say I’m going to....	page 39, engine english
(89d) line 1	John Lyon	note	Context: As in 84c.	page 39, engine english
(89d) line 2	nsyilxcn	segmentation	#kʷ i-k-s-∅-kɬmút-st-m k̓l snʔúl̓lustn.	page 39, engine language
(89d) line 3	nsyilxcn	gloss	2SG.OBJ 1SG.POSS-PROS-EXT-PFV-give.ride-CAUS-EXT/PROS to meeting	page 39, engine english
(89d) line 4	nsyilxcn	gloss	I’m going to give you a ride to the meeting. (Dave Michele | CF)	page 39, engine english
(89d) line 5	John Lyon	speaker comment	Comment: No, that’s like a command, you’re not asking.	page 39, engine english
§4.2.3	nsyilxcn	cited form	ɬ	page 40
§4.2.3	nsyilxcn	cited form	anx̌mínk	page 40, ‘if you want’
§4.2.3	John Lyon	note	cakʷ is the most common way of making a statement polite, though question mark er ha (90a) (sometimes used in combination with cakʷ, 90b) or another paraphrastic means of conveying deference to the hearer like ɬ anx̌mínk ‘if you want’ (91-93) also makes the utterance felicitous. Note that overt prospective marking may or may not be present.	page 40
(90) line 1	John Lyon	note	Context: Your friend is looking for a ride to a meeting you both have today. You say: (context from Hannon 2025:189/203)	page 40, engine english
(90a) line 1	nsyilxcn	segmentation	ha kʷ i-k-s-∅-xʷúy-st-m iʔ k̓l snqʷaʔqʷʔaltán?	page 40, engine language
(90a) line 2	nsyilxcn	gloss	Q 2SG.OBJ 1SG.POSS-PROS-EXT-PFV-go-CAUS-EXT/PROS DET to meeting	page 40, engine english
(90a) line 3	nsyilxcn	gloss	Can I take you to the meeting? (Dave Michele | VF)	page 40, engine english
(90a) line 4	John Lyon	translation	Literally: Am I going to take you to the meeting?	page 40, engine english
(90b) line 1	nsyilxcn	segmentation	cakʷ ha kʷ i-k-s-∅-kɬmút-st-m k̓l snʔúl̓lustn.	page 40, engine language
(90b) line 2	nsyilxcn	gloss	BOUL Q 2SG.OBJ 1SG.POSS-PROS-EXT-PFV-give.ride-CAUS-EXT/PROS to meeting	page 40, engine english
(90b) line 3	nsyilxcn	gloss	Can I give you a ride to the meeting? (Dave Michele | VF)	page 40, engine english
(91) line 1	John Lyon	note	Context: Your friend is looking for a ride to a meeting you both have today. You say: (context from Hannon 2025:189/203)	page 40, engine english
(91) line 2	nsyilxcn	segmentation	kʷ i-k-s-∅-kɬmút-st-m k̓l snʔúl̓lustn	page 40, engine language
(91) line 3	nsyilxcn	gloss	2SG.OBJ 1SG.POSS-PROS-EXT-PFV-give.ride-CAUS-EXT/PROS to meeting	page 40, engine english
(91) line 4	nsyilxcn	segmentation	ɬ an-x̌mínk.	page 40, engine language
(91) line 5	nsyilxcn	gloss	if 2SG.POSS-want	page 40, engine english
(91) line 6	John Lyon	translation	‘I can give you a ride to the meeting if you want.’ (Delphine Derickson-Armstrong | VF)	page 40, engine english
(92) line 1	John Lyon	note	Context: A friend is collecting stories that she would like to put into a book. She tells you that she is having trouble finding people who are willing to contribute. (Context from Glougie 2007:3)	page 40, engine english
(92a) line 1	nsyilxcn	segmentation	incá i-k-s-∅-q̓əy̓-ám i-s-c-qʷəlqʷílt	page 40, engine language
(92a) line 2	nsyilxcn	gloss	1SG.INDEP 1SG.POSS-PROS-EXT-PFV-write-EXT/PROS 1SG.POSS-NMLZ-STAT-speak	page 40, engine english
(92a) line 3	nsyilxcn	segmentation	ɬ an-x̌mínk.	page 40, engine language
(92a) line 4	nsyilxcn	gloss	if 2SG.POSS-want	page 40, engine english
(92a) line 5	John Lyon	translation	‘I’ll write my story if you want.’ (Sarah McLeod | VF)	page 40, engine english
(92b) line 1	nsyilxcn	segmentation	incá mi ∅-q̓əy̓-nt-ín i-s-c-qʷəlqʷílt	page 40, engine language
(92b) line 2	nsyilxcn	gloss	1SG.INDEP PROS.C PFV-write-DIR-1SG.ERG 1SG.POSS-NMLZ-STAT-speak	page 40, engine english
(92b) line 3	nsyilxcn	segmentation	ɬ an-x̌mínk.	page 40, engine language
(92b) line 4	nsyilxcn	gloss	if 2SG.POSS-want	page 40, engine english
(92b) line 5	John Lyon	translation	‘I’ll write my story if you want.’ (Sarah McLeod | VF)	page 40, engine english
(92c) line 1	nsyilxcn	segmentation	∅-∅-q̓əy̓-nt-ín i-s-c-m̓aʔmáy̓ ɬ an-x̌mink.	page 40, engine language
(92c) line 2	nsyilxcn	gloss	PROS-PFV-write-DIR-1SG.ERG 1SG.POSS-NMLZ-STAT-story if 2SG.POSS-want	page 40, engine english
(92c) line 3	John Lyon	translation	‘I’ll write my story if you want.’ (Delphine Derickson-Armstrong | VF)	page 40, engine english
(92d) line 1	nsyilxcn	segmentation	cakʷ ɬ an-x̌mínk uɬ way̓ i-k-s-∅-q̓əy̓-ám	page 40, engine language
(92d) line 2	nsyilxcn	gloss	BOUL if 2SG.POSS-want and AFF 1SG.POSS-PROS-EXT-PFV-write-EXT/PROS	page 40, engine english
(92d) line 3	nsyilxcn	segmentation	a-s-c-m̓aʔmáy̓.	page 40, engine language
(92d) line 4	nsyilxcn	gloss	2SG.POSS-NMLZ-STAT-story	page 40, engine english
(92d) line 5	John Lyon	translation	‘If you want I’ll write down your story.’ (Dave Michele | VF)	page 40, engine english
(93) line 1	John Lyon	note	Context: A friend is organizing a charity drive whereby we will collect donations from people in exchange for hiking up a mountain. She asks me if I would like to participate in the climb. (Context from Glougie 2007:3)	page 41, engine english
(93a) line 1	nsyilxcn	segmentation	kʷ i-k-s-∅-kxn-ám k̓l sqilt ɬ an-x̌mínk.	page 41, engine residue
(93a) line 2	nsyilxcn	gloss	2SG.OBJ 1SG.POSS-PROS-EXT-PFV-accompany-EXT/PROS to top if 2SG.POSS-want	page 41, engine english
(93a) line 3	John Lyon	translation	‘I will go with you to the mountain if you want.’ (Sarah McLeod | VF)	page 41, engine english
(93b) line 1	nsyilxcn	segmentation	incá mi ∅-kx[n]-nt-s-in k̓l sqilt ɬ an-x̌mínk.	page 41, engine english
(93b) line 2	nsyilxcn	gloss	1SG.INDEP PROS.C PFV-accompany-DIR-2SG.OBJ-1SG.ERG to top if 2SG.POSS-want	page 41, engine english
(93b) line 3	John Lyon	translation	‘I will go with you to the mountain if you want.’ (Sarah McLeod | VF)	page 41, engine english
(93c) line 1	nsyilxcn	segmentation	∅-∅-kxn-nt-s-in k̓l məkʷíwt k̓l sqilt ɬaʔ x̌lap	page 41, engine language
(93c) line 2	nsyilxcn	gloss	PROS-PFV-accompany-DIR-2SG.OBJ-1SG.ERG to mountain to top when tomorrow	page 41, engine english
(93c) line 3	nsyilxcn	segmentation	ɬ an-x̌mínk.	page 41, engine language
(93c) line 4	nsyilxcn	gloss	if 2SG.POSS-want	page 41, engine english
(93c) line 5	John Lyon	translation	‘I will go with you to the top of the mountain tomorrow if you want.’	page 41, engine english
(93c) line 6	John Lyon	citation	(Delphine Derickson-Armstrong | VF)	page 41, engine english
§4.2.3	John Lyon	note	cakʷ and other deference markers appear to be less strongly needed when the addressee is not involved in the offer (94)-(95), as when the speaker volunteers a third person.	page 41
(94) line 1	John Lyon	note	Context: You are going to a potluck tomorrow night. You are sitting with a bunch of other people who will also be going to the potluck. You haven’t yet decided what you are going to bring to the potluck. The host says: “No one is going to cook a fish for dinner tomorrow. Would someone like to cook a fish?” (Context from Glougie 2007:3)	page 41, engine english
(94a) line 1	nsyilxcn	segmentation	cniɬc mi ∅-nc̓ix̌-s iʔ qáqxʷəlx.	page 41, engine language
(94a) line 2	nsyilxcn	gloss	3SG.INDEP PROS.C PFV-fry-(DIR)-3ERG DET fish	page 41, engine english
(94a) line 3	John Lyon	translation	‘She’ll cook the fish.’ (Sarah McLeod | VF)	page 41, engine english
(94b) line 1	nsyilxcn	segmentation	cniɬc iʔ k-s-∅-ncíx̌-iʔ-s iʔ qáqxʷəlx.	page 41, engine language
(94b) line 2	nsyilxcn	gloss	3SG.INDEP DET PROS-EXT-PFV-fry-EXT/PROS-3POSS DET fish	page 41, engine english
(94b) line 3	John Lyon	translation	‘She’ll cook the fish.’ (Sarah McLeod | VF)	page 41, engine english
(95) line 1	John Lyon	note	Context: We’re looking for someone to cook for the feast tomorrow. Henry doesn’t necessarily want to, but he has nothing else going on, so he’s free and available to do it. You volunteer him.	page 41, engine english
(95) line 2	nsyilxcn	segmentation	nlutəls Henry t k-s-k̓ʷəl̓cncút-[s], uɬ way̓ k-s-∅-k̓ʷl̓cncút-aʔx.	page 41, engine language
(95) line 3	nsyilxcn	gloss	reluctant Henry OBL PROS-NMLZ-cook-3POSS and AFF PROS-EXT-PFV-cook-EXT/PROS	page 41, engine english
(95) line 4	John Lyon	translation	‘Henry’s not really sure he wants to cook, but he could cook.’ (Dave Michele | VF)	page 41, engine english
(95) line 5	Dave Michele	speaker comment	DM Comment: If you asked him he would.	page 41, engine english
§4.2.3	John Lyon	note	There are many cases of offers , however (even involving 2nd person participants ) where cakʷ and/or speaker deference is contextually recoverable (96)-(98). There is some amount of speaker variation indicated below , where Delphine Derickson -Armstrong more easily allows this contextual recoverability than Dave Michele. (98b), with a zero prospective , was rejected during one session, and then accepted in the very same context during the next session. The comments for (98b) are illuminating, and suggest that not only is the zero prospective often dependent on a shared understanding between discourse participants ( as shown abo ve in §2), but also that the modal semantics of offering are contextually recoverable as well.27	page 41
(96) line 1	John Lyon	note	Context: A friend is organizing a charity drive whereby we will collect donations from people in exchange for hiking up a mountain. She asks me if I would like to participate in the climb. (Context from Glougie 2007:3)	page 42, engine english
(96a) line 1	nsyilxcn	segmentation	n̓us ∅-∅-kxn-nt-s-in ɬaʔ x̌lap	page 42, engine residue
(96a) line 2	nsyilxcn	gloss	later PROS-PFV-accompany-DIR-2SG.OBJ-1SG.ERG when tomorrow	page 42, engine english
(96a) line 3	nsyilxcn	segmentation	k̓l sqilt-s iʔ məkʷíwt.	page 42, engine language
(96a) line 4	nsyilxcn	gloss	to top-3POSS DET mountain	page 42, engine english
(96a) line 5	John Lyon	translation	‘I’ll go with you to the top of the mountain tomorrow.’	page 42, engine english
(96a) line 6	John Lyon	citation	(Delphine Derickson-Armstrong | VF)	page 42, engine english
(97) line 1	John Lyon	note	Context: A friend is collecting stories that she would like to put into a book. She tells you that she is having trouble finding people who are willing to contribute. (Context from Glougie 2007:3)	page 42, engine english
(97) line 2	nsyilxcn	segmentation	∅-∅-q̓əy̓-nt-ín i-s-m̓aʔm̓áy̓ iʔ l q̓əy̓mín.	page 42, engine language
(97) line 3	nsyilxcn	gloss	PROS-PFV-write-DIR-1SG.ERG 1SG.POSS-NMLZ-story DET on paper	page 42, engine english
(97) line 4	John Lyon	translation	‘I’ll write my story on paper.’ (Delphine Derickson-Armstrong | CF)	page 42, engine english
(97) line 5	Delphine Derickson-Armstrong	speaker comment	DD Comment: Still good.	page 42, engine english
(97) line 6	Dave Michele	speaker comment	DM Comment: No, that means it’s already done.	page 42, engine english
(98) line 1	John Lyon	note	Context: Your friend is looking for a ride to a meeting you both have today. You say: (context from Hannon 2025:189/203)	page 42, engine english
(98a) line 1	nsyilxcn	segmentation	iʔ l sʔixíxíʔ mi ∅-kɬ-mut-st-m-n iʔ k̓l snqʷaʔqʷʔaltán.	page 42, engine language
(98a) line 2	nsyilxcn	gloss	DET in little.while PROS.C PFV-on-sit-CAUS-2SG.OBJ-1SG.ERG DET to meeting	page 42, engine english
(98a) line 3	John Lyon	translation	‘I’ll give you a ride in a little while.’ (Dave Michele | VF)	page 42, engine english
(98b) line 1	nsyilxcn	segmentation	∅-∅-kɬ-mut-st-m-n k̓l snʔúl̓lustn.	page 42, engine language
(98b) line 2	nsyilxcn	gloss	PROS-PFV-on-sit-CAUS-2SG.OBJ-1SG.ERG to meeting	page 42, engine english
(98b) line 3	John Lyon	translation	Target: ‘I can give you a ride to the meeting.’	page 42, engine english
(98b) line 4	John Lyon	citation	(Delphine Derickson-Armstrong | Dave Michele | CF)	page 42, engine english
§4.2.3	John Lyon	note	DD Comment [March 2026]: No, you always have to ask, with ha or cakʷ.	page 42
§4.2.3	John Lyon	note	DM Comment [March 2026]: No, they might not want to ride with you.	page 42
§4.2.3	John Lyon	note	DD Comment [April 2026]: Good, if it’s real oral, if you’re right there and the person is right there too.	page 42
(98c) line 1	nsyilxcn	segmentation	(cakʷ) John k-s-∅-kɬmut-st-m-s iʔ k̓l snqʷaʔqʷʔaltán.	page 42, engine language
(98c) line 2	nsyilxcn	gloss	BOUL John PROS-EXT-PFV-on-sit-CAUS-2SG.OBJ-3ERG DET to meeting	page 42, engine english
(98c) line 3	John Lyon	translation	‘John can give you a ride to the meeting.’ (Dave Michele | CF)	page 42, engine english
(98c) line 4	Dave Michele	speaker comment	DM Comment: It’s good, you can also use cakʷ if you want.	page 42, engine english
(98c)	nsyilxcn	cited form	cakʷ	in the speaker comment, page 42
footnote 27	John Lyon	note	27 Allan Lindley (p.c.) raises the question of whether or not intonation may play a role in whether or not the zero circumstantial modal is contextually recoverable. This is an interesting question, though the answer remains unclear at present.	page 42, footnote
§4.2.3	John Lyon	note	Overall, given that (a) offers involve circumstantial modality (Copley 200 9), and (b) that the nsyilxcn prospective (zero/overt) is non-modal (see epistemic data in §4.1), examples like ( 91)- (98) may be taken as evidence that there is a zero circumstantial modal in nsyilxcn. Evidence for a zero circumstantial modal also comes from contexts which do not involve offers. This confirms Menzies’ (2013:36-37) statement that bare predicates can be used with circumstantial meaning.28 Though it was shown above in §4.2.1 that cakʷ is usable in teleological, deontic, and abilitative contexts, it is by no means necessary. First, consider that an overt or zero prospective predicate is sufficient for a teleological reading (99)-(101).	page 43
(99) line 1	John Lyon	note	Context: There’s only one way to get from town to the mountains: the road that passes the lake. A tourist asks you how to get to the mountains from the town. You say: ‘You have to take the road that passes the lake.’ (context from Hannon 2025:204)	page 43, engine english
(99a) line 1	nsyilxcn	segmentation	∅-∅-xʷúy-st-xʷ iʔ xwiɬ mi ∅-txʷ-iwl-nt-xʷ	page 43, engine language
(99a) line 2	nsyilxcn	gloss	PROS-PFV-go-CAUS-2SG.ERG DET road PROS.C PFV-gather[?]-vehicle-DIR-2SG.ERG	page 43, engine english
(99a) line 3	nsyilxcn	transcription	iʔ t̓ik̓ʷt.	page 43, engine language
(99a) line 4	nsyilxcn	gloss	DET lake	page 43, engine english
(99a) line 5	John Lyon	translation	‘(You have to) follow the road that goes past the lake.’ (Dave Michele | VF)	page 43, engine english
(99b) line 1	nsyilxcn	segmentation	a-k-s-∅-xʷúy-st-m iʔ xwiɬ mi	page 43, engine english
(99b) line 2	nsyilxcn	gloss	2SG.POSS-PROS-EXT-PFV-go-CAUS-EXT/PROS DET road PROS.C	page 43, engine english
(99b) line 3	nsyilxcn	segmentation	∅-txʷ-iwl-nt-xʷ iʔ t̓ik̓ʷt.	page 43, engine language
(99b) line 4	nsyilxcn	gloss	PFV-gather[?]-vehicle-DIR-2SG.ERG DET lake	page 43, engine english
(99b) line 5	John Lyon	translation	‘(You have to) follow the road that goes past the lake.’ (Dave Michele | CF)	page 43, engine english
(100) line 1	John Lyon	note	Context: I am in Merritt and am trying to get home to Penticton. I find out that the Greyhound is not running from Penticton to Merritt anymore. You say to me “In order to get home, you have to take a car.” (There is no bus option, there is no train option.)	page 43, engine english
(100) line 2	nsyilxcn	segmentation	ɬ an-x̌mink a-k-s-xʷúy, l an-automobile	page 43, engine english
(100) line 3	nsyilxcn	gloss	if 2SG.POSS-want 2SG.POSS-PROS-NMLZ-go in 2SG.POSS-car	page 43, engine english
(100) line 4	nsyilxcn	segmentation	mi kʷ ∅-ɬ-xʷuy.	page 43, engine language
(100) line 5	nsyilxcn	gloss	PROS.C 2SG.SUBJ PFV-return-go	page 43, engine english
(100) line 6	Menzies 2013:34	translation	‘If you want to go, you have to go back in your car.’	page 43, engine english, cited Menzies 2013:34
(100) line 6	John Lyon	citation	(Menzies 2013:34)	the tag or source at the right of the translation
(101) line 1	John Lyon	note	Context: In the old days taking a horse was the only way to get over the mountains to Vancovuer.	page 43, engine english
(101) line 2	nsyilxcn	segmentation	xiʔmix k̓aʔkin an-x̌mínk kʷ k-s-∅-xʷúy-aʔx ɬaʔ	page 43, engine language
(101) line 3	nsyilxcn	gloss	whichever to.where 2SG.POSS-want 2SG.SUBJ PROS-EXT-PFV-go-EXT/PROS when	page 43, engine english
(101) line 4	nsyilxcn	segmentation	q̓sápi, uɬ way̓ t̓i kʷ ∅-∅-k̓amtíw̓s	page 43, engine language
(101) line 5	nsyilxcn	gloss	long.time and AFF EXCL 2SG.SUBJ PROS-PFV-ride.horse	page 43, engine english
(101) line 6	nsyilxcn	segmentation	a-kɬ-nxʷúytn.	page 43, engine language
(101) line 7	nsyilxcn	gloss	2SG.POSS-NM.IRR-conveyance	page 43, engine english
(101) line 8	John Lyon	translation	‘Wherever you wanted to go a long time ago, you (had to) ride a horse to get there.’	page 43, engine english
(101) line 9	John Lyon	citation	(Delphine Derickson-Armstrong | VF)	page 43, engine english
footnote 28	John Lyon	note	28 Menzies (2013, §2.3.2) states that prospective k-s- can mark teleological, abilitative , deontic, and ‘pure’ circumstantial modality. I hope to have shown that it is not k-s- itself which marks this modality, but rather a zero circumstantial modal.	page 43, footnote
§4.2.3	John Lyon	note	Deontic examples follow a similar pattern: No modal is necessary for a deontic reading (102).29	page 44
(102a) line 1	nsyilxcn	segmentation	John k-s-∅-k̓ʷƛ̓-nt-is iʔ q̓aʔ•q̓aʔ-xán-s.	page 44, engine language
(102a) line 2	nsyilxcn	gloss	John PROS-EXT-PFV-take.off-DIR-3ERG DET C1C2•stuck-foot-3POSS	page 44, engine english
(102a) line 3	John Lyon	translation	‘John has to take off his shoes.’ (Sarah McLeod | VF)	page 44, engine english
(102b) line 1	John Lyon	note	Context: John has very sore feet and you know it will hurt him to walk around without his shoes on. But you’re coming into a friend’s house and everyone is expected to take their shoes off.	page 44, engine english
(102b) line 2	nsyilxcn	segmentation	lut t̓ in-x̌mínk John ɬə k-s-∅-xʷƛ̓•xʷúƛ̓-xn-aʔx,	page 44, engine language
(102b) line 3	nsyilxcn	gloss	NEG NEG.FAC 1SG.POSS-want John if PROS-EXT-PFV-C1C2•remove-foot-EXT/PROS	page 44, engine english
(102b) line 4	nsyilxcn	segmentation	náx̌əmɬ way̓ t̓i ∅-∅-xʷƛ̓•xʷuƛ̓-xn-m.	page 44, engine language
(102b) line 5	nsyilxcn	gloss	but AFF EXCL PROS-PFV-C1C2•remove-foot-INTR	page 44, engine english
(102b) line 6	John Lyon	translation	‘I don’t want John to take off his shoes, but he has to.’	page 44, engine english
(102b) line 7	John Lyon	citation	(Delphine Derickson-Armstrong | VF)	page 44, engine english
(102c) line 1	John Lyon	note	Context: You’re talking about things your parents made you do when you were little, as opposed to things you were allowed to do.	page 44, engine english
(102c) line 2	nsyilxcn	transcription	yaʕt siwɬkʷkʷʕást, uɬ way̓ kn	page 44, engine language
(102c) line 3	nsyilxcn	gloss	every early.morning and AFF 1SG.SUBJ	page 44, engine english
(102c) line 4	nsyilxcn	segmentation	k-s-∅-k-c̓aw̓-íw̓s-aʔx kn ɬaʔ qiɬt.	page 44, engine language
(102c) line 5	nsyilxcn	gloss	PROS-EXT-PFV-RES-wash-middle-EXT/PROS 1SG.SUBJ when wake.up	page 44, engine english
(102c) line 6	John Lyon	translation	‘I had to wash my face every morning when I woke up.’	page 44, engine english
(102c) line 7	John Lyon	citation	(Delphine Derickson-Armstrong | VF)	page 44, engine english
(102d) line 1	John Lyon	note	Context: Your wife asks you why your son John doesn’ t have his shoes on yet. They need to leave soon. You reply.	page 44, engine english
(102d) line 2	nsyilxcn	segmentation	John cxʔit ∅-∅-k-c̓aw̓-íw̓s-m.	page 44, engine language
(102d) line 3	nsyilxcn	gloss	John first PROS-PFV-RES-wash-middle-INTR	page 44, engine english
(102d) line 4	John Lyon	translation	‘John has to wash his face first.’ (Delphine Derickson-Armstrong | VF)	page 44, engine english
footnote 29	John Lyon	note	29 Examples like (102b,c) raise the question of whether way̓ and way̓ t̓i impart universal strength to a modal claim whose strength is otherwise underspecified. Speakers say that way̓ t̓i makes a proposition “ more serious” in some way, but elicitation work so far suggests that way̓ t̓i is compatible with possibility readings as well as necessity readings. Further work is needed here. Consider (ii):	page 44, footnote
§4.2.3	nsyilxcn	cited form	way̓	page 44
§4.2.3	nsyilxcn	cited form	t̓i	page 44
footnote 29 (ii) line 1	John Lyon	note	Context: Your friend is looking for a ride to a meeting she has today. You say:	page 44, engine english
footnote 29 (ii) line 2	nsyilxcn	segmentation	John way̓ t̓i k-s-kɬ-mut-st-m-s iʔ k̓l snqʷaʔqʷʔaltán.	page 44, engine language
footnote 29 (ii) line 3	nsyilxcn	gloss	John AFF EXCL PROS-EXT-PFV-on-sit-CAUS-2SG.OBJ-3ERG DET to meeting	page 44, engine english
footnote 29 (ii) line 4	John Lyon	translation	Target: John has to give you a ride to the meeting. (Delphine Derickson-Armstrong | CF)	page 44, engine english
footnote 29 (ii) line 5	John Lyon	speaker comment	JL: Does it mean John has to give you a ride?	page 44, engine english
footnote 29 (ii) line 6	Delphine Derickson-Armstrong	speaker comment	DD: way̓ t̓i is a little bit more serious, but it doesn’t really mean John has to give you a ride.	page 44, engine english
footnote 29 (ii)	nsyilxcn	cited form	way̓	in the speaker comment, page 44
footnote 29 (ii)	nsyilxcn	cited form	t̓i	in the speaker comment, page 44
(102e) line 1	John Lyon	note	Context: Your wife asks you why your son John doesn’ t have his shoes on yet. They need to leave soon. You reply.	page 45, engine english
(102e) line 2	nsyilxcn	segmentation	John cxʔit k-s-∅-k-c̓aw̓-íw̓s-aʔx, náx̌əmɬ	page 45, engine language
(102e) line 3	nsyilxcn	gloss	John first PROS-EXT-PFV-RES-wash-middle-EXT/PROS but	page 45, engine english
(102e) line 4	nsyilxcn	segmentation	lut t̓ ∅-∅-k-c̓aw-íw̓s-m.	page 45, engine language
(102e) line 5	nsyilxcn	gloss	NEG NEG.FAC PROS-PFV-RES-wash-middle-INTR	page 45, engine english
(102e) line 6	John Lyon	translation	‘John has to wash his face first, but he’s not going to wash it.’	page 45, engine english
(102e) line 7	John Lyon	citation	(Delphine Derickson-Armstrong | VF)	page 45, engine english
(102f) line 1	nsyilxcn	segmentation	Tina ∅-s-∅-nstils-x k-s-∅-x̌aw̓-nt-ís iʔ qáqxʷəlx.	page 45, engine language
(102f) line 2	nsyilxcn	gloss	Tina N.PROS-EXT-PFV-thought-EXT PROS-EXT-PFV-dry-DIR-3ERG DET fish	page 45, engine english
(102f) line 3	John Lyon	translation	‘Tina thought she was supposed to dry the fish.’ (Lottie Lindley | VF)	page 45, engine english
(102g) line 1	John Lyon	note	Context: You have a new job on a farm and your job is to round up the cows if they run off. You’re telling your friend what your boss said to you:	page 45, engine english
(102g) line 2	nsyilxcn	segmentation	kʷu ∅-∅-cus in-xaʔtús	page 45, engine residue
(102g) line 3	nsyilxcn	gloss	1SG.OBJ N.PROS-PFV-say-(DIR)-3ERG 1SG.POSS-leader	page 45, engine english
(102g) line 4	nsyilxcn	segmentation	i-k-s-∅-ƛ̓aʔ-ám iʔ st̓mʕalt	page 45, engine language
(102g) line 5	nsyilxcn	gloss	1SG.POSS-PROS-EXT-PFV-look.for-EXT/PROS DET cattle	page 45, engine english
(102g) line 6	nsyilxcn	segmentation	ɬə ∅-∅-xʷy-ús-m-əlx.	page 45, engine language
(102g) line 7	nsyilxcn	gloss	if (N.)PROS-PFV-go-eye-INTR-3PL	page 45, engine english
(102g) line 8	John Lyon	translation	‘She told me that I’m supposed to go after the cows if they get through the fence.’	page 45, engine english
(102g) line 9	John Lyon	citation	(Delphine Derickson-Armstrong | VF)	page 45, engine english
(102h) line 1	nsyilxcn	segmentation	John k-s-∅-k̓ʷƛ̓-nt-is iʔ lkapúh-s	page 45, engine residue
(102h) line 2	nsyilxcn	gloss	John PROS-EXT-PFV-take.off-DIR-3ERG DET coat-3POSS	page 45, engine english
(102h) line 3	nsyilxcn	segmentation	ɬaʔ ∅-∅-x̌mink-s.	page 45, engine language
(102h) line 4	nsyilxcn	gloss	if N.PROS-PFV-want-3POSS	page 45, engine english
(102h) line 5	John Lyon	translation	‘John can take off his coat if he wants to.’ (Sarah McLeod | VF)	page 45, engine english
(102i) line 1	John Lyon	note	Context: Your toddler John is getting hot in his coat, even though it is cold outside. You’re the babysitter, and you’re not sure if he’s allowed to take his coat off, so you ask his mother, and she replies.	page 45, engine english
(102i) line 2	nsyilxcn	segmentation	way̓ x̌ast k-s-∅-n-k̓ʷƛ̓-álqs-aʔx iʔ tətwít.	page 45, engine language
(102i) line 3	nsyilxcn	gloss	AFF good PROS-EXT-PFV-LOC-take.off-dress-EXT/PROS DET boy	page 45, engine english
(102i) line 4	John Lyon	translation	‘It’s fine if the boy takes off his coat.’ / ‘The boy can take off his coat.’	page 45, engine english
(102i) line 5	John Lyon	citation	(Dave Michele | VF)	page 45, engine english
(102j) line 1	John Lyon	note	Context: John is old enough to decide to skydive if he wants, but you really don’t think it is safe, so you don’t want him to.	page 45, engine english
(102j) line 2	nsyilxcn	segmentation	John ∅-∅-ɬət̓pmncút tl t̓uxʷt iwá kn cut	page 45, engine language
(102j) line 3	nsyilxcn	gloss	John PROS-PFV-jump from airplane even.though 1SG.SUBJ say	page 45, engine english
(102j) line 4	John Lyon	translation	“lut t̓ a-k-s-∅-t̓iʔc̓x̌íl-m.”	page 45, engine language
§4.2.3	John Lyon	note	NEG NEG.FAC 2SG.POSS-PROS-EXT-PFV-do.like.that-EXT/PROS ‘John could jump out of a plane, even though I told him “Don’t do it.”’ (Dave Michele | VF) Lastly, the following examples have abilitative circumstantial readings, but lack any overt modal particle.	page 45
(103a) line 1	John Lyon	note	Context: I’m strong enough to lift this rock, but I don’t know if I’m going to yet. I say:	page 46, engine english
(103a) line 2	nsyilxcn	segmentation	axáʔ i-k-s-∅-nwísəlx-st-m iʔ xƛ̓ut, iwá nʕast.	page 46, engine language
(103a) line 3	nsyilxcn	gloss	this 1SG.POSS-PROS-EXT-PFV-lift-CAUS-EXT/PROS DET rock even.though heavy	page 46, engine english
(103a) line 4	John Lyon	translation	‘I can lift this rock, even though it’s heavy.’	page 46, engine english
(103a) line 5	John Lyon	citation	(Delphine Derickson-Armstrong, Dave Michele | VF)	page 46, engine english
(103b) line 1	John Lyon	note	Context: There’s a big rock in front of you. Your friend dares you to try and lift it. You say:	page 46, engine english
(103b) line 2	nsyilxcn	segmentation	axáʔ ∅-∅-n-wísəlx-st-n iʔ xƛ̓ut, náx̌əmɬ lut t̓	page 46, engine language
(103b) line 3	nsyilxcn	gloss	this PROS-PFV-lift-CAUS-1SG.ERG DET rock but NEG NEG.FAC	page 46, engine english
(103b) line 4	nsyilxcn	segmentation	i-k-s-∅-nwísəlx-st-m.	page 46, engine language
(103b) line 5	nsyilxcn	gloss	1SG.POSS-PROS-EXT-PFV-lift-CAUS-EXT/PROS	page 46, engine english
(103b) line 6	John Lyon	translation	‘I can lift this rock, but I’m not going to.’ (Delphine Derickson-Armstrong | VF)	page 46, engine english
(103c) line 1	John Lyon	note	Context: There’s a big rock in front of you. Your friend dares you to try and lift it. You say:	page 46, engine english
(103c) line 2	nsyilxcn	segmentation	lut t̓ in-x̌mínk i-k-s-∅-nwísəlx-st-m	page 46, engine language
(103c) line 3	nsyilxcn	gloss	NEG NEG.FAC 1SG.POSS-want 1SG.POSS-PROS-EXT-PFV-lift-CAUS-EXT/PROS	page 46, engine english
(103c) line 4	nsyilxcn	segmentation	iʔ xƛ̓ut, náx̌əmɬ ∅-∅-n-wísəlx-st-n.	page 46, engine language
(103c) line 5	nsyilxcn	gloss	DET rock but PROS-PFV-lift-CAUS-1SG.ERG	page 46, engine english
(103c) line 6	John Lyon	translation	‘I don’t want to lift this rock but I could lift it.’ (Delphine Derickson-Armstrong | VF)	page 46, engine english
§4.2.3	John Lyon	note	In summary, a range of circumstantial readings are possible without any modal. I therefore propose that there is a zero circumstantial modal.	page 46
§4.2.3	John Lyon	language	St’át’imcets	cited from Rullmann & Matthewson 2018
§4.2.3	John Lyon	note	Above I raised the possibility that cakʷ is not a bouletic modal per se, but rather a mood marker because it co -occurs with epistemic modals , and is not necessary for a range of circumsantial readings. Consider as well that cakʷ converges functionally with subjunctive -marking in other Salish languages (e.g. St’át’imcets, Matthewson 2010) . For example, it may occur in contexts involving wishes (104), pretending (105), weakening imperatives (106), statements of wondering (107), “might as well” contexts (10 8), and in counterfactual conditionals (10 9). The latter, in particular, are not obviously linked to a person’s goals or desires, which raises questions around whether all uses of cakʷ are necessarily bouletic.	page 46
(104a) line 1	John Lyon	note	Context: You’re wishing your son a happy birthday.	page 46, engine english
(104a) line 2	nsyilxcn	segmentation	cakʷ ∅-∅-npiyíls-m-nt-xʷ, x̌ast a-snk̓ʷúl̓tn.	page 46, engine language
(104a) line 3	nsyilxcn	gloss	BOUL PROS-PFV-happy-APPL-DIR-2SG.ERG good 2SG.POSS-birthday	page 46, engine english
(104a) line 4	John Lyon	translation	‘Hope you have a very good birthday.’ (Delphine Derickson-Armstrong | VF, VG)	page 46, engine english
(104b) line 1	John Lyon	note	Context: Wishing that your classmate gets to present their work last, since they need more time to finish it.	page 46, engine english
(104b) line 2	nsyilxcn	segmentation	cakʷ anwí t̓i kʷ ∅-c̓iwt, mi kʷ ∅-qʷəlqʷílt.	page 46, engine language
(104b) line 3	nsyilxcn	gloss	BOUL 2SG.INDEP EXCL 2SG.SUBJ PROS-IPFV+last PROS.C 2SG.SUBJ PFV-speak	page 46, engine english
(104b) line 4	John Lyon	translation	‘May you go last.’ (Delphine Derickson-Armstrong | VF)	page 46, engine english
(104c) line 1	John Lyon	note	Context: You need to go visit your sister, but your car is still in the mechanic’s shop.	page 47, engine english
(104c) line 2	nsyilxcn	segmentation	cakʷ way̓ kʷu ∅-∅-wiʔs-k̓ʷúl̓-ɬt-s in-atmopíl.	page 47, engine language
(104c) line 3	nsyilxcn	gloss	BOUL already 1SG.OBJ N.PROS-PFV-finish-make-REDR-3ERG 1SG.POSS-automobile	page 47, engine english
(104c) line 4	John Lyon	translation	‘I wish he had fixed my car already.’ (Dave Michele | VF)	page 47, engine english
(105) line 1	John Lyon	note	Context: You’re playing with your son. You tell him: (cf. Davis in prep, ch. 24)	page 47, engine english
(105) line 2	nsyilxcn	segmentation	(cakʷ) ∅-∅-n-cw•cw-iks[t]-nt-xʷ iʔ snínaʔ, məɬ	page 47, engine language
(105) line 3	nsyilxcn	gloss	BOUL PROS-PFV-LOC-C1C2•doings-hand-DIR-2SG.ERG DET owl and.then	page 47, engine english
(105) line 4	nsyilxcn	segmentation	kʷ ∅-∅-t̓əxʷt-lwís məɬ	page 47, engine language
(105) line 5	nsyilxcn	gloss	2SG.SUBJ PROS-PFV-fly-here.and.there and.then	page 47, engine english
(105) line 6	nsyilxcn	segmentation	∅-∅-n-caw-cí[n]-nt-xʷ.	page 47, engine language
(105) line 7	nsyilxcn	gloss	PROS-PFV-LOC-doings-mouth-DIR-2SG.ERG	page 47, engine english
(105) line 8	John Lyon	translation	‘Pretend to be a owl, fly around and hoot.’	page 47, engine english
§4.2.3	John Lyon	note	DM, DD: You could put the cakʷ in there.	page 47
§4.2.3	John Lyon	note	(Delphine Derickson-Armstrong | VF w/o cakʷ | Dave Michele | CF)	page 47
(106) line 1	John Lyon	note	Context: An elder is carrying your water bottle for you because your hands were full, they ask where you want to put it down, so you say:	page 47, engine english
(106) line 2	nsyilxcn	segmentation	cakʷ ∅-∅-cq-ant ik̓líʔ	page 47, engine language
(106) line 3	nsyilxcn	gloss	BOUL PROS-PFV-place.down-DIR to.there	page 47, engine english
(106) line 4	John Lyon	translation	‘Can you set it over there.’ (Delphine Derickson-Armstrong, Dave Michele | CF)	page 47, engine english
(107) line 1	John Lyon	note	Context: You mailed a letter to your sister 3 weeks ago and think...	page 47, engine english
(107) line 2	nsyilxcn	segmentation	cakʷ (mat) ha ∅-∅-kʷn-nu-s i-s-c-q̓áy̓.	page 47, engine residue
(107) line 3	nsyilxcn	gloss	BOUL EVID Q N.PROS-PFV-take-N.CTR-(DIR)-3ERG 1SG.POSS-NMLZ-STAT-write	page 47, engine english
(107) line 4	John Lyon	translation	‘I wonder if she got my letter?’ (Dave Michele | VF w/ mat)	page 47, engine english
(108) line 1	John Lyon	note	Context: Your friend is visiting from where they live a couple of hours away, and you think it’s too late for them to drive all the way back home tonight.	page 47, engine english
(108) line 2	nsyilxcn	segmentation	cakʷ xʷum̓ t̓i aláʔ mi kʷ ∅-pulx ʕapnáʔ t sk̓laxʷ.	page 47, engine language
(108) line 3	nsyilxcn	gloss	BOUL kind.of.like here PROS.C 2SG.SUBJ PFV-camp now OBL evening	page 47, engine english
(108) line 4	John Lyon	translation	‘You may as well stay here for the night.’ (Delphine Derickson-Armstrong | VF)	page 47, engine english
(109a) line 1	John Lyon	note	Context: A captikʷɬ story, where a boy lays his head on a skull and receives direction about what to do.	page 47, engine english
(109a) line 2	nsyilxcn	segmentation	uɬ cakʷ lut ɬaʔ qíʔs iʔ t c̓ásy̓qn-s...	page 47, engine language
(109a) line 3	nsyilxcn	gloss	and BOUL NEG if dream DET OBL head-3POSS	page 47, engine english
(109a) line 4	John Lyon	translation	‘And if it wasn’t for his dream from the skull...’ (Lottie Lindley | VF)	page 47, engine english
(109b) line 1	John Lyon	note	Context: Trying to convince your friend to go talk to her husband right now about some important news your heard.	page 47, engine english
(109b) line 2	nsyilxcn	segmentation	cakʷ kn ɬ anwí, incá ∅-c-qʷəlqʷíl-st-n	page 47, engine language
(109b) line 3	nsyilxcn	gloss	BOUL 1SG.SUBJ if 2SG.INDP 1SG.INDP N.PROS-IPFV-speak-CAUS-1SG.ERG	page 47, engine english
(109b) line 4	nsyilxcn	segmentation	i-sx̌ílwiʔ ʕapnáʔ.	page 47, engine language
(109b) line 5	nsyilxcn	gloss	1SG.POSS-husband now	page 47, engine english
(109b) line 6	John Lyon	translation	‘If I were you, I’d be talking to your husband right now.’	page 47, engine english
(109b) line 7	John Lyon	citation	(Delphine Derickson-Armstrong | VF)	page 47, engine english
(109c) line 1	nsyilxcn	segmentation	cakʷ lut kʷ ɬaʔ ∅-∅-ʔitx t sk̓ək̓láxʷ,	page 48, engine language
(109c) line 2	nsyilxcn	gloss	BOUL NEG 2SG.SUBJ if N.PROS-PFV-sleep OBL last.night	page 48, engine english
(109c) line 3	nsyilxcn	segmentation	lut a-k-s-qíɬt ʕapnáʔ.	page 48, engine language
(109c) line 4	nsyilxcn	gloss	NEG 2SG.SUBJ-PROS-NMLZ-wake.up now	page 48, engine english
(109c) line 5	John Lyon	translation	‘If you hadn’t slept last night, you wouldn’t have awoken this morning.’	page 48, engine english
(109c) line 6	John Lyon	citation	(Lottie Lindley | VF)	page 48, engine english
(109d) line 1	nsyilxcn	segmentation	cakʷ kʷ ɬ incá mi kʷ ∅-xʔkín-m.	page 48, engine residue
(109d) line 2	nsyilxcn	gloss	BOUL 2SG.SUBJ if 1SG.INDEP PROS.C 2SG.SUBJ PFV-do.what-INTR	page 48, engine english
(109d) line 3	John Lyon	translation	‘If you were me, what would you do?’ (Sarah McLeod | VF)	page 48, engine english
§4.2.4	John Lyon	heading	4.2.4 Section Summary	page 48
§4.2.4	nsyilxcn	cited form	cakʷ	page 48
§4.2.4	John Lyon	language	nɬeʔkepmxcín	Thompson River Salish, cited from Hannon 2025
§4.2.4	John Lyon	note	This section has shown that the zero/overt prospective marker can co-occur with bouletic particle cakʷ in a range of circumstantial modal contexts (§4.2.1). cakʷ can also occur with non-prospective aspects. This is unexpected if cakʷ is a circumstantial modal, given that circumstantial modals always have a future orientation, and that modal orientation is determined by viewpoint aspect (Rullmann & Matthewson 2018) (§4.2.2). cakʷ however can co-occur with epistemic modals, is not required for a circumstantial reading, and has a distribution similar to subjunctive marking in other Salish languages (§4.2.3). Overall, this points towards there being a zero circumstantial modal in Nsyilcxn. This has already been argued for other Indigenous languages (Matthewson 2013 for Gitksan, Hannon 2025 for nɬeʔkepmxcín). This also points towards an analysis of cakʷ as a mood marker, rather than a modal proper.	page 48
§5	John Lyon	heading	5 Summary and Conclusion	page 48
§5	John Lyon	note	This paper has shown several things.	page 48
§5	nsyilxcn	cited form	cəm̓/cmay	page 48
§5	John Lyon	language	nɬeʔkepmxcín	Thompson River Salish, cited from Hannon 2025
§5	John Lyon	note	First, nsyilxcn epistemic modals do not have an inherent temporal orientation, but rather rely on overt and zero sentential aspect to provide that orientation (Rullmann & Matthewson 2018). The temporal orientation of epistemic cəm̓/cmay depends on the aspectual properties of the inflected predicate, in other words . This means that in the abscence of overt prospective marking, a zero prospective is necessary to provide a future TO to cəm̓/cmay (see Kratzer 2011 for English, Louie 2015 for Blackfoot). nsyilxcn and nɬeʔkepmxcín (Hannon 2025) both have constructions whereby a modal has a future orientation even in the absence of prospective marking. The nsyilxcn pattern suggests that the nɬeʔkepmxcín pattern could plausibly be due to a zero prospective. Additionally, for prospective sentences without cəm̓/cmay, an epistemic interpretation is not available. This suggests that the nsyilxcn prospective (overt and null) is non -modal, and that there is no zero epistemic modal.	page 48
§5	nsyilxcn	cited form	cakʷ	page 48
§5	John Lyon	note	Second, bouletic particle cakʷ can be used in a range of different circumstantial contexts that coincide with the goals/desires of the speaker. Since (i) cakʷ can co-occur with epistemic cəm̓/cmay, (ii) cakʷ is unnecessary for a circumstantial reading, (iii) cakʷ is disallowed in some circumstantial contexts which do not coincide with the speaker’s goals/desires, and (iv) cakʷ converges with subjunctive marking in other Salish languages (Matthewson 2010), I propose that cakʷ is a mood marker, and I posit a zero circumstantial modal (see Matthewson 2013 on Gitksan, and Hannon 2025 for a similar claim for nɬeʔkepmxcín) whose force is contextually determined. Third, given that circumstantial modals always have a future temporal orientation (Condoravdi 2002, Rullmann & Matthewson 2018), yet both cakʷ and the zero circumstantial modal may co- occur with non -prospective aspects in nsyilxcn, sentential aspect is not providing the temporal orientation to the circumstantial modal.	page 48
§5	John Lyon	note	Though certain questions remain before I am ready to propose a full formal analysis, I provide some initial thoughts here.	page 49
§5	John Lyon	language	St’át’imcets	cited from Rullmann & Matthewson 2018
§5	John Lyon	language	ɬeʔkepmxcín	Thompson River Salish, as the text layer breaks it
§5	nsyilxcn	cited form	xʷúy̓	page 49
§5	John Lyon	note	Copley (2009) claims that offers require a modal semantics. Glougie (2007) shows that in St’át’imcets, prospective cuz’ cannot be used for making an offer, while kelh can. (kelh and cuz’ may co-occur in an offer.) Conversely, only cuz’ is acceptable in cases where an event is already planned at utterance time, not kelh (see also Matthewson & Davis 2016). For these reasons Glougie analyzes kelh as a modal that occurs with non-future tense (Matthewson 2006) (thus allowing future and future-in-the-past readings), and which places the reference time after the evaluation time. cuz’ in contrast is a non-modal prospective aspect, which places the event time after the reference time (Abusch 1985). Hannon (2025) reaches a similar conclusion regarding n ɬeʔkepmxcín xʷúy̓, as a non-modal prospective aspect, which can co -occur with overt epistemic, or an overt or zero circumstantial modal.	page 49
§5	nsyilxcn	cited form	xʷuy̓	page 49
§5	John Lyon	note	nsyilxcn prospective markers mi, k- and the zero prospective may all be used in offer contexts, and regardless of whether an event has already been planned at utterance time or not. While this is consistent with the idea that these elements are more similar to St’át’imcets kelh, and should be analyzed as non-future modals (see also Matthewson 2013 for Gitksan) albeit ones which do not require that a plan for the eventuality overlaps with reference time (Copley 2014) , these might equally well be analyzed as non -modal prospectives which co -occur with a zero or overt modal (Matthewson 2013, Hannon 2025) . Recall that nsyilxcn shows evidence that modal sentences without overt modal particles cannot be interpreted epistemically, only circumstantially, regardless of aspect. This suggests not only a zero circumstantial modal, but assuming that this zero modal is always present in offer contexts as well as other circumstantial contexts but not in non - circumstantial contexts (which are simple prospectives), then there is no need to treat mi, k-, and the zero prospective as modal prospectives. In fact, a modal treatment of prospectivity in nsyilxcn, would require the modal base to be underspecified, and later disambiguated by a zero circumstantial or epistemic cəm̓/cmay. Thus, it seems that nsyilxcn prospective morphemes more closely resemble nɬeʔkepmxcín xʷuy̓ in the sense that they are non-modal (Hannon 2025), yet may co-occur with epistemic and (zero) circumstantial modals.	page 49
§5	John Lyon	language	St’at’imcets	cited from Rullmann & Matthewson 2018, printed here without its acute
§5	John Lyon	note	Regarding temporal orientation, Rullmann & Matthewson (2018) note that i n St’at’imcets, epistemic sentences require prospective marking for a future TO, which is argued to be evidence that the prospective marker supplies the modal with its future TO, while circumstantials disallow prospective marking , which is taken to be evidence that circumstantial modals are inherently prospective (due to a diversity condition, Condoravdi 2002). While epistemic modals in nsyilxcn clearly receive their TO from overt or zero sentential aspect (like St’át’imcets and n ɬeʔkepmxcín epistemic modals), this is less clear for the zero circumstantial modal. Given that there is a zero circumstantial modal in nsyilxcn and that circumstantial modals are are always future-oriented, we need to ask whether there must necessarily be a zero circumstantial modal in non -prospective sentences with a circumstantial modal flavour.	page 49
§5	John Lyon	note	I suspect the answer is ‘no’. Examples (96)-(103) above lack any overt modal particle, but are plausibly all future -oriented, and so by hypothesis require the zero or overt prospective. On the other hand, the examples in §4.2.2 involve non-prospective aspect, but also all involve cakʷ. The generalization seems to be that while zero-marked predicates can be interpreted as both prospective and modal given a circumstantial context, they will not be interpreted as non-prospective and modal in the absence of cakʷ or cəm̓/cmay, only as non-modal non-prospectives. To put it in simpler terms, the zero circumstantial modal is only recoverable with prospectives. Given that cakʷ is largely optional in most circumstantial contexts for which I posit a zero circumstantial modal, it would be unexpected if the zero circumstantial modal required cakʷ only in non -prospective contexts. It seems more straightforward to assume that the zero circumstantial modal is only recoverable with prospectives because it does not occur with non -prospectives. This places the zero circumstantial modal in nsyilxcn in line with other Salish circumstantial modals.	page 49
§5	John Lyon	note	This approach raises another question howe ver: Assuming that cakʷ is a mood marker, it may be understood as placing a presupposition on the modal accessibility relation R , such that R is bouletic (Portner 1997 , Matthewson 2010 ). This makes s ense given that similar to St’át’imcets subjunctive marking, cakʷ allows deontic, bouletic, and epistemic uses, and so is not restricted to a particular type of conversational background. But t his also means that cakʷ requires that its argument, or the proposition it modifies, be modalized. In prospective cases, for which there is a zero circumstantial modal, this presupposition is satisfied. How then can cakʷ be used in non - prospective cases, for which there is by hypothesis no zero circumstantial modal? Presupposition accommodation, or an analysis of cakʷ as embedding a zero subjunctive, are two possibilities that come to mind, though at present their potential remains unclear. In any case, the way forward must be able to address the non-bouletic uses of cakʷ (including counterfactual uses), and include a better understanding of how the equivalent of subjunctives in other Salish lan guages are realized in nsyilxcn.	page 50
references	John Lyon	heading	References	page 50
references	John Lyon	reference	Abusch, Dorit. 1985. “On Verbs and Times.” Dissertation, University of Massachusetts, Amherst.	
references	John Lyon	reference	Altshuler, Daniel. 2014. “A Typology of Partitive Aspectual Operators.” Natural Language & Linguistic Theory 32: 735–75.	
references	John Lyon	language	Skwxwú7mesh	in the reference list
references	John Lyon	reference	Bar-el, Leora. 2005. “Aspectual Distinctions in Skwxwú7mesh.” Ph.D. Dissertation., University of British Columbia.	
references	John Lyon	reference	Condoravdi, Cleo. 2002. “Temporal Interpretation of Modals: Modals for the Present and the Past.” In The Construction of Meaning, edited by David Beaver, Luis Casillas Martinez, Brady Clark and Stefan Kaufmann. 59-88. CSLI Publications.	
references	John Lyon	reference	Copley, Bridget. 2009. The Semantics of the Future. New York: Routledge. https://doi.org/10.4324/9780203880258.	
references	John Lyon	reference	Copley, Bridget. n.d. “Causal Chains for Futurates.” In Future Times, Future Tenses, edited by Philippe De Brabanter, Mikhail Kissine, and Saghie Sharifzadeh. 72-86. Oxford University Press.	
references	John Lyon	language	St’át’imcets	cited from Rullmann & Matthewson 2018
references	John Lyon	reference	Davis, Henry. in prep. “Teaching Grammar of St’át’imcets.” Unpublished manuscript.	
references	John Lyon	reference	Dunham, Joel. 2011. “Imperfective, Nominalization (& Irrealis) in Okanagan.” In Semantics of Underrepresented Languages of the Americas (SULA) 6.	
references	John Lyon	reference	Glougie, Jennifer. 2007. “Future Expressions in St’át’imcets.” UBC Qualifying Paper. Vancouver, BC.	
references	John Lyon	language	nɬeʔkepmxcín	Thompson River Salish, cited from Hannon 2025
references	John Lyon	reference	Hannon, Ella. 2025. “Prospective Aspect in nɬeʔkepmxcín.” Proceedings of the International Conference in Salish and Neighbouring Languages 60, 186–206.	
references	John Lyon	reference	Iatridou, S., E. Anagnostopoulou, and R. Izvorski. 2001. “Observations about the Form and Meaning of the Perfect.” In Perfect Explorations, edited by Michael Kenstowicz, M. Rathert, and A. Stechow. 189-238. MIT Press.	
references	John Lyon	reference	Kaufmann, Stefan. 2005. “Conditional truth and future reference.” Journal of Semantics 22:231- 280.	
references	John Lyon	reference	Kratzer, Angelika. 2011. “What ‘Can’ Can Mean.” Lecture notes, University of Massachusetts, Amherst.	
references	John Lyon	reference	Louie, Meagan. 2015. “The Temporal Semantics of Actions and Circumstance in Blackfoot.” Ph.D Dissertation, University of British Columbia.	
references	John Lyon	reference	Lyon, John. 2013. “Predication and Equation in Okanagan Salish: The Syntax and Semantics of Determiner Phrases.” Ph.D Dissertation, University of British Columbia.	
references	John Lyon	reference	Lyon, John. 2024. “nsyilxcn Continuous Aspect: Bridging the Progressive and Perfect.” Proceedings of the 59th Annual International Conference on Salish and Neighbouring Languages, 223–299.	
references	John Lyon	reference	Lyon, John. in prep. “Perfect(ive)s and Maximality: The Extended-Now in nsyilxcn (Okanagan Salish)”. manuscript.	
references	John Lyon	reference	Lyon, John, and Marianne Ignace. 2021. “Comparing Futures: nsyilxcn mi and Secwepemctsin me7.” Proceedings of the 56th Annual International Conference on Salish and Neighbouring Languages, 167–225.	
references	John Lyon	reference	Matthewson, Lisa. 2010. “Cross-Linguistic Variation in Modality Systems: The Role of Mood.” Semantics & Pragmatics 3(9), 1–74. https://doi.org/10.3765/sp.3.9.	
references	John Lyon	reference	Matthewson, Lisa. 2013. “Gitksan Modals.” International Journal of American Linguistics 79, 349–94.	
references	John Lyon	note	Séna7	a St’át’imcets word in the title of a reference, Precedings of the 51st ICSNL
references	John Lyon	reference	Matthewson, Lisa, and Henry Davis. 2016. “Against All Expectations: The Meaning of St’át’imcets Séna7.” Precedings of the 51st International Conference on Salish and Neighbouring Languages, 37–67.	
references	John Lyon	reference	Matthewson, Lisa, Neda Todorovic, and Michael David Schwan. 2022. “Future Time Reference and Viewpoint Aspect: Evidence from Gitksan.” Glossa: A Journal of General Linguistics 7 (1). https://doi.org/10.16995/glossa.6341.	
references	John Lyon	reference	Mattina, Anthony. 1993. “Okanagan Aspect: A Working Paper.” Papers for the 28th Annual International Conference on Salish and Neighboring Languages (University of Washington), 233–263.	
references	John Lyon	reference	Mattina, Anthony. 1973. “Colville Grammatical Structure.” Ph.D Dissertation, University of Hawai’i.	
references	John Lyon	reference	Mattina, Nancy. 1999. “Future in Colville-Okanagan Salish.” Precedings of the 34th Annual International Conference on Salish and Neighbouring Languages, 215–230.	
references	John Lyon	reference	Menzies, Stacey. 2013. “The Okanagan Modal System.” Master’s Thesis, University of British Columbia.	
references	John Lyon	reference	Pancheva, Roumi. 2003. “The Aspectual Makeup of Perfect Participles and the Interpretations of the Perfect.” In Perfect Explorations, edited by Artemis Alexiadou, Monika Rathert, and Arnim Stechow. 271-306. Walter de Gruyter.	
references	John Lyon	reference	Portner, Paul. 1997. “The Semantics of Mood, Complementation and Conversational Force.” Natural Language Semantics 5(2), 167–212. https://doi.org/10.1023/A:1008280630142.	
references	John Lyon	reference	Rullmann, Hotze, and Lisa Matthewson. 2018. “Towards a Theory of Modal-Temporal Interaction.” Language 94(2), 281-331.	
references	John Lyon	reference	von Fintel, Kai. 2006. “Modality and Language.” In Encyclopedia of Philosophy, 2nd Edition, edited by Donald M. Borchert. 137-175. MacMillan Reference USA.	
references	John Lyon	reference	von Fintel, Kai and Anthony Gillies. 2010. “Must....Stay....Strong!” Natural Language Semantics 18 (4): 351–83.	
title	John Lyon	title	Zero Prospectives, Zero Modals, and Modo-Temporal Interactions in nsyilxcn (Okanagan Salish)	the paper's title, set in bold, carrying the star of the acknowledgement footnote
title	John Lyon	name	John Lyon	the author, University of British Columbia - Okanagan. JL in (ii)
footnote *	John Lyon	name	Delphine Derickson-Armstrong	of Westbank reserve, thanked first. DD in the speaker comments
footnote *	John Lyon	name	Dave Michele	of Westbank reserve. DM in the speaker comments, and Dave Michel in the comment of (3a)
footnote *	John Lyon	name	Lottie Lindley	Upper Nicola Elder, twi-Lottie Lindley in footnote *
footnote *	John Lyon	name	Sarah McLeod	Upper Nicola Elder. SM in §3
footnote *	nsyilxcn	cited form	Limlmt	thanks, opening the last sentence of footnote *
footnote *	John Lyon	name	twi-Lottie Lindley	as footnote * writes her name, with twi- in italics
footnote *	John Lyon	place	Westbank reserve	home of Delphine Derickson-Armstrong and Dave Michele
footnote *	John Lyon	place	Upper Nicola	home of Lottie Lindley and Sarah McLeod
footnote *	John Lyon	name	En’owkin Centre	in Penticton, BC, a supporter of the work
§1	John Lyon	language	nsyilxcn	the language of the paper, a.k.a. Okanagan, Southern Interior Salish. The paper writes it without a schwa
§1	John Lyon	language	Okanagan	another name for nsyilxcn
abstract	John Lyon	language	Gitksan	cited from Matthewson 2013 for a zero circumstantial modal
all	John Lyon	notation	gloss labels	the page draws the gloss labels as small capitals, and the text layer holds them as ASCII capitals, N.PROS-PFV. The table keeps the text layer
all	John Lyon	notation	bold	the page sets the words most important to the discussion in bold, as footnote 2 says, and the table does not mark it
all	John Lyon	notation	(3a)	the comment is signed Dave Michel, and the tag on the same example and footnote * write Dave Michele
all	John Lyon	notation	(ii)	the example is numbered (ii) and set between (102d) and (102e) on page 44
all	John Lyon	symbol note	∅	the null morpheme is U+2205 EMPTY SET in the text layer, drawn as a slashed zero on the page
