where	who	kind	form	gloss
front	Reed Steiner	language	nɬeʔkepmxcín	the language of this paper, a.k.a. Nlaka’pamux or Thompson River Salish, Northern Interior Salish, ISO 639-3 thp
front	Reed Steiner	language	St’át’imcets	Lillooet, Northern Interior Salish. van Eijk 1997 named its demonstrative pronouns, and (96) is St’át’imcets
front	Reed Steiner	note	Locative Demonstratives in nɬeʔkepmxcín * Reed Steiner University of British Columbia Abstract: This paper reexamines the demonstrative paradigm of nɬeʔkepmxcín, and finds that what Thompson and Thompson (1992:134-137) describe as a homogenous class can actually be subdi- vided into two kinds of demonstratives. Demonstratives associated with nouns are labeled demon- strative pronouns following work by van Eijk (1997) on St’át’imcets, and are set aside for this paper. Demonstratives that modify the location of an individual or event are labeled locative demonstra- tives following Koch (2008b:67-68). The main argument of this paper is that locative demonstra- tives are lexicalized prepositional phrases, consisting of a preposition with a deictic complement. They are modeled under a vector-based framework that builds on Zwarts and Winter (2000). The spatial trace function of Link (1998) and Krifka (1989, 1998) is generalized to individuals in lieu of separate Loc and anti-Loc functions, and a novel “Follows” function is assumed for directing events along paths.	page 1
front	Reed Steiner	note	Keywords: nɬeʔkepmxcín, Salish, demonstratives, deixis, prepositions, vectors	page 1
§1	Reed Steiner	heading	1 Introduction	page 1
§1	Reed Steiner	language	nɬeʔkepmxcín	the language of this paper, a.k.a. Nlaka’pamux or Thompson River Salish, Northern Interior Salish, ISO 639-3 thp
§1	Reed Steiner	language	Nlaka’pamux	another name for nɬeʔkepmxcín
§1	Reed Steiner	note	This paper examines a subset of adverbial demonstratives in nɬeʔkepmxcín (a.k.a. Nlaka’pamux, ‘Thompson River Salish’, ISO 693-3: thp), all of which relate to locations.	page 1
§1.1	Reed Steiner	heading	1.1 Summary of findings and contributions	page 1
§1.1	Reed Steiner	language	nɬeʔkepmxcín	the language of this paper, a.k.a. Nlaka’pamux or Thompson River Salish, Northern Interior Salish, ISO 639-3 thp
§1.1	Reed Steiner	note	There are two main empirical findings outlined in this paper. The first finding is that there are two classes of demonstratives in nɬeʔkepmxcín: a nominal class (‘demonstrative pronouns’, follow- ing van Eijk 1997) and an adverbial class (‘locative demonstratives’, following comments in Koch 2008b:67-68). The second finding is that the adverbial demonstratives have the same syntactic and semantic properties as prepositional phrases with deictic complements (see Thompson and Thompson 1992:137). Neither finding is cross-linguistically surprising, but both findings chal- lenge how the paradigm is organized in existing literature (Thompson and Thompson 1992:135- 137).	page 1
§1.1	Reed Steiner	name	c̓úʔsinek	Marty Aspinall's name, CMA in the tags, one of the three consultants
§1.1	Reed Steiner	name	kʷaɬtèzetkʷuʔ	Bernice Garcia's traditional name, KBG in the tags, one of the three consultants
§1.1	nɬeʔkepmxcín	cited form	ném	from the thanks ném kʷukʷstéyp! in the acknowledgement, left untranslated
§1.1	nɬeʔkepmxcín	cited form	kʷukʷstéyp	from the thanks ném kʷukʷstéyp! in the acknowledgement, left untranslated
§1.1	Reed Steiner	note	The main theoretical contribution of this paper is a vector-based model of prepositions in a non-Indo-European language (see also work on Mayan languages, e.g. Bohnemeyer 2011; Levin- son 1994). It builds on work by Zwarts (1997) and Zwarts and Winter (2000) with a few minor * I express my sincerest gratitude to my nɬeʔkepmxcín consultants: Bev Phillips, c̓úʔsinek (Marty As- pinall), and kʷaɬtèzetkʷuʔ (Bernice Garcia). ném kʷukʷstéyp! None of this research would be possible without their patient support and guidance. I would also like to thank my readers, Marcin Morzycki and Lisa Matthewson, for their extensive comments and feedback at all stages of this project, as well as Henry Davis and the nɬeʔkepmxcín lab – especially Brent Hall, Ella Hannon, and Bruce Oliver. This research was funded by the Jacobs Research Funds and the Kinkade Language and Culture Foundation. Any errors are my own.	page 1
§1.1	Reed Steiner	note	Contact info: reed.steiner@ubc.ca In Proceedings of the International Conference on Salish and Neighbouring Languages 61, University of British Columbia Working Papers in Linguistics, Ella Hannon, Laura Griffin, Brent Hall, Bruce Oliver, Danica Reid, Julia Schillo, Lauren Schneider, Reed Steiner, and Bailey Trotter (eds.). Vancouver, BC: UBCWPL, 2026.	page 1
§1.1	Reed Steiner	notation	σ	the spatial trace function of Link 1998 and Krifka 1989, 1998
§1.1	Reed Steiner	note	adaptations to the theoretical machinery. First, the Space function of Zwarts (1997) and the Loc function of Zwarts and Winter (2000) are combined with the spatial trace function σ of Link (1998) and Krifka (1989, 1998). Second, a novel function “Follows” is developed for relating predicates to paths, which hinges on the assumption that the spatial trace of an event has a direction. Both adaptations are independently motivated by the nɬeʔkepmxcín data.	page 2
§1.2	Reed Steiner	heading	1.2 Outline	page 2
§1.2	Reed Steiner	language	nɬeʔkepmxcín	the language of this paper, a.k.a. Nlaka’pamux or Thompson River Salish, Northern Interior Salish, ISO 639-3 thp
§1.2	Reed Steiner	note	The rest of this paper is outlined as follows. Section 2 introduces the language and the three speakers with whom I consulted. Section 3 divides the demonstrative paradigm of nɬeʔkepmxcín into two groups: demonstrative pronouns (DemPNs, Section 3.1) and locative demonstratives (LocDems, Section 3.2). Section 4 argues that LocDems are PPs with deictic complements. Section 5 provides a formal analysis of LocDems as PPs. Section 6 ends with discussion and possible extensions of this research.	page 2
§2	Reed Steiner	heading	2 Background	page 2
§2	Reed Steiner	language	nɬeʔkepmxcín	the language of this paper, a.k.a. Nlaka’pamux or Thompson River Salish, Northern Interior Salish, ISO 639-3 thp
§2	Reed Steiner	note	This section provides a very brief background on nɬeʔkepmxcín and its demonstratives. Sec- tion 2.1 provides background on the language and the consultants who provided their judgements for this project. Section 2.2 provides background on the literature on demonstratives in nɬeʔkep- mxcín.	page 2
§2.1	Reed Steiner	heading	2.1 The language and its speakers	page 2
§2.1	Reed Steiner	language	nɬeʔkepmxcín	the language of this paper, a.k.a. Nlaka’pamux or Thompson River Salish, Northern Interior Salish, ISO 639-3 thp
§2.1	Reed Steiner	note	nɬeʔkepmxcín is a Northern Interior Salish language spoken in the British Columbia Interior, along the Thompson, Fraser, and Nicola rivers (Thompson and Thompson 1992:ix). As of the most recent FPCC report (Gessner, Herbert, and Parker 2022), there are currently about 100 fluent first-language speakers, most of whom are elderly (for details on the status of nɬeʔkepmxcín, see Gessner et al. 2022:51). Many communities are actively engaged in revitalizing the language. Like first-language (L1) speakers of any natural human language, L1 speakers of nɬeʔkep- mxcín have sophisticated, subconscious knowledge of how to use their language. They can intu- itively judge if a sentence sounds well-formed or ill-formed in any given context, even if they’ve never heard the sentence before and never been taught ‘the rules’. Such judgements are a cru- cial resource for linguistic research and language documentation. By supplying L1 speakers with sentences in a carefully controlled contexts, then asking for their judgements, it is possible to reconstruct how a language works ‘under the hood’.	page 2
§2.1	Reed Steiner	name	c̓úʔsinek	Marty Aspinall's name, CMA in the tags, one of the three consultants
§2.1	Reed Steiner	name	kʷałtèzetkʷ	Bernice Garcia's traditional name, KBG in the tags, short and written with ł
§2.1	Reed Steiner	language	ƛ̓q̓əmcín	the Lytton dialect, Bev Phillips's
§2.1	Reed Steiner	name	kʷaɬtèzetkʷuʔ	Bernice Garcia's traditional name, KBG in the tags, one of the three consultants
§2.1	Reed Steiner	language	scw̕exmxcín	the Nicola Valley dialect, c̓úʔsinek's, in the spelling of Thompson and Thompson 1996:45
§2.1	Reed Steiner	language	Stó:lō	the Stó:lō dialect of Halkomelem, Coast Salish, ISO 639-3 hur, on c̓úʔsinek's father's side
§2.1	Reed Steiner	language	c̓eɬétkʷu	the Coldwater dialect, kʷaɬtèzetkʷuʔ's
§2.1	Reed Steiner	note	This research was conducted in consultation with three first-language speakers: Bev Phillips (BP), c̓úʔsinek Marty Aspinall (CMA), and kʷałtèzetkʷ Bernice Garcia (KBG). Phillips is my pri- mary consultant on this project, and speaks the ƛ̓q̓əmcín (Lytton) dialect. c̓úʔsinek and kʷaɬtèzetkʷuʔ are both from Coldwater. c̓úʔsinek identifies with the scw̕exmxcín (Nicola Valley) dialect, with influence on her father’s side from the Stó:lō dialect of Halkomelem (Coast Salish, ISO 639- 3: hur).1 kʷaɬtèzetkʷuʔ identifies with the c̓eɬétkʷu (Coldwater) dialect. Speakers of all three dialects can understand one another.	page 2
footnote 1	Reed Steiner	note	1 I use the spelling from Thompson and Thompson (1996:45), but c̓úʔsinek spells it scew̕exmxcín and others spell it scw̕exmxcín.	page 2, footnote
§2.1	Reed Steiner	language	scew̕exmxcín	the Nicola Valley dialect as c̓úʔsinek spells it, footnote 1
§2.1	Reed Steiner	name	kʷałtèzetkʷuʔ	Bernice Garcia's traditional name, KBG in the tags, written with ł
§2.1	nɬeʔkepmxcín	cited form	ʔes	a word of kʷaɬtèzetkʷuʔ's self-introduction, page 3
§2.1	nɬeʔkepmxcín	cited form	ʔúməcms	a word of kʷaɬtèzetkʷuʔ's self-introduction, page 3
§2.1	nɬeʔkepmxcín	name	kʷaɬtèzetkʷʔ	her traditional name in her self-introduction, page 3
§2.1	nɬeʔkepmxcín	cited form	tuɬe	a word of kʷaɬtèzetkʷuʔ's self-introduction, page 3
§2.1	nɬeʔkepmxcín	place	c̓əɬétkʷu	Coldwater, in kʷaɬtèzetkʷuʔ's self-introduction, page 3
§2.1	nɬeʔkepmxcín	cited form	wéʔe	a word of kʷaɬtèzetkʷuʔ's self-introduction, page 3
§2.1	nɬeʔkepmxcín	cited form	ncitxʷ	a word of kʷaɬtèzetkʷuʔ's self-introduction, page 3
§2.1	nɬeʔkepmxcín	cited form	ƛ̓uʔ	a word of kʷaɬtèzetkʷuʔ's self-introduction, page 3
§2.1	nɬeʔkepmxcín	cited form	wéʔec	a word of kʷaɬtèzetkʷuʔ's self-introduction, page 3
§2.1	nɬeʔkepmxcín	cited form	ʔex	a word of kʷaɬtèzetkʷuʔ's self-introduction, page 3
§2.1	nɬeʔkepmxcín	cited form	netíyxs	a word of kʷaɬtèzetkʷuʔ's self-introduction, page 3
§2.1	nɬeʔkepmxcín	place	scwew̓xmx	Nicola, in kʷaɬtèzetkʷuʔ's self-introduction, page 3
§2.1	nɬeʔkepmxcín	cited form	tékm	a word of kʷaɬtèzetkʷuʔ's self-introduction, page 3
§2.1	nɬeʔkepmxcín	cited form	xéʔe	a word of kʷaɬtèzetkʷuʔ's self-introduction, page 3
§2.1	nɬeʔkepmxcín	cited form	nɬeʔképmx	a word of kʷaɬtèzetkʷuʔ's self-introduction, page 3
§2.1	nɬeʔkepmxcín	cited form	tmixʷs	a word of kʷaɬtèzetkʷuʔ's self-introduction, page 3
§2.1	Reed Steiner	language	nlaka’pamux	in the translation of kʷaɬtèzetkʷuʔ's self-introduction, page 3
§2.1	Reed Steiner	note	kʷałtèzetkʷuʔ wishes it to be acknowledged that she is a Kamloops Indian Residential School speaker, who is re-learning her language. She introduces herself thus: ʔes ʔúməcms kʷaɬtèzetkʷʔ tuɬe c̓əɬétkʷu wéʔe ncitxʷ ƛ̓uʔ wéʔec ʔex netíyxs scwew̓xmx ƛ̓uʔ tékm xéʔe ne nɬeʔképmx e tmixʷs ‘My traditional name is kʷaɬtèzetkʷuʔ, my home is in Coldwater of ‘Nicola’ of nlaka’pamux lands.’ Unless otherwise indicated, all examples in this paper come from one of these three speakers (marked accordingly). Volunteered forms, i.e. sentences volunteered by the speaker in a given context, are marked VF. Supplied forms, i.e. sentences supplied by the researcher, are marked SF. Sentences marked with an asterisk (*) are judged ill-formed by the speaker; sentences marked with a pound sign (#) are judged infelicitous in the given context. Sentences marked with a question mark (?) have uncertain judgements. Consultant comments are included as relevant.	page 3
§2.2	Reed Steiner	heading	2.2 Demonstratives in nɬeʔkepmxcín	page 3
§2.2	Reed Steiner	language	nɬeʔkepmxcín	the language of this paper, a.k.a. Nlaka’pamux or Thompson River Salish, Northern Interior Salish, ISO 639-3 thp
§2.2	Reed Steiner	note	The only systematic work on demonstratives and deictics in nɬeʔkepmxcín comes from the gram- mar on the language (Thompson and Thompson 1992:135-137), although the authors humbly admit that the system is not well understood, and further research is needed. See the quote be- low.	page 3
§2.2	Reed Steiner	language	St’át’imcets	Lillooet, Northern Interior Salish. van Eijk 1997 named its demonstrative pronouns, and (96) is St’át’imcets
§2.2	Reed Steiner	language	ʔayʔaǰuθəm	Comox-Sliammon, Central Salish, the language of (97) and of ɬɛn̓
§2.2	Reed Steiner	note	There is a large, although closed, nonproductive, class of deictic words. The organiza- tion of the system is poorly understood at this writing, as are the semantic limits and usage of the words themselves. The borderline between demonstratives and words of more locative flavor is hazy, although they are here separated for presentation. They are extremely common, both in narrative texts and in everyday conversation, which is part of what makes it so difficult to establish their basic meanings, to say nothing of their special uses. There also seems to be a great deal of dialectal variation in both forms and meanings in this category. (Thompson and Thompson 1992:134) Although nɬeʔkepmxcín has a distinct paradigm, there are systematic syntactic and semantic similarities to demonstratives in other Salish languages, e.g. St’át’imcets (a.k.a. Lillooet, ISO 639-3: lil) (Matthewson 2022a; Matthewson and Davis 1995) and ʔayʔaǰuθəm (a.k.a. Comox- Sliammon; ISO 639-3: coo) (Reisinger and Huijsmans 2021). These similarities will be discussed throughout the paper.	page 3
§2.2	Reed Steiner	note	In sum, there is little literature on demonstratives in nɬeʔkepmxcín, but there is a wealth of theoretical literature on demonstratives in other Salish languages. Together, these two bodies of research inform the diagnostic tests used throughout this paper.	page 3
§3	Reed Steiner	heading	3 Two kinds of demonstratives in nɬeʔkepmxcín	page 3
footnote 2	Reed Steiner	note	2 Three of the morphemes that Thompson and Thompson (1992) identify as demonstratives are excluded from this list. One such morpheme is the polar question predicate kéʔe, which Thompson and Thompson suggest has a second usage as an indefinite pronoun. However, they provide no examples of this usage, and neither I nor Matthewson (2023:291) have been able to elicit it.	page 3, footnote
§3	nɬeʔkepmxcín	cited form	kéʔe	page 3
§3	Reed Steiner	note	In total, there are at least ten demonstratives in nɬeʔkepmxcín.2 Thompson and Thompson (1992) group them into a single homogenous class, which this paper subdivides into two subclasses: demonstrative pronouns (Section 3.1) and locative demonstratives (Section 3.2).3 As a general- ization, demonstrative pronouns are associated with individuals, whereas locative demonstratives are generally associated with event locations. The distinction between these two gorups will be discussed in the following subsections.	page 3
§3.1	Reed Steiner	heading	3.1 Demonstrative pronouns (DemPNs)	page 4
§3.1	Reed Steiner	language	nɬeʔkepmxcín	the language of this paper, a.k.a. Nlaka’pamux or Thompson River Salish, Northern Interior Salish, ISO 639-3 thp
§3.1	Reed Steiner	note	Four of the demonstratives in nɬeʔkepmxcín are demonstrative pronouns (DemPNs), which relate to individuals and objects. The precise semantics of DemPNs requires further research. This paper only includes enough to distinguish them from locative demonstratives.	page 4
§3.1	nɬeʔkepmxcín	cited form	xʔé	page 4, ‘this, these’
§3.1	nɬeʔkepmxcín	cited form	xéʔe	page 4, ‘that, those’
§3.1	nɬeʔkepmxcín	cited form	ɬǝ́n̕e	page 4
§3.1	ʔayʔaǰuθəm	cited form	ɬɛn̓	the determiner of previous direct evidence, after Reisinger and Huijsmans 2021
§3.1	Reed Steiner	language	ʔayʔaǰuθəm	Comox-Sliammon, Central Salish, the language of (97) and of ɬɛn̓
§3.1	nɬeʔkepmxcín	cited form	kʷukʷ	page 4
§3.1	Reed Steiner	note	xʔé ‘this, these’ is proximal: it relates to an individual relatively close to the speaker – usually within arm’s reach (Mandy Jimmie, p.c.). xéʔe ‘that, those’ is distal: it relates to an individual fur- ther away from the speaker. Both of these demonstratives are extremely common. The remaining two DemPNs encode evidence, the precise details of which require further research. ɬǝ́n̕e ‘this, that (no longer present)’ relates to someone or something absent from the conversation, usually having just departed. I hypothesize it encodes previous direct evidence, like ɬɛn̓ in ʔayʔaǰuθəm (Reisinger and Huijsmans 2021). kʷukʷ usually relates to something unseen. Both evidential demonstratives occur in all dialects tested, although they are less common than xʔé and xéʔe. The DemPNs of nɬeʔkepmxcín are presented in Table 1.	page 4
footnote 2 (i) line 1	Reed Steiner	note	Context: Someone is at a moqʷix (gathering) and it’s time for dinner. They have a choice between smíyc (meat) and sqyéytn (salmon), but they don’t have a preference either way.	page 4, engine english
footnote 2 (i) line 2	nɬeʔkepmxcín	transcription	*y̓emínne	page 4, engine language
footnote 2 (i) line 3	nɬeʔkepmxcín	segmentation	y̓e-mín-[t]-∅-ne	page 4, engine language
footnote 2 (i) line 4	nɬeʔkepmxcín	gloss	good-RLT-TR-3OBJ-1SG.ERG	page 4, engine english
footnote 2 (i) line 5	nɬeʔkepmxcín	transcription	kéʔe	page 4, engine language
footnote 2 (i) line 6	nɬeʔkepmxcín	segmentation	kéʔe	page 4, engine language
footnote 2 (i) line 7	nɬeʔkepmxcín	gloss	kéʔe	page 4, engine language
footnote 2 (i) line 8	Reed Steiner	translation	Intended: ‘I like whichever.’	page 4, engine english, cited SF | KBG 12 Jan 2026, the author's translation of the speaker's sentence
footnote 2 (i) line 8	Reed Steiner	citation	(SF | KBG 12 Jan 2026)	the tag or source at the right of the translation
footnote 2	nɬeʔkepmxcín	cited form	ɬʔé	page 4
footnote 2	nɬeʔkepmxcín	cited form	ɬéʔe	page 4
footnote 2	Reed Steiner	language	scw̕exmxcín	the Nicola Valley dialect, c̓úʔsinek's, in the spelling of Thompson and Thompson 1996:45
footnote 2	nɬeʔkepmxcín	cited form	hén̕	a word of the scw̕exmxcín greeting hén̕ ɬeʔ kʷ, footnote 2
footnote 2	nɬeʔkepmxcín	cited form	ɬeʔ	a word of the scw̕exmxcín greeting hén̕ ɬeʔ kʷ, footnote 2
footnote 2	nɬeʔkepmxcín	cited form	kʷ	a word of the scw̕exmxcín greeting hén̕ ɬeʔ kʷ, footnote 2
footnote 2	Reed Steiner	note	The two other morphemes excluded from this count are ɬʔé and ɬéʔe, since I have been unable to reliably elicit them outside of lexicalized constructions like the scw̕exmxcín greeting hén̕ ɬeʔ kʷ. The demonstrative count is imprecise because the status of ɬʔé and ɬéʔe is unclear, and because it could be reasonably argued that morphemes in the locative deictic paradigm (Thompson and Thompson 1992:137) are actually demonstratives. I set these morphemes aside for future research.	page 4
footnote 3	Reed Steiner	note	3 A subset of demonstratives from both subclasses appear at the end of the second position clitic string (see Thompson and Thompson 1992:139-142). It is likely that some of these cases do involve cliticization, but there is not yet a reliable test to distinguish clitic demonstratives from non-clitic demonstratives in nɬeʔkepmxcín. Although clitic demonstratives are well attested in other Salish languages (Huijsmans 2023; Matthewson and Davis 1995), the same tests do not apply to nɬeʔkepmxcín. Word order is not an entirely reliable test here because subjects are allowed in the same position (see Koch 2006b:110 footnote 9). Stress is not a reliable test, either, because clitics in nɬeʔkepmxcín are outside the primary stress domain (Hall, Luntzlara, Mellesmoen, and Reid 2025). A working hypothesis is that distal demonstratives are clitics when they lose their final vowel, e.g. when xéʔe is pronounced as xeʔ. This final-vowel loss is not well understood in the literature on nɬeʔkepmxcín, but in ʔayʔaǰuθəm, clausal demonstrative clitics resemble regular demonstratives without the final vowel. It could be the case, then, that loss of the final vowel in nɬeʔkepmxcín is associated with clitic versions of corresponding demonstratives, but this requires testing. For simplicity, this paper leaves cliticization to future research.	page 4, footnote
§3.1	nɬeʔkepmxcín	cited form	xeʔ	page 4
Table 1 line 1	Reed Steiner	note	Demonstrative Pronoun Paradigm in nɬeʔkepmxcín	page 5, the caption
Table 1 heads	Reed Steiner	note	Evidence Neutral | Previous Direct Evidence | Not Visible	page 5, the column heads. The rows are Proximal and Distal
Table 1 Proximal, Evidence Neutral	nɬeʔkepmxcín	transcription	xʔé	page 5, the cell of Proximal, Evidence Neutral
Table 1 Proximal, Evidence Neutral	Reed Steiner	translation	‘this, these’	page 5
Table 1 Distal, Evidence Neutral	nɬeʔkepmxcín	transcription	xéʔe	page 5, the cell of Distal, Evidence Neutral
Table 1 Distal, Evidence Neutral	Reed Steiner	translation	‘that, those’	page 5
Table 1 Previous Direct Evidence	nɬeʔkepmxcín	transcription	ɬǝ́n̕e	page 5, one cell over the proximal and distal rows
Table 1 Previous Direct Evidence	Reed Steiner	translation	‘this/that (no longer present)’	page 5
Table 1 Not Visible	nɬeʔkepmxcín	transcription	kʷukʷ	page 5, one cell over the proximal and distal rows
Table 1 Not Visible	Reed Steiner	translation	‘this/that (not visible)’	page 5
§3.1	nɬeʔkepmxcín	cited form	ʔé	page 5
§3.1	nɬeʔkepmxcín	cited form	c̕é	page 5
§3.1	Reed Steiner	note	DemPNs appear in argument positions and form constituents with DPs (Section 3.1.1). Like DPs, they resist unmarked in-situ adjunction (Section 3.1.2) and resist predication (Section 3.1.3), and they are focused using a clefting copula ʔé or c̕é (Section 3.1.4). This paper analyzes them as DPs (Section 3.1.5).	page 5
§3.1.1	Reed Steiner	heading	3.1.1 Basic distribution of DemPNs	page 5
§3.1.1	Reed Steiner	note	In general, DemPNs pattern like determiner phrases (DPs). They are permitted as independent arguments so long as the context is explicit enough that the referent is unambiguous (1).4	page 5
(1) line 1	nɬeʔkepmxcín	transcription	heʔéy	page 5, engine residue
(1) line 2	nɬeʔkepmxcín	segmentation	heʔéy	page 5, engine language
(1) line 3	nɬeʔkepmxcín	gloss	yes	page 5, engine english
(1) line 4	nɬeʔkepmxcín	transcription	xʷuʔsnwén̕ne	page 5, engine language
(1) line 5	nɬeʔkepmxcín	segmentation	xʷuʔs-nwén̕-[t]-∅-ne=∅	page 5, engine language
(1) line 6	nɬeʔkepmxcín	gloss	smell-LC-TR-3OBJ-1SG.ERG=3.SBJ	page 5, engine english
(1) line 7	nɬeʔkepmxcín	transcription	kʷukʷ	page 5, engine language
(1) line 8	nɬeʔkepmxcín	segmentation	kʷukʷ	page 5, engine language
(1) line 9	nɬeʔkepmxcín	gloss	DEM.PN	page 5, engine english
(1) line 10	Thompson and Thompson 1996:124	translation	‘Yes, I can smell it.’	page 5, engine english, cited Thompson and Thompson 1996:124
(1) line 10	Reed Steiner	citation	(Thompson and Thompson 1996:124)	the tag or source at the right of the translation
(2) line 1	Reed Steiner	note	Context: Out of the blue, your friend points to something and tells you to look at it.	page 5, engine english
(2) line 2	nɬeʔkepmxcín	transcription	k̕ʷén̕ete	page 5, engine language
(2) line 3	nɬeʔkepmxcín	segmentation	k̕ʷén̕-n-[t]-∅-ete=∅	page 5, engine residue
(2) line 4	nɬeʔkepmxcín	gloss	look-CTR-TR-3OBJ-IMP=3SBJ	page 5, engine english
(2) line 5	nɬeʔkepmxcín	transcription	xéʔe	page 5, engine language
(2) line 6	nɬeʔkepmxcín	segmentation	xéʔe	page 5, engine language
(2) line 7	nɬeʔkepmxcín	gloss	DEM.PN	page 5, engine english
(2) line 8	Reed Steiner	translation	‘Look at that!’	page 5, engine english, cited VF | BP 22 Jan 2026, the author's translation of the speaker's sentence
(2) line 8	Reed Steiner	citation	(VF | BP 22 Jan 2026)	the tag or source at the right of the translation
§3.1.1	Reed Steiner	note	DemPNs can also be made more specific with a restriction: either a DP (3), or, more com- monly, an oblique (4). The semantic differences between these two restrictions require more research.	page 5
footnote 4	Reed Steiner	note	4 Abbreviations used: 1 = first person, 2 = second person, 3 = third person, AUG = augmentative, AUT = autonomous, CAUS = causative, CHAR = characteristic reduplication, CL = clitic, COMP = complementizer, COP = copula, CTR = control, D/C = determiner/complementizer, DEM = demonstrative, DET = determiner, DIM = diminutive, DIST = distal, EMPH = emphatic, ERG = ergative, EXIS = existential, IMP = imperative, INCH = inchoative, INDEP = independent pronoun, INFER = inferential evidential, INS = instrumental, INTR = intransitive, IPFV = imperfective, LC = limited control, LOC = locative, MID = middle, NMLZ = nominalizer, OBJ = object, OBL = oblique, PL = plural, PN = pronoun, POSS = possessive, PROSP = prospective, PROX = prox- imal, Q = question particle, REFL = reflexive, REM = remote, RFM = reaffirmative, RLT = relational, RPRT = reportative evidential, SBJ = subject, SBJV = subjunctive, SENSE = sensory evidential, SG = singular, TR = tran- sitive, WH = content question word.	page 5, footnote
§3.1.1	Reed Steiner	note	There are two tests that show DemPNs form a constituent with their restriction. The first test involves clefts, whose focus position can only be occupied by a single DP (see Koch 2008b). A DemPN and its restriction can both occupy the focus position of a cleft, which shows that they form a single unit.5	page 5
(3) line 1	Reed Steiner	note	Context: You’re out with a friend when an eagle quickly flies by. It’s no longer visible, but you saw just enough to recognize it as the rare eagle from your book on birds.	page 6, engine english
(3) line 2	nɬeʔkepmxcín	transcription	c̕é	page 6, engine language
(3) line 3	nɬeʔkepmxcín	segmentation	c̕-ʔé=∅	page 6, engine residue
(3) line 4	nɬeʔkepmxcín	gloss	EMPH-COP=3SBJ	page 6, engine english
(3) line 5	nɬeʔkepmxcín	transcription	[ɬǝ́n̕e	page 6, engine language
(3) line 6	nɬeʔkepmxcín	segmentation	ɬǝ́n̕e	page 6, engine language
(3) line 7	nɬeʔkepmxcín	gloss	DEM.PN	page 6, engine english
(3) line 8	nɬeʔkepmxcín	transcription	ɬ heléw̕]	page 6, engine language
(3) line 9	nɬeʔkepmxcín	segmentation	ɬ=heléw̕	page 6, engine language
(3) line 10	nɬeʔkepmxcín	gloss	DET.REM=eagle	page 6, engine english
(3) line 11	nɬeʔkepmxcín	transcription	ɬ wíkne	page 6, engine language
(3) line 12	nɬeʔkepmxcín	segmentation	ɬ=wík-n-t-∅-ne=∅	page 6, engine language
(3) line 13	nɬeʔkepmxcín	gloss	DET.REM=see-CTR-TR-3OBJ-1SG.ERG=3SBJ	page 6, engine english
(3) line 14	nɬeʔkepmxcín	transcription	nɬ nspúkʷ	page 6, engine language
(3) line 15	nɬeʔkepmxcín	segmentation	n=ɬ=n-s-pukʷ	page 6, engine language
(3) line 16	nɬeʔkepmxcín	gloss	at=DET.REM=1SG.POSS-NMLZ-book	page 6, engine english
(3) line 17	Reed Steiner	translation	‘That eagle is what I saw in my book.’	page 6, engine english, cited VF | BP 22 May 2025, the author's translation of the speaker's sentence
(3) line 17	Reed Steiner	citation	(VF | BP 22 May 2025)	the tag or source at the right of the translation
§3.1.1	Reed Steiner	note	The second test involves quantifiers. For some speakers, DemPNs cannot precede quanti- fiers.6 If a DP has both a quantifier and a demonstrative, the demonstrative must follow the quantifier. Assuming that a quantifier forms a constituent with its associated DP, it would be difficult to explain the position of the DemPN if it did not also form a constituent with the DP.	page 6
(4a) line 1	nɬeʔkepmxcín	transcription	xʷúy̓	page 6, engine language
(4a) line 2	nɬeʔkepmxcín	segmentation	xʷúy̓=∅	page 6, engine language
(4a) line 3	nɬeʔkepmxcín	gloss	PROSP=3SBJ	page 6, engine english
(4a) line 4	nɬeʔkepmxcín	transcription	cucuténe	page 6, engine language
(4a) line 5	nɬeʔkepmxcín	segmentation	cw∼cw-t-∅-ne	page 6, engine language
(4a) line 6	nɬeʔkepmxcín	gloss	AUG∼fix-TR-3OBJ-1SG.ERG	page 6, engine english
(4a) line 7	nɬeʔkepmxcín	transcription	tékm	page 6, engine language
(4a) line 8	nɬeʔkepmxcín	segmentation	tékm	page 6, engine language
(4a) line 9	nɬeʔkepmxcín	gloss	all	page 6, engine english
(4a) line 10	nɬeʔkepmxcín	transcription	[xéʔe	page 6, engine language
(4a) line 11	nɬeʔkepmxcín	segmentation	xéʔe	page 6, engine language
(4a) line 12	nɬeʔkepmxcín	gloss	DEM.PN	page 6, engine english
(4a) line 13	nɬeʔkepmxcín	transcription	tə c̓iʔc̓y̓é]	page 6, engine language
(4a) line 14	nɬeʔkepmxcín	segmentation	t=e=c̕y̓∼c̕y̓e	page 6, engine language
(4a) line 15	nɬeʔkepmxcín	gloss	OBL=DET=AUG∼basket	page 6, engine english
(4a) line 16	Reed Steiner	translation	‘I’m gonna fix all these baskets.’	page 6, engine english, cited SF | BP 17 August 2025, the author's translation of the speaker's sentence
(4a) line 16	Reed Steiner	citation	(SF | BP 17 August 2025)	the tag or source at the right of the translation
(4b) line 1	nɬeʔkepmxcín	transcription	*xʷúy̓	page 6, engine language
(4b) line 2	nɬeʔkepmxcín	segmentation	xʷúy̓=∅	page 6, engine language
(4b) line 3	nɬeʔkepmxcín	gloss	PROSP=3SBJ	page 6, engine english
(4b) line 4	nɬeʔkepmxcín	transcription	cucuténe	page 6, engine language
(4b) line 5	nɬeʔkepmxcín	segmentation	cw∼cw-t-∅-ne	page 6, engine language
(4b) line 6	nɬeʔkepmxcín	gloss	AUG∼fix-TR-3OBJ-1SG.ERG	page 6, engine english
(4b) line 7	nɬeʔkepmxcín	transcription	xéʔe	page 6, engine language
(4b) line 8	nɬeʔkepmxcín	segmentation	xéʔe	page 6, engine language
(4b) line 9	nɬeʔkepmxcín	gloss	all	page 6, engine english
(4b) line 10	nɬeʔkepmxcín	transcription	tékm	page 6, engine language
(4b) line 11	nɬeʔkepmxcín	segmentation	tékm	page 6, engine language
(4b) line 12	nɬeʔkepmxcín	gloss	DEM.PN	page 6, engine english
(4b) line 13	nɬeʔkepmxcín	transcription	tə c̓iʔc̓y̓é	page 6, engine language
(4b) line 14	nɬeʔkepmxcín	segmentation	t=e=c̕y̓∼c̕y̓e	page 6, engine language
(4b) line 15	nɬeʔkepmxcín	gloss	OBL=DET=AUG∼basket	page 6, engine english
(4b) line 16	Reed Steiner	translation	Intended: ‘I’m gonna fix all these baskets.’	page 6, engine english, cited SF | BP 17 August 2025, the author's translation of the speaker's sentence
(4b) line 16	Reed Steiner	citation	(SF | BP 17 August 2025)	the tag or source at the right of the translation
footnote 5	Reed Steiner	note	5 A possible argument against the validity of this test for nɬeʔkepmxcín is that the demonstrative could be a second-position clitic on the clefting copula. However, it is difficult to test this argument: recall from a previous footnote that there is no reliable way to distinguish a clitic demonstrative from a non-clitic demonstrative in nɬeʔkepmxcín. It is assumed these demonstratives are not necessarily clitics because in St’át’imcets, clitic demonstratives are more straightforwardly distinguished from non-clitic demonstratives, and similar focus-based constituency tests do show that non-clitic demonstratives form a constituent with their restriction (Matthewson and Davis 1995).	page 6, footnote
§3.1.1	Reed Steiner	language	nɬeʔkepmxcín	the language of this paper, a.k.a. Nlaka’pamux or Thompson River Salish, Northern Interior Salish, ISO 639-3 thp
§3.1.1	Reed Steiner	language	St’át’imcets	Lillooet, Northern Interior Salish. van Eijk 1997 named its demonstrative pronouns, and (96) is St’át’imcets
footnote 6	Reed Steiner	note	6 On one occasion, kʷałtèzetkʷ accepted a demonstrative before a quantifier, although I have never heard such a case volunteered.	page 6, footnote
§3.1.1	Reed Steiner	name	kʷałtèzetkʷ	Bernice Garcia's traditional name, KBG in the tags, short and written with ł
§3.1.1	Reed Steiner	note	Independent DemPNs, DemPNs with restrictions, and DPs wihout DemPNs can all be sub- stituted for one another.7	page 6
footnote 6 (i) line 1	nɬeʔkepmxcín	transcription	xʷúy̓n̕	page 6, engine language
footnote 6 (i) line 2	nɬeʔkepmxcín	segmentation	xʷúy̓=∅=n̕	page 6, engine language
footnote 6 (i) line 3	nɬeʔkepmxcín	gloss	PROSP=3SBJ=Q	page 6, engine english
footnote 6 (i) line 4	nɬeʔkepmxcín	transcription	ʔúpinxʷ	page 6, engine language
footnote 6 (i) line 5	nɬeʔkepmxcín	segmentation	ʔúpi-n-[t]-∅-[e]xʷ	page 6, engine language
footnote 6 (i) line 6	nɬeʔkepmxcín	gloss	eat-CTR-TR-3OBJ-2SG.ERG	page 6, engine english
footnote 6 (i) line 7	nɬeʔkepmxcín	transcription	xéʔe	page 6, engine language
footnote 6 (i) line 8	nɬeʔkepmxcín	segmentation	xéʔe	page 6, engine language
footnote 6 (i) line 9	nɬeʔkepmxcín	gloss	DEM.PN	page 6, engine english
footnote 6 (i) line 10	nɬeʔkepmxcín	transcription	tékm	page 6, engine language
footnote 6 (i) line 11	nɬeʔkepmxcín	segmentation	tékm	page 6, engine language
footnote 6 (i) line 12	nɬeʔkepmxcín	gloss	all	page 6, engine english
footnote 6 (i) line 13	nɬeʔkepmxcín	transcription	e səplíl	page 6, engine language
footnote 6 (i) line 14	nɬeʔkepmxcín	segmentation	e=səplíl	page 6, engine language
footnote 6 (i) line 15	nɬeʔkepmxcín	gloss	DET=bread	page 6, engine english
footnote 6 (i) line 16	kʷaɬtèzetkʷuʔ (Bernice Garcia)	speaker comment	KBG: “Are you gonna eat all that bread? [chuckles]” (SF | KBG 15 April 2025)	page 6, engine english
footnote 6	Reed Steiner	note	This could suggest that both the quantifier and the demonstrative are adjoined to the DP (as opposed to the demonstrative being a specifier), and kʷałtèzetkʷ permits relatively flexible DP-adjunct ordering, although it is not clear how robust these judgements are.	page 6
footnote 7	Reed Steiner	note	7 The determiner e= is often rendered inaudible or deleted after a vowel-final demonstrative.	page 6, footnote
(5) line 1	Reed Steiner	note	Context: Ella is eating bread, but seems full. Bruce wants to know if she plans to finish her food.	page 7, engine english
(5a) line 1	nɬeʔkepmxcín	transcription	xʷúy̓n̕	page 7, engine language
(5a) line 2	nɬeʔkepmxcín	segmentation	xʷúy̓=∅=n̕	page 7, engine language
(5a) line 3	nɬeʔkepmxcín	gloss	PROSP=3SBJ=Q	page 7, engine english
(5a) line 4	nɬeʔkepmxcín	transcription	ʔúpinxʷ	page 7, engine language
(5a) line 5	nɬeʔkepmxcín	segmentation	ʔúpi-n-[t]-∅-[e]xʷ	page 7, engine language
(5a) line 6	nɬeʔkepmxcín	gloss	eat-CTR-TR-3OBJ-2SG.ERG	page 7, engine english
(5a) line 7	nɬeʔkepmxcín	transcription	[xéʔe]	page 7, engine language
(5a) line 8	nɬeʔkepmxcín	segmentation	xéʔe	page 7, engine language
(5a) line 9	nɬeʔkepmxcín	gloss	DEM.PN	page 7, engine english
(5a) line 10	Reed Steiner	translation	‘Are you gonna eat that?’	page 7, engine english, cited SF | BP 29 Jan 2026, the author's translation of the speaker's sentence
(5a) line 10	Reed Steiner	citation	(SF | BP 29 Jan 2026)	the tag or source at the right of the translation
(5b) line 1	nɬeʔkepmxcín	transcription	xʷúy̓n̕	page 7, engine language
(5b) line 2	nɬeʔkepmxcín	segmentation	xʷúy̓=∅=n̕	page 7, engine language
(5b) line 3	nɬeʔkepmxcín	gloss	PROSP=3SBJ=Q	page 7, engine english
(5b) line 4	nɬeʔkepmxcín	transcription	ʔúpinxʷ	page 7, engine language
(5b) line 5	nɬeʔkepmxcín	segmentation	ʔúpi-n-[t]-∅-[e]xʷ	page 7, engine language
(5b) line 6	nɬeʔkepmxcín	gloss	eat-CTR-TR-3OBJ-2SG.ERG	page 7, engine english
(5b) line 7	nɬeʔkepmxcín	transcription	[xéʔe	page 7, engine language
(5b) line 8	nɬeʔkepmxcín	segmentation	xéʔe	page 7, engine language
(5b) line 9	nɬeʔkepmxcín	gloss	DEM.PN	page 7, engine english
(5b) line 10	nɬeʔkepmxcín	transcription	səplíl]	page 7, engine language
(5b) line 11	nɬeʔkepmxcín	segmentation	[e]=səplíl	page 7, engine language
(5b) line 12	nɬeʔkepmxcín	gloss	DET=bread	page 7, engine english
(5b) line 13	Reed Steiner	translation	‘Are you gonna eat that bread?’	page 7, engine english, cited SF | BP 29 Jan 2026, the author's translation of the speaker's sentence
(5b) line 13	Reed Steiner	citation	(SF | BP 29 Jan 2026)	the tag or source at the right of the translation
(5c) line 1	nɬeʔkepmxcín	transcription	xʷúy̓n̕	page 7, engine language
(5c) line 2	nɬeʔkepmxcín	segmentation	xʷúy̓=∅=n̕	page 7, engine language
(5c) line 3	nɬeʔkepmxcín	gloss	PROSP=3SBJ=Q	page 7, engine english
(5c) line 4	nɬeʔkepmxcín	transcription	ʔúpinxʷ	page 7, engine language
(5c) line 5	nɬeʔkepmxcín	segmentation	ʔúpi-n-[t]-∅-[e]xʷ	page 7, engine language
(5c) line 6	nɬeʔkepmxcín	gloss	eat-CTR-TR-3OBJ-2SG.ERG	page 7, engine english
(5c) line 7	nɬeʔkepmxcín	transcription	[xéʔe	page 7, engine language
(5c) line 8	nɬeʔkepmxcín	segmentation	xéʔe	page 7, engine language
(5c) line 9	nɬeʔkepmxcín	gloss	DEM.PN	page 7, engine english
(5c) line 10	nɬeʔkepmxcín	transcription	tk səplíl]	page 7, engine language
(5c) line 11	nɬeʔkepmxcín	segmentation	t=k=səplíl	page 7, engine language
(5c) line 12	nɬeʔkepmxcín	gloss	OBL=DET=bread	page 7, engine english
(5c) line 13	Reed Steiner	translation	‘Are you gonna eat that bread?’	page 7, engine english, cited SF | BP 29 Jan 2026, the author's translation of the speaker's sentence
(5c) line 13	Reed Steiner	citation	(SF | BP 29 Jan 2026)	the tag or source at the right of the translation
(5d) line 1	nɬeʔkepmxcín	transcription	xʷúy̓n̕	page 7, engine language
(5d) line 2	nɬeʔkepmxcín	segmentation	xʷúy̓=∅=n̕	page 7, engine language
(5d) line 3	nɬeʔkepmxcín	gloss	PROSP=3SBJ=Q	page 7, engine english
(5d) line 4	nɬeʔkepmxcín	transcription	ʔúpinxʷ	page 7, engine language
(5d) line 5	nɬeʔkepmxcín	segmentation	ʔúpi-n-[t]-∅-[e]xʷ	page 7, engine language
(5d) line 6	nɬeʔkepmxcín	gloss	eat-CTR-TR-3OBJ-2SG.ERG	page 7, engine english
(5d) line 7	nɬeʔkepmxcín	transcription	[e səplíl]	page 7, engine language
(5d) line 8	nɬeʔkepmxcín	segmentation	e=səplíl	page 7, engine language
(5d) line 9	nɬeʔkepmxcín	gloss	DEM.PN	page 7, engine english
(5d) line 10	Reed Steiner	translation	‘Are you gonna eat bread?’	page 7, engine english, cited SF | BP 29 Jan 2026, the author's translation of the speaker's sentence
(5d) line 10	Reed Steiner	citation	(SF | BP 29 Jan 2026)	the tag or source at the right of the translation
§3.1.1	Reed Steiner	note	The generalization, then, is that independent DemPNs and DemPNs with restrictions both have the same distribution as DPs. Based on this evidence, DemPNs are treated as DPs.	page 7
§3.1.2	Reed Steiner	heading	3.1.2 DemPNs resist adjunction to the predicate	page 7
§3.1.2	Reed Steiner	language	nɬeʔkepmxcín	the language of this paper, a.k.a. Nlaka’pamux or Thompson River Salish, Northern Interior Salish, ISO 639-3 thp
§3.1.2	Reed Steiner	note	If DemPNs are DPs, they are not expected to be acceptable as adjuncts on the predicate. This prediction holds for nɬeʔkepmxcín. In (6), the intransitive predicate has a first-person subject, so the DemPN cannot be interpreted as an argument. A locative adjunct on the predicate is permitted post-predicatively, but a DemPN is not.8	page 7
(6) line 1	Reed Steiner	note	Context: You’re at a gathering with a friend, and are trying to figure out where to sit. You gesture to a spot you intend to sit in.	page 7, engine english
(6a) line 1	nɬeʔkepmxcín	transcription	xʷúy̓kn	page 7, engine language
(6a) line 2	nɬeʔkepmxcín	segmentation	xʷúy̓=kn	page 7, engine language
(6a) line 3	nɬeʔkepmxcín	gloss	PROSP=1SG.SBJ	page 7, engine english
(6a) line 4	nɬeʔkepmxcín	transcription	míceʔq	page 7, engine language
(6a) line 5	nɬeʔkepmxcín	segmentation	míceʔq	page 7, engine language
(6a) line 6	nɬeʔkepmxcín	gloss	sit	page 7, engine english
(6a) line 7	nɬeʔkepmxcín	transcription	néʔe	page 7, engine language
(6a) line 8	nɬeʔkepmxcín	segmentation	néʔe	page 7, engine language
(6a) line 9	nɬeʔkepmxcín	gloss	LOC.DEM	page 7, engine english
(6a) line 10	Reed Steiner	translation	‘I’m gonna sit there.’	page 7, engine english, cited SF | BP 22 Jan 2026, the author's translation of the speaker's sentence
(6a) line 10	Reed Steiner	citation	(SF | BP 22 Jan 2026)	the tag or source at the right of the translation
(6b) line 1	nɬeʔkepmxcín	transcription	*xʷúy̓kn	page 7, engine language
(6b) line 2	nɬeʔkepmxcín	segmentation	xʷúy̓=kn	page 7, engine language
(6b) line 3	nɬeʔkepmxcín	gloss	PROSP=1SG.SBJ	page 7, engine english
(6b) line 4	nɬeʔkepmxcín	transcription	míceʔq	page 7, engine language
(6b) line 5	nɬeʔkepmxcín	segmentation	míceʔq	page 7, engine language
(6b) line 6	nɬeʔkepmxcín	gloss	sit	page 7, engine english
(6b) line 7	nɬeʔkepmxcín	transcription	xéʔe	page 7, engine language
(6b) line 8	nɬeʔkepmxcín	segmentation	xéʔe	page 7, engine language
(6b) line 9	nɬeʔkepmxcín	gloss	DEM.PN	page 7, engine english
(6b) line 10	Reed Steiner	translation	‘*I’m gonna sit that.’	page 7, engine english, cited SF | BP 22 Jan 2026, the author's translation of the speaker's sentence
(6b) line 10	Reed Steiner	citation	(SF | BP 22 Jan 2026)	the tag or source at the right of the translation
footnote 8	Reed Steiner	note	8 That the locative demonstrative néʔe can be a locative adjunct to the predicate will be shown in Sec- tion 3.2.	page 7, footnote
§3.1.2	nɬeʔkepmxcín	cited form	néʔe	page 7
§3.1.2	Reed Steiner	note	An apparent counter-example involves DemPNs in second position that cannot correspond to argument positions. In (7), Phillips cannot interpret the demonstrative as a core argument of the predicate because this would violate the adjunct island constraint (Huang 1982).	page 8
(7) line 1	nɬeʔkepmxcín	transcription	?xʷúy̓kʷ	page 8, engine language
(7) line 2	nɬeʔkepmxcín	segmentation	xʷúy̓=kʷ	page 8, engine language
(7) line 3	nɬeʔkepmxcín	gloss	PROSP=2SG.SBJ	page 8, engine english
(7) line 4	nɬeʔkepmxcín	transcription	xéʔe	page 8, engine language
(7) line 5	nɬeʔkepmxcín	segmentation	xéʔe	page 8, engine language
(7) line 6	nɬeʔkepmxcín	gloss	DEM.PN	page 8, engine english
(7) line 7	nɬeʔkepmxcín	transcription	qʷnóx̣ʷ	page 8, engine language
(7) line 8	nɬeʔkepmxcín	segmentation	qʷnóx̣ʷ	page 8, engine language
(7) line 9	nɬeʔkepmxcín	gloss	sick	page 8, engine english
(7) line 10	nɬeʔkepmxcín	transcription	ʔe ʔúpinxʷ us	page 8, engine language
(7) line 11	nɬeʔkepmxcín	segmentation	ʔe=úpi-[t]-n-∅-[e]xʷ=us	page 8, engine language
(7) line 12	nɬeʔkepmxcín	gloss	COMP=eat-TR-CTR-3OBJ-2SG.ERG=3SBJV	page 8, engine english
(7) line 13	Reed Steiner	translation	‘#You’ll get sick if you eat that.’	page 8, engine english
(7) line 14	Reed Steiner	translation	‘You’ll get sick if you eat it.’	page 8, engine english
(7) line 15	Bev Phillips	speaker comment	BP: “I think it’s okay, I don’t know. As long as the other person knows what the xéʔe is. The xéʔe belongs to the qʷnóx̣ʷ, but you’re not saying what the thing you’re eating is. It [the xéʔe] is about the ‘sick’.” (SF | BP 17 April 2025)	page 8, engine english
(7)	nɬeʔkepmxcín	cited form	xéʔe	in the speaker comment, page 8
§3.1.2	Reed Steiner	language	ʔayʔaǰuθəm	Comox-Sliammon, Central Salish, the language of (97) and of ɬɛn̓
§3.1.2	Reed Steiner	note	While it is true that second-position DemPNs are not necessarily arguments, it is also un- likely that they are locative adjuncts on the predicate, since they contribute zero locative seman- tics. Koch (2008b) hypothesizes that they function as discourse-level situation deictics. This would make them similar to clausal demonstratives, like those found in ʔayʔaǰuθəm (Reisinger and Huijsmans 2021). More research is needed to test this hypothesis.	page 8
§3.1.2	Reed Steiner	note	Clausal demonstratives are beyond the scope of this paper, but they are important to flag for elicitation purposes. If clausal demonstratives always surface in second position, as in ʔayʔaǰuθəm (Huijsmans 2023; Reisinger and Huijsmans 2021), then they follow the predicate when no aux- iliary is present. As a result, a post-predicative demonstrative in a clause without an auxiliary is ambiguous between a clausal demonstrative and a non-clausal demonstrative. For this reason, auxiliaries should always be used to disambiguate between clausal and non-clausal demonstratives when eliciting acceptability judgements on demonstratives.	page 8
§3.1.2	Reed Steiner	note	Assuming non-argument demonstratives in second-position are clausal demonstratives, the generalization holds that DemPNs must be arguments; they cannot be adjuncts to the predicate.	page 8
§3.1.3	Reed Steiner	heading	3.1.3 DemPNs resist predication	page 8
§3.1.3	Reed Steiner	language	nɬeʔkepmxcín	the language of this paper, a.k.a. Nlaka’pamux or Thompson River Salish, Northern Interior Salish, ISO 639-3 thp
§3.1.3	Reed Steiner	note	nɬeʔkepmxcín does not generally permit DP predicates.9 If DemPNs are DPs, it is expected they would be rejected in predicate positions, too.	page 8
§3.1.3	Reed Steiner	note	This prediction is supported by strong and robust judgements from all three speakers. In (8), the DemPN is supplied in a matrix predicate position with subject inflection, and promptly rejected.	page 8
(8) line 1	Reed Steiner	note	Context: Brent goes over to Bruce’s apartment, but the buzzer isn’t working. Brent calls him on the phone.	page 8, engine english
(8) line 2	nɬeʔkepmxcín	transcription	*xʔé kn	page 8, engine language
(8) line 3	nɬeʔkepmxcín	segmentation	xʔé=kn	page 8, engine language
(8) line 4	nɬeʔkepmxcín	gloss	DEM.PN=1SG.SBJ	page 8, engine english
(8) line 5	Reed Steiner	translation	Intended: ‘I’m here.’	page 8, engine english, cited SF | KBG 7 May 2025, the author's translation of the speaker's sentence
(8) line 5	Reed Steiner	citation	(SF | KBG 7 May 2025)	the tag or source at the right of the translation
footnote 9	Reed Steiner	note	9 Independent personal pronounsare permitted in predicate positions with subject inflection (Kinkade 1983; van Eijk 1997), but Davis (2022) provides evidence from St’át’imcets that these are the focus of a covert cleft. I assume Davis’ analysis extends to nɬeʔkepmxcín.	page 8, footnote
§3.1.3	Reed Steiner	language	St’át’imcets	Lillooet, Northern Interior Salish. van Eijk 1997 named its demonstrative pronouns, and (96) is St’át’imcets
(9) line 1	Reed Steiner	note	Context: You show someone an old photo of you when you were a little kid. You point to yourself to identify which one you are.	page 9, engine english
(9) line 2	nɬeʔkepmxcín	transcription	*xʔé kn	page 9, engine language
(9) line 3	nɬeʔkepmxcín	segmentation	xʔé=kn	page 9, engine language
(9) line 4	nɬeʔkepmxcín	gloss	DEM.PN=1SG.SBJ	page 9, engine english
(9) line 5	Reed Steiner	translation	Intended: ‘I’m this one.’	page 9, engine english, cited SF | CMA 26 Nov 2025, the author's translation of the speaker's sentence
(9) line 5	Reed Steiner	citation	(SF | CMA 26 Nov 2025)	the tag or source at the right of the translation
(10) line 1	Reed Steiner	note	Context: Twins point to identify themselves in a group photo.	page 9, engine english
(10) line 2	nɬeʔkepmxcín	transcription	*xéʔe kn	page 9, engine language
(10) line 3	nɬeʔkepmxcín	segmentation	xéʔe=kn	page 9, engine language
(10) line 4	nɬeʔkepmxcín	gloss	DEM.PN=1SG.SBJ	page 9, engine english
(10) line 5	Reed Steiner	translation	Intended: ‘I’m that one.’	page 9, engine english, cited SF | CMA 26 Nov 2025, the author's translation of the speaker's sentence
(10) line 5	Reed Steiner	citation	(SF | CMA 26 Nov 2025)	the tag or source at the right of the translation
§3.1.3	Reed Steiner	note	DemPN predicates are also rejected in embedded predicate positions. In (11b) and (12b), the DemPN is supplied as the predicate of a headless relative clause, which is the subject of a question predicate. In this position, the DemPN is promptly rejected, which would be unexpected if it were permissible as a predicate.	page 9
(11) line 1	Reed Steiner	note	Context: Brent and I are watching a movie on the couch. I see an actor I don’t recognize, then the scene changes.	page 9, engine english
(11a) line 1	nɬeʔkepmxcín	transcription	swét	page 9, engine language
(11a) line 2	nɬeʔkepmxcín	segmentation	swét=∅	page 9, engine language
(11a) line 3	nɬeʔkepmxcín	gloss	be.who=3SBJ	page 9, engine english
(11a) line 4	nɬeʔkepmxcín	transcription	ɬǝ́n̕e	page 9, engine language
(11a) line 5	nɬeʔkepmxcín	segmentation	ɬǝ́n̕e	page 9, engine language
(11a) line 6	nɬeʔkepmxcín	gloss	DEM.PN	page 9, engine english
(11a) line 7	Reed Steiner	translation	‘Who was that?’	page 9, engine english, cited SF | BP 22 May 2025, the author's translation of the speaker's sentence
(11a) line 7	Reed Steiner	citation	(SF | BP 22 May 2025)	the tag or source at the right of the translation
(11b) line 1	nɬeʔkepmxcín	transcription	* swét	page 9, engine residue
(11b) line 2	nɬeʔkepmxcín	segmentation	swét=∅	page 9, engine language
(11b) line 3	nɬeʔkepmxcín	gloss	be.who=3SBJ	page 9, engine english
(11b) line 4	nɬeʔkepmxcín	transcription	e ɬǝ́n̕e	page 9, engine language
(11b) line 5	nɬeʔkepmxcín	segmentation	e ɬǝ́n̕e=∅	page 9, engine language
(11b) line 6	nɬeʔkepmxcín	gloss	D/C=DEM.PN=3SBJ	page 9, engine english
(11b) line 7	Bev Phillips	speaker comment	BP: “No, that doesn’t work at all.” (SF | BP 22 May 2025)	page 9, engine english
(12) line 1	Reed Steiner	note	Context: Danica’s talking to someone on the phone.	page 9, engine english
(12a) line 1	nɬeʔkepmxcín	transcription	swét	page 9, engine language
(12a) line 2	nɬeʔkepmxcín	segmentation	swét=∅	page 9, engine language
(12a) line 3	nɬeʔkepmxcín	gloss	be.who=3SBJ	page 9, engine english
(12a) line 4	nɬeʔkepmxcín	transcription	kʷukʷ	page 9, engine language
(12a) line 5	nɬeʔkepmxcín	segmentation	kʷukʷ	page 9, engine language
(12a) line 6	nɬeʔkepmxcín	gloss	DEM.PN	page 9, engine english
(12a) line 7	nɬeʔkepmxcín	transcription	ʔéx	page 9, engine language
(12a) line 8	nɬeʔkepmxcín	segmentation	[e]=ex=∅	page 9, engine residue
(12a) line 9	nɬeʔkepmxcín	gloss	D/C=IPFV=3SBJ	page 9, engine english
(12a) line 10	nɬeʔkepmxcín	transcription	qʷintéxʷ	page 9, engine language
(12a) line 11	nɬeʔkepmxcín	segmentation	qʷin-t-∅-exʷ=∅	page 9, engine language
(12a) line 12	nɬeʔkepmxcín	gloss	talk-TR-3OBJ-2SG.ERG	page 9, engine english
(12a) line 13	Reed Steiner	translation	‘Who’s that you’re talking to?’	page 9, engine english, cited SF | BP 22 May 2025, the author's translation of the speaker's sentence
(12a) line 13	Reed Steiner	citation	(SF | BP 22 May 2025)	the tag or source at the right of the translation
(12b) line 1	nɬeʔkepmxcín	transcription	* swét	page 9, engine residue
(12b) line 2	nɬeʔkepmxcín	segmentation	swét=∅	page 9, engine language
(12b) line 3	nɬeʔkepmxcín	gloss	be.who=3SBJ	page 9, engine english
(12b) line 4	nɬeʔkepmxcín	transcription	e kʷukʷ	page 9, engine language
(12b) line 5	nɬeʔkepmxcín	segmentation	e=kʷukʷ=∅	page 9, engine language
(12b) line 6	nɬeʔkepmxcín	gloss	D/C=DEM.PN=3SBJ	page 9, engine english
(12b) line 7	nɬeʔkepmxcín	transcription	ʔéx	page 9, engine language
(12b) line 8	nɬeʔkepmxcín	segmentation	[e]=ex=∅	page 9, engine residue
(12b) line 9	nɬeʔkepmxcín	gloss	D/C=IPFV=3SBJ	page 9, engine english
(12b) line 10	nɬeʔkepmxcín	transcription	qʷintéxʷ	page 9, engine language
(12b) line 11	nɬeʔkepmxcín	segmentation	qʷin-t-∅-exʷ	page 9, engine language
(12b) line 12	nɬeʔkepmxcín	gloss	talk-TR-3OBJ-2SG.ERG	page 9, engine english
(12b) line 13	Bev Phillips	speaker comment	BP: “No, the e=. I don’t know why the e= is there.” (SF | BP 22 May 2025)	page 9, engine english
§3.1.3	Reed Steiner	note	Other authors have independently observed that DemPNs resist predication in nɬeʔkepmxcín (Koch 2008b; Thompson and Thompson 1992), which is unsurprising if DemPNs are DPs.	page 9
§3.1.4	Reed Steiner	heading	3.1.4 DemPNs and copulas	page 10
§3.1.4	Reed Steiner	language	nɬeʔkpemxcín	nɬeʔkepmxcín, as the paper also prints it
§3.1.4	nɬeʔkepmxcín	cited form	ʔé	page 10
§3.1.4	nɬeʔkepmxcín	cited form	c̕é	page 10
§3.1.4	Reed Steiner	note	Because DPs cannot be predicates in nɬeʔkpemxcín, they are focused using a clefting copula ʔé or c̕é (Koch 2008b). The copula takes two arguments: either two DPs, or a DP and a CP. If DemPNs are rejected in predicate positions because they are DPs, then the expected repair strategy would be to insert a clefting copula. This prediction holds across dialects. (10) was corrected to (13) and (9) was corrected to (14).	page 10
(13) line 1	Reed Steiner	note	Context: Twins point to identify themselves in a group photo.	page 10, engine english
(13) line 2	nɬeʔkepmxcín	transcription	c̕é	page 10, engine language
(13) line 3	nɬeʔkepmxcín	segmentation	c̕-ʔé=∅	page 10, engine residue
(13) line 4	nɬeʔkepmxcín	gloss	EMPH-COP=3SBJ	page 10, engine english
(13) line 5	nɬeʔkepmxcín	transcription	xéʔ	page 10, engine language
(13) line 6	nɬeʔkepmxcín	segmentation	xéʔ[e]	page 10, engine language
(13) line 7	nɬeʔkepmxcín	gloss	DEM.PN	page 10, engine english
(13) line 8	nɬeʔkepmxcín	transcription	ncéweʔ	page 10, engine language
(13) line 9	nɬeʔkepmxcín	segmentation	ncéweʔ	page 10, engine language
(13) line 10	nɬeʔkepmxcín	gloss	1SG.INDEP	page 10, engine english
(13) line 11	Reed Steiner	translation	‘That one is me.’	page 10, engine english, cited VF | KBG 7 May 2025, the author's translation of the speaker's sentence
(13) line 11	Reed Steiner	citation	(VF | KBG 7 May 2025)	the tag or source at the right of the translation
(14) line 1	Reed Steiner	note	Context: You show someone an old photo of you when you were a little kid. You point to yourself to identify which one you are.	page 10, engine english
(14a) line 1	nɬeʔkepmxcín	transcription	c̕é	page 10, engine language
(14a) line 2	nɬeʔkepmxcín	segmentation	c̕-ʔé=∅	page 10, engine residue
(14a) line 3	nɬeʔkepmxcín	gloss	EMPH-COP=3SBJ	page 10, engine english
(14a) line 4	nɬeʔkepmxcín	transcription	xéʔe	page 10, engine language
(14a) line 5	nɬeʔkepmxcín	segmentation	xéʔe	page 10, engine language
(14a) line 6	nɬeʔkepmxcín	gloss	DEM.PN	page 10, engine english
(14a) line 7	nɬeʔkepmxcín	transcription	ncéweʔ	page 10, engine language
(14a) line 8	nɬeʔkepmxcín	segmentation	ncéweʔ	page 10, engine language
(14a) line 9	nɬeʔkepmxcín	gloss	1SG.INDEP	page 10, engine english
(14a) line 10	Reed Steiner	translation	‘That one is me.’	page 10, engine english, cited VF | CMA 29 Jan 2026, the author's translation of the speaker's sentence
(14a) line 10	Reed Steiner	citation	(VF | CMA 29 Jan 2026)	the tag or source at the right of the translation
(14b) line 1	nɬeʔkepmxcín	transcription	ʔé	page 10, engine language
(14b) line 2	nɬeʔkepmxcín	segmentation	e=∅	page 10, engine residue
(14b) line 3	nɬeʔkepmxcín	gloss	COP=3SBJ	page 10, engine english
(14b) line 4	nɬeʔkepmxcín	transcription	xéʔ	page 10, engine language
(14b) line 5	nɬeʔkepmxcín	segmentation	xéʔ[e]	page 10, engine language
(14b) line 6	nɬeʔkepmxcín	gloss	DEM.PN	page 10, engine english
(14b) line 7	nɬeʔkepmxcín	transcription	ncéweʔ	page 10, engine language
(14b) line 8	nɬeʔkepmxcín	segmentation	ncéweʔ	page 10, engine language
(14b) line 9	nɬeʔkepmxcín	gloss	1SG.INDEP	page 10, engine english
(14b) line 10	Reed Steiner	translation	‘That one is me.’	page 10, engine english, cited VF | CMA 29 Jan 2026, the author's translation of the speaker's sentence
(14b) line 10	Reed Steiner	citation	(VF | CMA 29 Jan 2026)	the tag or source at the right of the translation
§3.1.4	nɬeʔkepmxcín	cited form	(u)ʔéx	page 10, ‘be, reside’
§3.1.4	Reed Steiner	note	The use of ʔé or c̕é as a repair for an illegal DP predicate is further evidence that DemPNs are DPs. It is also a notable distinction from locative demonstratives, which prefer a different copula (u)ʔéx ‘be, reside’, as will be discussed in Section 3.2.3.	page 10
§3.1.5	Reed Steiner	heading	3.1.5 DemPN analysis	page 10
§3.1.5	Reed Steiner	language	St’át’imcets	Lillooet, Northern Interior Salish. van Eijk 1997 named its demonstrative pronouns, and (96) is St’át’imcets
§3.1.5	Reed Steiner	note	Following Matthewson and Davis (1995) on St’át’imcets, independent DemPNs are treated as DPs, represented by a tree diagram in (15). DemPNs with DP restrictions are tentatively treated as adjuncts on the DP, as in (16).10 Oblique restrictions are treated as adjuncts on the DemPN, as in (17).11 This is comparable to the corresponding structures in St’át’imcets (Matthewson and Davis 1995).	page 10
footnote 10	Reed Steiner	note	10 Assuming adjuncts are sister to phrasal projections, it is not clear from the tree diagram which DP is the head and which DP is the modifier. This is not necessarily problematic, since both the demonstrative and the DP are permitted as a standalone argument. Matthewson and Davis (1995) locate DemPNs in SpecD of their respective DP. This works for St’át’imcets because it explains why DemPNs never precede quantifiers, but it does not necessarily extend to nɬeʔkepmxcín. Recall that kʷałtèzetkʷ has accepted a DemPN before a quantifier: if this judgement proves robust, it could support a DP-adjunct analysis. More tests are needed to determine whether DemPNs are specifiers or adjuncts, but that is beyond the scope of this paper.	page 10, footnote
§3.1.5	Reed Steiner	language	nɬeʔkepmxcín	the language of this paper, a.k.a. Nlaka’pamux or Thompson River Salish, Northern Interior Salish, ISO 639-3 thp
§3.1.5	Reed Steiner	name	kʷałtèzetkʷ	Bernice Garcia's traditional name, KBG in the tags, short and written with ł
footnote 11	Reed Steiner	note	11 The oblique marker is tentatively analyzed as a K(ase) head with a DP complement (Travis and Lamon- tagne 1992).	page 10, footnote
(15) line 1	Reed Steiner	rule	DP	page 11, engine residue
(15) line 2	Reed Steiner	rule	xéʔe	page 11, engine language
(15) line 3	Reed Steiner	rule	DEM.PN	page 11, engine english
(16) line 1	Reed Steiner	rule	DP	page 11, engine residue
(16) line 2	Reed Steiner	rule	DP	page 11, engine residue
(16) line 3	Reed Steiner	rule	xéʔe	page 11, engine language
(16) line 4	Reed Steiner	rule	DEM.PN	page 11, engine english
(16) line 5	Reed Steiner	rule	DP	page 11, engine residue
(16) line 6	Reed Steiner	rule	D	page 11, engine residue
(16) line 7	Reed Steiner	rule	ɬ=	page 11, engine residue
(16) line 8	Reed Steiner	rule	DET	page 11, engine english
(16) line 9	Reed Steiner	rule	NP	page 11, engine residue
(16) line 10	Reed Steiner	rule	p̓əp̓éy̓ɬə	page 11, engine language
(16) line 11	Reed Steiner	rule	frog	page 11, engine english
(17) line 1	Reed Steiner	rule	DP	page 11, engine residue
(17) line 2	Reed Steiner	rule	DP	page 11, engine residue
(17) line 3	Reed Steiner	rule	xéʔe	page 11, engine language
(17) line 4	Reed Steiner	rule	DEM.PN	page 11, engine english
(17) line 5	Reed Steiner	rule	KP	page 11, engine residue
(17) line 6	Reed Steiner	rule	K	page 11, engine residue
(17) line 7	Reed Steiner	rule	t=	page 11, engine residue
(17) line 8	Reed Steiner	rule	OBL	page 11, engine english
(17) line 9	Reed Steiner	rule	DP	page 11, engine residue
(17) line 10	Reed Steiner	rule	D	page 11, engine residue
(17) line 11	Reed Steiner	rule	k=	page 11, engine residue
(17) line 12	Reed Steiner	rule	DET	page 11, engine english
(17) line 13	Reed Steiner	rule	NP	page 11, engine residue
(17) line 14	Reed Steiner	rule	c’y’c’íy’e	page 11, engine language
(17) line 15	Reed Steiner	rule	AUG+basket	page 11, engine language
§3.1.5	Reed Steiner	note	The precise internal structure of DemPNs is not immediately relevant to this paper, so long as the DemPN and its restriction form a DP.	page 11
§3.2	Reed Steiner	heading	3.2 Locative Demonstratives (LocDems)	page 11
§3.2	Reed Steiner	language	nɬeʔkepmxcín	the language of this paper, a.k.a. Nlaka’pamux or Thompson River Salish, Northern Interior Salish, ISO 639-3 thp
footnote 12	Reed Steiner	note	12 In particular, Koch writes that ”[t]he predicate in these cases [used to answer wide focus questions] is typically a quantified NP or locative demonstrative” (p 67-68), in reference to the example repeated here.	page 11, footnote
§3.2	Reed Steiner	note	The remaining six demonstratives in nɬeʔkepmxcín are locative demonstratives (LocDems), which relate to locations instead of individuals. Koch (2008b:67-68) notices they pattern differently than DemPNs, but does not examine them in detail.12 LocDems are presented in Table 2. All six LocDems distinguish deictic distance: proxi- mal demonstratives have stress after the glottal stop; distal demonstratives have stress before the glottal stop. The initial consonant of each LocDem indicates what kind of location it relates to. Demonstratives beginning with n relate to a specific point (compare to the preposition n= ‘at, on, in’). Demonstratives beginning with t relate to a general area (compare to the preposition t= ‘by, about’). Demonstratives beginning with w relate to a goal (destination, end) or direction (compare to the preposition w= ‘to, toward’).	page 11
Table 2 line 1	Reed Steiner	note	Locative Demonstrative Paradigm in nɬeʔkepmxcín	page 12, the caption
Table 2 heads	Reed Steiner	note	Point | Area | Goal	page 12, the column heads. The rows are Proximal and Distal
Table 2 Proximal, Point	nɬeʔkepmxcín	transcription	nʔé	page 12, the cell of Proximal, Point
Table 2 Proximal, Point	Reed Steiner	translation	‘(right) here’	page 12
Table 2 Proximal, Area	nɬeʔkepmxcín	transcription	tʔé	page 12, the cell of Proximal, Area
Table 2 Proximal, Area	Reed Steiner	translation	‘about here’	page 12
Table 2 Proximal, Goal	nɬeʔkepmxcín	transcription	wʔé	page 12, the cell of Proximal, Goal
Table 2 Proximal, Goal	Reed Steiner	translation	‘this way’	page 12
Table 2 Distal, Point	nɬeʔkepmxcín	transcription	néʔe	page 12, the cell of Distal, Point
Table 2 Distal, Point	Reed Steiner	translation	‘(right) there’	page 12
Table 2 Distal, Area	nɬeʔkepmxcín	transcription	téʔe	page 12, the cell of Distal, Area
Table 2 Distal, Area	Reed Steiner	translation	‘about there’	page 12
Table 2 Distal, Goal	nɬeʔkepmxcín	transcription	wéʔe	page 12, the cell of Distal, Goal
Table 2 Distal, Goal	Reed Steiner	translation	‘that way’	page 12
§3.2	nɬeʔkepmxcín	cited form	nʔé	page 12
§3.2	Reed Steiner	note	LocDems are fundamentally locative adjuncts (Section 3.2.1). Unlike with DemPNs, some speakers accept LocDem in predicate positions (Section 3.2.2), and LocDems are associated with a different copula than DPs (Section 3.2.3). When LocDems are focused, a copula is not strictly necessary, consistent with a locative adjunct (Section 3.2.4).	page 12
§3.2.1	Reed Steiner	heading	3.2.1 Basic distribution of LocDems	page 12
§3.2.1	Reed Steiner	note	Externally, LocDems pattern like PPs: they surface post-predicatively or in second position after the auxiliary. Unlike with DemPNs, LocDems are permitted in post-predicative positions without corresponding to an argument position.	page 12
(18) line 1	nɬeʔkepmxcín	transcription	wíkc	page 12, engine language
(18) line 2	nɬeʔkepmxcín	segmentation	wík-[n]-t-∅-[e]s=∅	page 12, engine residue
(18) line 3	nɬeʔkepmxcín	gloss	see-CTR-TR-3OBJ-1SG.ERG=3SBJ	page 12, engine english
(18) line 4	nɬeʔkepmxcín	transcription	e x̣zúm	page 12, engine language
(18) line 5	nɬeʔkepmxcín	segmentation	e=x̣zúm	page 12, engine language
(18) line 6	nɬeʔkepmxcín	gloss	DET=big	page 12, engine english
(18) line 7	nɬeʔkepmxcín	transcription	te spzúʔ	page 12, engine language
(18) line 8	nɬeʔkepmxcín	segmentation	t=e=s-pzúʔ	page 12, engine language
(18) line 9	nɬeʔkepmxcín	gloss	OBL=DET=NMLZ-animal	page 12, engine english
(18) line 10	nɬeʔkepmxcín	transcription	te x nqáyix	page 12, engine language
(18) line 11	nɬeʔkepmxcín	segmentation	t=e=[ʔe]x=n-qáy-i[y]x=∅	page 12, engine language
(18) line 12	nɬeʔkepmxcín	gloss	OBL=DET=IPFV=LOC-swim-AUT=3SBJ	page 12, engine english
(18) line 13	nɬeʔkepmxcín	transcription	néʔe	page 12, engine language
(18) line 14	nɬeʔkepmxcín	segmentation	néʔe	page 12, engine language
(18) line 15	nɬeʔkepmxcín	gloss	LOC.DEM	page 12, engine english
(18) line 16	Hall and Phillips 2024:136	translation	‘He saw the big animals that swim there.’	page 12, engine english, cited Hall and Phillips 2024:136
(18) line 16	Reed Steiner	citation	(Hall and Phillips 2024:136)	the tag or source at the right of the translation
(19) line 1	Reed Steiner	note	Context: You’re trying to find your campsite, but you’re not certain this is the right area.	page 12, engine english
(19) line 2	nɬeʔkepmxcín	transcription	xʷúy̓kt nke	page 12, engine language
(19) line 3	nɬeʔkepmxcín	segmentation	xʷúy̓=kt=nke	page 12, engine language
(19) line 4	nɬeʔkepmxcín	gloss	PROSP=1PL.SBJ=INFER	page 12, engine english
(19) line 5	nɬeʔkepmxcín	transcription	q̓íym	page 12, engine language
(19) line 6	nɬeʔkepmxcín	segmentation	q̓íy-m	page 12, engine language
(19) line 7	nɬeʔkepmxcín	gloss	camp.overnight-CTR.MID	page 12, engine english
(19) line 8	nɬeʔkepmxcín	transcription	tʔé	page 12, engine language
(19) line 9	nɬeʔkepmxcín	segmentation	tʔé	page 12, engine language
(19) line 10	nɬeʔkepmxcín	gloss	LOC.DEM	page 12, engine english
(19) line 11	Reed Steiner	translation	‘We must be going to camp around here.’	page 12, engine english, cited VF | BP 18 Sep 2025, the author's translation of the speaker's sentence
(19) line 11	Reed Steiner	citation	(VF | BP 18 Sep 2025)	the tag or source at the right of the translation
footnote 12 (i) line 1	nɬeʔkepmxcín	transcription	néʔ ekʷu xeʔ	page 12, engine language
footnote 12 (i) line 2	nɬeʔkepmxcín	segmentation	néʔ=∅=ekʷu=xéʔ[e]	page 12, engine language
footnote 12 (i) line 3	nɬeʔkepmxcín	gloss	LOC.DEM=3SBJ=RPRT=DEMPN	page 12, engine english
footnote 12 (i) line 4	nɬeʔkepmxcín	transcription	k ʕʷyép us	page 12, engine language
footnote 12 (i) line 5	nɬeʔkepmxcín	segmentation	k=ʕʷy-ep=us	page 12, engine language
footnote 12 (i) line 6	nɬeʔkepmxcín	gloss	DET=burn-INCH=3SBJV	page 12, engine english
footnote 12 (i) line 7	nɬeʔkepmxcín	transcription	ne nƛ̓pénks	page 12, engine language
footnote 12 (i) line 8	nɬeʔkepmxcín	segmentation	n=e=n-ƛ̓pénk=s	page 12, engine language
footnote 12 (i) line 9	nɬeʔkepmxcín	gloss	at=DET=LOC-under=3POSS	page 12, engine english
footnote 12 (i) line 10	nɬeʔkepmxcín	transcription	e sq̓ʷíyt	page 12, engine language
footnote 12 (i) line 11	nɬeʔkepmxcín	segmentation	e=s-q̓ʷíyt	page 12, engine language
footnote 12 (i) line 12	nɬeʔkepmxcín	gloss	DET=NMLZ-fruit	page 12, engine english
footnote 12 (i) line 13	Reed Steiner	translation	‘A fire started under the fruits.’	page 12, engine english
footnote 12	nɬeʔkepmxcín	cited form	xʔé	page 12
footnote 12	nɬeʔkepmxcín	cited form	xéʔe	page 12
footnote 12	Reed Steiner	note	Lit. ‘Where a fire started under the fruits was there.’ (?:68) Koch also writes that DPs in general (p.58) and the demonstratives xʔé and xéʔe in particular (p.90) cannot be predicates. This implies a syntactic distinction between demonstratives which can be predicates and demonstratives which cannot be, the former of which Koch calls ‘locative demonstratives’.	page 12
(20) line 1	nɬeʔkepmxcín	transcription	xʷúy̓kt	page 13, engine language
(20) line 2	nɬeʔkepmxcín	segmentation	xʷúy̓=kt	page 13, engine language
(20) line 3	nɬeʔkepmxcín	gloss	PROSP=1PL	page 13, engine english
(20) line 4	nɬeʔkepmxcín	transcription	wéʔe	page 13, engine language
(20) line 5	nɬeʔkepmxcín	segmentation	wéʔe	page 13, engine language
(20) line 6	nɬeʔkepmxcín	gloss	LOC.DEM	page 13, engine english
(20) line 7	nɬeʔkepmxcín	transcription	xʷesít	page 13, engine language
(20) line 8	nɬeʔkepmxcín	segmentation	xʷesít	page 13, engine language
(20) line 9	nɬeʔkepmxcín	gloss	walk	page 13, engine residue
(20) line 10	Thompson and Thompson 1996:372	translation	‘We’re going to walk there.’	page 13, engine english, cited Thompson and Thompson 1996:372
(20) line 10	Reed Steiner	citation	(Thompson and Thompson 1996:372)	the tag or source at the right of the translation
§3.2.1	Reed Steiner	note	LocDems can also form a constituent with a PP or an oblique. Clefting provides evidence of constituency: a LocDem and its associated PP or oblique can both occupy the focus position of a cleft (21), although the clefting copula is not necessary to focus a LocDem (see Section 3.2.4).	page 13
(21) line 1	Reed Steiner	note	Context: We’re invited to a party. It’s a potluck, so everyone is expected to bring some food to share. At the party, one of the tables has lots of food on it. It seems like that’s where we’re supposed to put the food.	page 13, engine english
(21) line 2	nɬeʔkepmxcín	transcription	c̕é	page 13, engine language
(21) line 3	nɬeʔkepmxcín	segmentation	c̕-ʔé=∅	page 13, engine residue
(21) line 4	nɬeʔkepmxcín	gloss	EMPH-COP=3SBJ	page 13, engine english
(21) line 5	nɬeʔkepmxcín	transcription	[néʔe	page 13, engine language
(21) line 6	nɬeʔkepmxcín	segmentation	néʔe	page 13, engine language
(21) line 7	nɬeʔkepmxcín	gloss	LOC.DEM	page 13, engine english
(21) line 8	nɬeʔkepmxcín	transcription	tk típl]	page 13, engine language
(21) line 9	nɬeʔkepmxcín	segmentation	t=k=típl	page 13, engine language
(21) line 10	nɬeʔkepmxcín	gloss	OBL=DET=table	page 13, engine english
(21) line 11	nɬeʔkepmxcín	transcription	e xʷúy̓us nke	page 13, engine language
(21) line 12	nɬeʔkepmxcín	segmentation	e=xʷúy̓=us=nke	page 13, engine language
(21) line 13	nɬeʔkepmxcín	gloss	D/C=PROSP=3.SBJV=INFER	page 13, engine english
(21) line 14	nɬeʔkepmxcín	transcription	cəqtém	page 13, engine language
(21) line 15	nɬeʔkepmxcín	segmentation	cəq-t-∅-em	page 13, engine language
(21) line 16	nɬeʔkepmxcín	gloss	put-TR-3OBJ-1PL.ERG	page 13, engine english
(21) line 17	nɬeʔkepmxcín	transcription	ɬ sƛ̓eʔkcínkt	page 13, engine language
(21) line 18	nɬeʔkepmxcín	segmentation	ɬ=s-ƛ̓eʔk-cín-kt	page 13, engine language
(21) line 19	nɬeʔkepmxcín	gloss	DET=NMLZ-bring-mouth-1PL.POSS	page 13, engine english
(21) line 20	Reed Steiner	translation	‘It seems where we’re gonna put the food is on that table.’	page 13, engine english, cited SF | KBG 13 Jan 2026, the author's translation of the speaker's sentence
(21) line 20	Reed Steiner	citation	(SF | KBG 13 Jan 2026)	the tag or source at the right of the translation
(22) line 1	Reed Steiner	note	Context: You’re showing me where you found the lost phone.	page 13, engine english
(22) line 2	nɬeʔkepmxcín	transcription	c̕é	page 13, engine language
(22) line 3	nɬeʔkepmxcín	segmentation	c̕-ʔé=∅	page 13, engine residue
(22) line 4	nɬeʔkepmxcín	gloss	EMPH-COP=3SBJ	page 13, engine english
(22) line 5	nɬeʔkepmxcín	transcription	[néʔe	page 13, engine language
(22) line 6	nɬeʔkepmxcín	segmentation	néʔe	page 13, engine language
(22) line 7	nɬeʔkepmxcín	gloss	LOC.DEM	page 13, engine english
(22) line 8	nɬeʔkepmxcín	transcription	ne sx̣énx]	page 13, engine language
(22) line 9	nɬeʔkepmxcín	segmentation	n=e=s-x̣énx	page 13, engine language
(22) line 10	nɬeʔkepmxcín	gloss	at=DET=NMLZ-rock	page 13, engine english
(22) line 11	nɬeʔkepmxcín	transcription	e púnmne ws	page 13, engine language
(22) line 12	nɬeʔkepmxcín	segmentation	e=pun-m[in]-[t]-∅-ne=ws	page 13, engine language
(22) line 13	nɬeʔkepmxcín	gloss	D/C=find-RLT-TR-3OBJ-1SG.OBJ=3SBJV	page 13, engine english
(22) line 14	nɬeʔkepmxcín	transcription	e cumín	page 13, engine language
(22) line 15	nɬeʔkepmxcín	segmentation	e=cu-mín	page 13, engine language
(22) line 16	nɬeʔkepmxcín	gloss	DET=say-INS	page 13, engine english
(22) line 17	Reed Steiner	translation	‘Right there on the rock is where I found the phone.’	page 13, engine english, cited VF | KBG 9 Jun 2025, the author's translation of the speaker's sentence
(22) line 17	Reed Steiner	citation	(VF | KBG 9 Jun 2025)	the tag or source at the right of the translation
§3.2.1	Reed Steiner	note	Quantifiers provide further evidence for constituency, since LocDems can intervene between a quantifier and its restriction (23).	page 13
(23) line 1	Reed Steiner	note	Context: You’re describing the biggest mountain in the country.	page 13, engine english
(23) line 2	nɬeʔkepmxcín	transcription	x̣zúm	page 13, engine language
(23) line 3	nɬeʔkepmxcín	segmentation	x̣zúm=∅	page 13, engine language
(23) line 4	nɬeʔkepmxcín	gloss	big=3SBJ	page 13, engine english
(23) line 5	nɬeʔkepmxcín	transcription	xʔé	page 13, engine language
(23) line 6	nɬeʔkepmxcín	segmentation	xʔé	page 13, engine language
(23) line 7	nɬeʔkepmxcín	gloss	DEM.PN	page 13, engine english
(23) line 8	nɬeʔkepmxcín	transcription	tk sqʷǝ́m	page 13, engine language
(23) line 9	nɬeʔkepmxcín	segmentation	t=k=s-qʷǝ́m	page 13, engine language
(23) line 10	nɬeʔkepmxcín	gloss	OBL=DET=NMLZ-mountain	page 13, engine english
(23) line 11	nɬeʔkepmxcín	transcription	tue tékm	page 13, engine language
(23) line 12	nɬeʔkepmxcín	segmentation	tw=e=tékm	page 13, engine language
(23) line 13	nɬeʔkepmxcín	gloss	from=DET=all	page 13, engine english
(23) line 14	nɬeʔkepmxcín	transcription	e sqʷǝ́m	page 13, engine language
(23) line 15	nɬeʔkepmxcín	segmentation	e=s-qʷǝ́m	page 13, engine language
(23) line 16	nɬeʔkepmxcín	gloss	DET=NMLZ-mountain	page 13, engine english
(23) line 17	nɬeʔkepmxcín	transcription	ne tékm	page 13, engine language
(23) line 18	nɬeʔkepmxcín	segmentation	n=e=tékm	page 13, engine language
(23) line 19	nɬeʔkepmxcín	gloss	at=DET=all	page 13, engine english
(23) line 20	nɬeʔkepmxcín	transcription	[nʔé	page 13, engine language
(23) line 21	nɬeʔkepmxcín	segmentation	nʔé	page 13, engine language
(23) line 22	nɬeʔkepmxcín	gloss	LOC.DEM	page 13, engine english
(23) line 23	nɬeʔkepmxcín	transcription	tk tmíxʷ]	page 13, engine language
(23) line 24	nɬeʔkepmxcín	segmentation	t=k=tmíxʷ	page 13, engine language
(23) line 25	nɬeʔkepmxcín	gloss	OBL=DET=land	page 13, engine english
(23) line 26	Reed Steiner	translation	‘This mountain is bigger than all the mountains in all this land.’	page 13, engine english, cited SF | BP 11 Dec 2025, the author's translation of the speaker's sentence
(23) line 26	Reed Steiner	citation	(SF | BP 11 Dec 2025)	the tag or source at the right of the translation
§3.2.1	Reed Steiner	note	Although a LocDem and its associated PP or oblique pass the same constituency tests as a DemPN and its restriction, the distribution of LocDems is more similar to that of PPs than it is to DPs. Generally, if a LocDem is acceptable in a given position, it can be substituted for a PP. This will be discussed in greater detail in Section 4.2.	page 13
(24) line 1	Reed Steiner	note	Context: You show someone which chair to sit in.	page 14, engine english
(24a) line 1	nɬeʔkepmxcín	transcription	xʷúy̓kʷ	page 14, engine language
(24a) line 2	nɬeʔkepmxcín	segmentation	xʷúy̓=kʷ	page 14, engine language
(24a) line 3	nɬeʔkepmxcín	gloss	PROSP=2SG.SBJ	page 14, engine english
(24a) line 4	nɬeʔkepmxcín	transcription	míceʔq	page 14, engine language
(24a) line 5	nɬeʔkepmxcín	segmentation	míceʔq	page 14, engine language
(24a) line 6	nɬeʔkepmxcín	gloss	sit	page 14, engine english
(24a) line 7	nɬeʔkepmxcín	transcription	nʔé	page 14, engine language
(24a) line 8	nɬeʔkepmxcín	segmentation	nʔé	page 14, engine language
(24a) line 9	nɬeʔkepmxcín	gloss	LOC.DEM	page 14, engine english
(24a) line 10	nɬeʔkepmxcín	transcription	ne nɬqʷáptn	page 14, engine language
(24a) line 11	nɬeʔkepmxcín	segmentation	n=e=n-ɬqʷ-ap-tn	page 14, engine language
(24a) line 12	nɬeʔkepmxcín	gloss	at=DET=LOC-put-bottom-INS	page 14, engine english
(24a) line 13	Reed Steiner	translation	‘You will sit in this chair.’	page 14, engine english, cited SF | BP 30 Oct 2025, the author's translation of the speaker's sentence
(24a) line 13	Reed Steiner	citation	(SF | BP 30 Oct 2025)	the tag or source at the right of the translation
(24b) line 1	nɬeʔkepmxcín	transcription	xʷúy̓kʷ	page 14, engine language
(24b) line 2	nɬeʔkepmxcín	segmentation	xʷúy̓=kʷ	page 14, engine language
(24b) line 3	nɬeʔkepmxcín	gloss	PROSP=2SG.SBJ	page 14, engine english
(24b) line 4	nɬeʔkepmxcín	transcription	míceʔq	page 14, engine language
(24b) line 5	nɬeʔkepmxcín	segmentation	míceʔq	page 14, engine language
(24b) line 6	nɬeʔkepmxcín	gloss	sit	page 14, engine english
(24b) line 7	nɬeʔkepmxcín	transcription	nʔé	page 14, engine language
(24b) line 8	nɬeʔkepmxcín	segmentation	nʔé	page 14, engine language
(24b) line 9	nɬeʔkepmxcín	gloss	LOC.DEM	page 14, engine english
(24b) line 10	Reed Steiner	translation	‘You will sit right here.’	page 14, engine english, cited SF | BP 30 Oct 2025, the author's translation of the speaker's sentence
(24b) line 10	Reed Steiner	citation	(SF | BP 30 Oct 2025)	the tag or source at the right of the translation
(24c) line 1	nɬeʔkepmxcín	transcription	xʷúy̓kʷ	page 14, engine language
(24c) line 2	nɬeʔkepmxcín	segmentation	xʷúy̓=kʷ	page 14, engine language
(24c) line 3	nɬeʔkepmxcín	gloss	PROSP=2SG.SBJ	page 14, engine english
(24c) line 4	nɬeʔkepmxcín	transcription	míceʔq	page 14, engine language
(24c) line 5	nɬeʔkepmxcín	segmentation	míceʔq	page 14, engine language
(24c) line 6	nɬeʔkepmxcín	gloss	sit	page 14, engine english
(24c) line 7	nɬeʔkepmxcín	transcription	n ʔéye	page 14, engine language
(24c) line 8	nɬeʔkepmxcín	segmentation	n=ʔéye	page 14, engine language
(24c) line 9	nɬeʔkepmxcín	gloss	at=here	page 14, engine english
(24c) line 10	Reed Steiner	translation	‘You will sit here.’	page 14, engine english, cited SF | BP 30 Oct 2025, the author's translation of the speaker's sentence
(24c) line 10	Reed Steiner	citation	(SF | BP 30 Oct 2025)	the tag or source at the right of the translation
§3.2.1	Reed Steiner	note	The generalization, then, is that LocDems have the same basic distribution as other locative adjuncts. Recall that DemPNs are not interpretable as locative adjuncts in-situ; this difference predicts a range of other syntactic differences, which distinguish the two categories.	page 14
§3.2.2	Reed Steiner	heading	3.2.2 LocDems and predication	page 14
§3.2.2	Reed Steiner	note	Unlike with DemPNs, some speakers accept LocDems as predicates. In (25)–(28), the LocDem is in the sentence-initial position and attracts second-position clitics, consistent with a predicate. In (26)–(28), the LocDem and its clitics are followed by a DP, which is the subject of the sentence.	page 14
(25) line 1	Reed Steiner	note	Context: A sign with a map of the building indicates where you are currently standing.	page 14, engine english
(25) line 2	nɬeʔkepmxcín	transcription	nʔé kʷ	page 14, engine language
(25) line 3	nɬeʔkepmxcín	segmentation	nʔé=kʷ	page 14, engine language
(25) line 4	nɬeʔkepmxcín	gloss	LOC.DEM=1SG.SBJ	page 14, engine english
(25) line 5	Reed Steiner	translation	‘You are here.’	page 14, engine english, cited SF | KBG 12 Nov 2025, the author's translation of the speaker's sentence
(25) line 6	kʷaɬtèzetkʷuʔ (Bernice Garcia)	speaker comment	KBG: “Yeah you could use that too; I prefer n=ʔéye=kʷ (at=here=2SG.SBJ).”	page 14, engine english
(25)	nɬeʔkepmxcín	cited form	n=ʔéye=kʷ	in the speaker comment, page 14
(25) line 7	Reed Steiner	citation	(SF | KBG 12 Nov 2025)	page 14, engine residue
(26) line 1	Reed Steiner	note	Context: We’re walking toward the sound of a frog croaking.	page 14, engine english
(26) line 2	nɬeʔkepmxcín	transcription	wéʔe nukʷ	page 14, engine language
(26) line 3	nɬeʔkepmxcín	segmentation	wéʔe=∅=nukʷ	page 14, engine language
(26) line 4	nɬeʔkepmxcín	gloss	LOC.DEM=3SBJ=SENSE	page 14, engine english
(26) line 5	nɬeʔkepmxcín	transcription	e p̓əp̓ey̓ɬe	page 14, engine language
(26) line 6	nɬeʔkepmxcín	segmentation	e=p̓əp̓ey̓ɬe	page 14, engine language
(26) line 7	nɬeʔkepmxcín	gloss	DET=frog	page 14, engine english
(26) line 8	nɬeʔkepmxcín	transcription	nɬe pépɬuskʷu	page 14, engine language
(26) line 9	nɬeʔkepmxcín	segmentation	n=ɬ=pé<p>ɬuskʷu	page 14, engine language
(26) line 10	nɬeʔkepmxcín	gloss	at=DET.REM=lake<DIM>	page 14, engine english
(26) line 11	Reed Steiner	translation	‘The frog is that way in the pond.’	page 14, engine english, cited SF | BP 12 Jun 2025, the author's translation of the speaker's sentence
(26) line 11	Reed Steiner	citation	(SF | BP 12 Jun 2025)	the tag or source at the right of the translation
(27) line 1	Reed Steiner	note	Context: We’re walking toward the sound of a frog croaking.	page 14, engine english
(27) line 2	nɬeʔkepmxcín	transcription	néʔe nukʷ	page 14, engine language
(27) line 3	nɬeʔkepmxcín	segmentation	néʔe=∅=nukʷ	page 14, engine language
(27) line 4	nɬeʔkepmxcín	gloss	LOC.DEM=3SBJ=SENSE	page 14, engine english
(27) line 5	nɬeʔkepmxcín	transcription	e p̓əp̓ey̓ɬe	page 14, engine language
(27) line 6	nɬeʔkepmxcín	segmentation	e=p̓əp̓ey̓ɬe	page 14, engine language
(27) line 7	nɬeʔkepmxcín	gloss	DET=frog	page 14, engine english
(27) line 8	Reed Steiner	translation	‘The frog is right there.’	page 14, engine english, cited SF | BP 12 Jun 2025, the author's translation of the speaker's sentence
(27) line 8	Reed Steiner	citation	(SF | BP 12 Jun 2025)	the tag or source at the right of the translation
(28) line 1	nɬeʔkepmxcín	transcription	néʔe	page 15, engine language
(28) line 2	nɬeʔkepmxcín	segmentation	néʔe=∅	page 15, engine language
(28) line 3	nɬeʔkepmxcín	gloss	LOC.DEM=3SBJ	page 15, engine english
(28) line 4	nɬeʔkepmxcín	transcription	ne nc̕əɬétkʷu	page 15, engine language
(28) line 5	nɬeʔkepmxcín	segmentation	n=e=n-c̕əɬetkʷu	page 15, engine language
(28) line 6	nɬeʔkepmxcín	gloss	at=DET=LOC-Coldwater	page 15, engine english
(28) line 7	nɬeʔkepmxcín	transcription	e ncítxʷ	page 15, engine language
(28) line 8	nɬeʔkepmxcín	segmentation	e=n-cítxʷ	page 15, engine language
(28) line 9	nɬeʔkepmxcín	gloss	DET=1SG.POSS-house	page 15, engine english
(28) line 10	Reed Steiner	translation	‘My house is there in Coldwater.’	page 15, engine english, cited VF | KBG 26 Nov 2025, the author's translation of the speaker's sentence
(28) line 10	Reed Steiner	citation	(VF | KBG 26 Nov 2025)	the tag or source at the right of the translation
§3.2.2	Reed Steiner	name	kʷałtèzetkʷ	Bernice Garcia's traditional name, KBG in the tags, short and written with ł
§3.2.2	Reed Steiner	name	c̕úʔsinek’s	Marty Aspinall's name, CMA in the tags, in the possessive
§3.2.2	Reed Steiner	note	Among my consultants, kʷałtèzetkʷ and Phillips consistently accept PPs and LocDems as predicates. c̕úʔsinek’s judgements vary between sessions: a LocDem predicate will be rejected in one session (29), then accepted in the same context during a different session (51). The reason for this variation is unknown; it could be that PP predicates are marginal, or it could be variation in my elicitation contexts that changes whether a LocDem is pragmatically acceptable.	page 15
(29) line 1	Reed Steiner	note	Context: A hiking trail has a sign that shows you where you’re located. You gesture to the sign.	page 15, engine english
(29a) line 1	nɬeʔkepmxcín	transcription	* nʔé kt	page 15, engine language
(29a) line 2	nɬeʔkepmxcín	segmentation	nʔé=kt	page 15, engine language
(29a) line 3	nɬeʔkepmxcín	gloss	LOC.DEM=1PL.SBJ	page 15, engine english
(29a) line 4	Reed Steiner	translation	Intended: ‘We are here.’	page 15, engine english, cited SF | CMA 26 Nov 2025, the author's translation of the speaker's sentence
(29a) line 4	Reed Steiner	citation	(SF | CMA 26 Nov 2025)	the tag or source at the right of the translation
(29b) line 1	nɬeʔkepmxcín	transcription	ʔéx kt	page 15, engine language
(29b) line 2	nɬeʔkepmxcín	segmentation	ʔéx=kt	page 15, engine language
(29b) line 3	nɬeʔkepmxcín	gloss	be=1PL.SBJ	page 15, engine english
(29b) line 4	nɬeʔkepmxcín	transcription	nʔé	page 15, engine language
(29b) line 5	nɬeʔkepmxcín	segmentation	nʔé	page 15, engine language
(29b) line 6	nɬeʔkepmxcín	gloss	LOC.DEM	page 15, engine english
(29b) line 7	nɬeʔkepmxcín	transcription	tk tmíxʷ	page 15, engine language
(29b) line 8	nɬeʔkepmxcín	segmentation	t=k=tmíxʷ	page 15, engine language
(29b) line 9	nɬeʔkepmxcín	gloss	OBL=DET=land	page 15, engine english
(29b) line 10	Reed Steiner	translation	‘We are here on the land.’	page 15, engine english, cited SF | CMA 26 Nov 2025, the author's translation of the speaker's sentence
(29b) line 10	Reed Steiner	citation	(SF | CMA 26 Nov 2025)	the tag or source at the right of the translation
(30) line 1	Reed Steiner	note	Context: A hiking trail has a sign that shows you where you’re located. You gesture to the sign.	page 15, engine english
(30) line 2	nɬeʔkepmxcín	transcription	nʔé kt	page 15, engine language
(30) line 3	nɬeʔkepmxcín	segmentation	nʔé=kt	page 15, engine language
(30) line 4	nɬeʔkepmxcín	gloss	LOC.DEM=1PL.SBJ	page 15, engine english
(30) line 5	c̓úʔsinek (Marty Aspinall)	speaker comment	CMA: “If you’re pointing to the board, heʔéy (yes). [Repeats sentence back.]”	page 15, engine english
(30)	nɬeʔkepmxcín	cited form	heʔéy	in the speaker comment, page 15
(30) line 6	Reed Steiner	citation	(SF | CMA 29 Jan 2026)	page 15, engine residue
§3.2.2	Reed Steiner	note	Recall that judgements on DemPNs do not vary in this manner; DemPNs are uniformly re- jected as predicates (cf. (??) and (14)). If LocDems and DemPNs were the same category, they would be expected to have the same distribution with respect to predication. This is evidence that DemPNs and LocDems have different syntactic categories.	page 15
§3.2.3	Reed Steiner	heading	3.2.3 LocDems and copulas	page 15
§3.2.3	nɬeʔkepmxcín	cited form	ʔé	page 15
§3.2.3	nɬeʔkepmxcín	cited form	c̕é	page 15
§3.2.3	nɬeʔkepmxcín	cited form	(u)ʔéx	page 15, ‘be, reside’
§3.2.3	Reed Steiner	note	Further evidence that LocDems are distinct from DemPNs is that they occur with a different copula. Recall that focused DPs, including DemPNs, require a clefting copula ʔé or c̕é. But LocDems are associated with a different copula (u)ʔéx ‘be, reside’. For speakers who reject LocDem predicates, (u)ʔéx can be inserted as a repair strategy. For speakers who accept LocDem predicates, the copula construction is less marked than the predicative one.	page 15
(31) line 1	Reed Steiner	note	Context: You think you see a bird.	page 16, engine english
(31) line 2	nɬeʔkepmxcín	transcription	ʔéx nukʷ	page 16, engine language
(31) line 3	nɬeʔkepmxcín	segmentation	ʔéx=∅=nukʷ	page 16, engine language
(31) line 4	nɬeʔkepmxcín	gloss	be=3SBJ=SENSE	page 16, engine english
(31) line 5	nɬeʔkepmxcín	transcription	néʔe	page 16, engine language
(31) line 6	nɬeʔkepmxcín	segmentation	néʔe	page 16, engine language
(31) line 7	nɬeʔkepmxcín	gloss	LOC.DEM	page 16, engine english
(31) line 8	nɬeʔkepmxcín	transcription	he spzúz̕uʔ	page 16, engine language
(31) line 9	nɬeʔkepmxcín	segmentation	he=spzú<z̕u>ʔ	page 16, engine language
(31) line 10	nɬeʔkepmxcín	gloss	DET=bird<DIM>	page 16, engine english
(31) line 11	Reed Steiner	translation	‘It seems a bird is there.’	page 16, engine english, cited VF | CMA 26 Nov 2025, the author's translation of the speaker's sentence
(31) line 11	Reed Steiner	citation	(VF | CMA 26 Nov 2025)	the tag or source at the right of the translation
(32) line 1	Reed Steiner	note	Context: A map has a marker that indicates where you are located.	page 16, engine english
(32) line 2	nɬeʔkepmxcín	transcription	ʔéx kʷ	page 16, engine language
(32) line 3	nɬeʔkepmxcín	segmentation	ʔéx=kʷ	page 16, engine language
(32) line 4	nɬeʔkepmxcín	gloss	be=2SG.SBJ	page 16, engine english
(32) line 5	nɬeʔkepmxcín	transcription	nʔé	page 16, engine language
(32) line 6	nɬeʔkepmxcín	segmentation	nʔé	page 16, engine language
(32) line 7	nɬeʔkepmxcín	gloss	LOC.DEM	page 16, engine english
(32) line 8	nɬeʔkepmxcín	transcription	ne ƛ̓q̓əmcín	page 16, engine language
(32) line 9	nɬeʔkepmxcín	segmentation	n=e=ƛ̓q̓əmcín	page 16, engine language
(32) line 10	nɬeʔkepmxcín	gloss	at=DET=LOC-Lytton	page 16, engine english
(32) line 11	Reed Steiner	translation	‘You are here in Lytton.’	page 16, engine english, cited SF | BP 6 Nov 2025, the author's translation of the speaker's sentence
(32) line 11	Reed Steiner	citation	(SF | BP 6 Nov 2025)	the tag or source at the right of the translation
(32) line 12	Bev Phillips	speaker comment	BP: “You’re telling someone this is where they’re at, maybe they don’t know that.”	page 16, engine english
(33) line 1	Reed Steiner	note	Context: Consultant is being shown a picture and asked to discuss what is going on.	page 16, engine english
(33) line 2	nɬeʔkepmxcín	transcription	ʔéx ƛ̓əp	page 16, engine language
(33) line 3	nɬeʔkepmxcín	segmentation	ʔéx=∅=ƛ̓əp	page 16, engine language
(33) line 4	nɬeʔkepmxcín	gloss	be=3SBJ=2CL	page 16, engine english
(33) line 5	nɬeʔkepmxcín	transcription	néʔe	page 16, engine language
(33) line 6	nɬeʔkepmxcín	segmentation	néʔe	page 16, engine language
(33) line 7	nɬeʔkepmxcín	gloss	LOC.DEM	page 16, engine english
(33) line 8	nɬeʔkepmxcín	transcription	e tuʔúʔt	page 16, engine language
(33) line 9	nɬeʔkepmxcín	segmentation	e=tuʔúʔt	page 16, engine language
(33) line 10	nɬeʔkepmxcín	gloss	DET=boy	page 16, engine english
(33) line 11	Reed Steiner	translation	‘There is a little boy.’ (kʷałtèzetkʷ, Hannon, and Stacey 2024:81)	page 16, engine english
§3.2.3	Reed Steiner	note	The clefting copula ʔé or c̕é is not incompatible with LocDems (see e.g. 21), but such forms are scarcely volunteered. That DemPNs and LocDems are generally associated with different copulas supports that they are of different syntactic categories.	page 16
§3.2.4	Reed Steiner	heading	3.2.4 Focused LocDems	page 16
§3.2.4	Reed Steiner	note	Focus fronting provides further evidence that LocDems are locative adjuncts. When a LocDem is focused from within a clause, it undergoes movement to the left edge. The remnant clause from which it moved takes subjunctive marking, which is consistent with a locative adjunct (Kroeber 1997, 1999).13	page 16
(34) line 1	Reed Steiner	note	Context: We hear a frog croaking somewhere nearby, and are trying to find it.	page 16, engine english
(34) line 2	nɬeʔkepmxcín	transcription	néʔe	page 16, engine language
(34) line 3	nɬeʔkepmxcín	segmentation	néʔe	page 16, engine language
(34) line 4	nɬeʔkepmxcín	gloss	LOC.DEM	page 16, engine english
(34) line 5	nɬeʔkepmxcín	transcription	ne ʔsq̓ʷút	page 16, engine language
(34) line 6	nɬeʔkepmxcín	segmentation	n=e=[e]ʔ-s-q̓ʷút	page 16, engine language
(34) line 7	nɬeʔkepmxcín	gloss	at=DET=2SG.POSS-NMLZ-side	page 16, engine english
(34) line 8	nɬeʔkepmxcín	transcription	[e ʔím̓n̕m̓us	page 16, engine language
(34) line 9	nɬeʔkepmxcín	segmentation	e=ʔím̓n̕-m̓=us	page 16, engine language
(34) line 10	nɬeʔkepmxcín	gloss	D/C=make.noise-CTR.MID=3SBJV	page 16, engine english
(34) line 11	nɬeʔkepmxcín	transcription	e p̓əp̓éy̓ɬe]	page 16, engine language
(34) line 12	nɬeʔkepmxcín	segmentation	e=p̓əp̓éy̓ɬe	page 16, engine language
(34) line 13	nɬeʔkepmxcín	gloss	DET=frog	page 16, engine english
(34) line 14	Reed Steiner	translation	‘Where the frogs made noise is there by your side.’	page 16, engine english, cited VF | BP 12 Jun 2025, the author's translation of the speaker's sentence
(34) line 14	Reed Steiner	citation	(VF | BP 12 Jun 2025)	the tag or source at the right of the translation
(35) line 1	Reed Steiner	note	Context: We’re deciding where to set up for a party. I gesture to a general area.	page 16, engine english
(35) line 2	nɬeʔkepmxcín	transcription	téʔe	page 16, engine language
(35) line 3	nɬeʔkepmxcín	segmentation	téʔe	page 16, engine language
(35) line 4	nɬeʔkepmxcín	gloss	LOC.DEM	page 16, engine english
(35) line 5	nɬeʔkepmxcín	transcription	[xʷúy̓wt	page 16, engine language
(35) line 6	nɬeʔkepmxcín	segmentation	[e]=xʷúy̓=wt	page 16, engine language
(35) line 7	nɬeʔkepmxcín	gloss	D/C=PROSP=1PL.SBJV	page 16, engine english
(35) line 8	nɬeʔkepmxcín	transcription	móqʷix]	page 16, engine language
(35) line 9	nɬeʔkepmxcín	segmentation	móqʷ-ix	page 16, engine language
(35) line 10	nɬeʔkepmxcín	gloss	gather-AUT	page 16, engine english
(35) line 11	Reed Steiner	translation	‘Where we’ll gather is that area.’	page 16, engine english, cited VF | BP 17 Jul 2025, the author's translation of the speaker's sentence
(35) line 11	Reed Steiner	citation	(VF | BP 17 Jul 2025)	the tag or source at the right of the translation
footnote 13	Reed Steiner	note	13 It is also marginally acceptable for the remnant to take nominalization and possessive morphology (Koch 2008a:104 n.6).	page 16, footnote
(36) line 1	Reed Steiner	note	Context: Sander finds a big wasp nest in the ground. He fetches his neighbor and points to the nest as they’re walking over.	page 17, engine english
(36) line 2	nɬeʔkepmxcín	transcription	?wéʔe	page 17, engine language
(36) line 3	nɬeʔkepmxcín	segmentation	wéʔe	page 17, engine language
(36) line 4	nɬeʔkepmxcín	gloss	LOC.DEM	page 17, engine english
(36) line 5	nɬeʔkepmxcín	transcription	[spúnmne	page 17, engine language
(36) line 6	nɬeʔkepmxcín	segmentation	e=s=pún-m[i]n-[t]-∅-ne=∅	page 17, engine residue
(36) line 7	nɬeʔkepmxcín	gloss	D/C=NMLZ=find-RLT-TR-3OBJ-1SGERG=3SBJ	page 17, engine english
(36) line 8	nɬeʔkepmxcín	transcription	e məc̕ehéɬxʷ]	page 17, engine language
(36) line 9	nɬeʔkepmxcín	segmentation	e=məc̕eh-éɬxʷ	page 17, engine language
(36) line 10	nɬeʔkepmxcín	gloss	DET=bee-house	page 17, engine english
(36) line 11	Reed Steiner	translation	‘Where I found the wasp nest is that way.’	page 17, engine english
(36) line 12	Bev Phillips	speaker comment	BP: “I don’t know. I have heard a lot of people say that, but I don’t know. I don’t know about that, but that is common. I have heard it.” (SF | BP 17 Jul 2025)	page 17, engine english
§3.2.4	Reed Steiner	note	The subjunctive marking on the remnant is strong evidence that the LocDem was focused from a locative adjunct position. If the LocDem were a core argument or a non-locative oblique, the clause-typing morphology on the remnant would differ (Kroeber 1997).	page 17
§3.2.4	Reed Steiner	note	Note also that LocDems can be focused without a copula. Recall that focused DemPNs require a copula; while LocDems are compatible with copulas, one is not strictly required in these cases. This is further evidence that LocDems are of a distinct syntactic category.	page 17
§3.2.4	Reed Steiner	note	The distinction between nominal demonstratives (DemPNs) and adverbial demonstratives (LocDems) is not cross-linguistically surprising, but it does differ from existing literature on the language. Recall that Thompson and Thompson (1992) treat all demonstratives as a single ho- mogenous category. Such a paradigm is not descriptively adequate; it is syntactically necessary to subdivide the paradigm into DemPNs and LocDems.	page 17
§4	Reed Steiner	heading	4 LocDems as PPs	page 17
§4	Reed Steiner	note	So far, this paper has shown that LocDems are locative adjuncts, but it has not yet shown that LocDems are PPs. The purpose of this section is to show that LocDems systematically pattern like corresponding PPs.	page 17
§4	Reed Steiner	language	nɬeʔkepmxcín	the language of this paper, a.k.a. Nlaka’pamux or Thompson River Salish, Northern Interior Salish, ISO 639-3 thp
footnote 14	Reed Steiner	note	14 Thompson and Thompson (1992:137) suggest locative deictics are marginally acceptable as standalone predicates, but provide no examples, and I have been unable to elicit them in this position. ɬúʔe ‘over there, yonder’ does appear in modifier positions without an overt preposition (Thompson and Thompson 1996:160), but this is unsurprising: recall that the preposition t= ‘by, about’ and the homophonous oblique marker t= are both predictably deleted before /ɬ/.	page 17, footnote
§4	nɬeʔkepmxcín	cited form	ɬúʔe	page 17
§4	nɬeʔkepmxcín	cited form	/ɬ/	page 17
footnote 15	Reed Steiner	note	15 To be clear, what is standard is not necessarily what is correct. There is a case to be made that PPs with locative deictic complements have slightly different distributional properties than PPs with DP comple- ments. The differences between these two kinds of PPs are subtle, and they are explicitly flagged in the body of this paper as they appear. For the sake of this paper, PPs with locative deictic complements are analyzed as as synchronic PPs, but further research is needed to determine where and how they deviate from other PPs.	page 17, footnote
§4	Reed Steiner	note	In most of the examples discussed in this section, LocDems are compared against PPs whose complement is a locative deictic. In the existing literature on nɬeʔkepmxcín, ‘locative deictics’ are treated as part of a separate paradigm from demonstratives (see Thompson and Thompson 1992:137). They distinguish additional levels of deictic distance and always surface as the com- plement of a preposition.14 While it is not unreasonable to analyze locative deictics as some kind of demonstrative, this paper treats them as a separate class of morphemes for simplicity. What this section shows is that LocDems have the same syntactic and semantic properties as corresponding PPs with deictic complements. If PPs with deictic complements are analyzed as PPs, as is standard in the existing literature on nɬeʔkepmxcín, so too must be LocDems.15	page 17
§4.1	Reed Steiner	heading	4.1 Basic resemblances between LocDems and PPs	page 18
§4.1	Reed Steiner	note	LocDems closely resemble PPs with corresponding meanings. This was first noted in the litera- ture by Thompson and Thompson (1992), who noticed that the first consonant of each demonstra- tive closely resembles some other morpheme in the language. Because Thompson and Thompson do not distinguish DemPNs from LocDems, they are unable to make any generalizations, and they admit that “semantic relationships seem tenuous and unsystematic” (Thompson and Thompson 1992:135). However, once LocDems are distinguished from DemPNs, a systematic pattern does emerge: the initial consonant of each LocDem matches an existing preposition in the language, in both form and function.	page 18
§4.1	Reed Steiner	note	To illustrate, Table 5 presents each LocDem with its corresponding preposition. In each case, LocDems denote the same kinds of locations as PPs headed by their corresponding preposition, i.e. n-initial LocDems relate to fairly precise locations and points of contact, t-initial LocDems relate to general areas and regions, and w-intial LocDems relate to the goal of a direction or path.	page 18
Table 3 line 1	Reed Steiner	note	Locative Demonstratives in nɬeʔkepmxcín and Corresponding Prepositions	page 18, the caption
Table 3 heads	Reed Steiner	note	Point n-initial | Area t-initial | Goal w-initial	page 18, the column heads. The rows are Preposition, Proximal and Distal
Table 3 Preposition, Point	nɬeʔkepmxcín	cited affix	n=	page 18, the cell of Preposition, Point
Table 3 Preposition, Point	Reed Steiner	translation	‘at, on, in’	page 18
Table 3 Preposition, Area	nɬeʔkepmxcín	cited affix	t=	page 18, the cell of Preposition, Area
Table 3 Preposition, Area	Reed Steiner	translation	‘by, about’	page 18
Table 3 Preposition, Goal	nɬeʔkepmxcín	cited affix	w=	page 18, the cell of Preposition, Goal
Table 3 Preposition, Goal	Reed Steiner	translation	‘to, toward’	page 18
Table 3 Proximal, Point	nɬeʔkepmxcín	transcription	nʔé	page 18, the cell of Proximal, Point
Table 3 Proximal, Point	Reed Steiner	translation	‘(right) here’	page 18
Table 3 Proximal, Area	nɬeʔkepmxcín	transcription	tʔé	page 18, the cell of Proximal, Area
Table 3 Proximal, Area	Reed Steiner	translation	‘about here’	page 18
Table 3 Proximal, Goal	nɬeʔkepmxcín	transcription	wʔé	page 18, the cell of Proximal, Goal
Table 3 Proximal, Goal	Reed Steiner	translation	‘this way’	page 18
Table 3 Distal, Point	nɬeʔkepmxcín	transcription	néʔe	page 18, the cell of Distal, Point
Table 3 Distal, Point	Reed Steiner	translation	‘(right) there’	page 18
Table 3 Distal, Area	nɬeʔkepmxcín	transcription	téʔe	page 18, the cell of Distal, Area
Table 3 Distal, Area	Reed Steiner	translation	‘about there’	page 18
Table 3 Distal, Goal	nɬeʔkepmxcín	transcription	wéʔe	page 18, the cell of Distal, Goal
Table 3 Distal, Goal	Reed Steiner	translation	‘that way’	page 18
§4.1	nɬeʔkepmxcín	cited form	nʔé	page 18, ‘right here’
§4.1	nɬeʔkepmxcín	cited form	n=ʔéye	page 18, ‘at=here’
§4.1	Reed Steiner	note	LocDems and PPs headed by corresponding prepositions are very often interchangeable, so long as the referent is clear enough that the LocDem is not ambiguous. If a LocDem is accepted in a given context, so too is a corresponding PP. The point deictic properties will vary, but the LocDem and PP will denote the same sort of location. In fact, in many cases, LocDems are near- synonymous with PPs that take some other locative deictic as a complement, e.g. Thompson and Thompson (1996:2) describe nʔé ‘right here’ as synonymous with n=ʔéye ‘at=here’ . For instance, in a context where an n-intial LocDem is acceptable, it can be swapped for a PP headed by n= ‘at, on, in’. In both cases, the locative element refers to a fairly precise location or point of contact. When the complement of the preposition is a deictic, the meaning differs primarily in terms of distance and precision. The type of location does not change. In (37a), the LocDem relates to a point. In (37b), the PP relates to a point further away from the speaker, but a point nonetheless. Similarly, in (38a), the LocDem relates to a proximal point. In (38b), the PP relates to a different point, but a point nonetheless. What differs between the LocDem and the PP is not the kind of location, but its reference.	page 18
(37) line 1	Reed Steiner	note	Context: I’m helping Lisa move furniture, and I’ve got a chair. She gestures to a specific spot and tells me to put the chair there.	page 19, engine english
(37a) line 1	nɬeʔkepmxcín	transcription	cətéte	page 19, engine language
(37a) line 2	nɬeʔkepmxcín	segmentation	c-t-∅-éte	page 19, engine language
(37a) line 3	nɬeʔkepmxcín	gloss	set-TR-3OBJ-IMP	page 19, engine english
(37a) line 4	nɬeʔkepmxcín	transcription	néʔe	page 19, engine language
(37a) line 5	nɬeʔkepmxcín	segmentation	néʔe	page 19, engine language
(37a) line 6	nɬeʔkepmxcín	gloss	LOC.DEM	page 19, engine english
(37a) line 7	nɬeʔkepmxcín	transcription	e nɬqʷáptn	page 19, engine language
(37a) line 8	nɬeʔkepmxcín	segmentation	e=n-ɬqʷ-ap-tn	page 19, engine language
(37a) line 9	nɬeʔkepmxcín	gloss	DET=LOC-put-bottom-INS	page 19, engine english
(37a) line 10	Reed Steiner	translation	‘Set the chair right there.’	page 19, engine english, cited VF | BP 6 Nov 2025, the author's translation of the speaker's sentence
(37a) line 10	Reed Steiner	citation	(VF | BP 6 Nov 2025)	the tag or source at the right of the translation
(37b) line 1	nɬeʔkepmxcín	transcription	cətéte	page 19, engine language
(37b) line 2	nɬeʔkepmxcín	segmentation	c-t-∅-éte	page 19, engine language
(37b) line 3	nɬeʔkepmxcín	gloss	set-TR-3OBJ-IMP	page 19, engine english
(37b) line 4	nɬeʔkepmxcín	transcription	n cíʔe	page 19, engine language
(37b) line 5	nɬeʔkepmxcín	segmentation	n=cíʔe	page 19, engine language
(37b) line 6	nɬeʔkepmxcín	gloss	at=there	page 19, engine english
(37b) line 7	nɬeʔkepmxcín	transcription	e nɬqʷáptn	page 19, engine language
(37b) line 8	nɬeʔkepmxcín	segmentation	e=n-ɬqʷ-ap-tn	page 19, engine language
(37b) line 9	nɬeʔkepmxcín	gloss	DET=LOC-put-bottom-INS	page 19, engine english
(37b) line 10	Reed Steiner	translation	‘Set the chair right there.’	page 19, engine english, cited SF | BP 6 Nov 2025, the author's translation of the speaker's sentence
(37b) line 10	Reed Steiner	citation	(SF | BP 6 Nov 2025)	the tag or source at the right of the translation
(37b) line 11	Bev Phillips	speaker comment	BP: “It’s further away. You’re not at that spot. It could be farther away [than néʔe] but it’s not being specific because you don’t know what it is. It’s over there, so I guess it is farther away than néʔe.”	page 19, engine english
(37b)	nɬeʔkepmxcín	cited form	néʔe	in the speaker comment, page 19
(38a) line 1	nɬeʔkepmxcín	transcription	cətéte	page 19, engine language
(38a) line 2	nɬeʔkepmxcín	segmentation	c-t-∅-éte	page 19, engine language
(38a) line 3	nɬeʔkepmxcín	gloss	set-TR-3OBJ-IMP	page 19, engine english
(38a) line 4	nɬeʔkepmxcín	transcription	nʔé	page 19, engine language
(38a) line 5	nɬeʔkepmxcín	segmentation	nʔé	page 19, engine language
(38a) line 6	nɬeʔkepmxcín	gloss	LOC.DEM	page 19, engine english
(38a) line 7	nɬeʔkepmxcín	transcription	e nɬqʷáptn	page 19, engine language
(38a) line 8	nɬeʔkepmxcín	segmentation	e=n-ɬqʷ-ap-tn	page 19, engine language
(38a) line 9	nɬeʔkepmxcín	gloss	DET=LOC-put-bottom-INS	page 19, engine english
(38a) line 10	Reed Steiner	translation	‘Set the chair right here.’	page 19, engine english, cited SF | BP 6 Nov 2025, the author's translation of the speaker's sentence
(38a) line 10	Reed Steiner	citation	(SF | BP 6 Nov 2025)	the tag or source at the right of the translation
(38a) line 11	Bev Phillips	speaker comment	BP: “It’s very specific. She’s either pointing to it or something. If it’s nʔé it’s very close.”	page 19, engine english
(38a)	nɬeʔkepmxcín	cited form	nʔé	in the speaker comment, page 19
(38b) line 1	nɬeʔkepmxcín	transcription	cətéte	page 19, engine language
(38b) line 2	nɬeʔkepmxcín	segmentation	c-t-∅-éte	page 19, engine language
(38b) line 3	nɬeʔkepmxcín	gloss	set-TR-3OBJ-IMP	page 19, engine english
(38b) line 4	nɬeʔkepmxcín	transcription	n ʔéye	page 19, engine language
(38b) line 5	nɬeʔkepmxcín	segmentation	n=ʔéye	page 19, engine language
(38b) line 6	nɬeʔkepmxcín	gloss	at=here	page 19, engine english
(38b) line 7	nɬeʔkepmxcín	transcription	e nɬqʷáptn	page 19, engine language
(38b) line 8	nɬeʔkepmxcín	segmentation	e=n-ɬqʷ-ap-tn	page 19, engine language
(38b) line 9	nɬeʔkepmxcín	gloss	DET=LOC-put-bottom-INS	page 19, engine english
(38b) line 10	Reed Steiner	translation	‘Set the chair right here.’	page 19, engine english, cited SF | BP 6 Nov 2025, the author's translation of the speaker's sentence
(38b) line 10	Reed Steiner	citation	(SF | BP 6 Nov 2025)	the tag or source at the right of the translation
§4.1	Reed Steiner	note	Similarly, if a t-initial LocDem is acceptable, so too is a PP headed by t= ‘by, about’. Both the PP and the corresponding LocDem relate to a broad area. Note again that when the complement of the preposition is a deictic, the meaning differs primarily in terms of distance and precision, while the type of location denoted remains consistent. In (39a), the LocDem relates to a general area. In (39b), the PP also relates to a general area, albeit a broader one. The kind of location remains an area; only the reference changes.	page 19
(39) line 1	Reed Steiner	note	Context: You lost your phone in this general area by the door.	page 19, engine english
(39a) line 1	nɬeʔkepmxcín	transcription	piʔpsténe	page 19, engine language
(39a) line 2	nɬeʔkepmxcín	segmentation	piʔp-s-t-∅-ene	page 19, engine language
(39a) line 3	nɬeʔkepmxcín	gloss	lose-CAUS-TR-3OBJ-1SG.SBJ	page 19, engine english
(39a) line 4	nɬeʔkepmxcín	transcription	e nc̣ǝ̣nmín	page 19, engine language
(39a) line 5	nɬeʔkepmxcín	segmentation	e=n-c̣ǝ̣n-mín	page 19, engine language
(39a) line 6	nɬeʔkepmxcín	gloss	DET=LOC-ring-INS	page 19, engine english
(39a) line 7	nɬeʔkepmxcín	transcription	tʔé	page 19, engine language
(39a) line 8	nɬeʔkepmxcín	segmentation	tʔé	page 19, engine language
(39a) line 9	nɬeʔkepmxcín	gloss	LOC.DEM	page 19, engine english
(39a) line 10	nɬeʔkepmxcín	transcription	te ntəqcíntn	page 19, engine language
(39a) line 11	nɬeʔkepmxcín	segmentation	t=e=n-təq-cín-tn	page 19, engine language
(39a) line 12	nɬeʔkepmxcín	gloss	by=DET=touch-mouth-INS	page 19, engine english
(39a) line 13	Reed Steiner	translation	‘I lost my phone around here by the door.’	page 19, engine english, cited SF | BP 30 Oct 2025, the author's translation of the speaker's sentence
(39a) line 13	Reed Steiner	citation	(SF | BP 30 Oct 2025)	the tag or source at the right of the translation
(39b) line 1	nɬeʔkepmxcín	transcription	piʔpsténe	page 19, engine language
(39b) line 2	nɬeʔkepmxcín	segmentation	piʔp-s-t-∅-ene	page 19, engine language
(39b) line 3	nɬeʔkepmxcín	gloss	lose-CAUS-TR-3OBJ-1SG.SBJ	page 19, engine english
(39b) line 4	nɬeʔkepmxcín	transcription	e nc̣ǝ̣nmín	page 19, engine language
(39b) line 5	nɬeʔkepmxcín	segmentation	e=n-c̣ǝ̣n-mín	page 19, engine language
(39b) line 6	nɬeʔkepmxcín	gloss	DET=LOC-ring-INS	page 19, engine english
(39b) line 7	nɬeʔkepmxcín	transcription	t ʔéye	page 19, engine language
(39b) line 8	nɬeʔkepmxcín	segmentation	t=ʔéye	page 19, engine language
(39b) line 9	nɬeʔkepmxcín	gloss	by=here	page 19, engine english
(39b) line 10	nɬeʔkepmxcín	transcription	te ntəqcíntn	page 19, engine language
(39b) line 11	nɬeʔkepmxcín	segmentation	t=e=n-təq-cín-tn	page 19, engine language
(39b) line 12	nɬeʔkepmxcín	gloss	by=DET=touch-mouth-INS	page 19, engine english
(39b) line 13	Reed Steiner	translation	‘I lost my phone around here by the door.’	page 19, engine english
(39b) line 14	Bev Phillips	speaker comment	BP: “The area’s more broad: somewhere around here.” (SF | BP 30 Oct 2025)	page 19, engine english
§4.1	Reed Steiner	note	If a w-initial LocDem is acceptable, so too is a PP headed by w= ‘to, toward’. Both the PP and the corresponding LocDem relate to a direction and its endpoint. When the complement of the preposition is a deictic, the meaning is very similar. In (40a), the LocDem indicates a direction. In (40b), the corresponding PP also indicates a direction.	page 20
(40) line 1	Reed Steiner	note	Context: Someone asks for directions to the store. You’re going in the same direction, and show them the way.	page 20, engine english
(40a) line 1	nɬeʔkepmxcín	transcription	wʔé	page 20, engine language
(40a) line 2	nɬeʔkepmxcín	segmentation	wʔé	page 20, engine language
(40a) line 3	nɬeʔkepmxcín	gloss	LOC.DEM	page 20, engine english
(40a) line 4	nɬeʔkepmxcín	transcription	e xʷúy̓uxʷ	page 20, engine language
(40a) line 5	nɬeʔkepmxcín	segmentation	e=xʷúy̓=uxʷ	page 20, engine language
(40a) line 6	nɬeʔkepmxcín	gloss	D/C=PROSP=2SG.SBJV	page 20, engine english
(40a) line 7	nɬeʔkepmxcín	transcription	nés	page 20, engine language
(40a) line 8	nɬeʔkepmxcín	segmentation	nés	page 20, engine language
(40a) line 9	nɬeʔkepmxcín	gloss	go	page 20, engine residue
(40a) line 10	Reed Steiner	translation	‘You’ll go this way.’	page 20, engine english, cited SF | BP 6 Nov 2025, the author's translation of the speaker's sentence
(40a) line 10	Reed Steiner	citation	(SF | BP 6 Nov 2025)	the tag or source at the right of the translation
(40b) line 1	nɬeʔkepmxcín	transcription	w ʔéye	page 20, engine language
(40b) line 2	nɬeʔkepmxcín	segmentation	w=ʔéye	page 20, engine language
(40b) line 3	nɬeʔkepmxcín	gloss	to=here	page 20, engine english
(40b) line 4	nɬeʔkepmxcín	transcription	e xʷúy̓uxʷ	page 20, engine language
(40b) line 5	nɬeʔkepmxcín	segmentation	e=xʷúy̓=uxʷ	page 20, engine language
(40b) line 6	nɬeʔkepmxcín	gloss	D/C=PROSP=2SG.SBJV	page 20, engine english
(40b) line 7	nɬeʔkepmxcín	transcription	nés	page 20, engine language
(40b) line 8	nɬeʔkepmxcín	segmentation	nés	page 20, engine language
(40b) line 9	nɬeʔkepmxcín	gloss	go	page 20, engine residue
(40b) line 10	Reed Steiner	translation	‘You’ll go this way.’	page 20, engine english, cited SF | BP 6 Nov 2025, the author's translation of the speaker's sentence
(40b) line 10	Reed Steiner	citation	(SF | BP 6 Nov 2025)	the tag or source at the right of the translation
§4.1	Reed Steiner	note	In all cases, LocDems relate to the same kinds of locations as corresponding PPs: n-initial LocDems and n-headed PPs both relate to points and locations; t-initial LocDems and t-headed PPs both relate to general areas; w-initial LocDems and w-headed PPs both relate to the goal of a path. This correspondence suggests a systematic relationship between LocDems and PPs, for which there is further justification in the following subsections.	page 20
§4.1	Reed Steiner	note	Of course, resemblance alone is terrible evidence; whales resemble fish, but aren’t.16 Nonethe- less, basic resemblance is a necessary precondition for LocDems to be PPs, and the hypothesis that LocDems are PPs is supported by additional distributional and semantic evidence.	page 20
§4.2	Reed Steiner	heading	4.2 LocDems have the same distribution as PPs	page 20
§4.2	Reed Steiner	note	Further evidence that LocDems are PPs is that both have the same basic distribution. LocDems and PPs with deictic complements are permitted and rejected in the same syntactic positions. Like LocDems (see Section 3.2.1), other PPs with deictic complements are permitted after the predicate, or between a predicate and its auxiliary. More research is needed to determine the semantic differences between these positions, which may provide insight into second-position LocDems, too. But at least syntactically, PPs and LocDems have the same basic distribution. In (41a), a PP with a deictic complement is permitted post-predicatively and in second position, i.e. the same basic positions as a LocDem.	page 20
(41a) line 1	Reed Steiner	note	Context: You’re at a gathering when you bump into a friend. There are multiple places to sit, all about the same distance from you. You gesture at where you’re planning to sit at.	page 20, engine english
(41a) line 2	nɬeʔkepmxcín	transcription	xʷúy̓kn	page 20, engine language
(41a) line 3	nɬeʔkepmxcín	segmentation	xʷúy̓=kn	page 20, engine language
(41a) line 4	nɬeʔkepmxcín	gloss	PROSP=1SG.SBJ	page 20, engine english
(41a) line 5	nɬeʔkepmxcín	transcription	míceʔq	page 20, engine language
(41a) line 6	nɬeʔkepmxcín	segmentation	míceʔq	page 20, engine language
(41a) line 7	nɬeʔkepmxcín	gloss	sit	page 20, engine english
(41a) line 8	nɬeʔkepmxcín	transcription	n ʔéye	page 20, engine language
(41a) line 9	nɬeʔkepmxcín	segmentation	n=ʔéye	page 20, engine language
(41a) line 10	nɬeʔkepmxcín	gloss	at=here	page 20, engine english
(41a) line 11	nɬeʔkepmxcín	transcription	ne nɬqʷáptn	page 20, engine language
(41a) line 12	nɬeʔkepmxcín	segmentation	n=e=n-ɬqʷ-ap-tn	page 20, engine language
(41a) line 13	nɬeʔkepmxcín	gloss	at=DET=LOC-put-bottom-INS	page 20, engine english
(41a) line 14	Bev Phillips	speaker comment	BP: “I’m going to sit here in this chair.” (SF | BP 29 Jan 2026)	page 20, engine english
footnote 16	Reed Steiner	note	16 Except in the broadest possible phylogenetic sense where all tetrapods are fish.	page 20, footnote
(41b) line 1	Reed Steiner	note	Context: You’re at a gathering when you find a place to sit. You speak to yourself.	page 21, engine english
(41b) line 2	nɬeʔkepmxcín	transcription	xʷúy̓kn	page 21, engine language
(41b) line 3	nɬeʔkepmxcín	segmentation	xʷúy̓=kn	page 21, engine language
(41b) line 4	nɬeʔkepmxcín	gloss	PROSP=1SG.SBJ	page 21, engine english
(41b) line 5	nɬeʔkepmxcín	transcription	n ʔéye	page 21, engine language
(41b) line 6	nɬeʔkepmxcín	segmentation	n=ʔéye	page 21, engine language
(41b) line 7	nɬeʔkepmxcín	gloss	at=here	page 21, engine english
(41b) line 8	nɬeʔkepmxcín	transcription	míceʔq	page 21, engine language
(41b) line 9	nɬeʔkepmxcín	segmentation	míceʔq	page 21, engine language
(41b) line 10	nɬeʔkepmxcín	gloss	sit	page 21, engine english
(41b) line 11	nɬeʔkepmxcín	transcription	ne nɬqʷáptn	page 21, engine language
(41b) line 12	nɬeʔkepmxcín	segmentation	n=e=n-ɬqʷ-ap-tn	page 21, engine language
(41b) line 13	nɬeʔkepmxcín	gloss	at=DET=LOC-put-bottom-INS	page 21, engine english
(41b) line 14	Reed Steiner	translation	‘I’m going to sit here.’	page 21, engine english, cited SF | BP 29 Jan 2026, the author's translation of the speaker's sentence
(41b) line 14	Reed Steiner	citation	(SF | BP 29 Jan 2026)	the tag or source at the right of the translation
§4.2	Reed Steiner	note	Recall also that LocDems can form a constituent with a PP or an oblique. This is also true of prepositions with locative deictic complements, although the oblique cases are sometimes marginal.17 Clefts provide evidence for constituency: the focus position of a cleft can be oc- cupied by a preposition with a deictic complement and its associated PP or oblique. Although these structures are acceptable, they are scarcely volunteered due to the independent availability of copula-less locative focus strategies.	page 21
(42) line 1	Reed Steiner	note	Context: You’re birdwatching, and you identify where you saw a bird.	page 21, engine english
(42a) line 1	nɬeʔkepmxcín	transcription	c̕é	page 21, engine language
(42a) line 2	nɬeʔkepmxcín	segmentation	c̕-ʔé=∅	page 21, engine residue
(42a) line 3	nɬeʔkepmxcín	gloss	EMPH-COP=3SBJ	page 21, engine english
(42a) line 4	nɬeʔkepmxcín	transcription	[u cíʔe	page 21, engine language
(42a) line 5	nɬeʔkepmxcín	segmentation	w=cíʔe	page 21, engine language
(42a) line 6	nɬeʔkepmxcín	gloss	to=there	page 21, engine english
(42a) line 7	nɬeʔkepmxcín	transcription	we sɣǝ́p]	page 21, engine language
(42a) line 8	nɬeʔkepmxcín	segmentation	w=e=sɣǝ́p	page 21, engine language
(42a) line 9	nɬeʔkepmxcín	gloss	to=DET=tree	page 21, engine english
(42a) line 10	nɬeʔkepmxcín	transcription	e wíkne ws	page 21, engine language
(42a) line 11	nɬeʔkepmxcín	segmentation	e=wík-n-[t]-∅-ne=ws	page 21, engine language
(42a) line 12	nɬeʔkepmxcín	gloss	D/C=see-CTR-TR-3OBJ-1SG.ERG=3SBJV	page 21, engine english
(42a) line 13	nɬeʔkepmxcín	transcription	xeʔ	page 21, engine language
(42a) line 14	nɬeʔkepmxcín	segmentation	xeʔ[e]	page 21, engine language
(42a) line 15	nɬeʔkepmxcín	gloss	DEM.PN	page 21, engine english
(42a) line 16	nɬeʔkepmxcín	transcription	spzúz̕uʔ	page 21, engine language
(42a) line 17	nɬeʔkepmxcín	segmentation	e=s-pzú<z̕>uʔ	page 21, engine language
(42a) line 18	nɬeʔkepmxcín	gloss	DET=NMLZ-animal<DIM>	page 21, engine english
(42a) line 19	Reed Steiner	translation	‘Where I saw that bird is over there on the tree.’	page 21, engine english, cited SF | KBG 20 Jan 2026, the author's translation of the speaker's sentence
(42a) line 19	Reed Steiner	citation	(SF | KBG 20 Jan 2026)	the tag or source at the right of the translation
(42b) line 1	nɬeʔkepmxcín	transcription	c̕é	page 21, engine language
(42b) line 2	nɬeʔkepmxcín	segmentation	c̕-ʔé=∅	page 21, engine residue
(42b) line 3	nɬeʔkepmxcín	gloss	EMPH-COP=3SBJ	page 21, engine english
(42b) line 4	nɬeʔkepmxcín	transcription	[u cíʔe	page 21, engine language
(42b) line 5	nɬeʔkepmxcín	segmentation	w=cíʔe	page 21, engine language
(42b) line 6	nɬeʔkepmxcín	gloss	to=there	page 21, engine english
(42b) line 7	nɬeʔkepmxcín	transcription	tk sɣǝ́p]	page 21, engine language
(42b) line 8	nɬeʔkepmxcín	segmentation	t=k=sɣǝ́p	page 21, engine language
(42b) line 9	nɬeʔkepmxcín	gloss	OBL=DET=tree	page 21, engine english
(42b) line 10	nɬeʔkepmxcín	transcription	e wíkne ws	page 21, engine language
(42b) line 11	nɬeʔkepmxcín	segmentation	e=wík-n-[t]-∅-ne=ws	page 21, engine language
(42b) line 12	nɬeʔkepmxcín	gloss	D/C=see-CTR-TR-3OBJ-1SG.ERG=3SBJV	page 21, engine english
(42b) line 13	nɬeʔkepmxcín	transcription	xeʔ	page 21, engine language
(42b) line 14	nɬeʔkepmxcín	segmentation	xeʔ[e]	page 21, engine language
(42b) line 15	nɬeʔkepmxcín	gloss	DEM.PN	page 21, engine english
(42b) line 16	nɬeʔkepmxcín	transcription	spzúz̕uʔ	page 21, engine language
(42b) line 17	nɬeʔkepmxcín	segmentation	e=s-pzú<z̕>uʔ	page 21, engine language
(42b) line 18	nɬeʔkepmxcín	gloss	DET=NMLZ-animal<DIM>	page 21, engine english
(42b) line 19	Reed Steiner	translation	‘Where I saw that bird is over there on the tree.’	page 21, engine english, cited SF | KBG 20 Jan 2026, the author's translation of the speaker's sentence
(42b) line 20	kʷaɬtèzetkʷuʔ (Bernice Garcia)	speaker comment	KBG: “Yeah, it’s one specific tree. That tree I seen that bird.”	page 21, engine english
(42b) line 21	Reed Steiner	citation	(SF | KBG 20 Jan 2026)	page 21, engine residue
footnote 17	Reed Steiner	note	17 Curiously, a preposition with a locative deictic complement is only acceptable in second position if it does not have an associated PP or oblique. Compare (1) against (41b).	page 21, footnote
§4.2	Reed Steiner	note	Quantifiers provide further evidence that prepositions with locative deictic complements form constituents with their associated PP or oblique. Like LocDems (see Section 3.2.1), prepositions with deictic complements can also intervene between a quantifier and its restriction.	page 21
footnote 17 (i) line 1	Reed Steiner	note	Context: You’re at a gathering when you find a place to sit. You speak to yourself.	page 21, engine english
footnote 17 (i) line 2	nɬeʔkepmxcín	transcription	*xʷúy̓kn	page 21, engine language
footnote 17 (i) line 3	nɬeʔkepmxcín	segmentation	xʷúy̓=kn	page 21, engine language
footnote 17 (i) line 4	nɬeʔkepmxcín	gloss	PROSP=1SG.SBJ	page 21, engine english
footnote 17 (i) line 5	nɬeʔkepmxcín	transcription	n ʔéye	page 21, engine language
footnote 17 (i) line 6	nɬeʔkepmxcín	segmentation	n=ʔéye	page 21, engine language
footnote 17 (i) line 7	nɬeʔkepmxcín	gloss	at=here	page 21, engine english
footnote 17 (i) line 8	nɬeʔkepmxcín	transcription	ne nɬqʷáptn	page 21, engine language
footnote 17 (i) line 9	nɬeʔkepmxcín	segmentation	n=e=n-ɬqʷ-ap-tn	page 21, engine language
footnote 17 (i) line 10	nɬeʔkepmxcín	gloss	at=DET=LOC-put-bottom-INS	page 21, engine english
footnote 17 (i) line 11	nɬeʔkepmxcín	transcription	miceʔq	page 21, engine language
footnote 17 (i) line 12	nɬeʔkepmxcín	segmentation	miceʔq	page 21, engine language
footnote 17 (i) line 13	nɬeʔkepmxcín	gloss	sit	page 21, engine english
footnote 17 (i) line 14	Bev Phillips	speaker comment	BP: “No, I don’t know about that one.” (SF | BP 29 Jan 2026)	page 21, engine english
footnote 17	Reed Steiner	note	More testing is needed to determine how robust these judgements are.	page 21
(43) line 1	Reed Steiner	note	Context: You see a mountain, and explain that it’s the biggest mountain in all the land.	page 22, engine english
(43) line 2	nɬeʔkepmxcín	transcription	x̣zúm	page 22, engine language
(43) line 3	nɬeʔkepmxcín	segmentation	x̣zúm=∅	page 22, engine language
(43) line 4	nɬeʔkepmxcín	gloss	big=3SBJ	page 22, engine english
(43) line 5	nɬeʔkepmxcín	transcription	xʔé	page 22, engine language
(43) line 6	nɬeʔkepmxcín	segmentation	xʔé	page 22, engine language
(43) line 7	nɬeʔkepmxcín	gloss	DEM.PN	page 22, engine english
(43) line 8	nɬeʔkepmxcín	transcription	tk sqʷǝ́m	page 22, engine language
(43) line 9	nɬeʔkepmxcín	segmentation	t=k=s-qʷǝ́m	page 22, engine language
(43) line 10	nɬeʔkepmxcín	gloss	OBL=DET=NMLZ-mountain	page 22, engine english
(43) line 11	nɬeʔkepmxcín	transcription	tue tékm	page 22, engine language
(43) line 12	nɬeʔkepmxcín	segmentation	tw=e=tékm	page 22, engine language
(43) line 13	nɬeʔkepmxcín	gloss	from=DET=all	page 22, engine english
(43) line 14	nɬeʔkepmxcín	transcription	e sqʷǝ́m	page 22, engine language
(43) line 15	nɬeʔkepmxcín	segmentation	e=s-qʷǝ́m	page 22, engine language
(43) line 16	nɬeʔkepmxcín	gloss	DET=NMLZ-mountain	page 22, engine english
(43) line 17	nɬeʔkepmxcín	transcription	ne tékm	page 22, engine language
(43) line 18	nɬeʔkepmxcín	segmentation	n=e=tékm	page 22, engine language
(43) line 19	nɬeʔkepmxcín	gloss	at=DET=all	page 22, engine english
(43) line 20	nɬeʔkepmxcín	transcription	[n ʔéye	page 22, engine language
(43) line 21	nɬeʔkepmxcín	segmentation	n=ʔéye	page 22, engine language
(43) line 22	nɬeʔkepmxcín	gloss	at=here	page 22, engine english
(43) line 23	nɬeʔkepmxcín	transcription	tk tmíxʷ]	page 22, engine language
(43) line 24	nɬeʔkepmxcín	segmentation	t=k=tmíxʷ	page 22, engine language
(43) line 25	nɬeʔkepmxcín	gloss	OBL=DET=land	page 22, engine english
(43) line 26	Reed Steiner	translation	‘This mountain is bigger than all the mountains in all this land.’	page 22, engine english, cited SF | BP 22 Jan 2026, the author's translation of the speaker's sentence
(43) line 26	Reed Steiner	citation	(SF | BP 22 Jan 2026)	the tag or source at the right of the translation
(44) line 1	Reed Steiner	note	Context: You point to a picture of a mountain in another country, and explain that it’s the biggest mountain in all of that country.	page 22, engine english
(44) line 2	nɬeʔkepmxcín	transcription	x̣zúm	page 22, engine language
(44) line 3	nɬeʔkepmxcín	segmentation	x̣zúm=∅	page 22, engine language
(44) line 4	nɬeʔkepmxcín	gloss	big=3SBJ	page 22, engine english
(44) line 5	nɬeʔkepmxcín	transcription	xʔé	page 22, engine language
(44) line 6	nɬeʔkepmxcín	segmentation	xʔé	page 22, engine language
(44) line 7	nɬeʔkepmxcín	gloss	DEM.PN	page 22, engine english
(44) line 8	nɬeʔkepmxcín	transcription	tk sqʷǝ́m	page 22, engine language
(44) line 9	nɬeʔkepmxcín	segmentation	t=k=s-qʷǝ́m	page 22, engine language
(44) line 10	nɬeʔkepmxcín	gloss	OBL=DET=NMLZ-mountain	page 22, engine english
(44) line 11	nɬeʔkepmxcín	transcription	tue tékm	page 22, engine language
(44) line 12	nɬeʔkepmxcín	segmentation	tw=e=tékm	page 22, engine language
(44) line 13	nɬeʔkepmxcín	gloss	from=DET=all	page 22, engine english
(44) line 14	nɬeʔkepmxcín	transcription	e sqʷǝ́m	page 22, engine language
(44) line 15	nɬeʔkepmxcín	segmentation	e=s-qʷǝ́m	page 22, engine language
(44) line 16	nɬeʔkepmxcín	gloss	DET=NMLZ-mountain	page 22, engine english
(44) line 17	nɬeʔkepmxcín	transcription	ne tékm	page 22, engine language
(44) line 18	nɬeʔkepmxcín	segmentation	n=e=tékm	page 22, engine language
(44) line 19	nɬeʔkepmxcín	gloss	at=DET=all	page 22, engine english
(44) line 20	nɬeʔkepmxcín	transcription	[n cíʔe	page 22, engine language
(44) line 21	nɬeʔkepmxcín	segmentation	n=cíʔe	page 22, engine language
(44) line 22	nɬeʔkepmxcín	gloss	at=there	page 22, engine english
(44) line 23	nɬeʔkepmxcín	transcription	tk tmíxʷ]	page 22, engine language
(44) line 24	nɬeʔkepmxcín	segmentation	t=k=tmíxʷ	page 22, engine language
(44) line 25	nɬeʔkepmxcín	gloss	OBL=DET=land	page 22, engine english
(44) line 26	Reed Steiner	translation	‘This mountain is bigger than all the mountains in all that land.’	page 22, engine english, cited SF | BP 22 Jan 2026, the author's translation of the speaker's sentence
(44) line 26	Reed Steiner	citation	(SF | BP 22 Jan 2026)	the tag or source at the right of the translation
§4.2	Reed Steiner	note	What these examples show is that prepositions with deictic complements have the same ba- sic distribution as LocDems, which supports the hypothesis that both are of the same syntactic category.	page 22
§4.2.1	Reed Steiner	heading	4.2.1 PP predicates	page 22
§4.2.1	Reed Steiner	name	kʷałtèzetkʷ	Bernice Garcia's traditional name, KBG in the tags, short and written with ł
§4.2.1	Reed Steiner	note	If LocDems are PPs, then it is expect that they should pattern in the same way with respect to predication: speakers who accept LocDem predicates should accept PP predicates, and speakers who reject LocDem predicates should also reject PP predicates. This is precisely what further testing reveals. kʷałtèzetkʷ and Phillips consistently accept LocDem predicates and PP predicates alike.	page 22
(45) line 1	nɬeʔkepmxcín	transcription	tuɬə nc̕əɬétkʷu￿kn	page 22, engine language
(45) line 2	nɬeʔkepmxcín	segmentation	tw=ɬ=n-c̕əɬ-étkʷu=kn	page 22, engine language
(45) line 3	nɬeʔkepmxcín	gloss	from=DET.REM=LOC-cold-water=1SG.SBJ	page 22, engine english
(45) line 4	Reed Steiner	translation	‘I’m from Coldwater.’	page 22, engine english, cited SF | KBG 26 Nov 2025, the author's translation of the speaker's sentence
(45) line 4	Reed Steiner	citation	(SF | KBG 26 Nov 2025)	the tag or source at the right of the translation
(46) line 1	Reed Steiner	note	Context: A twin points at themselves in a group photo to identify which one they are.	page 22, engine english
(46) line 2	nɬeʔkepmxcín	transcription	n ʔéye￿kn	page 22, engine language
(46) line 3	nɬeʔkepmxcín	segmentation	n=ʔéye=kn	page 22, engine language
(46) line 4	nɬeʔkepmxcín	gloss	at=here=1SG.SBJ	page 22, engine english
(46) line 5	Reed Steiner	translation	‘I’m right here.’	page 22, engine english, cited SF | KBG 7 May 2025, the author's translation of the speaker's sentence
(46) line 5	Reed Steiner	citation	(SF | KBG 7 May 2025)	the tag or source at the right of the translation
(47) line 1	Reed Steiner	note	Context: You’re describing the geography of Lytton.	page 23, engine english
(47) line 2	nɬeʔkepmxcín	transcription	ne sq̓ʷǝ́c	page 23, engine language
(47) line 3	nɬeʔkepmxcín	segmentation	n=e=s-q̓ʷət-s	page 23, engine language
(47) line 4	nɬeʔkepmxcín	gloss	at=det=NMLZ-side-3POSS	page 23, engine english
(47) line 5	nɬeʔkepmxcín	transcription	e qʷuʔúy	page 23, engine language
(47) line 6	nɬeʔkepmxcín	segmentation	e=qʷuʔ-[ʔ]úy	page 23, engine language
(47) line 7	nɬeʔkepmxcín	gloss	DET=water-RFM	page 23, engine english
(47) line 8	nɬeʔkepmxcín	transcription	ɬ ƛ̓q̓əmcín	page 23, engine language
(47) line 9	nɬeʔkepmxcín	segmentation	ɬ=ƛ̓q̓əmcín	page 23, engine language
(47) line 10	nɬeʔkepmxcín	gloss	DET.REM=Lytton	page 23, engine english
(47) line 11	Reed Steiner	translation	‘Lytton is on the side of the river.’	page 23, engine english, cited VF | BP 20 Oct 2025, the author's translation of the speaker's sentence
(47) line 11	Reed Steiner	citation	(VF | BP 20 Oct 2025)	the tag or source at the right of the translation
§4.2.1	Reed Steiner	name	c̕úʔsinek’s	Marty Aspinall's name, CMA in the tags, in the possessive
§4.2.1	Reed Steiner	note	Recall that c̕úʔsinek’s judgements on LocDem predicates vary between sessions. Her judge- ments on PP predicates vary in precisely the same manner.	page 23
§4.2.1	Reed Steiner	name	c̕úʔsinek	Marty Aspinall's name, CMA in the tags, written with c̕ where §2.1 writes c̓
§4.2.1	nɬeʔkepmxcín	cited form	(u)ʔex	page 23
§4.2.1	Reed Steiner	note	In (48), c̕úʔsinek volunteers a focused PP modifying the copula (u)ʔex, but rejects the corre- sponding PP predicate.	page 23
(48) line 1	Reed Steiner	note	Context: We’re arriving at Murray Lake.	page 23, engine english
(48a) line 1	nɬeʔkepmxcín	transcription	n ʔéye	page 23, engine language
(48a) line 2	nɬeʔkepmxcín	segmentation	n=ʔéye	page 23, engine language
(48a) line 3	nɬeʔkepmxcín	gloss	at=here	page 23, engine english
(48a) line 4	nɬeʔkepmxcín	transcription	ʔéx wt	page 23, engine language
(48a) line 5	nɬeʔkepmxcín	segmentation	ʔéx=wt	page 23, engine language
(48a) line 6	nɬeʔkepmxcín	gloss	be=1PL.SBJV	page 23, engine english
(48a) line 7	nɬeʔkepmxcín	transcription	ʔéyɬ	page 23, engine language
(48a) line 8	nɬeʔkepmxcín	segmentation	ʔéyɬ	page 23, engine language
(48a) line 9	nɬeʔkepmxcín	gloss	now	page 23, engine english
(48a) line 10	Reed Steiner	translation	‘We’re here now.’	page 23, engine english, cited VF | CMA 26 Nov 2025, the author's translation of the speaker's sentence
(48a) line 10	Reed Steiner	citation	(VF | CMA 26 Nov 2025)	the tag or source at the right of the translation
(48b) line 1	nɬeʔkepmxcín	transcription	* n ʔéye kt	page 23, engine language
(48b) line 2	nɬeʔkepmxcín	segmentation	n=ʔéye=kt	page 23, engine language
(48b) line 3	nɬeʔkepmxcín	gloss	at=here=1PL.SBJ	page 23, engine english
(48b) line 4	Reed Steiner	translation	Intended: ‘We’re here.’	page 23, engine english, cited SF | CMA 26 Nov 2025, the author's translation of the speaker's sentence
(48b) line 4	Reed Steiner	citation	(SF | CMA 26 Nov 2025)	the tag or source at the right of the translation
§4.2.1	Reed Steiner	note	Compare this against her judgements on LocDems from the same session (29), repeated here as (49). in both cases, she accepts the copula structure, but rejects the locative predicate structure.	page 23
(49) line 1	Reed Steiner	note	Context: A hiking trail has a sign that shows you where you’re located. You gesture to the sign.	page 23, engine english
(49) line 2	nɬeʔkepmxcín	transcription	n ʔéye kt	page 23, engine language
(49) line 3	nɬeʔkepmxcín	segmentation	n=ʔéye=kt	page 23, engine language
(49) line 4	nɬeʔkepmxcín	gloss	at=here=1PL.SBJ	page 23, engine english
(49) line 5	c̓úʔsinek (Marty Aspinall)	speaker comment	CMA: “If you’re talking to somebody, yeah.” (SF | CMA 29 Jan 2026)	page 23, engine english
§4.2.1	Reed Steiner	note	During a different session, c̕úʔsinek accepts a PP predicate without a copula (50).	page 23
(50) line 1	Reed Steiner	note	Context: A hiking trail has a sign that shows you where you’re located. You gesture to the sign.	page 23, engine english
(50) line 2	nɬeʔkepmxcín	transcription	n ʔéye kt	page 23, engine language
(50) line 3	nɬeʔkepmxcín	segmentation	n=ʔéye=kt	page 23, engine language
(50) line 4	nɬeʔkepmxcín	gloss	at=here=1PL.SBJ	page 23, engine english
(50) line 5	c̓úʔsinek (Marty Aspinall)	speaker comment	CMA: “If you’re talking to somebody, yeah.” (SF | CMA 29 Jan 2026)	page 23, engine english
§4.2.1	Reed Steiner	note	Compare this against her judgements on LocDems for the same session (51).	page 23
(51) line 1	Reed Steiner	note	Context: A hiking trail has a sign that shows you where you’re located. You gesture to the sign.	page 24, engine english
(51) line 2	nɬeʔkepmxcín	transcription	nʔé kt	page 24, engine language
(51) line 3	nɬeʔkepmxcín	segmentation	nʔé=kt	page 24, engine language
(51) line 4	nɬeʔkepmxcín	gloss	LOC.DEM=1PL.SBJ	page 24, engine english
(51) line 5	c̓úʔsinek (Marty Aspinall)	speaker comment	CMA: “If you’re pointing to the board, heʔéy (yes). [Repeats sentence back.]”	page 24, engine english
(51)	nɬeʔkepmxcín	cited form	heʔéy	in the speaker comment, page 24
(51) line 6	Reed Steiner	citation	(SF | CMA 29 Jan 2026)	page 24, engine residue
§4.2.1	Reed Steiner	note	The reason for this variation is unknown: there could be minor differences in the elicita- tion contexts that impact the acceptability of locative predicates, or the sentence itself could be marginal. Regardless of the reason for this variation, judgements on PP predicates consistently generalize to LocDem predicates. This is unsurprising if LocDems are PPs.	page 24
§4.2.2	Reed Steiner	heading	4.2.2 PPs and copulas	page 24
§4.2.2	nɬeʔkepmxcín	cited form	(u)ʔéx	page 24, ‘be, reside’
§4.2.2	Reed Steiner	note	Recall that LocDems are associated with the copula (u)ʔéx ‘be, reside’ (Section 3.2.3). If LocDems are PPs, it is expected that PPs would be associated with this copula, too.18	page 24
(52) line 1	Reed Steiner	note	Context: There are two baskets of berries. One is for my neighbor, so I don’t want anyone taking from it. I gesture to the other basket.	page 24, engine english
(52) line 2	nɬeʔkepmxcín	transcription	ʔéx ws	page 24, engine language
(52) line 3	nɬeʔkepmxcín	segmentation	ʔéx=ws	page 24, engine language
(52) line 4	nɬeʔkepmxcín	gloss	be=3SBJV	page 24, engine english
(52) line 5	nɬeʔkepmxcín	transcription	tuxʷʔé	page 24, engine language
(52) line 6	nɬeʔkepmxcín	segmentation	tw=xʔé	page 24, engine language
(52) line 7	nɬeʔkepmxcín	gloss	from=DEM.PN	page 24, engine english
(52) line 8	nɬeʔkepmxcín	transcription	e kʷném uxʷ	page 24, engine language
(52) line 9	nɬeʔkepmxcín	segmentation	e=kʷn-m=wxʷ	page 24, engine language
(52) line 10	nɬeʔkepmxcín	gloss	D/C=take-CTR.MID=2SG.SBJV	page 24, engine english
(52) line 11	Bev Phillips	speaker comment	BP: “From this one you take.” (VF, VT | BP 11 Dec 2025)	page 24, engine english
§4.2.2	Reed Steiner	note	Regardless of a speaker’s judgements on PP predicates, the copula construction is less marked than the predicative one. In (53), BP volunteers a copula modified by a PP, then volunteers a PP predicate as a second alternative option.	page 24
(53) line 1	Reed Steiner	note	Context: A map of the building you’re in has a marker that tells you where you are currently located.	page 24, engine english
(53a) line 1	nɬeʔkepmxcín	transcription	ʔéx kʷ	page 24, engine language
(53a) line 2	nɬeʔkepmxcín	segmentation	ʔéx=kʷ	page 24, engine language
(53a) line 3	nɬeʔkepmxcín	gloss	be=2SG.SBJ	page 24, engine english
(53a) line 4	nɬeʔkepmxcín	transcription	n ʔéye	page 24, engine language
(53a) line 5	nɬeʔkepmxcín	segmentation	n=ʔéye	page 24, engine language
(53a) line 6	nɬeʔkepmxcín	gloss	at=here	page 24, engine english
(53a) line 7	Reed Steiner	translation	‘You are here.’	page 24, engine english, cited VF | BP 6 Nov 2025, the author's translation of the speaker's sentence
(53a) line 7	Reed Steiner	citation	(VF | BP 6 Nov 2025)	the tag or source at the right of the translation
(53b) line 1	nɬeʔkepmxcín	transcription	n ʔéye￿kʷ	page 24, engine language
(53b) line 2	nɬeʔkepmxcín	segmentation	n=ʔéye=kʷ	page 24, engine language
(53b) line 3	nɬeʔkepmxcín	gloss	at=here=2SG.SBJ	page 24, engine english
(53b) line 4	Reed Steiner	translation	‘You are here.’	page 24, engine english, cited VF | BP 6 Nov 2025, the author's translation of the speaker's sentence
(53b) line 4	Reed Steiner	citation	(VF | BP 6 Nov 2025)	the tag or source at the right of the translation
footnote 18	Reed Steiner	note	18 For the sake of this paper, I intentionally write the PPs tuxʷʔé ‘from this/these, from there’ and tuxʷéʔe ‘from that/those, from there’ without a space after the preposition. This is because Section 5.2 analyzes these PPs as ambiguous between two underlying segmentations. In the segmentation with the ‘from here/there’ readings, the labialized fricative /xʷ/ is associated with the preposition. In the segmentation with the ‘from this/these’ and ‘from that/those’ readings, the /xʷ/ is associated with the complement of the preposition.	page 24, footnote
§4.2.2	nɬeʔkepmxcín	cited form	tuxʷʔé	page 24, ‘from this/these, from there’
§4.2.2	nɬeʔkepmxcín	cited form	tuxʷéʔe	page 24
§4.2.2	nɬeʔkepmxcín	cited form	/xʷ/	page 24
§4.2.2	nɬeʔkepmxcín	cited form	ʔé	page 25
§4.2.2	nɬeʔkepmxcín	cited form	c̕é	page 25
§4.2.2	Reed Steiner	note	That LocDems and PPs are both volunteered with the copula (u)ʔéx supports the hypothesis that they are of the same syntactic category. As with LocDems, PPs are accepted in the focus position of a clefting copula ʔé or c̕é (see Section 4.2), but they are scarcely volunteered here due to the independent availability of other focus strategies.	page 25
§4.2.3	Reed Steiner	heading	4.2.3 Focused PPs	page 25
§4.2.3	Reed Steiner	note	If LocDems are PPs, then it should be possible to focus both via movement to the left edge of the CP. This prediction holds.	page 25
§4.2.3	Reed Steiner	note	Like LocDems (Section 3.2.4), PPs generally trigger subjunctive marking on the remnant, but are marginally acceptable with subjunctive remnants.19	page 25
(54) line 1	Reed Steiner	note	Context: You’re on a walk when you see sitting inside a small bush is a little bird. Your friend wants to see, but doesn’t know where to look. You point into the small bush right where the bird was sitting.	page 25, engine english
(54) line 2	nɬeʔkepmxcín	transcription	n ʔéye	page 25, engine language
(54) line 3	nɬeʔkepmxcín	segmentation	n=ʔéye	page 25, engine language
(54) line 4	nɬeʔkepmxcín	gloss	at=here	page 25, engine english
(54) line 5	nɬeʔkepmxcín	transcription	[e wíkne ws]	page 25, engine language
(54) line 6	nɬeʔkepmxcín	segmentation	e=wík-[n]-[t]-∅-ne=ws]	page 25, engine residue
(54) line 7	nɬeʔkepmxcín	gloss	D/C=see-CTR-TR-3OBJ-1SG.SBJ=3SBJV	page 25, engine english
(54) line 8	Reed Steiner	translation	‘Where I saw it is right here.’	page 25, engine english, cited VF | BP 3 Jul 2025, the author's translation of the speaker's sentence
(54) line 8	Reed Steiner	citation	(VF | BP 3 Jul 2025)	the tag or source at the right of the translation
§4.2.3	Reed Steiner	note	As of yet, no distributional differences between LocDems and PPs with locative deictic com- plements have been found. Of course, absence of proof is not proof of absence; it could be the case that there exists some distributional difference which has not yet been documented. How- ever, the existing evidence strongly supports that they have the same syntactic category. Any distributional differences that do arise are likely a product of the grammaticalization of LocDems from PPs, rather than a fundamental difference in category.	page 25
§4.3	Reed Steiner	heading	4.3 The deictic component of a LocDem can be modified directly	page 25
§4.3	Reed Steiner	note	So far, it has been shown that LocDems bear a strong phonological and semantic resemblance to PPs, and that they have the same external distribution as prepositions with deictic complements. While this is evidence that there may be a historical relationship between LocDems and PPs, and that both are of the same syntactic category, it does not necessarily show that LocDems can be synchronically segmented into a preposition head and a deictic complement.	page 25
§4.3	nɬeʔkepmxcín	cited form	ʔé	page 25
§4.3	nɬeʔkepmxcín	cited form	éʔe	page 25
§4.3	Reed Steiner	note	What this subsection argues is that the deictic component of a LocDem (i.e. proximal ʔé and distal éʔe) can be modified independently of the prepositional component (i.e. n, t, or w). If this is correct, then LocDems must be synchronically segmentable.	page 25
footnote 19	Reed Steiner	note	19 Exceptionally, when the PP tuxʷéʔe ’from there’ is focused, nominalized remnants are preferred to subjunctive ones (see discussion in Hall and Phillips 2024:154). One such example is given in (92b), repeated here as (i).	page 25, footnote
§4.3	nɬeʔkepmxcín	cited form	tuxʷéʔe	page 25
footnote 19 (i) line 1	nɬeʔkepmxcín	transcription	tuxʷéʔe	page 25, engine language
footnote 19 (i) line 2	nɬeʔkepmxcín	segmentation	tw=xéʔe	page 25, engine language
footnote 19 (i) line 3	nɬeʔkepmxcín	gloss	from=DIST	page 25, engine english
footnote 19 (i) line 4	nɬeʔkepmxcín	transcription	e snkʷúmes	page 25, engine language
footnote 19 (i) line 5	nɬeʔkepmxcín	segmentation	e=s=n-kʷúme=s	page 25, engine language
footnote 19 (i) line 6	nɬeʔkepmxcín	gloss	D/C=NMLZ=LOC-go.upriver=3POSS	page 25, engine english
footnote 19 (i) line 7	nɬeʔkepmxcín	transcription	ɬ qəɬmín	page 25, engine language
footnote 19 (i) line 8	nɬeʔkepmxcín	segmentation	ɬ=qəɬmín	page 25, engine language
footnote 19 (i) line 9	nɬeʔkepmxcín	gloss	DET.REM=old.one	page 25, engine english
footnote 19 (i) line 10	Hall and Phillips 2024	translation	‘From there, Old One went north up the river.’	page 25, engine english, cited VF | BP in Hall and Phillips 2024:137, Bev Phillips's sentence as Hall and Phillips 2024:137 give it
footnote 19 (i) line 10	Reed Steiner	citation	(VF | BP in Hall and Phillips 2024:137)	the tag or source at the right of the translation
§4.3	nɬeʔkepmxcín	cited form	néʔe	page 26
§4.3	nɬeʔkepmxcín	cited form	típl	page 26
§4.3	Reed Steiner	note	The argument goes as follows. Recall that a LocDem can form a constituent with a PP or an oblique. A LocDem that forms a constituent with a PP gets an intersective reading: it relates to a location that meets the properties of both the LocDem and the PP. But when a LocDem forms a constituent with an oblique, there arises an anti-uniqueness presupposition on the object of the preposition. Compare e.g. néʔe ne típl ’right there on the table’ (55a) to néʔe tk típl ’on that table’ (55b).	page 26
(55) line 1	Reed Steiner	note	Context: We’re invited to a party. It’s a potluck, so everyone is expected to bring some food to share. At the party, there’s a big table with lots of food on it. It seems like that’s where we’re supposed to put the food.	page 26, engine english
(55a) line 1	nɬeʔkepmxcín	transcription	xʷúy̓nke	page 26, engine language
(55a) line 2	nɬeʔkepmxcín	segmentation	xʷúy̓=∅=nke	page 26, engine language
(55a) line 3	nɬeʔkepmxcín	gloss	PROSP=3SBJ=INFER	page 26, engine english
(55a) line 4	nɬeʔkepmxcín	transcription	n ʔéye	page 26, engine language
(55a) line 5	nɬeʔkepmxcín	segmentation	n=ʔéye	page 26, engine language
(55a) line 6	nɬeʔkepmxcín	gloss	at=here	page 26, engine english
(55a) line 7	nɬeʔkepmxcín	transcription	wiʔ	page 26, engine language
(55a) line 8	nɬeʔkepmxcín	segmentation	wiʔ	page 26, engine language
(55a) line 9	nɬeʔkepmxcín	gloss	EMPH	page 26, engine english
(55a) line 10	nɬeʔkepmxcín	transcription	cətém	page 26, engine language
(55a) line 11	nɬeʔkepmxcín	segmentation	c-t-∅-em	page 26, engine language
(55a) line 12	nɬeʔkepmxcín	gloss	put-TR-3OBJ-1PL.ERG	page 26, engine english
(55a) line 13	nɬeʔkepmxcín	transcription	e sƛ̓eʔkcín	page 26, engine language
(55a) line 14	nɬeʔkepmxcín	segmentation	e=s-ƛ̓eʔk-cín	page 26, engine language
(55a) line 15	nɬeʔkepmxcín	gloss	DET=NMLZ-arrive-mouth	page 26, engine english
(55a) line 16	nɬeʔkepmxcín	transcription	néʔe	page 26, engine language
(55a) line 17	nɬeʔkepmxcín	segmentation	néʔe	page 26, engine language
(55a) line 18	nɬeʔkepmxcín	gloss	LOC.DEM	page 26, engine english
(55a) line 19	nɬeʔkepmxcín	transcription	ne típl	page 26, engine language
(55a) line 20	nɬeʔkepmxcín	segmentation	n=e=típl	page 26, engine language
(55a) line 21	nɬeʔkepmxcín	gloss	at=DET=table	page 26, engine english
(55a) line 22	Reed Steiner	translation	‘It seems we’re gonna put the food right there on the table.’	page 26, engine english, cited SF | KBG 13 Jan 2026, the author's translation of the speaker's sentence
(55a) line 23	Reed Steiner	citation	(SF | KBG 13 Jan 2026)	page 26, engine residue
(55b) line 1	nɬeʔkepmxcín	transcription	xʷúy̓nke	page 26, engine language
(55b) line 2	nɬeʔkepmxcín	segmentation	xʷúy̓=∅=nke	page 26, engine language
(55b) line 3	nɬeʔkepmxcín	gloss	PROSP=3SBJ=INFER	page 26, engine english
(55b) line 4	nɬeʔkepmxcín	transcription	n ʔéye	page 26, engine language
(55b) line 5	nɬeʔkepmxcín	segmentation	n=ʔéye	page 26, engine language
(55b) line 6	nɬeʔkepmxcín	gloss	at=here	page 26, engine english
(55b) line 7	nɬeʔkepmxcín	transcription	wiʔ	page 26, engine language
(55b) line 8	nɬeʔkepmxcín	segmentation	wiʔ	page 26, engine language
(55b) line 9	nɬeʔkepmxcín	gloss	EMPH	page 26, engine english
(55b) line 10	nɬeʔkepmxcín	transcription	cətém	page 26, engine language
(55b) line 11	nɬeʔkepmxcín	segmentation	c-t-∅-em	page 26, engine language
(55b) line 12	nɬeʔkepmxcín	gloss	put-TR-3OBJ-1PL.ERG	page 26, engine english
(55b) line 13	nɬeʔkepmxcín	transcription	e sƛ̓eʔkcín	page 26, engine language
(55b) line 14	nɬeʔkepmxcín	segmentation	e=s-ƛ̓eʔk-cín	page 26, engine language
(55b) line 15	nɬeʔkepmxcín	gloss	DET=NMLZ-arrive-mouth	page 26, engine english
(55b) line 16	nɬeʔkepmxcín	transcription	néʔe	page 26, engine language
(55b) line 17	nɬeʔkepmxcín	segmentation	néʔe	page 26, engine language
(55b) line 18	nɬeʔkepmxcín	gloss	LOC.DEM	page 26, engine english
(55b) line 19	nɬeʔkepmxcín	transcription	tk típl	page 26, engine language
(55b) line 20	nɬeʔkepmxcín	segmentation	t=k=típl	page 26, engine language
(55b) line 21	nɬeʔkepmxcín	gloss	OBL=DET=table	page 26, engine english
(55b) line 22	Reed Steiner	translation	‘It seems we’re gonna put the food on that table.’	page 26, engine english
(55b) line 23	kʷaɬtèzetkʷuʔ (Bernice Garcia)	speaker comment	KBG: “If there’s other tables around. It sounds like there’s other tables around, and you see that table with all the food.” (SF | KBG 13 Jan 2026)	page 26, engine english
§4.3	Reed Steiner	language	nɬeʔkepmxcín	the language of this paper, a.k.a. Nlaka’pamux or Thompson River Salish, Northern Interior Salish, ISO 639-3 thp
§4.3	Reed Steiner	note	This case raises questions about the source of the anti-uniqueness implication. Anti-uniqueness cannot come from the preposition; otherwise, (55a) would have the same implication. It is also un- likely that the oblique implies anti-uniqueness on its own; obliques standardly introduce non-core arguments in nɬeʔkepmxcín without any such implication (see e.g. Kroeber 1997:379-380).20 One reasonable explanation is that using an oblique over a PP presupposes anti-uniqueness. This paper does not adopt such an analysis for two reasons: (i) it is not clear how such a presup- position would arise when LocDems themselves do not presuppose anti-uniqueness, and (ii) such an analysis makes no predictions about the structure of LocDems.	page 26
§4.3	Reed Steiner	note	Instead, this paper suggests that the anti-uniqueness presupposition is associated with the deictic component of the LocDem rather than the preposition. Obliques adjoin directly to the deictic component, rather than to the maximal projection of the LocDem. This results in an interpretation where the oblique cannot be unique.	page 26
footnote 20	Reed Steiner	note	20 There is a reasonable argument to be made that the oblique associated with LocDems is a distinct mor- pheme from the oblique associated with non-core arguments (instrumentals, patients of unergatives, etc), but I leave the testing of this alternative hypothesis to future research.	page 26, footnote
§4.3	Reed Steiner	note	To illustrate, tree diagrams are given for the LocDem constituents in (55). When a LocDem forms a constituent with a PP in (55a), the PP adjoins to the LocDem. The resulting constituent relates to the intersection of the locations characterized by the LocDem and the locations charac- terized by the PP.21	page 26
(56) line 1	Reed Steiner	rule	PP	page 27, engine residue
(56) line 2	Reed Steiner	rule	PP	page 27, engine residue
(56) line 3	Reed Steiner	rule	P	page 27, engine residue
(56) line 4	Reed Steiner	rule	n=	page 27, engine residue
(56) line 5	Reed Steiner	rule	at	page 27, engine residue
(56) line 6	Reed Steiner	rule	DP	page 27, engine residue
(56) line 7	Reed Steiner	rule	éʔe	page 27, engine language
(56) line 8	Reed Steiner	rule	DIST	page 27, engine english
(56) line 9	Reed Steiner	rule	PP	page 27, engine residue
(56) line 10	Reed Steiner	rule	P	page 27, engine residue
(56) line 11	Reed Steiner	rule	n=	page 27, engine residue
(56) line 12	Reed Steiner	rule	at	page 27, engine residue
(56) line 13	Reed Steiner	rule	DP	page 27, engine residue
(56) line 14	Reed Steiner	rule	D	page 27, engine residue
(56) line 15	Reed Steiner	rule	e=	page 27, engine residue
(56) line 16	Reed Steiner	rule	DET	page 27, engine english
(56) line 17	Reed Steiner	rule	NP	page 27, engine residue
(56) line 18	Reed Steiner	rule	típl	page 27, engine language
(56) line 19	Reed Steiner	rule	table	page 27, engine english
§4.3	Reed Steiner	note	However, when a LocDem forms a constituent with an oblique in (55b), the oblique adjoins to the deictic component of the LocDem (the DP) rather than its maximal projection. The preposition then takes the modified deictic as its complement.	page 27
(57) line 1	Reed Steiner	rule	PP	page 27, engine residue
(57) line 2	Reed Steiner	rule	P	page 27, engine residue
(57) line 3	Reed Steiner	rule	n=	page 27, engine residue
(57) line 4	Reed Steiner	rule	at	page 27, engine residue
(57) line 5	Reed Steiner	rule	DP	page 27, engine residue
(57) line 6	Reed Steiner	rule	DP	page 27, engine residue
(57) line 7	Reed Steiner	rule	éʔe	page 27, engine language
(57) line 8	Reed Steiner	rule	DIST	page 27, engine english
(57) line 9	Reed Steiner	rule	KP	page 27, engine residue
(57) line 10	Reed Steiner	rule	K	page 27, engine residue
(57) line 11	Reed Steiner	rule	t=	page 27, engine residue
(57) line 12	Reed Steiner	rule	OBL	page 27, engine english
(57) line 13	Reed Steiner	rule	DP	page 27, engine residue
(57) line 14	Reed Steiner	rule	D	page 27, engine residue
(57) line 15	Reed Steiner	rule	k=	page 27, engine residue
(57) line 16	Reed Steiner	rule	DET	page 27, engine english
(57) line 17	Reed Steiner	rule	NP	page 27, engine residue
(57) line 18	Reed Steiner	rule	típl	page 27, engine language
(57) line 19	Reed Steiner	rule	table	page 27, engine english
§4.3	Reed Steiner	note	Volunteered translations provide some support for this analysis. LocDems that form a con- stituent with an oblique are sometimes translated into English as prepositions with demonstrative complements. In (58a), the LocDem with a PP can be translated as ‘right there in the basket’. But in (58b), Phillips translates the LocDem with an oblique as ‘in that basket’.	page 27
(58) line 1	Reed Steiner	note	Context: Someone brings you berries and asks where to put them.	page 27, engine english
(58a) line 1	nɬeʔkepmxcín	transcription	cətéte	page 27, engine language
(58a) line 2	nɬeʔkepmxcín	segmentation	c-t-∅-éte	page 27, engine language
(58a) line 3	nɬeʔkepmxcín	gloss	put-TR-3OBJ-IMP	page 27, engine english
(58a) line 4	nɬeʔkepmxcín	transcription	néʔe	page 27, engine language
(58a) line 5	nɬeʔkepmxcín	segmentation	néʔe	page 27, engine language
(58a) line 6	nɬeʔkepmxcín	gloss	LOC.DEM	page 27, engine english
(58a) line 7	nɬeʔkepmxcín	transcription	ne c̕y̓e	page 27, engine language
(58a) line 8	nɬeʔkepmxcín	segmentation	n=e=c̕y̓e	page 27, engine language
(58a) line 9	nɬeʔkepmxcín	gloss	at=DET=basket	page 27, engine english
(58a) line 10	Reed Steiner	translation	‘Put it right there in the basket.’	page 27, engine english, cited SF | BP 11 Dec 2025, the author's translation of the speaker's sentence
(58a) line 10	Reed Steiner	citation	(SF | BP 11 Dec 2025)	the tag or source at the right of the translation
footnote 21	Reed Steiner	note	21 Assuming adjuncts are sister to phrasal projections, it is not clear in the tree diagram which PP is the modifier. This is not necessarily a problem because the maximal PP has an intersective interpretation.	page 27, footnote
(58b) line 1	nɬeʔkepmxcín	transcription	cətéte	page 28, engine language
(58b) line 2	nɬeʔkepmxcín	segmentation	c-t-∅-éte	page 28, engine language
(58b) line 3	nɬeʔkepmxcín	gloss	put-TR-3OBJ-IMP	page 28, engine english
(58b) line 4	nɬeʔkepmxcín	transcription	néʔe	page 28, engine language
(58b) line 5	nɬeʔkepmxcín	segmentation	néʔe	page 28, engine language
(58b) line 6	nɬeʔkepmxcín	gloss	LOC.DEM	page 28, engine english
(58b) line 7	nɬeʔkepmxcín	transcription	tk c̕y̓e	page 28, engine language
(58b) line 8	nɬeʔkepmxcín	segmentation	t=k=c̕y̓e	page 28, engine language
(58b) line 9	nɬeʔkepmxcín	gloss	OBL=DET=basket	page 28, engine english
(58b) line 10	Bev Phillips	speaker comment	BP: “Put it in that basket.” (SF, VT | BP 11 Dec 2025)	page 28, engine english
§4.3	Reed Steiner	note	Although the structure of the volunteered translation does resembles the structure in , this is not surefire evidence that the structure is identical between languages. It could also be the case that Phillips’s volunteered translation prioritizes the anti-uniqueness presupposition over a faithful representation of the underlying nɬeʔkepmxcín syntax. It is also worth noting that not all PPs with obliques are translated as prepositions with demonstrative complements, e.g. (42b). More systematic research is needed on the relationship between obliques and demonstratives, and on (anti-)uniqueness in nɬeʔkepmxcín (see Steiner and Matthewson 2026). For the sake of this paper, it is assumed the oblique modifies the deictic component.	page 28
§4.3	Reed Steiner	note	If this analysis is correct, then it is possible to synchronically segment the LocDem into a preposition and a deictic. The deictic complement forms a constituent with the oblique, and a preposition takes that constituent as a complement.	page 28
§4.3	nɬeʔkepmxcín	cited form	xʔé	page 28, ‘this, these’
§4.3	nɬeʔkepmxcín	cited form	xéʔe	page 28, ‘that, those’
§4.3	Reed Steiner	note	When this evidence is considered in the context of the larger body of data presented in this paper, the similarity between PPs and LocDems becomes striking: they have the basic phono- logical form and semantic function of PPs, they have the external syntax of PPs, and they have the internal syntax of PPs. The simplest conclusion, then, is that LocDems are PPs. The initial consonant is a preposition. The rest of the LocDem is some kind of locative deictic or DemPN, likely somehow related to xʔé ‘this, these’ and xéʔe ‘that, those’, although the exact nature of this relationship is unclear.	page 28
Table 4 line 1	Reed Steiner	note	Segmented Locative Demonstratives in nɬeʔkepmxcín	page 28, the caption
Table 4 heads	Reed Steiner	note	Point n-initial | Area t-initial | Goal w-initial	page 28, the column heads. The rows are Proximal and Distal
Table 4 Proximal, Point	nɬeʔkepmxcín	segmentation	n=ʔé	page 28, the cell of Proximal, Point
Table 4 Proximal, Point	nɬeʔkepmxcín	gloss	at=PROX	page 28
Table 4 Proximal, Point	Reed Steiner	translation	‘(right) here’	page 28
Table 4 Proximal, Area	nɬeʔkepmxcín	segmentation	t=ʔé	page 28, the cell of Proximal, Area
Table 4 Proximal, Area	nɬeʔkepmxcín	gloss	by=PROX	page 28
Table 4 Proximal, Area	Reed Steiner	translation	‘about here’	page 28
Table 4 Proximal, Goal	nɬeʔkepmxcín	segmentation	w=ʔé	page 28, the cell of Proximal, Goal
Table 4 Proximal, Goal	nɬeʔkepmxcín	gloss	to=PROX	page 28
Table 4 Proximal, Goal	Reed Steiner	translation	‘this way’	page 28
Table 4 Distal, Point	nɬeʔkepmxcín	segmentation	n=éʔe	page 28, the cell of Distal, Point
Table 4 Distal, Point	nɬeʔkepmxcín	gloss	at=DIST	page 28
Table 4 Distal, Point	Reed Steiner	translation	‘(right) there’	page 28
Table 4 Distal, Area	nɬeʔkepmxcín	segmentation	t=éʔe	page 28, the cell of Distal, Area
Table 4 Distal, Area	nɬeʔkepmxcín	gloss	by=DIST	page 28
Table 4 Distal, Area	Reed Steiner	translation	‘about there’	page 28
Table 4 Distal, Goal	nɬeʔkepmxcín	segmentation	w=éʔe	page 28, the cell of Distal, Goal
Table 4 Distal, Goal	nɬeʔkepmxcín	gloss	to=DIST	page 28
Table 4 Distal, Goal	Reed Steiner	translation	‘that way’	page 28
§4.3	nɬeʔkepmxcín	cited form	n=ʔé	page 28
§4.3	nɬeʔkepmxcín	cited form	n=éʔe	page 28
§4.3	nɬeʔkepmxcín	cited form	t=éʔe	page 28
§4.3	nɬeʔkepmxcín	cited form	w=éʔe	page 28
§4.4	Reed Steiner	heading	4.4 Source LocDems tuxʷʔé and tuxʷéʔe	page 28
§4.4	nɬeʔkepmxcín	cited form	tuxʷʔé	page 28, ‘from here’
§4.4	nɬeʔkepmxcín	cited form	tuxʷéʔe	page 28, ‘from there’
§4.4	Reed Steiner	language	nɬeʔkepmxcín	the language of this paper, a.k.a. Nlaka’pamux or Thompson River Salish, Northern Interior Salish, ISO 639-3 thp
§4.4	Reed Steiner	note	A similar analysis can be extended to tuxʷʔé ‘from here’ and tuxʷéʔe ‘from there’, which have been previously analyzed as PPs headed by the preposition tw= ’from’ with a DemPN complement (see e.g. Hall and Phillips 2024; Thompson and Thompson 1992). If tuxʷʔé ‘from here’ and tuxʷéʔe ‘from there’ are treated the same way as LocDems, then the paradigm is as follows. There are two analytical benefits to analyzing tuxʷʔé ‘from here’ and tuxʷéʔe ‘from there’ as part of the LocDem paradigm.	page 28
Table 5 line 1	Reed Steiner	note	Segmented Locative Demonstratives in nɬeʔkepmxcín (expanded)	page 28, the caption
Table 5 heads	Reed Steiner	note	Point n-initial | Area t-initial | Goal w-initial | Source tu(xʷ)-initial	page 28, the column heads. The rows are Proximal and Distal
Table 5 Proximal, Point	nɬeʔkepmxcín	segmentation	n=ʔé	page 28, the cell of Proximal, Point
Table 5 Proximal, Point	nɬeʔkepmxcín	gloss	at=PROX	page 28
Table 5 Proximal, Point	Reed Steiner	translation	‘(right) here’	page 28
Table 5 Proximal, Area	nɬeʔkepmxcín	segmentation	t=ʔé	page 28, the cell of Proximal, Area
Table 5 Proximal, Area	nɬeʔkepmxcín	gloss	by=PROX	page 28
Table 5 Proximal, Area	Reed Steiner	translation	‘about here’	page 28
Table 5 Proximal, Goal	nɬeʔkepmxcín	segmentation	w=ʔé	page 28, the cell of Proximal, Goal
Table 5 Proximal, Goal	nɬeʔkepmxcín	gloss	to=PROX	page 28
Table 5 Proximal, Goal	Reed Steiner	translation	‘this way’	page 28
Table 5 Proximal, Source	nɬeʔkepmxcín	segmentation	tw=ʔé	page 28, the cell of Proximal, Source
Table 5 Proximal, Source	nɬeʔkepmxcín	gloss	from=PROX	page 28
Table 5 Proximal, Source	Reed Steiner	translation	‘from here’	page 28
Table 5 Distal, Point	nɬeʔkepmxcín	segmentation	n=éʔe	page 28, the cell of Distal, Point
Table 5 Distal, Point	nɬeʔkepmxcín	gloss	at=DIST	page 28
Table 5 Distal, Point	Reed Steiner	translation	‘(right) there’	page 28
Table 5 Distal, Area	nɬeʔkepmxcín	segmentation	t=éʔe	page 28, the cell of Distal, Area
Table 5 Distal, Area	nɬeʔkepmxcín	gloss	by=DIST	page 28
Table 5 Distal, Area	Reed Steiner	translation	‘about there’	page 28
Table 5 Distal, Goal	nɬeʔkepmxcín	segmentation	w=éʔe	page 28, the cell of Distal, Goal
Table 5 Distal, Goal	nɬeʔkepmxcín	gloss	to=DIST	page 28
Table 5 Distal, Goal	Reed Steiner	translation	‘that way’	page 28
Table 5 Distal, Source	nɬeʔkepmxcín	segmentation	tw=éʔe	page 28, the cell of Distal, Source
Table 5 Distal, Source	nɬeʔkepmxcín	gloss	from=DIST	page 28
Table 5 Distal, Source	Reed Steiner	translation	‘from there’	page 28
§4.4	nɬeʔkepmxcín	cited form	xʔé	page 29, ‘this/these’
§4.4	nɬeʔkepmxcín	cited form	xéʔe	page 29, ‘that/those’
§4.4	Reed Steiner	note	The first analytical benefit is a more complete paradigm: all four prepositions have a corre- sponding proximal and distal LocDem. The alternative analysis is that tw= ‘from’ is the only preposition which selects xʔé ‘this/these’ or xéʔe ‘that/those’ as a complement and is also the only preposition that lacks corresponding LocDems.	page 29
§4.4	Reed Steiner	note	The second analytical benefit is that it provides a way of explaining the irregular morphology associated with tuxʷʔé and tuxʷéʔe, which exceptionally require nominalized remnants in focus contexts instead of subjunctive ones (for discussion, see Hall and Phillips 2024:154-155). This irregularity can be more easily explained if tuxʷʔé and tuxʷéʔe are PPs that have lexicalized into LocDems. Their lexical entries could include some arbitrary feature absent from the preposition itself, which triggers the irregular morphology.	page 29
§5	Reed Steiner	heading	5 Semantic Analysis	page 29
§5	Reed Steiner	note	Having established that LocDems are PPs, this section provides a formal semantic analysis. The immediate goals of this analysis are twofold: first, to show that the meaning of each LocDem can be derived from PPs, and second, to model how those PPs relate to the phrases they modify. The analysis builds upon the vector space semantics (VSS) of Zwarts (1997) and Zwarts and Winter (2000), and makes novel ontological claims about the relationship between eventualities and the space they occupy.	page 29
§5.1	Reed Steiner	heading	5.1 Prepositions	page 29
§5.1	Reed Steiner	language	nɬeʔkepmxcín	the language of this paper, a.k.a. Nlaka’pamux or Thompson River Salish, Northern Interior Salish, ISO 639-3 thp
§5.1	Reed Steiner	note	Prepositions in nɬeʔkepmxcín are modeled under the VSS of Zwarts (1997) and Zwarts and Winter (2000), which represents spatial objects as sets of vectors (Section 5.1.1). Locative prepositions take an input (e.g. an individual, location, or situation) and returns the characteristic function of a set of vectors, which gets type-shifted into a property of individuals or eventualities in adjunct positions (Section 5.1.3). Path prepositions similarly return the characteristic function of a set of vectors, but get type-shifted into a property of events (Section 5.1.4).	page 29
§5.1.1	Reed Steiner	heading	5.1.1 Theoretical background and approach	page 29
§5.1.1	Reed Steiner	note	In the literature on locative expressions, it is generally agreed that prepositions indicate a spatial relationship. Locative prepositions (e.g. English at, on, under) relate two objects in space: a figure (located object, locatum) and a ground (reference object, relatum, landmark) (Talmy 1985). For instance, in the English DP the cat on the table, the cat is the figure and the table is the ground. By contrast, path prepositions (e.g. toward, from) relate an event’s direction to an object: usually a source (start, beginning, origin), a goal (end, destination), or a route (intermediate path). For instance, in the English sentence they’re going from the river to the sea via the path, the river is the source of the going event, the sea is the goal, and the path is the route. The most common approach to spatial semantics involves a mixed ontology of regions (for locative PPs) and paths (for path PPs). A region is usually modeled as an atomic type (Cohn, Bennett, Gooday, and Gotts 1997; Creary, Gawron, and Nerbonne 1989) or as a set of points (Kracht 2002), but both approaches struggle to account for measured PPs (see Zwarts 1997). A path can be modeled as an atomic type (Krifka 1998), but is more often modeled as an ordered set of points (Bierwisch 1988) or as a function from an interval [0,1] to a position in a one-dimensional stretch of space (Cresswell 1978; Zwarts 2005).	page 29
§5.1.1	Reed Steiner	note	Instead, this paper uses a VSS approach to spatial semantics (Zwarts 1997; Zwarts and Winter 2000).22 A VSS approach models spatial relationships using vectors: directed line segments (Zwarts and Winter 2000).	page 30
§5.1.1	Reed Steiner	language	nɬeʔkepmxcín	the language of this paper, a.k.a. Nlaka’pamux or Thompson River Salish, Northern Interior Salish, ISO 639-3 thp
§5.1.1	Reed Steiner	note	VSS has three analytical advantages for nɬeʔkepmxcín, listed here. (i) Only VSS can com- positionally handle measured PPs like six inches above the table or twelve parsecs from the finish line (for arguments, see Zwarts 1997). nɬeʔkepmxcín does have measure phrases (Givens 2023), so VSS remains a safer bet even if the precise syntax of measure phrases in nɬeʔkepmxcín differs from Germanic languages like English and Dutch. (ii) VSS explains linguistic universals, e.g. it constrains what regions a locative expression can denote and predicts which PPs can be modified (Zwarts and Winter 2000). This makes VSS useful even for languages without measure phrases. (iii) VSS can be extended beyond spatial semantics. Applied to nɬeʔkepmxcín, this has applications for the semantics of comparatives (Davis and Mellesmoen 2019; Faller 2000) and clausal demonstratives (Huijsmans 2023; Reisinger and Huijsmans 2021). See Section 6 for further discussion.	page 30
§5.1.2	Reed Steiner	heading	5.1.2 Vectors and vector spaces	page 30
§5.1.2	Reed Steiner	note	A vector is a directed line segment; it has a magnitude (distance, length) and a direction. The location where a vector begins is its origin or starting point. The location where it ends is its endpoint.	page 30
§5.1.2	Reed Steiner	notation	⃗v	a vector
§5.1.2	Reed Steiner	notation	⃗w	a vector
§5.1.2	Reed Steiner	note	For ease, this paper assumes a semantic type of vectors, written as an up arrow ↑ to avoid confusion with Davidsonian eventualities of type v. Variables of this type are written with a rightward arrow diacritic, e.g. ⃗v or ⃗w.	page 30
§5.1.2	Reed Steiner	note	Figure 1: Visualization of a vector ⃗v from a to b.	page 30
footnote 22	Reed Steiner	note	22 The approach built upon in this paper was originally sketched by (Zwarts 1997) and formalized by Zwarts and Winter (2000), but Zwarts (2017) acknowledges O’Keefe (1996) as independently developing a similar model for cognitive map theory.	page 30, footnote
§5.1.2	Reed Steiner	name	O’Keefe	John O’Keefe, cited on vector representations of space
§5.1.2	Reed Steiner	notation	⃗U	the characteristic function of a set of vectors
§5.1.2	Reed Steiner	notation	⃗W	the characteristic function of a set of vectors
§5.1.2	Reed Steiner	note	a b ⃗v Under a VSS approach, regions are modeled using vector spaces: sets of vectors that share a common origin. A vector space can be characterized by a function of type ⟨↑, t⟩. Sets of vectors are written here as a capital letter with a rightward arrow diacritic:⃗V. Three examples are illustrated here. ⃗U is a set of vectors whose end points define the area of an arbitrary cloud- shaped region (shaded).⃗V is a set of vectors whose endpoints define the perimeter of an ellipse. ⃗W is a set of vectors with a common origin and direction, but variable magnitude. Throughout this paper, vector spaces are illustrated as shapes with dotted outlines. The vectors contained in those spaces may not be illustrated.	page 30
§5.1.2	Reed Steiner	notation	⃗V	the characteristic function of a set of vectors
§5.1.2	Reed Steiner	note	Figure 2:Illustrations of three arbitrary vector spaces⃗U, ⃗V, and ⃗W ⃗U ⃗V ⃗W As will be shown in the following sections, regions and paths can be derived from vectors and vector spaces.	page 31
§5.1.3	Reed Steiner	heading	5.1.3 Locative prepositions	page 31
§5.1.3	nɬeʔkepmxcín	cited form	ʔéye	page 31, ‘here’
§5.1.3	nɬeʔkepmxcín	cited form	cíʔe	page 31, ‘there’
§5.1.3	nɬeʔkepmxcín	cited form	ɬúʔe	page 31, ‘over there, yonder’
§5.1.3	Reed Steiner	note	Under a VSS approach, locative prepositions can be modeled as functions to vector spaces. This means they have an output of semantic type ⟨↑, t⟩. It is crucial that the vector argument of a preposition is lambda-abstracted at this stage, because this is what allows PPs to be measured, modified, or composed intersectively with another locative expression (see Zwarts 1997). The semantic type of the preposition’s input may vary. In most cases, prepositions have DP complements, assumed to be of type e (following Matthewson 1998, 2022a). However, it is also possible for all prepositions to take a locative deictic complement, like ʔéye ‘here’, cíʔe ‘there’, and ɬúʔe ‘over there, yonder’, e.g. (59)–(61).	page 31
(59) line 1	Reed Steiner	note	Context: You’re on a walk when you see sitting inside a small bush is a little bird. Your friend wants to see, but doesn’t know where to look. You point into the small bush right where the bird was sitting.	page 31, engine english
(59) line 2	nɬeʔkepmxcín	transcription	n ʔéye	page 31, engine language
(59) line 3	nɬeʔkepmxcín	segmentation	n=ʔéye	page 31, engine language
(59) line 4	nɬeʔkepmxcín	gloss	at=here	page 31, engine english
(59) line 5	nɬeʔkepmxcín	transcription	e wíkne us	page 31, engine language
(59) line 6	nɬeʔkepmxcín	segmentation	e=wík-[n]-[t]-∅-ne=us	page 31, engine residue
(59) line 7	nɬeʔkepmxcín	gloss	D/C=see-CTR-TR-3OBJ-1SG.SBJ=3SBJV	page 31, engine english
(59) line 8	Reed Steiner	translation	‘Where I saw it is right here.’	page 31, engine english, cited VF | BP 3 Jul 2025, the author's translation of the speaker's sentence
(59) line 8	Reed Steiner	citation	(VF | BP 3 Jul 2025)	the tag or source at the right of the translation
(60) line 1	Reed Steiner	note	Context: We’re driving by some houses, and Cayla wants to point out where her dad lives. Could she say this?	page 32, engine english
(60) line 2	nɬeʔkepmxcín	transcription	u cíʔe	page 32, engine language
(60) line 3	nɬeʔkepmxcín	segmentation	w=cíʔe=∅	page 32, engine language
(60) line 4	nɬeʔkepmxcín	gloss	to=there=3SBJ	page 32, engine english
(60) line 5	nɬeʔkepmxcín	transcription	ɬ cítxʷs	page 32, engine language
(60) line 6	nɬeʔkepmxcín	segmentation	ɬ=cítxʷ-s	page 32, engine language
(60) line 7	nɬeʔkepmxcín	gloss	DET=house-3POSS	page 32, engine english
(60) line 8	nɬeʔkepmxcín	transcription	nsqáczeʔ	page 32, engine language
(60) line 9	nɬeʔkepmxcín	segmentation	[e]=n-sqáczeʔ	page 32, engine language
(60) line 10	nɬeʔkepmxcín	gloss	DET=1SG.POSS-father	page 32, engine english
(60) line 11	Reed Steiner	translation	‘My father’s house is that way.’	page 32, engine english
(60) line 12	Bev Phillips	speaker comment	BP: “If you’re coming upon it.” (SF | BP 22 May 2025)	page 32, engine english
(61) line 1	Reed Steiner	note	Context: You see a bear in the distance.	page 32, engine english
(61) line 2	nɬeʔkepmxcín	transcription	w ɬúʔe	page 32, engine language
(61) line 3	nɬeʔkepmxcín	segmentation	w=ɬúʔe	page 32, engine language
(61) line 4	nɬeʔkepmxcín	gloss	to=yonder	page 32, engine english
(61) line 5	nɬeʔkepmxcín	transcription	e spéʔec	page 32, engine language
(61) line 6	nɬeʔkepmxcín	segmentation	e=s-péʔec	page 32, engine language
(61) line 7	nɬeʔkepmxcín	gloss	D/C=NMLZ-bear	page 32, engine english
(61) line 8	Reed Steiner	translation	‘A bear is over there!’	page 32, engine english, cited SF | KBG 7 May 2025, the author's translation of the speaker's sentence
(61) line 8	Reed Steiner	citation	(SF | KBG 7 May 2025)	the tag or source at the right of the translation
§5.1.3	Reed Steiner	note	Recall that these locative deictics always occur in the complement position of a preposition (Section 4). Because they can be replaced with a DP, they are likely of the same syntactic cate- gory, but because they relate to locations and have a more restricted distribution, they are likely of a different semantic type. This paper treats them as locations, modeled as sets of vectors char- acterized by functions of type ⟨↑, t⟩.	page 32
§5.1.3	Reed Steiner	language	nɬeʔkepmxcín	the language of this paper, a.k.a. Nlaka’pamux or Thompson River Salish, Northern Interior Salish, ISO 639-3 thp
§5.1.3	Reed Steiner	notation	α	a variable over individuals, locations and situations
§5.1.3	Reed Steiner	note	If it is true that DemPNs can relate to situations (see e.g. Koch 2008b; Reisinger and Hui- jsmans 2021), then all prepositions must also be equipped to take situation arguments of type s.23 To cover the full empirical landscape, locative prepositions in nɬeʔkepmxcín are mod- eled as functions of type ⟨α, ↑ t⟩, where alpha is an individual, vector space, or situation, i.e. α ∈ De ∪ D⟨↑, t⟩ ∪ Ds.	page 32
§5.1.3	Reed Steiner	note	Denotations for each locative preposition are given here. Put simply, n= ‘at, on, in’ returns the spatial representation of its complement, and t= ‘by, about’ returns the space around its com- plement below some contextually relevant distance. Path prepositions w= ‘to’ and tw= ‘from’ are left to the following subsection.	page 32
(62a) line 1	Reed Steiner	rule	Jn=K = λα ∈ De ∪ D⟨↑, t⟩ ∪ Ds.λ⃗v.⃗v∈ σ(α)	page 32, engine residue, a line of the author's formula
(62a) line 2	Reed Steiner	translation	‘Take an individual, a location, or a situation α and a vector ⃗v. Return true iff ⃗v is in the spatial trace of α.’	page 32, engine english
(62b) line 1	Reed Steiner	rule	Jt=Kc = λα ∈ De ∪ D⟨↑, t⟩ ∪ Ds.λ⃗v.Start(⃗v) ∈ σ(α) ∧ |⃗v| < Distc	page 32, engine english, a line of the author's formula
(62b) line 2	Reed Steiner	translation	‘Take an individual, location, or situation α and a vector ⃗v. Return true iff the start of ⃗v is in the spatial trace of α, and the magnitude of ⃗v is less than a contextually supplied distance.’	page 32, engine english
§5.1.3	Reed Steiner	notation	σ	the spatial trace function of Link 1998 and Krifka 1989, 1998
footnote 23	Reed Steiner	note	23 This paper uses s as a semantic type for situations, not states. Recall from an earlier footnote that Davidsonian states are treated as type v.	page 32, footnote
§5.1.3	Reed Steiner	note	In all cases, the preposition’s object must go through a function σ, which maps an input to a representative set of vectors located in space. Applied to an individual, σ returns that individual’s eigenspace (Wunderlich 1991), or its characteristic spatial representation, which can be concep- tualized intuitively like a low-resolution 3D-model of that individual composed of vectors located Figure 3: Visualizations of the denotations in (62). A shape with a dashed outline represents a set of vectors, and an encircled arrow represents a vector contained in that set. When only one bound (start or end) of an arrow is encircled, this represents that the encircled bound is contained in the set, but not necessarily the other bound. The contextually supplied distance in (62b) is represented as the radius of a circle for ease of comparison against the vector. That the endpoint of the arrow does not cross past the circumference of the circle represents that the magnitude of the vector is less than the contextually supplied distance. The colors blue and red are used arbitrarily for contrast.	page 32
§5.1.3	Reed Steiner	note	in space.24 Applied to an eventuality, σ returns a spatial trace, following Link (1998) and Krifka (1989, 1998). This use is also extended to situations, following Reisinger and Huijsmans (2021). Applied to the characteristic function of a set of vectors, σ returns the set characterized by that function.25 For illustrative purposes, denotations are given in (63) for PPs headed by each of the two loca- tive prepositions. In each case, the complement of the preposition is an individual, represented by an iconographic variable.	page 33
(63a) line 1	Reed Steiner	rule	Jn=K(Je=c̕y̓eK) = λ⃗v.⃗v∈ σ(Ǭ)	page 33, engine residue, a line of the author's formula
(63a) line 2	Reed Steiner	translation	‘Take a vector ⃗v. Return true iff ⃗v is in the eigenspace of the basket.’	page 33, engine english
(63b) line 1	Reed Steiner	rule	Jt=Kc(Je=ntəqcíntnK) = λ⃗v.Start(⃗v) ∈ σ(ʴ) ∧ |⃗v| < Distc	page 33, engine english, a line of the author's formula
(63b) line 2	Reed Steiner	translation	‘Take a vector ⃗v. Return true iff the start of ⃗v is in the eigenspace of the door, and the magnitude of ⃗v is less than a contextually supplied distance.’	page 33, engine english
§5.1.3	Reed Steiner	note	These denotations output the correct locations and spatial objects, and because the vector argu- ment is lambda-abstracted, they can be modified intersectively. This correctly predicts LocDems and PPs can compose intersectively via Predicate Modification (Heim and Kratzer 1998:65). To illustrate, the tree diagram from (56) is repeated here with semantic types.	page 33
footnote 24	Reed Steiner	note	24 This use of σ corresponds to the P function of Wunderlich (1991), the Space function of Zwarts (1997), and the Loc function of Zwarts and Winter (2000).	page 33, footnote
footnote 25	Reed Steiner	note	25 Unifying these different uses into a single σ function is not necessary, but simplifies the denotations. If σ is defined for individuals, eventualities, situations, and locations, but is undefined for any other type of input, then each preposition needs only one denotation.	page 33, footnote
§5.1.3	Reed Steiner	note	Figure 4: Visualizations of the denotations in (63). For each illustration, the dashed line in the shape of the complement of the preposition represents that object’s eigenspace (i.e. its characteristic spatial representation modeled as a set of vectors originating from a single source). The red arrow represents a lambda-abstracted vector contained in the object’s eigenspace. The blue circle represents the distance at which an object is considered nearby, which is dependent on the context.	page 34
(64) line 1	Reed Steiner	rule	PP	page 34, engine residue
(64) line 2	Reed Steiner	rule	⟨↑, t⟩	page 34, engine residue
(64) line 3	Reed Steiner	rule	PP	page 34, engine residue
(64) line 4	Reed Steiner	rule	⟨↑, t⟩	page 34, engine residue
(64) line 5	Reed Steiner	rule	néʔe	page 34, engine language
(64) line 6	Reed Steiner	rule	LOC.DEM	page 34, engine english
(64) line 7	Reed Steiner	rule	PP	page 34, engine residue
(64) line 8	Reed Steiner	rule	⟨↑, t⟩	page 34, engine residue
(64) line 9	Reed Steiner	rule	P	page 34, engine residue
(64) line 10	Reed Steiner	rule	⟨α, ↑ t⟩	page 34, engine residue
(64) line 11	Reed Steiner	rule	n=	page 34, engine residue
(64) line 12	Reed Steiner	rule	at	page 34, engine residue
(64) line 13	Reed Steiner	rule	DP	page 34, engine residue
(64) line 14	Reed Steiner	rule	e	page 34, engine residue
(64) line 15	Reed Steiner	rule	e=típl	page 34, engine language
(64) line 16	Reed Steiner	rule	‘the table’	page 34, engine english
§5.1.3	Reed Steiner	note	Verbs that require PP complements select a PP of type ⟨↑, t⟩, without any further semantic machinery or type-shifting. The vector argument is lambda-abstracted, so the verb can apply additional functions to this argument. If PPs did not have a lamba-abstracted vector argument, the verb would be unable to access it.	page 34
§5.1.3	nɬeʔkepmxcín	cited form	tmíxʷs	page 34
§5.1.3	nɬeʔkepmxcín	cited form	nɬeʔképmx	page 34, ‘on nɬeʔkepmx land’
§5.1.3	nɬeʔkepmxcín	cited form	nɬeʔkepmx	page 34
§5.1.3	nɬeʔkepmxcín	cited form	peɬúskʷu	page 34, ‘lake’
§5.1.3	nɬeʔkepmxcín	cited form	típl	page 34
§5.1.3	nɬeʔkepmxcín	cited form	q̓ʷicút	page 34, ‘dance’
§5.1.3	Reed Steiner	note	Although treating PPs as type ⟨↑, t⟩ allows for compositional measurement and modification, it does not allow PPs to be predicates, nor does it allow PPs to adjoin to nouns or verbs. In (65), the PP ne tmíxʷs e nɬeʔképmx ‘on nɬeʔkepmx land’ modifies the complex nominal predicate peɬúskʷu ‘lake’. There is no verb in this sentence for the PP to modify. In (66), the PP ne típl modifies the verbal predicate q̓ʷicút ‘dance’.	page 34
(65) line 1	nɬeʔkepmxcín	transcription	peɬúskʷu	page 34, engine language
(65) line 2	nɬeʔkepmxcín	segmentation	peɬús-kʷu=∅	page 34, engine language
(65) line 3	nɬeʔkepmxcín	gloss	lake-water=3SBJ	page 34, engine english
(65) line 4	nɬeʔkepmxcín	transcription	xéʔe	page 34, engine language
(65) line 5	nɬeʔkepmxcín	segmentation	xéʔe	page 34, engine language
(65) line 6	nɬeʔkepmxcín	gloss	DIST	page 34, engine english
(65) line 7	nɬeʔkepmxcín	transcription	e nicola lake	page 34, engine english
(65) line 8	nɬeʔkepmxcín	segmentation	e=nicola lake	page 34, engine english
(65) line 9	nɬeʔkepmxcín	gloss	DET=nicola lake	page 34, engine english
(65) line 10	nɬeʔkepmxcín	transcription	ne tmíxʷs	page 34, engine language
(65) line 11	nɬeʔkepmxcín	segmentation	n=e=tmíxʷ-s	page 34, engine language
(65) line 12	nɬeʔkepmxcín	gloss	at=DET=land-3POSS	page 34, engine english
(65) line 13	nɬeʔkepmxcín	transcription	e nɬeʔképmx	page 34, engine language
(65) line 14	nɬeʔkepmxcín	segmentation	e=nɬeʔképmx	page 34, engine language
(65) line 15	nɬeʔkepmxcín	gloss	DET=nɬeʔképmx	page 34, engine language
(65) line 16	Reed Steiner	translation	‘Nicola Lake is a lake on nɬeʔkepmx land.’	page 34, engine english, cited SF | BP 30 Oct 2025, the author's translation of the speaker's sentence
(65) line 16	Reed Steiner	citation	(SF | BP 30 Oct 2025)	the tag or source at the right of the translation
(66) line 1	nɬeʔkepmxcín	transcription	xéʔe	page 35, engine language
(66) line 2	nɬeʔkepmxcín	segmentation	xéʔe	page 35, engine language
(66) line 3	nɬeʔkepmxcín	gloss	DEM	page 35, engine english
(66) line 4	nɬeʔkepmxcín	transcription	tk ƛ̓uʔsqáyxʷ	page 35, engine language
(66) line 5	nɬeʔkepmxcín	segmentation	t=k=ƛ̓uʔsqáyxʷ	page 35, engine language
(66) line 6	nɬeʔkepmxcín	gloss	OBL=DET=man	page 35, engine english
(66) line 7	nɬeʔkepmxcín	transcription	wɬə scíqʷ	page 35, engine language
(66) line 8	nɬeʔkepmxcín	segmentation	w=ɬ=s-cíqʷ	page 35, engine language
(66) line 9	nɬeʔkepmxcín	gloss	to=DET.REM=NMLZ-red	page 35, engine english
(66) line 10	nɬeʔkepmxcín	transcription	te nƛ̓píc̕e	page 35, engine language
(66) line 11	nɬeʔkepmxcín	segmentation	t=e=nƛ̓píc̕e	page 35, engine language
(66) line 12	nɬeʔkepmxcín	gloss	OBL=DET=shirt	page 35, engine english
(66) line 13	nɬeʔkepmxcín	transcription	ʔéx ekʷu	page 35, engine language
(66) line 14	nɬeʔkepmxcín	segmentation	ʔéx=∅=ekʷu	page 35, engine language
(66) line 15	nɬeʔkepmxcín	gloss	IPFV=3SBJ=RPRT	page 35, engine english
(66) line 16	nɬeʔkepmxcín	transcription	xéʔe	page 35, engine language
(66) line 17	nɬeʔkepmxcín	segmentation	xéʔe	page 35, engine language
(66) line 18	nɬeʔkepmxcín	gloss	DEM	page 35, engine english
(66) line 19	nɬeʔkepmxcín	transcription	q̓ʷicút	page 35, engine language
(66) line 20	nɬeʔkepmxcín	segmentation	q̓ʷi-t-sút	page 35, engine language
(66) line 21	nɬeʔkepmxcín	gloss	dance-TR-REFL	page 35, engine english
(66) line 22	nɬeʔkepmxcín	transcription	ne típl	page 35, engine language
(66) line 23	nɬeʔkepmxcín	segmentation	n=e=típl	page 35, engine language
(66) line 24	nɬeʔkepmxcín	gloss	at=DET=table	page 35, engine english
(66) line 25	Reed Steiner	translation	‘That man with the red shirt reportedly danced on the table.’	page 35, engine english, cited SF | BP 14 Aug 2025, the author's translation of the speaker's sentence
(66) line 25	Reed Steiner	citation	(SF | BP 14 Aug 2025)	the tag or source at the right of the translation
§5.1.3	Reed Steiner	note	For locative PPs to modify nouns and verbs, they must be type-shifted into a characteristic function of individuals (type ⟨e, t⟩) or eventualities (type ⟨v, t⟩) respectively. The locative type-shift is formalized here as ‘Located’, adapted from the antilocation function of Zwarts and Winter (2000).26 It takes the characteristic function of a set of vectors, and returns the characteristic function of individuals or events located at the end of those vectors.27	page 35
(67) line 1	Reed Steiner	rule	Located = λ⃗V λα ∈ De ∪ Dv.∃ ⃗w∈ σ(α)[∃⃗v[⃗V (⃗v) ∧ End(⃗v) = End( ⃗w)]]	page 35, engine residue, a line of the author's formula
(67) line 2	Reed Steiner	translation	‘Take a characteristic function of a set of vectors⃗V and an individual or eventualityα. Return true iff there exist a vector⃗win the spatial trace ofα and a vector⃗vin ⃗V such that the endpoint of ⃗w equals the endpoint of ⃗v.’	page 35, engine english
§5.1.3	Reed Steiner	note	As formalized here, a PP can be type-shifted into type ⟨e, t⟩ or type ⟨v, t⟩. To illustrate, formalizations of both PPs are given here. The bolded PP in (65) is formalized in (68). First, the preposition n= ‘at, on, in’ is repeated from (62) in (68a). Then, it takes the DP e tmíxʷs e nɬeʔképmx ‘nɬeʔképmx land’ as a complement and returns a set of vectors that characterizes the land’s location and spatial representation, like a 3D model on a coordinate grid (68b). From here, the locative type-shift from (67) is introduced in (68c). It composes with the PP and returns a function of type ⟨e, t⟩ or ⟨v, t⟩ (68d). The nominal predicate that the PP modifies is given in (68e). The type-shifted PP and the nominal predicate compose via predicate modification, resulting in the set of lakes whose spatial representation is contained in the endpoints of the spatial representation of the land (68f). Such a denotation is likely overkill for most purposes, so the details are abstracted in the final step. The ‘At’ function corresponds to the denotation in (68a).	page 35
(68a) line 1	Reed Steiner	rule	Jn=K = λα ∈ De ∪ D⟨↑, t⟩ ∪ Ds.λ⃗v.⃗v∈ σ(α)	page 35, engine residue, a line of the author's formula
(68a) line 2	Reed Steiner	translation	‘Take an individual, location, or situation α and a vector ⃗v. Return true iff ⃗v is in the spatial representation of α.’	page 35, engine english
footnote 26	Reed Steiner	note	26 Zwarts and Winter use the labelanti-location, or Loc-, to parallel this type-shifting function with the eigenspace function, which they call Loc. However, this paper bundles the eigenspace function with the spacial trace function σ, so the parallel is lost. Without that parallel, a label like ‘anti-location’ becomes confusing: the location is not lost; it is just repackaged as a locative relationship rather than a purely spatial object. A label like Loc is even more confusing: not only does it risk confusion with the eigenspace function from Zwarts and Winter (2000), but it also risks confusion with the thematic role in neo-Davidsonian formulas (e.g. Parsons 1990). Although the label ‘Located’ is admittedly wordy, it is similar to the original and risks less confusion.	page 35, footnote
footnote 27	Reed Steiner	note	27 In the formula description, the term ‘spatial trace’ is used indefinitely to refer to any set of vectors output by σ, including eigenspaces.	page 35, footnote
§5.1.3	Reed Steiner	note	Figure 5: A visualization of the function in (67). The intuitive concept of ‘contact’ is modeled as the intersection of two eigenspaces (spatial representations) in at least one spatial point. This can be conceptualized as each object having its own 3D coordinate grid, with its own origin point at (0,0,0). All points in that object’s spatial representation are endpoints of some vector originating from that point. For two eigenspaces with two different coordinate grids to share a point, there must be at least one vector in each set which shares an endpoint with a corresponding vector in the other set.	page 36, a figure caption
(68b) line 1	Reed Steiner	rule	Jn=K(Je tmíxʷs e nɬeʔképmxK) = λ⃗v.⃗v∈ σ(̨)	page 36, engine residue, a line of the author's formula
(68b) line 2	Reed Steiner	translation	‘Take a vector ⃗v. Return true iff ⃗v is in the spatial representation of nɬeʔképmx land.’	page 36, engine english
(68c) line 1	Reed Steiner	rule	Located = λ⃗V λα ∈ De ∪ Dv.∃ ⃗w∈ σ(α)[∃⃗v[⃗V (⃗v) ∧ End(⃗v) = End( ⃗w)]]	page 36, engine english, a line of the author's formula
(68c) line 2	Reed Steiner	translation	‘Take a characteristic function of a set of vectors⃗V and an individual or eventualityα. Return true iff there exist a vector⃗win the spatial trace ofα and a vector⃗vin ⃗V such that the endpoint of ⃗w equals the endpoint of ⃗v.’	page 36, engine english
(68d) line 1	Reed Steiner	rule	Located(Jne tmíxʷs e nɬeʔképmxK) = λα ∈ De ∪ Dv.∃ ⃗w∈ σ(α)[∃⃗v[⃗v∈ σ(̨) ∧	page 36, engine english, a line of the author's formula
(68d) line 2	Reed Steiner	rule	End(⃗v) = End( ⃗w)]]	page 36, engine residue, a line of the author's formula
(68d) line 3	Reed Steiner	translation	‘Take an individual or eventuality α. Return true iff there exist a vector ⃗w in the spatial trace of α and a vector ⃗v in nɬeʔképmx land such that the endpoint of ⃗w equals the endpoint of ⃗v.’	page 36, engine english
(68e) line 1	Reed Steiner	rule	JpeɬúskʷuK = λx ∈ De.Lake(x)	page 36, engine residue, a line of the author's formula
(68e) line 2	Reed Steiner	translation	‘Take an individual x. Return true iff x is a lake.’	page 36, engine english
(68f) line 1	Reed Steiner	rule	Jpeɬúskʷu ne tmíxʷs e nɬeʔképmxK = λx ∈ De.Lake(x)∧∃ ⃗w∈ σ(x)[∃⃗v[⃗v∈ σ(̨)∧	page 36, engine residue, a line of the author's formula
(68f) line 2	Reed Steiner	rule	End(⃗v) = End( ⃗w)]]	page 36, engine residue, a line of the author's formula
(68f) line 3	Reed Steiner	translation	‘Take an individual x. Return true iff x is a lake and there exists a vector ⃗w in the spatial trace of x and a vector ⃗v in nɬeʔképmx land such that the endpoint of ⃗w equals the endpoint of ⃗v.’	page 36, engine english
(68g) line 1	Reed Steiner	rule	= λx ∈ De.Lake(x) ∧ Located(At(̨))]	page 36, engine english, a line of the author's formula
(68g) line 2	Reed Steiner	translation	‘Take an individual x. Return true iff x is a lake and is located at nɬeʔképmx land.’	page 36, engine english
§5.1.3	Reed Steiner	note	A similar approach works for the PP in (66). First, the preposition n= ‘at, on, in’ is repeated from (62) in (69a). Then, it takes the DP e típl ‘the table’ as a complement and returns a set of vectors that characterizes the table’s location and spatial representation (69b). From here, the same locative type-shift from (67) is introduced in (69c). It composes with the PP and returns a function of type ⟨e, t⟩ or ⟨v, t⟩ (69d). This time, an eventive predicate is given in (69e). The type-shifted PP and the verbal predicate compose via event identification (Kratzer 1996:122), resulting in the set of eventualities whose spatial trace is contained in the endpoints of the spatial representation of the table (69f). The details are abstracted in the final step.	page 36
(69a) line 1	Reed Steiner	rule	Jn=K = λα ∈ De ∪ D⟨↑, t⟩ ∪ Ds.λ⃗v.⃗v∈ σ(α)	page 37, engine residue, a line of the author's formula
(69a) line 2	Reed Steiner	translation	‘Take an individual, location, or situation α and a vector ⃗v. Return true iff ⃗v is in the spatial trace of α.’	page 37, engine english
(69b) line 1	Reed Steiner	rule	Jn=K(Je típlK) = λ⃗v.⃗v∈ σ(͋)	page 37, engine english, a line of the author's formula
(69b) line 2	Reed Steiner	translation	‘Take a vector ⃗v. Return true iff ⃗v is in the eigenspace of the table.’	page 37, engine english
(69c) line 1	Reed Steiner	rule	Located = λ⃗V λα ∈ De ∪ Dv.∃ ⃗w∈ σ(α)[∃⃗v[⃗V (⃗v) ∧ End(⃗v) = End( ⃗w)]]	page 37, engine english, a line of the author's formula
(69c) line 2	Reed Steiner	translation	‘Take a characteristic function of a set of vectors⃗V and an individual or eventualityα. Return true iff there exists a vector⃗win the spatial trace ofα and a vector⃗vin ⃗V such that the endpoint of ⃗w equals the endpoint of ⃗v.’	page 37, engine english
(69d) line 1	Reed Steiner	rule	Located(Jne típlK) = λα ∈ De ∪ Dv.∃ ⃗w∈ σ(α)[∃⃗v[⃗v∈ σ(͋) ∧ End(⃗v) = End( ⃗w)]]	page 37, engine english, a line of the author's formula
(69d) line 2	Reed Steiner	translation	‘Take an individual or eventuality α. Return true iff there exists a vector ⃗w in the spatial trace of α and a vector ⃗v in the eigenspace of the table such that the endpoint of ⃗w equals the endpoint of ⃗v.’	page 37, engine english
(69e) line 1	Reed Steiner	rule	Jq̓ʷicútK = λx ∈ Deλe ∈ Dv.Dance(e) ∧ Agent(e) = x	page 37, engine english, a line of the author's formula
(69e) line 2	Reed Steiner	translation	‘Take an individual x and an event e. Return true iff e is a dancing event and the agent of the event is x.’	page 37, engine english
(69f) line 1	Reed Steiner	rule	Jq̓ʷicút ne típlK = λx ∈ Deλe ∈ Dv.Dance(e) ∧ Agent(e) = x ∧ ∃ ⃗w∈ σ(x)[∃⃗v[⃗v∈	page 37, engine english, a line of the author's formula
(69f) line 2	Reed Steiner	rule	σ(͋) ∧ End(⃗v) = End( ⃗w)]]	page 37, engine residue, a line of the author's formula
(69f) line 3	Reed Steiner	translation	‘Take an individual x and an event e. Return true iff e is a dancing event and the agent of the event is x, and there exists a vector ⃗w in the spatial trace of α and a vector ⃗v in the eigenspace of the table such that the endpoint of ⃗w equals the endpoint of ⃗v.’	page 37, engine english
(69g) line 1	Reed Steiner	rule	= λx ∈ Deλe ∈ Dv.Dance(e) ∧ T heme(e) = x ∧ Located(At(͋))]	page 37, engine english, a line of the author's formula
(69g) line 2	Reed Steiner	translation	‘Take an individual x. Return true iff e is a dancing event and the theme of the event is x, and e is located at the table.’	page 37, engine english
§5.1.3	nɬeʔkepmxcín	cited form	(u)ʔéx	page 37, ‘be’
§5.1.3	Reed Steiner	note	The important takeaway is that the same type-shifting operation can be used for PPs adjoined to nominal or verbal predicates. Such an approach is analytically useful because it explains why some speakers do not allow PP predicates. By default, PPs are not of type ⟨v, t⟩, and must be type-shifted to modify verbs. Speakers who reject PP predicates only have access to this type- shift in adjunct positions.28 Speakers who allow PP predicates either generalize this type-shift to predicate positions, or they have a null allomorph of the predicate (u)ʔéx ‘be’, which hosts the PP.	page 37
footnote 28	Reed Steiner	note	28 If this type-shift is constrained by syntactic position, it may be more accurate to analyze it as a silent operator. The silent operator could be a null allomorph of the oblique proclitic t=, which is consistently required for adjunction elsewhere in the grammar.	page 37, footnote
§5.1.3	Reed Steiner	note	Figure 6: Visualizations of the denotations in (62) after undergoing the requisite type shift. The dashed circle in blue represents the spatial trace of α, i.e. whichever individual or eventuality the type-shifted PP modifies. The red and blue arrows pointing at one another represent vectors contained in their respective vector spaces that share a common endpoint.	page 38
§5.1.4	Reed Steiner	heading	5.1.4 Path prepositions	page 38
§5.1.4	Reed Steiner	note	Denotations for each of the two path prepositions are given in (70). Put simply, w= ‘to, toward’ returns a direction ending at its complement, and tw= ‘from’ returns a direction originating from its complement.	page 38
(70a) line 1	Reed Steiner	rule	Jw=K = λα ∈ De ∪ D⟨↑, t⟩ ∪ Ds.λ⃗v.End(⃗v) ∈ σ(α)	page 38, engine residue, a line of the author's formula
(70a) line 2	Reed Steiner	translation	‘Take an individual, location, or situation α and a vector ⃗v. Return true iff the end of ⃗v is in the spatial representation of α.’	page 38, engine english
(70b) line 1	Reed Steiner	rule	Jtw=K = λα ∈ De ∪ D⟨↑, t⟩ ∪ Ds.λ⃗v.Start(⃗v) ∈ σ(α)	page 38, engine english, a line of the author's formula
(70b) line 2	Reed Steiner	translation	‘Take an individual, location, or situation α and a vector ⃗v. Return true iff the start of ⃗v is in the spatial representation of α.’	page 38, engine english
§5.1.4	Reed Steiner	note	Figure 7: Visualizations of the denotations in (70). Only one bound of each vector is contained in the respective encircling set.	page 38
§5.1.4	Reed Steiner	note	In (71), the function corresponding to each path preposition is applied to an individual, rep- resented by an iconographic variable. In (71a), this returns the characteristic function of a set of vectors ending in the spatial representation of the tree. In (71b), this returns the characteristic function of a set of vectors starting in the spatial representation of the house.	page 38
(71a) line 1	Reed Steiner	rule	Jw=K(Je=sɣǝ́pK) = λ⃗v.End(⃗v) ∈ σ(ƀ)	page 39, engine english, a line of the author's formula
(71a) line 2	Reed Steiner	translation	‘Take a vector ⃗v. Return true iff the end of ⃗v is in the spatial representation of the tree.’	page 39, engine english
(71b) line 1	Reed Steiner	rule	Jtw=K(Jn-cítxʷK) = λαλ⃗v.Start(⃗v) ∈ σ(P)	page 39, engine english, a line of the author's formula
(71b) line 2	Reed Steiner	translation	‘Take a vector ⃗v. Return true iff the start of ⃗v is in the spatial representation of my house.’	page 39, engine english
§5.1.4	Reed Steiner	note	Figure 8: Visualizations of the denotations in (71). In each case, only one bound of the vector is contained in the eigenspace of the complement of the preposition.	page 39
§5.1.4	Reed Steiner	note	The type-shifting operation used for locative PPs does not work for path PPs. Unlike locative PPs, path PPs constrain the direction an event unfolds. In (72), the PP tue squamish ‘from Squamish’ constrains where the event begins, and the PP we whistler ‘to Whistler’ constrains where it ends. If the event direction were reversed, this sentence would be false, even though the spatial trace of the event still occupies the same physical space. Locative PPs have no such restriction; so long as the entire event is located relative to the ground, its direction does not matter, if it even has one.	page 39
(72) line 1	nɬeʔkepmxcín	transcription	xʷúy̓	page 39, engine residue
(72) line 2	nɬeʔkepmxcín	segmentation	xʷúy̓=∅	page 39, engine language
(72) line 3	nɬeʔkepmxcín	gloss	PROSP=3SBJ	page 39, engine english
(72) line 4	nɬeʔkepmxcín	transcription	xʷesít	page 39, engine language
(72) line 5	nɬeʔkepmxcín	segmentation	xʷesít	page 39, engine language
(72) line 6	nɬeʔkepmxcín	gloss	walk	page 39, engine residue
(72) line 7	nɬeʔkepmxcín	transcription	nsnúk̕ʷeʔ	page 39, engine language
(72) line 8	nɬeʔkepmxcín	segmentation	n-s-núk̕ʷeʔ	page 39, engine language
(72) line 9	nɬeʔkepmxcín	gloss	1SG.POSS-NMLZ-friend	page 39, engine english
(72) line 10	nɬeʔkepmxcín	transcription	tue squamish	page 39, engine english
(72) line 11	nɬeʔkepmxcín	segmentation	tw=e=squamish	page 39, engine english
(72) line 12	nɬeʔkepmxcín	gloss	from=DET=Squamish	page 39, engine english
(72) line 13	nɬeʔkepmxcín	transcription	we whistler	page 39, engine english
(72) line 14	nɬeʔkepmxcín	segmentation	w=e=whistler	page 39, engine english
(72) line 15	nɬeʔkepmxcín	gloss	to=DET=Whistler	page 39, engine english
(72) line 16	Reed Steiner	translation	‘My friend is gonna walk from Squamish to Whistler.’	page 39, engine english, cited VF | BP 25 Mar 2026, the author's translation of the speaker's sentence
(72) line 16	Reed Steiner	citation	(VF | BP 25 Mar 2026)	the tag or source at the right of the translation
§5.1.4	Reed Steiner	note	Applying the locative type-shift from (67) to a path preposition incorrectly predicts that the PP relates to a location rather than a path. Applied to w= ‘to, toward’ , it incorrectly locates the spatial trace of the event at a single point (the goal). Applied to tw= ‘from’, it requires only that there are vectors between the eventuality and the preposition’s complement. This is trivially true, since between any two points there is a line in Euclidean geometry. The sad face h indicates that the illustrative formula returns undesired results.	page 39
(73) line 1	Reed Steiner	note	Locative type-shift applied to path PPs (for illustrative purposes only)	page 39, engine english, a line of the author's formula
(73a) line 1	Reed Steiner	rule	Located(Jwe sqʷəmK) = λα ∈ De ∪ Dv.∀p ∈ σ(α)[∃⃗v[End(⃗v) ∈ σ(ί) ∧ End(⃗v) =	page 39, engine english, a line of the author's formula
(73a) line 2	Reed Steiner	rule	p]]	page 39, engine residue, a line of the author's formula
(73a) line 3	Reed Steiner	translation	h ‘Take an object α from the domain of individuals or events. Return true iff all points in the spatial trace of α are the endpoint of a vector whose endpoint is in the eigenspace of the mountain.’	page 40, the paraphrase of (73a) over three lines. h is the frowning face ☹ of the page
(73b) line 1	Reed Steiner	rule	Located(Jtu ncítxʷK) = λα ∈ De ∪ Dv.∀p ∈ σ(α)[∃⃗v[Start(⃗v) ∈ σ(P) ∧ End(⃗v) =	page 40, engine english, a line of the author's formula
(73b) line 2	Reed Steiner	rule	p]]	page 40, engine residue, a line of the author's formula
(73b) line 3	Reed Steiner	translation	h ‘Take a set of vectors characterized by ⃗W and an object α from the domain of individuals or events. Return true iff all points in the spatial trace of α are the endpoint of a vector which starts in the eigenspace of my house.’	page 40, the paraphrase of (73b) over three lines. h is the frowning face ☹ of the page
§5.1.4	Reed Steiner	note	Instead, a separate path type-shifting function ‘Follows’ is formalized in (74). Put simply, it takes a direction and returns an event that follows in that direction. I assume a function Direction of type ⟨v, ↑⟩, which returns the average direction of an event as a single vector.	page 40
(74) line 1	Reed Steiner	rule	F ollows = λ⃗V λe ∈ Dv.∃⃗v[⃗V (⃗v) ∧ Direction(e) = ⃗v]	page 40, engine english, a line of the author's formula
(74) line 2	Reed Steiner	translation	‘Take the characteristic function of a set of vectors⃗V and an evente. Return true iff there exists a vector⃗vin the set characterized by⃗V equal to the average direction ofe ’	page 40, engine english
§5.1.4	Reed Steiner	notation	⃗v	a vector
§5.1.4	Reed Steiner	note	Figure 9: A visualization of the denotation in (74). The squiggly dashed black line represents the actual path in which the event unfolds. The red arrow ⃗v represents the average direction of that squiggly line, which is contained in the set⃗V.	page 40
§5.1.4	nɬeʔkepmxcín	cited form	nés	page 40, ‘go’
§5.1.4	Reed Steiner	note	Because this type-shift does not reference endpoints or starting points in particular, it is com- patible with source and goal PPs alike. This is shown first with the goal PP we whistler ‘to whistler’, represented in (75a). In (75b), the path type-shift is repeated from (74). It is applied to the PP in . In (75d), the intransitive predicate nés ‘go’ is introduced. It composes with the type- shifted PP via event identification in (75e). For most purposes, this level of detail is unnecessary, so the locative semantics are abstracted in (75f), where ‘To’ represents the semantics of w= ‘to’ given in (70).	page 40
(75a) line 1	Reed Steiner	rule	Jwe whistlerK = λ⃗v.End(⃗v) ∈ σ(ί)	page 40, engine english, a line of the author's formula
(75a) line 2	Reed Steiner	translation	‘Take a vector ⃗v. Return true iff the end of the vector is in the eigenspace of Whistler.’	page 40, engine english
(75b) line 1	Reed Steiner	rule	F ollows = λ⃗V λe ∈ Dv.∃⃗v[⃗V (⃗v) ∧ Direction(e) = ⃗v]	page 40, engine english, a line of the author's formula
(75b) line 2	Reed Steiner	translation	‘Take the characteristic function of a set of vectors⃗V and an evente. Return true iff there exists a vector⃗vin the set characterized by⃗V equal to the average direction of e’	page 40, engine english
(75c) line 1	Reed Steiner	rule	F ollows(wewhislter ) = λe ∈ Dv.∃⃗v[End(⃗v) ∈ σ(ί) ∧ Direction(e) = ⃗v]	page 41, engine english, a line of the author's formula
(75c) line 2	Reed Steiner	translation	‘Take an event e. Return true iff there exists a vector ⃗v ending at whistler equal to the average direction of e ’	page 41, engine english
(75d) line 1	Reed Steiner	rule	JnésK = λx ∈ De.λe ∈ Dv.Go(e) ∧ T heme(e) = x	page 41, engine english, a line of the author's formula
(75d) line 2	Reed Steiner	translation	‘Take an individual x and an event e. Return true iff e is a going event and x is its theme.’	page 41, engine english
(75e) line 1	Reed Steiner	rule	Jnés we whistlerK = λx ∈ De.λe ∈ Dv.Go(e) ∧ T heme(e) = x ∧ ∃⃗v[End(⃗v) ∈	page 41, engine english, a line of the author's formula
(75e) line 2	Reed Steiner	rule	σ(ί) ∧ Direction(e) = ⃗v]	page 41, engine english, a line of the author's formula
(75e) line 3	Reed Steiner	translation	‘Take an event e. Return true iff e is a going event and x is its theme, and there exists a vector ⃗v ending at whistler equal to the average direction of e ’	page 41, engine english
(75f) line 1	Reed Steiner	rule	= λx ∈ Deλe ∈ Dv.Go(e) ∧ T heme(e) = x ∧ F ollows(T o(ί)) (e)	page 41, engine english, a line of the author's formula
(75f) line 2	Reed Steiner	translation	‘Take an individual x and an event e. Return true iff e is a going event and x is its theme, and e follows to the mountain.’	page 41, engine english
§5.1.4	Reed Steiner	note	Figure 10: A visualization of the denotation in (75e). The squiggly dashed black line represents the actual path in which the event unfolds. The red arrow ⃗v represents the average direction of the event. Its endpoint is contained in the eigenspace of Whistler, represented by a dashed triangle.	page 41
§5.1.4	Reed Steiner	note	A source PP works in the same manner. An example PP is given in (76a), then type-shifted in (76b) and composed with the predicate via event identification in (76c). Details are abstracted away in (76d), where ‘From’ corresponds to the denotation of tw= ‘from’ given in (70).	page 41
(76a) line 1	Reed Steiner	rule	Jtu ncítxʷK = λ⃗v.Start(⃗v) ∈ σ(P)	page 41, engine english, a line of the author's formula
(76a) line 2	Reed Steiner	translation	‘Take a vector ⃗v. Return true iff the end of the vector is in the eigenspace of my house.’	page 41, engine english
(76b) line 1	Reed Steiner	rule	F ollows(Jtu ncítxʷK) = λe ∈ Dv.∃⃗v[Start(⃗v) ∈ σ(P) ∧ Direction(e) = ⃗v]	page 41, engine english, a line of the author's formula
(76b) line 2	Reed Steiner	translation	‘Take an event e. Return true iff there exists a vector ⃗v starting in the eigenspace of my house equal to the average direction of e.’	page 41, engine english
(76c) line 1	Reed Steiner	rule	Jnés tu ncítxʷK = F ollows(Jtu ncítxʷK) = λx ∈ De.λe ∈ Dv.Go(e) ∧ T heme(e) =	page 41, engine english, a line of the author's formula
(76c) line 2	Reed Steiner	rule	x ∧ ∃⃗v[Start(⃗v) ∈ σ(P) ∧ Direction(e) = ⃗v]	page 41, engine english, a line of the author's formula
(76c) line 3	Reed Steiner	translation	‘Take an event e. Return true iff e is a going event and x is its theme, and there exists a vector ⃗v starting in the eigenspace of my house equal to the average direction of e.’	page 41, engine english
(76d) line 1	Reed Steiner	rule	= λx ∈ De.λe ∈ Dv.Go(e) ∧ T heme(e) = x ∧ F ollows(F rom(P)) (e)	page 41, engine english, a line of the author's formula
(76d) line 2	Reed Steiner	translation	‘Take an individual x and an event e. Return true iff e is a going event and x is its theme, and e follows the path from my house.’	page 41, engine english
§5.1.4	Reed Steiner	note	Figure 11: A visualization of the denotation in (76c). The squiggly dashed black line represents the actual path in which the event unfolds. The red arrow ⃗v represents the average direction of the event. Its origin is contained in the eigenspace of the house, represented by the dashed house shape.	page 42
§5.1.4	Reed Steiner	language	nɬeʔkepmxcín	the language of this paper, a.k.a. Nlaka’pamux or Thompson River Salish, Northern Interior Salish, ISO 639-3 thp
§5.1.4	Reed Steiner	note	This approach guarantees that the event progresses in the direction of the PP regardless of how ‘squiggly’ its path gets. It does so without reference to an independent time variable, which means it can be generalized to cases of fictive motion like ‘the trees go along the river’ or ‘the crack widens toward the end’. Whether such constructions exist in nɬeʔkepmxcín remains to be tested, but the theoretical machinery is robust enough to handle such cases if so.	page 42
§5.2	Reed Steiner	heading	5.2 The deictic component	page 42
§5.2	nɬeʔkepmxcín	cited form	ʔé	page 42
§5.2	nɬeʔkepmxcín	cited form	éʔe	page 42
§5.2	Reed Steiner	note	The semantics of prepositions developed thus far can be extended easily to LocDems; all that is needed is some sort of complement that encodes deictic distance: a proximal complement ʔé and a distal complement éʔe. For the sake of this paper, I assume that the ʔé and éʔe of LocDems have roughly equivalent semantics to the ʔé and éʔe of DemPNs. Confirming this hypothesis requires a more in-depth investigation of the rest of the deictic paradigm, which is beyond the scope of this paper.	page 42
§5.2	Reed Steiner	note	In this section only, proximal and distal DemPNs will be glossed as PROX and DIST respec- tively, whereas LocDems will be segmented into a preposition and a deictic component, for ease of reading. Locative deictics will continue to be glossed with a translation to avoid confusion.	page 42
§5.2.1	Reed Steiner	heading	5.2.1 Proximal demonstratives	page 42
§5.2.1	Reed Steiner	note	Proximal demonstratives indicate that the referent is near the speaker, usually within reach. Prox- imal LocDems and DemPNs alike are unacceptable if the referent is too far away in physical space.	page 42
(77) line 1	Reed Steiner	note	Context: Yvonne and Xavier enter a new room, and Yvonne notices a cat is asleep at the other end. She thinks he looks cute, so she points him out to Xavier.	page 42, engine english
(77a) line 1	nɬeʔkepmxcín	transcription	kʷén̕ete	page 42, engine language
(77a) line 2	nɬeʔkepmxcín	segmentation	kʷén̕-n-t-∅-e=∅	page 42, engine residue
(77a) line 3	nɬeʔkepmxcín	gloss	look-CTR-TR-3OBJ-IMP=3SBJ	page 42, engine english
(77a) line 4	nɬeʔkepmxcín	transcription	xéʔe	page 42, engine language
(77a) line 5	nɬeʔkepmxcín	segmentation	xéʔe	page 42, engine language
(77a) line 6	nɬeʔkepmxcín	gloss	DIST	page 42, engine english
(77a) line 7	nɬeʔkepmxcín	transcription	ʔéx	page 42, engine language
(77a) line 8	nɬeʔkepmxcín	segmentation	[e]=ʔex=∅	page 42, engine residue
(77a) line 9	nɬeʔkepmxcín	gloss	D/C=IPFV=3SBJ	page 42, engine english
(77a) line 10	nɬeʔkepmxcín	transcription	ʕʷóy̓t	page 42, engine language
(77a) line 11	nɬeʔkepmxcín	segmentation	ʕʷóy̓-t	page 42, engine language
(77a) line 12	nɬeʔkepmxcín	gloss	sleep-INTR	page 42, engine english
(77a) line 13	nɬeʔkepmxcín	transcription	e pús	page 42, engine language
(77a) line 14	nɬeʔkepmxcín	segmentation	e=pús	page 42, engine language
(77a) line 15	nɬeʔkepmxcín	gloss	DET=cat	page 42, engine english
(77a) line 16	Reed Steiner	translation	‘Look at that; the cat is sleeping.’	page 42, engine english, cited SF | KBG 15 Jul 2025, the author's translation of the speaker's sentence
(77a) line 16	Reed Steiner	citation	(SF | KBG 15 Jul 2025)	the tag or source at the right of the translation
(77b) line 1	nɬeʔkepmxcín	transcription	#kʷén̕ete	page 43, engine language
(77b) line 2	nɬeʔkepmxcín	segmentation	kʷén̕-n-t-∅-e=∅	page 43, engine residue
(77b) line 3	nɬeʔkepmxcín	gloss	look-CTR-TR-3OBJ-IMP=3SBJ	page 43, engine english
(77b) line 4	nɬeʔkepmxcín	transcription	xʔé	page 43, engine language
(77b) line 5	nɬeʔkepmxcín	segmentation	xʔé	page 43, engine language
(77b) line 6	nɬeʔkepmxcín	gloss	PROX	page 43, engine english
(77b) line 7	nɬeʔkepmxcín	transcription	ʔéx	page 43, engine language
(77b) line 8	nɬeʔkepmxcín	segmentation	[e]=ʔex=∅	page 43, engine residue
(77b) line 9	nɬeʔkepmxcín	gloss	D/C=IPFV=3SBJ	page 43, engine english
(77b) line 10	nɬeʔkepmxcín	transcription	ʕʷóy̓t	page 43, engine language
(77b) line 11	nɬeʔkepmxcín	segmentation	ʕʷóy̓-t	page 43, engine language
(77b) line 12	nɬeʔkepmxcín	gloss	sleep-INTR	page 43, engine english
(77b) line 13	nɬeʔkepmxcín	transcription	e pús	page 43, engine language
(77b) line 14	nɬeʔkepmxcín	segmentation	e=pús	page 43, engine language
(77b) line 15	nɬeʔkepmxcín	gloss	DET=cat	page 43, engine english
(77b) line 16	Reed Steiner	translation	Intended: ‘Look at this; the cat is sleeping.’	page 43, engine english
(77b) line 17	kʷaɬtèzetkʷuʔ (Bernice Garcia)	speaker comment	KBG: “It sounds like it’s right there, not across the room.” (SF | KBG 15 Jul 2025)	page 43, engine english
(77c) line 1	nɬeʔkepmxcín	transcription	kʷén̕ete	page 43, engine language
(77c) line 2	nɬeʔkepmxcín	segmentation	kʷén̕-n-t-∅-e=∅	page 43, engine residue
(77c) line 3	nɬeʔkepmxcín	gloss	look-CTR-TR-3OBJ-IMP=3SBJ	page 43, engine english
(77c) line 4	nɬeʔkepmxcín	transcription	néʔe	page 43, engine language
(77c) line 5	nɬeʔkepmxcín	segmentation	n=[x]éʔe	page 43, engine language
(77c) line 6	nɬeʔkepmxcín	gloss	at=DIST	page 43, engine english
(77c) line 7	nɬeʔkepmxcín	transcription	ʔéx	page 43, engine language
(77c) line 8	nɬeʔkepmxcín	segmentation	[e]=ʔex=∅	page 43, engine residue
(77c) line 9	nɬeʔkepmxcín	gloss	D/C=IPFV=3SBJ	page 43, engine english
(77c) line 10	nɬeʔkepmxcín	transcription	ʕʷóy̓t	page 43, engine language
(77c) line 11	nɬeʔkepmxcín	segmentation	ʕʷóy̓-t	page 43, engine language
(77c) line 12	nɬeʔkepmxcín	gloss	sleep-INTR	page 43, engine english
(77c) line 13	nɬeʔkepmxcín	transcription	e pús	page 43, engine language
(77c) line 14	nɬeʔkepmxcín	segmentation	e=pús	page 43, engine language
(77c) line 15	nɬeʔkepmxcín	gloss	DET=cat	page 43, engine english
(77c) line 16	Reed Steiner	translation	‘Look right there; the cat is sleeping.’	page 43, engine english, cited SF | KBG 15 Jul 2025, the author's translation of the speaker's sentence
(77c) line 16	Reed Steiner	citation	(SF | KBG 15 Jul 2025)	the tag or source at the right of the translation
(77d) line 1	nɬeʔkepmxcín	transcription	#kʷén̕ete	page 43, engine language
(77d) line 2	nɬeʔkepmxcín	segmentation	kʷén̕-n-t-∅-e=∅	page 43, engine residue
(77d) line 3	nɬeʔkepmxcín	gloss	look-CTR-TR-3OBJ-IMP=3SBJ	page 43, engine english
(77d) line 4	nɬeʔkepmxcín	transcription	nʔé	page 43, engine language
(77d) line 5	nɬeʔkepmxcín	segmentation	nʔé	page 43, engine language
(77d) line 6	nɬeʔkepmxcín	gloss	at=PROX	page 43, engine english
(77d) line 7	nɬeʔkepmxcín	transcription	ʔéx	page 43, engine language
(77d) line 8	nɬeʔkepmxcín	segmentation	[e]=ʔex=∅	page 43, engine residue
(77d) line 9	nɬeʔkepmxcín	gloss	D/C=IPFV=3SBJ	page 43, engine english
(77d) line 10	nɬeʔkepmxcín	transcription	ʕʷóy̓t	page 43, engine language
(77d) line 11	nɬeʔkepmxcín	segmentation	ʕʷóy̓-t	page 43, engine language
(77d) line 12	nɬeʔkepmxcín	gloss	sleep-INTR	page 43, engine english
(77d) line 13	nɬeʔkepmxcín	transcription	e pús	page 43, engine language
(77d) line 14	nɬeʔkepmxcín	segmentation	e=pús	page 43, engine language
(77d) line 15	nɬeʔkepmxcín	gloss	DET=cat	page 43, engine english
(77d) line 16	Reed Steiner	translation	‘Look right here; the cat is sleeping.’	page 43, engine english, cited SF | KBG 15 Jul 2025, the author's translation of the speaker's sentence
(77d) line 17	kʷaɬtèzetkʷuʔ (Bernice Garcia)	speaker comment	KBG: “It sounds like it’s right there, by your feet or something.”	page 43, engine english
(77d) line 18	Reed Steiner	citation	(SF | KBG 15 Jul 2025)	page 43, engine residue
§5.2.1	nɬeʔkepmxcín	cited form	ɬúʔe	page 43
§5.2.1	Reed Steiner	note	Proximal demonstratives also cannot share a referent with the far-distal locative deictic ɬúʔe ‘over there, yonder’. In (78a), a distal DemPN is accepted with the PP w ɬúʔe ‘over that way, yonder’. In (78b), a proximal DemPN is rejected in the same position, with the consultant com- menting that the sentence is contradictory.	page 43
(78) line 1	Reed Steiner	note	Context: I look out my window and see some sort of animal in my neighbor’s garden, but I can’t tell what it is.	page 43, engine english
(78a) line 1	nɬeʔkepmxcín	transcription	stéʔ us nke	page 43, engine language
(78a) line 2	nɬeʔkepmxcín	segmentation	stéʔ=us=nke	page 43, engine language
(78a) line 3	nɬeʔkepmxcín	gloss	what.is=3SBJV=INFER	page 43, engine english
(78a) line 4	nɬeʔkepmxcín	transcription	xéʔe	page 43, engine language
(78a) line 5	nɬeʔkepmxcín	segmentation	xéʔe	page 43, engine language
(78a) line 6	nɬeʔkepmxcín	gloss	DIST	page 43, engine english
(78a) line 7	nɬeʔkepmxcín	transcription	te spz̕úʔ	page 43, engine language
(78a) line 8	nɬeʔkepmxcín	segmentation	t=e=s-pz̕úʔ	page 43, engine language
(78a) line 9	nɬeʔkepmxcín	gloss	OBL=DET=NMLZ-animal	page 43, engine english
(78a) line 10	nɬeʔkepmxcín	transcription	w ɬúʔe	page 43, engine language
(78a) line 11	nɬeʔkepmxcín	segmentation	w=ɬúʔe	page 43, engine language
(78a) line 12	nɬeʔkepmxcín	gloss	to=yonder	page 43, engine english
(78a) line 13	nɬeʔkepmxcín	transcription	wɬ nsnúk̕ʷeʔ	page 43, engine language
(78a) line 14	nɬeʔkepmxcín	segmentation	w=ɬ=n-s-núk̕ʷeʔ	page 43, engine language
(78a) line 15	nɬeʔkepmxcín	gloss	to=DET.REM=1SG.POSS-NMLZ-friend	page 43, engine english
(78a) line 16	nɬeʔkepmxcín	transcription	e k̕ʷén̕ɬqs	page 43, engine language
(78a) line 17	nɬeʔkepmxcín	segmentation	e=k̕ʷén̕-ɬq-s	page 43, engine language
(78a) line 18	nɬeʔkepmxcín	gloss	DET=watch-crop-3POSS	page 43, engine english
(78a) line 19	Reed Steiner	translation	‘What’s that animal over there in my friend’s garden?’	page 43, engine english, cited VF | KBG 3 Sep 2025, the author's translation of the speaker's sentence
(78a) line 19	Reed Steiner	citation	(VF | KBG 3 Sep 2025)	the tag or source at the right of the translation
(78b) line 1	nɬeʔkepmxcín	transcription	#stéʔ us nke	page 43, engine language
(78b) line 2	nɬeʔkepmxcín	segmentation	stéʔ=us=nke	page 43, engine language
(78b) line 3	nɬeʔkepmxcín	gloss	what.is=3SBJV=INFER	page 43, engine english
(78b) line 4	nɬeʔkepmxcín	transcription	xʔé	page 43, engine language
(78b) line 5	nɬeʔkepmxcín	segmentation	xʔé	page 43, engine language
(78b) line 6	nɬeʔkepmxcín	gloss	PROX	page 43, engine english
(78b) line 7	nɬeʔkepmxcín	transcription	te spz̕úʔ	page 43, engine language
(78b) line 8	nɬeʔkepmxcín	segmentation	t=e=s-pz̕úʔ	page 43, engine language
(78b) line 9	nɬeʔkepmxcín	gloss	OBL=DET=NMLZ-animal	page 43, engine english
(78b) line 10	nɬeʔkepmxcín	transcription	w ɬúʔe	page 43, engine language
(78b) line 11	nɬeʔkepmxcín	segmentation	w=ɬúʔe	page 43, engine language
(78b) line 12	nɬeʔkepmxcín	gloss	to=yonder	page 43, engine english
(78b) line 13	nɬeʔkepmxcín	transcription	wɬ nsnúk̕ʷeʔ	page 43, engine language
(78b) line 14	nɬeʔkepmxcín	segmentation	w=ɬ=n-s-núk̕ʷeʔ	page 43, engine language
(78b) line 15	nɬeʔkepmxcín	gloss	to=DET.REM=1SG.POSS-NMLZ-friend	page 43, engine english
(78b) line 16	nɬeʔkepmxcín	transcription	e k̕ʷén̕ɬqs	page 43, engine language
(78b) line 17	nɬeʔkepmxcín	segmentation	e=k̕ʷén̕-ɬq-s	page 43, engine language
(78b) line 18	nɬeʔkepmxcín	gloss	DET=watch-crop-3POSS	page 43, engine english
(78b) line 19	Reed Steiner	translation	Intended: ‘What’s that animal over there in my neighbor’s garden?’	page 43, engine english, cited SF | KBG 3 Sep 2025, the author's translation of the speaker's sentence
(78b) line 20	kʷaɬtèzetkʷuʔ (Bernice Garcia)	speaker comment	KBG: “No, it sounds contradictory. It’s right there, but it’s way over there.”	page 43, engine english
(78b) line 21	Reed Steiner	citation	(SF | KBG 3 Sep 2025)	page 43, engine english
§5.2.2	Reed Steiner	heading	5.2.2 Distal demonstratives	page 43
§5.2.2	Reed Steiner	name	kʷałtèzetkʷ	Bernice Garcia's traditional name, KBG in the tags, short and written with ł
§5.2.2	Reed Steiner	note	Distal demonstratives indicate that the referent is further away from the speaker, usually beyond reach. For some speakers, like Phillips, there is little to no overlap between proximal and distal demonstratives, as distal demonstratives are rejected in proximal contexts (79). For other speak- ers, there is some flexibility: kʷałtèzetkʷ prefers proximal demonstratives in proximal contexts, but accepts distal demonstratives in relation to objects on an outstretched arm (80).	page 43
(79) line 1	Reed Steiner	note	Context: There’s a little bug on my hand that I’ve never seen before. I show it to a friend who knows their bugs. I ask them:	page 44, engine english
(79a) line 1	nɬeʔkepmxcín	transcription	stéʔ	page 44, engine language
(79a) line 2	nɬeʔkepmxcín	segmentation	stéʔ=∅	page 44, engine language
(79a) line 3	nɬeʔkepmxcín	gloss	what=3SBJ	page 44, engine english
(79a) line 4	nɬeʔkepmxcín	transcription	xʔé	page 44, engine language
(79a) line 5	nɬeʔkepmxcín	segmentation	xʔé	page 44, engine language
(79a) line 6	nɬeʔkepmxcín	gloss	PROX	page 44, engine english
(79a) line 7	nɬeʔkepmxcín	transcription	tk smém̓ix	page 44, engine language
(79a) line 8	nɬeʔkepmxcín	segmentation	t=k=s-mé<m̓>yx	page 44, engine language
(79a) line 9	nɬeʔkepmxcín	gloss	OBL=DET=NMLZ-snake<DIM>	page 44, engine english
(79a) line 10	nɬeʔkepmxcín	transcription	n ʔéye	page 44, engine language
(79a) line 11	nɬeʔkepmxcín	segmentation	n=ʔéye	page 44, engine language
(79a) line 12	nɬeʔkepmxcín	gloss	at=here	page 44, engine english
(79a) line 13	nɬeʔkepmxcín	transcription	ne nkéyx	page 44, engine language
(79a) line 14	nɬeʔkepmxcín	segmentation	n=e=n-kéyx	page 44, engine language
(79a) line 15	nɬeʔkepmxcín	gloss	at=DET=1SG.POSS-hand	page 44, engine english
(79a) line 16	Reed Steiner	translation	‘What is this bug right here on my hand?’	page 44, engine english
(79a) line 17	Bev Phillips	speaker comment	BP: “I guess you could say it like that, yes.” (SF | BP 11 Sep 2025)	page 44, engine english
(79b) line 1	nɬeʔkepmxcín	transcription	#stéʔ	page 44, engine language
(79b) line 2	nɬeʔkepmxcín	segmentation	stéʔ=∅	page 44, engine language
(79b) line 3	nɬeʔkepmxcín	gloss	what=3SBJ	page 44, engine english
(79b) line 4	nɬeʔkepmxcín	transcription	xéʔe	page 44, engine language
(79b) line 5	nɬeʔkepmxcín	segmentation	xéʔe	page 44, engine language
(79b) line 6	nɬeʔkepmxcín	gloss	DIST	page 44, engine english
(79b) line 7	nɬeʔkepmxcín	transcription	tk smém̓ix	page 44, engine language
(79b) line 8	nɬeʔkepmxcín	segmentation	t=k=s-mé<m̓>yx	page 44, engine language
(79b) line 9	nɬeʔkepmxcín	gloss	OBL=DET=NMLZ-snake<DIM>	page 44, engine english
(79b) line 10	nɬeʔkepmxcín	transcription	n ʔéye	page 44, engine language
(79b) line 11	nɬeʔkepmxcín	segmentation	n=ʔéye	page 44, engine language
(79b) line 12	nɬeʔkepmxcín	gloss	at=here	page 44, engine english
(79b) line 13	nɬeʔkepmxcín	transcription	ne nkéyx	page 44, engine language
(79b) line 14	nɬeʔkepmxcín	segmentation	n=e=n-kéyx	page 44, engine language
(79b) line 15	nɬeʔkepmxcín	gloss	at=DET=1SG.POSS-hand	page 44, engine english
(79b) line 16	Reed Steiner	translation	Intended: ‘What is this bug right here on my hand?’	page 44, engine english
(79b) line 17	Bev Phillips	speaker comment	BP: “No.” (SF | BP 11 Sep 2025)	page 44, engine residue
(80) line 1	Reed Steiner	note	Context: There’s a little bug on my hand that I’ve never seen before. I show it to a friend who knows their bugs.	page 44, engine english
(80a) line 1	nɬeʔkepmxcín	transcription	stéʔ us nke	page 44, engine language
(80a) line 2	nɬeʔkepmxcín	segmentation	stéʔ=us=nke	page 44, engine language
(80a) line 3	nɬeʔkepmxcín	gloss	what=3SBJV=INFER	page 44, engine english
(80a) line 4	nɬeʔkepmxcín	transcription	xʔé	page 44, engine language
(80a) line 5	nɬeʔkepmxcín	segmentation	xʔé	page 44, engine language
(80a) line 6	nɬeʔkepmxcín	gloss	PROX	page 44, engine english
(80a) line 7	nɬeʔkepmxcín	transcription	smém̓ix	page 44, engine language
(80a) line 8	nɬeʔkepmxcín	segmentation	[e]=s-mé<m̓>yx	page 44, engine language
(80a) line 9	nɬeʔkepmxcín	gloss	DET=NMLZ-snake<DIM>	page 44, engine english
(80a) line 10	nɬeʔkepmxcín	transcription	ne nkéyx	page 44, engine language
(80a) line 11	nɬeʔkepmxcín	segmentation	n=e=n-kéyx	page 44, engine language
(80a) line 12	nɬeʔkepmxcín	gloss	at=DET=1SG.POSS-hand	page 44, engine english
(80a) line 13	Reed Steiner	translation	‘What’s this bug on my hand?’ SF | KBG 3 Sep 2025	page 44, engine english
(80b) line 1	nɬeʔkepmxcín	transcription	#stéʔ us nke	page 44, engine language
(80b) line 2	nɬeʔkepmxcín	segmentation	stéʔ=us=nke	page 44, engine language
(80b) line 3	nɬeʔkepmxcín	gloss	what=3SBJV=INFER	page 44, engine english
(80b) line 4	nɬeʔkepmxcín	transcription	xéʔe	page 44, engine language
(80b) line 5	nɬeʔkepmxcín	segmentation	xéʔe	page 44, engine language
(80b) line 6	nɬeʔkepmxcín	gloss	DIST	page 44, engine english
(80b) line 7	nɬeʔkepmxcín	transcription	smém̓ix	page 44, engine language
(80b) line 8	nɬeʔkepmxcín	segmentation	[e]=s-mé<m̓>yx	page 44, engine language
(80b) line 9	nɬeʔkepmxcín	gloss	DET=NMLZ-snake<DIM>	page 44, engine english
(80b) line 10	nɬeʔkepmxcín	transcription	ne nkéyx	page 44, engine language
(80b) line 11	nɬeʔkepmxcín	segmentation	n=e=n-kéyx	page 44, engine language
(80b) line 12	nɬeʔkepmxcín	gloss	at=DET=1SG.POSS-hand	page 44, engine english
(80b) line 13	Reed Steiner	translation	Intended: ‘What is that bug right here on my hand?’	page 44, engine english
(80b) line 14	kʷaɬtèzetkʷuʔ (Bernice Garcia)	speaker comment	KBG: “It’s right on your hand: xʔé not xéʔe. [It’s okay] if it’s away from you, on a log or a table or something.” SF | KBG 3 Sep 2025	page 44, engine english
(80b)	nɬeʔkepmxcín	cited form	xʔé	in the speaker comment, page 44
(80b)	nɬeʔkepmxcín	cited form	xéʔe	in the speaker comment, page 44
(80c) line 1	nɬeʔkepmxcín	transcription	stéʔ	page 44, engine language
(80c) line 2	nɬeʔkepmxcín	segmentation	stéʔ=∅	page 44, engine language
(80c) line 3	nɬeʔkepmxcín	gloss	what=3SBJ	page 44, engine english
(80c) line 4	nɬeʔkepmxcín	transcription	xéʔe	page 44, engine language
(80c) line 5	nɬeʔkepmxcín	segmentation	xéʔe	page 44, engine language
(80c) line 6	nɬeʔkepmxcín	gloss	DIST	page 44, engine english
(80c) line 7	nɬeʔkepmxcín	transcription	te smém̓ix	page 44, engine language
(80c) line 8	nɬeʔkepmxcín	segmentation	t=e=s-mé<m̓>yx	page 44, engine language
(80c) line 9	nɬeʔkepmxcín	gloss	OBL=DET=NMLZ-snake<DIM>	page 44, engine english
(80c) line 10	Reed Steiner	translation	Intended: ‘What is that bug?’	page 44, engine english
(80c) line 11	kʷaɬtèzetkʷuʔ (Bernice Garcia)	speaker comment	KBG: “If you’re going like that [stretches her arm far away from herself ]. If I’m showing them and it landed on my hand.” SF | KBG 3 Sep 2025	page 44, engine english
§5.2.2	Reed Steiner	note	In contexts where kʷałtèzetkʷ accepts both demonstratives, the proximal demonstrative im- plies that distance will be reduced after utterance time (81).	page 44
(81) line 1	Reed Steiner	note	Context: I’m eating when I notice there’s food on my shoe. I don’t know what it is or how it got there.	page 44, engine english
(81a) line 1	nɬeʔkepmxcín	transcription	stéʔ us nke	page 44, engine language
(81a) line 2	nɬeʔkepmxcín	segmentation	stéʔ=us=nke	page 44, engine language
(81a) line 3	nɬeʔkepmxcín	gloss	what=3SBJV=INFER	page 44, engine english
(81a) line 4	nɬeʔkepmxcín	transcription	xéʔe	page 44, engine language
(81a) line 5	nɬeʔkepmxcín	segmentation	xéʔe	page 44, engine language
(81a) line 6	nɬeʔkepmxcín	gloss	DIST	page 44, engine english
(81a) line 7	nɬeʔkepmxcín	transcription	ne síɬc̕uʔ	page 44, engine language
(81a) line 8	nɬeʔkepmxcín	segmentation	n=e=síɬc̕uʔ	page 44, engine language
(81a) line 9	nɬeʔkepmxcín	gloss	at=DET=shoe	page 44, engine english
(81a) line 10	Reed Steiner	translation	‘What’s that on my shoe?’	page 44, engine english, cited SF | KBG 3 Sep 2025, the author's translation of the speaker's sentence
(81a) line 10	Reed Steiner	citation	(SF | KBG 3 Sep 2025)	the tag or source at the right of the translation
(81b) line 1	nɬeʔkepmxcín	transcription	stéʔ us nke	page 45, engine language
(81b) line 2	nɬeʔkepmxcín	segmentation	stéʔ=us=nke	page 45, engine language
(81b) line 3	nɬeʔkepmxcín	gloss	what=3SBJV=INFER	page 45, engine english
(81b) line 4	nɬeʔkepmxcín	transcription	xʔé	page 45, engine language
(81b) line 5	nɬeʔkepmxcín	segmentation	xʔé	page 45, engine language
(81b) line 6	nɬeʔkepmxcín	gloss	PROX	page 45, engine english
(81b) line 7	nɬeʔkepmxcín	transcription	ne síɬc̕uʔ	page 45, engine language
(81b) line 8	nɬeʔkepmxcín	segmentation	n=e=síɬc̕uʔ	page 45, engine language
(81b) line 9	nɬeʔkepmxcín	gloss	at=DET=shoe	page 45, engine english
(81b) line 10	Reed Steiner	translation	‘What’s this on my shoe?’	page 45, engine english, cited SF | KBG 3 Sep 2025, the author's translation of the speaker's sentence
(81b) line 11	kʷaɬtèzetkʷuʔ (Bernice Garcia)	speaker comment	KBG: “It sounds like you’re gonna bend down and pick it up off your shoe.”	page 45, engine english
(81b) line 12	Reed Steiner	citation	(SF | KBG 3 Sep 2025)	page 45, engine english
§5.2.2	Reed Steiner	name	c̕úʔsinek	Marty Aspinall's name, CMA in the tags, written with c̕ where §2.1 writes c̓
§5.2.2	Reed Steiner	name	kʷałtèzetkʷ’s	Bernice Garcia's traditional name in the possessive
§5.2.2	Reed Steiner	note	For c̕úʔsinek, it is possible for a distal DemPN to relate to the same object as a proximal LocDem. There are a few possible explanations for this: either the two demonstratives have different deictic centers (one is related to the speaker; one is related to the addressee), or there is overlap in usage between proximal and distal demonstratives. kʷałtèzetkʷ’s earlier judgements provide support for the latter view.	page 45
(82) line 1	Reed Steiner	note	Context: There’s a little bug on my hand that I’ve never seen before. I show it to a friend who knows their bugs.	page 45, engine english
(82) line 2	nɬeʔkepmxcín	transcription	stéʔ	page 45, engine language
(82) line 3	nɬeʔkepmxcín	segmentation	stéʔ=∅	page 45, engine language
(82) line 4	nɬeʔkepmxcín	gloss	what=3SBJ	page 45, engine english
(82) line 5	nɬeʔkepmxcín	transcription	xéʔe	page 45, engine language
(82) line 6	nɬeʔkepmxcín	segmentation	xéʔe	page 45, engine language
(82) line 7	nɬeʔkepmxcín	gloss	DIST	page 45, engine english
(82) line 8	nɬeʔkepmxcín	transcription	tk smém̓ix	page 45, engine language
(82) line 9	nɬeʔkepmxcín	segmentation	t=k=s-mé<m̓>yx	page 45, engine language
(82) line 10	nɬeʔkepmxcín	gloss	OBL=DET=NMLZ-snake<DIM>	page 45, engine english
(82) line 11	nɬeʔkepmxcín	transcription	nʔé	page 45, engine language
(82) line 12	nɬeʔkepmxcín	segmentation	n=[x]ʔé	page 45, engine language
(82) line 13	nɬeʔkepmxcín	gloss	at=PROX	page 45, engine english
(82) line 14	nɬeʔkepmxcín	transcription	ne nkéyx	page 45, engine language
(82) line 15	nɬeʔkepmxcín	segmentation	n=e=n-kéyx	page 45, engine language
(82) line 16	nɬeʔkepmxcín	gloss	at=DET=1SG.POSS-hand	page 45, engine english
(82) line 17	Reed Steiner	translation	’What is that bug right here on my hand?’	page 45, engine english
(82) line 18	c̓úʔsinek (Marty Aspinall)	speaker comment	CMA: “They’re looking at it, but it’s not close to them.” (SF | CMA 17 Sep 2025)	page 45, engine english
§5.2.2	Reed Steiner	note	That the distal form of a demonstrative can be used in proximal contexts suggests both demon- stratives have the same truth conditions; however, the proximal demonstrative presupposes that the referent is relatively close to the speaker.29 Although both are acceptable in proximal contexts, the proximal demonstrative is preferred due to Maximize Presupposition! (Heim 1991).	page 45
§5.2.3	Reed Steiner	heading	5.2.3 Non-spatial distances	page 45
§5.2.3	Reed Steiner	language	nɬeʔkepmxcín	the language of this paper, a.k.a. Nlaka’pamux or Thompson River Salish, Northern Interior Salish, ISO 639-3 thp
§5.2.3	Reed Steiner	name	kʷałtèzetkʷ	Bernice Garcia's traditional name, KBG in the tags, short and written with ł
§5.2.3	Reed Steiner	note	A growing body of research shows that across languages, deictic distance can be extended be- yond immediate spatial proximity (see e.g. Kemmerer 1999; Piwek, Beun, and Cremers 2008; Reisinger and Huijsmans 2021). This generalization is also true of nɬeʔkepmxcín: deictic dis- tance can be extended to non-spatial distances. For instance, if a nearby object depicts a separate situation, kʷałtèzetkʷ and Phillips will accept both proximal and distal forms. The proximal form refers to the object itself; the distal form refers to the situation it depicts.	page 45
(83) line 1	Reed Steiner	note	Context: I’m holding a picture of a boy. I ask my grandmother who it is.	page 45, engine english
(83a) line 1	nɬeʔkepmxcín	transcription	swét	page 45, engine language
(83a) line 2	nɬeʔkepmxcín	segmentation	swét=∅	page 45, engine language
(83a) line 3	nɬeʔkepmxcín	gloss	who=3SBJ	page 45, engine english
(83a) line 4	nɬeʔkepmxcín	transcription	xʔé	page 45, engine language
(83a) line 5	nɬeʔkepmxcín	segmentation	xʔe	page 45, engine language
(83a) line 6	nɬeʔkepmxcín	gloss	DEM	page 45, engine english
(83a) line 7	nɬeʔkepmxcín	transcription	tk twíw̕t	page 45, engine language
(83a) line 8	nɬeʔkepmxcín	segmentation	t=k=twí<w̕>t	page 45, engine language
(83a) line 9	nɬeʔkepmxcín	gloss	OBL=DET=young.person<DIM>	page 45, engine english
(83a) line 10	Reed Steiner	translation	‘Who is this young person?’	page 45, engine english, cited VF | KBG 26 Aug 2025, the author's translation of the speaker's sentence
(83a) line 10	Reed Steiner	citation	(VF | KBG 26 Aug 2025)	the tag or source at the right of the translation
footnote 29	Reed Steiner	note	29 While this paper treats the proximal as more marked than the distal, there may be some dialect variation in this respect. Thompson and Thompson (1992:135) report that in the Spuzzum dialect, the distal DemPN xéʔe is unmarked and the proximal DemPN xʔé is marked, but that in the Upper Thompson dialect, the opposite is true: xʔé is unmarked and xéʔe is marked.	page 45, footnote
§5.2.3	nɬeʔkepmxcín	cited form	xéʔe	page 45
§5.2.3	nɬeʔkepmxcín	cited form	xʔé	page 45
(83b) line 1	nɬeʔkepmxcín	transcription	swét us nke	page 46, engine language
(83b) line 2	nɬeʔkepmxcín	segmentation	swét=us=nke	page 46, engine language
(83b) line 3	nɬeʔkepmxcín	gloss	who=3SBJV=INFER	page 46, engine english
(83b) line 4	nɬeʔkepmxcín	transcription	xéʔe	page 46, engine language
(83b) line 5	nɬeʔkepmxcín	segmentation	xéʔe	page 46, engine language
(83b) line 6	nɬeʔkepmxcín	gloss	DEM	page 46, engine english
(83b) line 7	nɬeʔkepmxcín	transcription	tk twíw̕t	page 46, engine language
(83b) line 8	nɬeʔkepmxcín	segmentation	t=k=twí<w̕>t	page 46, engine language
(83b) line 9	nɬeʔkepmxcín	gloss	OBL=DET=young.person<DIM>	page 46, engine english
(83b) line 10	Reed Steiner	translation	‘Who might that young person be?’	page 46, engine english, cited VF | KBG 26 Aug 2025, the author's translation of the speaker's sentence
(83b) line 10	Reed Steiner	citation	(VF | KBG 26 Aug 2025)	the tag or source at the right of the translation
(84) line 1	Reed Steiner	note	Context: I’m holding a picture of a boy. I ask my grandmother who it is.	page 46, engine english
(84a) line 1	nɬeʔkepmxcín	transcription	swét	page 46, engine language
(84a) line 2	nɬeʔkepmxcín	segmentation	swét=∅	page 46, engine language
(84a) line 3	nɬeʔkepmxcín	gloss	who=3SBJ	page 46, engine english
(84a) line 4	nɬeʔkepmxcín	transcription	xʔé	page 46, engine language
(84a) line 5	nɬeʔkepmxcín	segmentation	xʔe	page 46, engine language
(84a) line 6	nɬeʔkepmxcín	gloss	DEM	page 46, engine english
(84a) line 7	Reed Steiner	translation	‘Who is this?’	page 46, engine english, cited VF | BP 11 Sep 2025, the author's translation of the speaker's sentence
(84a) line 7	Reed Steiner	citation	(VF | BP 11 Sep 2025)	the tag or source at the right of the translation
(84b) line 1	nɬeʔkepmxcín	transcription	swét	page 46, engine language
(84b) line 2	nɬeʔkepmxcín	segmentation	swét=∅	page 46, engine language
(84b) line 3	nɬeʔkepmxcín	gloss	who=3SBJ	page 46, engine english
(84b) line 4	nɬeʔkepmxcín	transcription	xéʔe	page 46, engine language
(84b) line 5	nɬeʔkepmxcín	segmentation	xéʔe	page 46, engine language
(84b) line 6	nɬeʔkepmxcín	gloss	DEM	page 46, engine english
(84b) line 7	Reed Steiner	translation	‘Who is that?’	page 46, engine english
(84b) line 8	Bev Phillips	speaker comment	BP: “You could [say that]. I don’t know. You’re asking about the boy, so it’s kind of a little different. Most people would probably say swét xʔé, but it’s not incorrect to say swét xéʔe.’ (SF | BP 11 Sep 2025) Koch (2008b:91) observes that the proximal DemPN xʔé ‘this, these’ can mark contrastive focus. In the contrastive use, xʔé does not entail that the referent is physically close to the speaker. In (85), the proximal demonstrative focuses some flowers in contrast to another object. In (86), the same proximal demonstrative is used for contrastive focus, when the distance from the speaker is unclear. In (87), the referent is far from the speaker, yet the proximal is permissible in its contrastive use.	page 46, engine english
(85) line 1	Reed Steiner	note	Context: An animated character asks ’Are these flowers?’ while pointing at a book.	page 46, engine english
(85) line 2	nɬeʔkepmxcín	transcription	c̕é m̓	page 46, engine language
(85) line 3	nɬeʔkepmxcín	segmentation	c̕-ʔé=∅=m̓	page 46, engine residue
(85) line 4	nɬeʔkepmxcín	gloss	EMPH=COP=3SBJ=EMPH	page 46, engine english
(85) line 5	nɬeʔkepmxcín	transcription	xʔé	page 46, engine language
(85) line 6	nɬeʔkepmxcín	segmentation	xʔé	page 46, engine language
(85) line 7	nɬeʔkepmxcín	gloss	PROX	page 46, engine english
(85) line 8	nɬeʔkepmxcín	transcription	e sp̓áq̓m	page 46, engine language
(85) line 9	nɬeʔkepmxcín	segmentation	e=s-p̓áq̓m	page 46, engine language
(85) line 10	nɬeʔkepmxcín	gloss	DET=NMLZ-flower	page 46, engine english
(85) line 11	Koch 2008b:89	translation	‘These are the flowers.’	page 46, engine english, cited Koch 2008b:89
(85) line 11	Reed Steiner	citation	(Koch 2008b:89)	the tag or source at the right of the translation
(86) line 1	Reed Steiner	note	Context: KBG discusses an image of baby geese in a conversation with CMA over Zoom.	page 46, engine english
(86) line 2	nɬeʔkepmxcín	transcription	ʔéx	page 46, engine language
(86) line 3	nɬeʔkepmxcín	segmentation	ʔéx=∅	page 46, engine language
(86) line 4	nɬeʔkepmxcín	gloss	IPFV=3SBJ	page 46, engine english
(86) line 5	nɬeʔkepmxcín	transcription	xʔé	page 46, engine language
(86) line 6	nɬeʔkepmxcín	segmentation	xʔé	page 46, engine language
(86) line 7	nɬeʔkepmxcín	gloss	PROX	page 46, engine english
(86) line 8	nɬeʔkepmxcín	transcription	ʔúpis	page 46, engine language
(86) line 9	nɬeʔkepmxcín	segmentation	ʔúpi-[t]-∅-[e]s	page 46, engine residue
(86) line 10	nɬeʔkepmxcín	gloss	eat-TR-3OBJ-3ERG	page 46, engine english
(86) line 11	nɬeʔkepmxcín	transcription	n-sqáczeʔ	page 46, engine language
(86) line 12	nɬeʔkepmxcín	segmentation	n-s-qáczeʔ	page 46, engine language
(86) line 13	nɬeʔkepmxcín	gloss	1SG.POSS-NMLZ-father	page 46, engine english
(86) line 14	Reed Steiner	translation	“My father used to eat those.’	page 46, engine english
(86) line 15	Reed Steiner	citation	(VF, VT | KBG Hannon, Stacey, and Steiner (in 2023:137))	page 46, engine english
(87) line 1	Reed Steiner	note	Context: I’m birdwatching with a friend. I’m right at the base of a tree when I see a rare bird in the branches. I call out to my friend.	page 47, engine english
(87) line 2	nɬeʔkepmxcín	transcription	ʔuyxʷeʔ	page 47, engine language
(87) line 3	nɬeʔkepmxcín	segmentation	ʔuy-xʷeʔ	page 47, engine language
(87) line 4	nɬeʔkepmxcín	gloss	gather-IMP	page 47, engine english
(87) line 5	nɬeʔkepmxcín	transcription	kʷén̕ete	page 47, engine language
(87) line 6	nɬeʔkepmxcín	segmentation	kʷén̕-n-t-∅-e	page 47, engine language
(87) line 7	nɬeʔkepmxcín	gloss	look-CTR-TR-3OBJ-IMP	page 47, engine english
(87) line 8	nɬeʔkepmxcín	transcription	xʔé	page 47, engine language
(87) line 9	nɬeʔkepmxcín	segmentation	xʔé	page 47, engine language
(87) line 10	nɬeʔkepmxcín	gloss	PROX	page 47, engine english
(87) line 11	nɬeʔkepmxcín	transcription	tk spzúz̕uʔ	page 47, engine language
(87) line 12	nɬeʔkepmxcín	segmentation	t=k=s-pzú<z̕>uʔ	page 47, engine language
(87) line 13	nɬeʔkepmxcín	gloss	OBL=DET=NMLZ-bird<DIM>	page 47, engine english
(87) line 14	Reed Steiner	translation	‘Come here, look at this bird!’	page 47, engine english
(87) line 15	c̓úʔsinek (Marty Aspinall)	speaker comment	CMA: “That’s alright because we’re both far away from it. Neither one of you can touch it.” (sf | 17 Sep 2025)	page 47, engine english
§5.2.3	Reed Steiner	note	A precise semantics of the contrastive use of DemPNs is beyond the scope of this paper, but it supports the view that deictic distance has non-spatial extensions.	page 47
§5.2.4	Reed Steiner	heading	5.2.4 Deictic analysis	page 47
§5.2.4	Reed Steiner	note	The deictic component of a LocDem is analyzed as relating to a salient location. The proximal and distal deictics are both formalized as the characteristic function of a set of salient vectors. The proximal deictic has an additional presupposition that the vectors are in the spatial trace of the speech context. Following Beaver (1993), this presupposition is written as a conjunct marked with ∂, to make it easier to track through the composition.	page 47
(88a) line 1	Reed Steiner	rule	JʔéKc = λ⃗v.Salc(⃗v) ∧ ∂[⃗v∈ σ(sspeech)]	page 47, engine english, a line of the author's formula
(88a) line 2	Reed Steiner	translation	‘Take a vector ⃗v in the spatial trace of the speech situation. Return true iff ⃗v is salient in the context.’	page 47, engine english
(88b) line 1	Reed Steiner	rule	JéʔeKc = λ⃗v.Salc(⃗v)	page 47, engine english, a line of the author's formula
(88b) line 2	Reed Steiner	translation	‘Take a vector ⃗v. Return true iff ⃗v is salient in the context.’	page 47, engine english
§5.2.4	Reed Steiner	note	Following Reisinger and Huijsmans (2021), proximity is defined with respect to situations to capture the fact that deictic distance varies and can be extended non-spatially. I assume that points and vectors are located spatially with respect to a world, so relations to the content of a proximal image depicting a different world may not be immediately proximal.	page 47
§5.2.4	nɬeʔkepmxcín	cited form	nʔé	page 47, ‘(right) there’
§5.2.4	nɬeʔkepmxcín	cited form	ʔé	page 47
§5.2.4	Reed Steiner	notation	σ	the spatial trace function of Link 1998 and Krifka 1989, 1998
§5.2.4	Reed Steiner	note	Applying the prepositions from (62) and (70) to the deictics from (88) derives denotations for LocDems. (89) shows the composition process for nʔé ‘(right) there’. (89a) introduces the denotation for the preposition n= ‘at, on, in’ given in (62). (89b) introduces the denotation for the proximal component ʔé given in (88). In (89c), these two components compose via function application. Recall our assumption that σ applied to the characteristic function of a set of vectors returns that set. This is made explicit in (89d), where the spatial trace function and its argument are replaced with set notation. (89e) simplifies the function, which results in a working denotation for nʔé before type-shifting occurs. The post-type-shift denotation is given in (89e).	page 47
(89a) line 1	Reed Steiner	rule	Jn=K = λα ∈ De ∪ D⟨↑, t⟩ ∪ Ds.λ⃗v.⃗v∈ σ(α)	page 47, engine residue, a line of the author's formula
(89a) line 2	Reed Steiner	translation	‘Take an individual, location, or situation α and a vector ⃗v. Return true iff ⃗v is in the spatial representation of α.’	page 47, engine english
(89b) line 1	Reed Steiner	rule	JʔéKc = λ⃗v.Salc(⃗v) ∧ ∂[⃗v∈ σ(sspeech)]	page 47, engine english, a line of the author's formula
(89b) line 2	Reed Steiner	translation	‘Take a vector ⃗v. Return true iff ⃗v is salient in the context and presupposed to be in the spatial trace of the speech situation.’	page 47, engine english
(89c) line 1	Reed Steiner	rule	Jn=K(JʔéKc) = λ⃗v.⃗v∈ σ(λ⃗v.Salc(⃗v) ∧ ∂[⃗v∈ σ(sspeech)]	page 48, engine english, a line of the author's formula
(89c) line 2	Reed Steiner	translation	“Take a vector ⃗v. Return true iff ⃗v is in the spatial trace of the set of vectors salient in the context and presupposed to be in the spatial trace of the speech situation.”	page 48, engine english
(89d) line 1	Reed Steiner	rule	Jn=K(JʔéKc) = λ⃗v.⃗v∈ {⃗v: Salc(⃗v) ∧ ∂[⃗v∈ σ(sspeech)]}	page 48, engine english, a line of the author's formula
(89d) line 2	Reed Steiner	translation	‘Take a vector ⃗v in the spatial trace of the speech situation. Return true iff ⃗v is in the set of vectors salient in the context and presupposed to be in the spatial trace of the speech situation.’	page 48, engine english
(89e) line 1	Reed Steiner	rule	Jn=K(JʔéKc) = λ⃗v.Salc(⃗v) ∧ ∂[⃗v∈ σ(sspeech)	page 48, engine english, a line of the author's formula
(89e) line 2	Reed Steiner	translation	‘Take a vector ⃗v in the spatial trace of the speech situation. Return true iff ⃗v is salient in the context and presupposed to be in the spatial trace of the speech situation.’	page 48, engine english
(89f) line 1	Reed Steiner	rule	Located(Jn=K(JʔéKc)) = λα ∈ De ∪ Dv.∃ ⃗w∈ σ(α)[∃⃗v[Salc(⃗v) ∧ ∂[⃗v∈ σ(sspeech) ∧	page 48, engine english, a line of the author's formula
(89f) line 2	Reed Steiner	rule	End(⃗v) = End( ⃗w)]]	page 48, engine residue, a line of the author's formula
(89f) line 3	Reed Steiner	translation	‘Take an individual or eventuality α. Return true iff there exist a vector ⃗w in the spatial trace of α, and there exists a vector ⃗v salient in the context and presupposed to be in the spatial trace of the speech situation, and the endpoint of ⃗w equals the endpoint of ⃗v.’	page 48, engine english
§5.2.4	nɬeʔkepmxcín	cited form	néʔe	page 48, ‘(right) there’
§5.2.4	nɬeʔkepmxcín	cited form	tʔé	page 48, ‘about here’
§5.2.4	nɬeʔkepmxcín	cited form	téʔe	page 48
§5.2.4	nɬeʔkepmxcín	cited form	wʔé	page 48, ‘this way’
§5.2.4	nɬeʔkepmxcín	cited form	wéʔe	page 48, ‘that way’
§5.2.4	Reed Steiner	note	Applying this process to other combinations of prepositions and deictics yields the deno- tations in (90). In all cases, the preposition defines a location relative to a proximal location (presupposedin the spatial trace of the speech situation) or a distal location (no presupposition). The denotation for nʔé ‘(right) here’ is repeated from (89f), and relates to individuals or eventu- alities whose eigenspace intersects with the spatial trace of the speech situation. The denotation for néʔe ‘(right) there’ in (90b) is the same as the proximal, but it has no situation restriction. The denotation for tʔé ‘about here’ in (90c) relates to individuals or eventualities whose spatial trace is less than some contextually supplied distance from the spatial trace of the speech situation. The denotation for téʔe in (90d) is similar, but not restricted to the speech situation. The denotation for wʔé ‘this way’ in (90e) uses the path type-shift from (74), rather than the locative type-shift. It relates to an event which ends at a point in the spatial trace of the speech situation. Similarly, the denotation for wéʔe ‘that way’ in (90f) relates to an event which ends at a point whose location does not have to be in the spatial trace of the speech situation.	page 48
(90a) line 1	Reed Steiner	rule	JnʔéKc = λα ∈ De ∪ Dv.∃ ⃗w∈ σ(α)[∃⃗v[Salc(⃗v) ∧ ∂[⃗v∈ σ(sspeech) ∧ End(⃗v) =	page 48, engine english, a line of the author's formula
(90a) line 2	Reed Steiner	rule	End( ⃗w)]]	page 48, engine residue, a line of the author's formula
(90a) line 3	Reed Steiner	translation	‘Take an individual or eventuality α. Return true iff there exist a vector ⃗w in the spatial trace of α, and there exists a vector ⃗v salient in the context and presupposed to be in the spatial trace of the speech situation, and the endpoint of ⃗w equals the endpoint of ⃗v.’	page 48, engine english
(90b) line 1	Reed Steiner	rule	JnéʔeKc = λα ∈ De ∪ Dv.∃ ⃗w∈ σ(α)[∃⃗v[Salc(⃗v) ∧ End(⃗v) = End( ⃗w)]]	page 48, engine english, a line of the author's formula
(90b) line 2	Reed Steiner	translation	‘Take an individual or eventuality α. Return true iff there exists a vector ⃗w in the spatial trace of α, and there exists a vector ⃗v salient in the context, and the endpoint of ⃗w equals the endpoint of ⃗v.’	page 48, engine english
(90c) line 1	Reed Steiner	rule	JtʔéKc = λα ∈ De ∪ Dv.∃ ⃗w∈ σ(α)[∃⃗v[Salc(Start(⃗v)) ∧ ∂[Start(⃗v) ∈ σ(sspeech) ∧	page 48, engine english, a line of the author's formula
(90c) line 2	Reed Steiner	rule	|⃗v| < Distc ∧ End(⃗v) = End( ⃗w)]]	page 49, engine english, a line of the author's formula
(90c) line 3	Reed Steiner	translation	‘Take an individual or eventuality α. Return true iff there exist a vector ⃗w in the spatial trace of α, and there exists a vector ⃗v with a salient origin presupposed to be in the spatial trace of the speech situation, and ⃗v has a magnitude less than some contextually supplied distance, and the endpoint of ⃗w equals the endpoint of ⃗v.’	page 49, engine english
(90d) line 1	Reed Steiner	rule	JtéʔeKc = λα ∈ De ∪ Dv.∃ ⃗w∈ σ(α)[∃⃗v[Salc(Start(⃗v)) ∧ |⃗v| < Distc ∧ End(⃗v) =	page 49, engine english, a line of the author's formula
(90d) line 2	Reed Steiner	rule	End( ⃗w)]]	page 49, engine residue, a line of the author's formula
(90d) line 3	Reed Steiner	translation	‘Take an individual or eventuality α. Return true iff there exist a vector ⃗w in the spatial trace of α, and there exists a vector ⃗v with a salient origin, and ⃗v has a magnitude less than some contextually supplied distance, and the endpoint of ⃗w equals the endpoint of ⃗v.’	page 49, engine english
(90e) line 1	Reed Steiner	rule	JwʔéKc = λe ∈ Dv.∃⃗v[Salc(End(⃗v) ∧ ∂[End(⃗v) ∈ σ(sspeech)] ∧ Direction(e) = ⃗v]	page 49, engine english, a line of the author's formula
(90e) line 2	Reed Steiner	translation	‘Take an event e. Return true iff there exists a vector ⃗v whose endpoint is salient and presupposed to be in the spatial trace of the speech situation, and the direction of the event equals ⃗v.’	page 49, engine english
(90f) line 1	Reed Steiner	rule	JwéʔeKc = λe ∈ Dv.∃⃗v[Salc(End(⃗v) ∧ Direction(e) = ⃗v]	page 49, engine english, a line of the author's formula
(90f) line 2	Reed Steiner	translation	‘Take an event e. Return true iff there exists a vector ⃗v whose endpoint is salient, and the direction of the event equals ⃗v.’	page 49, engine english
§5.2.4	nɬeʔkepmxcín	cited form	tuxʷʔé	page 49, ‘from here, from this/these’
§5.2.4	nɬeʔkepmxcín	cited form	tuxʷéʔe	page 49
§5.2.4	Reed Steiner	language	nɬeʔkepmxcín	the language of this paper, a.k.a. Nlaka’pamux or Thompson River Salish, Northern Interior Salish, ISO 639-3 thp
§5.2.4	nɬeʔkepmxcín	cited form	xʔé	page 49, ‘this, these’
§5.2.4	nɬeʔkepmxcín	cited form	xé?e	page 49, ‘that, those’
§5.2.4	Reed Steiner	note	This analysis also provides insight into tuxʷʔé ‘from here, from this/these’ and tuxʷéʔe ‘from there, from that/those’. In existing literature on nɬeʔkepmxcín, both are generally analyzed as PPs headed by tw= ‘from’ with a DemPN complement, either xʔé ‘this, these’ or xé?e ‘that, those’ (Hall and Phillips 2024; Thompson and Thompson 1992). This predicts the ‘from this/these’ reading of tuxʷʔé and the ‘from that/those’ reading of tuxʷéʔe, but it does not predict the more common ‘from here’ and ‘from there’ readings in (91b) and (92b) respectively.	page 49
(91a) line 1	Reed Steiner	note	Context: There are two baskets of berries. One is for my neighbor, so I don’t want anyone taking from it. I gesture to the other basket.	page 49, engine english
(91a) line 2	nɬeʔkepmxcín	transcription	ʔéx ws	page 49, engine language
(91a) line 3	nɬeʔkepmxcín	segmentation	ʔéx=ws	page 49, engine language
(91a) line 4	nɬeʔkepmxcín	gloss	IPFV=3SBJV	page 49, engine english
(91a) line 5	nɬeʔkepmxcín	transcription	tuxʷʔé	page 49, engine language
(91a) line 6	nɬeʔkepmxcín	segmentation	tw=xʔé	page 49, engine language
(91a) line 7	nɬeʔkepmxcín	gloss	from=DEM.PN	page 49, engine english
(91a) line 8	nɬeʔkepmxcín	transcription	e kʷném uxʷ	page 49, engine language
(91a) line 9	nɬeʔkepmxcín	segmentation	e=kʷn-m=wxʷ	page 49, engine language
(91a) line 10	nɬeʔkepmxcín	gloss	D/C=take-CTR.MID=2SG.SBJV	page 49, engine english
(91a) line 11	Bev Phillips	translation	‘From this one you take.’	page 49, engine english, cited VF, VT | BP 11 Dec 2025, volunteered by the speaker, VT
(91a) line 11	Reed Steiner	citation	(VF, VT | BP 11 Dec 2025)	the tag or source at the right of the translation
(91b) line 1	Reed Steiner	note	Context: You are giving directions.	page 49, engine english
(91b) line 2	nɬeʔkepmxcín	transcription	tuxʷʔé	page 49, engine language
(91b) line 3	nɬeʔkepmxcín	segmentation	tw=xʔé	page 49, engine language
(91b) line 4	nɬeʔkepmxcín	gloss	from=PROX	page 49, engine english
(91b) line 5	nɬeʔkepmxcín	transcription	e xʷúy̓uxʷ	page 49, engine language
(91b) line 6	nɬeʔkepmxcín	segmentation	e=xʷúy̓=uxʷ	page 49, engine language
(91b) line 7	nɬeʔkepmxcín	gloss	D/C=PROSP=2SGSBJV	page 49, engine english
(91b) line 8	nɬeʔkepmxcín	transcription	nkʷúme	page 49, engine language
(91b) line 9	nɬeʔkepmxcín	segmentation	n-kʷúme	page 49, engine language
(91b) line 10	nɬeʔkepmxcín	gloss	LOC-go.upriver	page 49, engine english
(91b) line 11	Bev Phillips	translation	‘From here, you will go North.’	page 49, engine english, cited SF, VT | BP 18 Sep 2025, volunteered by the speaker, VT
(91b) line 11	Reed Steiner	citation	(SF, VT | BP 18 Sep 2025)	the tag or source at the right of the translation
(92a) line 1	nɬeʔkepmxcín	transcription	hén̕	page 49, engine residue
(92a) line 2	nɬeʔkepmxcín	segmentation	hén̕=∅	page 49, engine language
(92a) line 3	nɬeʔkepmxcín	gloss	WH=3SBJ	page 49, engine english
(92a) line 4	nɬeʔkepmxcín	transcription	tuxʷéʔe	page 49, engine language
(92a) line 5	nɬeʔkepmxcín	segmentation	tw=xéʔe	page 49, engine language
(92a) line 6	nɬeʔkepmxcín	gloss	from=DIST	page 49, engine english
(92a) line 7	nɬeʔkepmxcín	transcription	tk c̕y̓é	page 49, engine language
(92a) line 8	nɬeʔkepmxcín	segmentation	t=k=c̕y̓é	page 49, engine language
(92a) line 9	nɬeʔkepmxcín	gloss	OBL=DET=basket	page 49, engine english
(92a) line 10	nɬeʔkepmxcín	transcription	kex	page 49, engine english
(92a) line 11	nɬeʔkepmxcín	segmentation	k=ʔex=∅	page 49, engine language
(92a) line 12	nɬeʔkepmxcín	gloss	D/C=IPFV=∅	page 49, engine language
(92a) line 13	nɬeʔkepmxcín	transcription	cúnxʷ	page 49, engine language
(92a) line 14	nɬeʔkepmxcín	segmentation	cún-[t]-∅-[e]xʷ	page 49, engine residue
(92a) line 15	nɬeʔkepmxcín	gloss	say-TR-3OBJ-2SG.ERG	page 49, engine english
(92a) line 16	Thompson and Thompson 1996:360	translation	‘From which [of those] basket[s] did you mean?’	page 49, engine english, cited Thompson and Thompson 1996:360
(92a) line 17	Reed Steiner	citation	(Thompson and Thompson 1996:360)	page 49, engine english
§5.2.4	Reed Steiner	notation	⃗v	a vector
§5.2.4	Reed Steiner	note	Figure 12: Visualizations of the corresponding denotations in (90). The speech situation is represented as a circle with an arm’s-length radius, which contains a speaking and gesturing stick figure. In (a.), the salient vector ⃗v is contained in the speech situation. In (b.), it is not. In (c.), only the starting point of ⃗v is in the speech situation; the endpoint can be anywhere so long as the vector’s magnitude is below some contextually supplied standard of near-ness. In (d.), the vector ⃗v can originate anywhere so long as its origin is salient. In (e.) and (f.), salience is visualized abstractly with a blue circle. In (e.), the endpoint of the vector is salient and in the speech situation; in (f.), the endpoint is salient, but not contained in the speech situation. In (f.), the origin of the vector is visualized in the speech situation, but this is not explicitly referenced in the truth conditions.	page 50
(92b) line 1	nɬeʔkepmxcín	transcription	tuxʷéʔe	page 51, engine language
(92b) line 2	nɬeʔkepmxcín	segmentation	tw=xéʔe	page 51, engine language
(92b) line 3	nɬeʔkepmxcín	gloss	from=DIST	page 51, engine english
(92b) line 4	nɬeʔkepmxcín	transcription	e snkʷúmes	page 51, engine language
(92b) line 5	nɬeʔkepmxcín	segmentation	e=s=n-kʷúme=s	page 51, engine language
(92b) line 6	nɬeʔkepmxcín	gloss	D/C=NMLZ=LOC-go.upriver=3POSS	page 51, engine english
(92b) line 7	nɬeʔkepmxcín	transcription	ɬ qəɬmín	page 51, engine language
(92b) line 8	nɬeʔkepmxcín	segmentation	ɬ=qəɬmín	page 51, engine language
(92b) line 9	nɬeʔkepmxcín	gloss	DET.REM=old.one	page 51, engine english
(92b) line 10	Hall and Phillips 2024	translation	‘From there, Old One went north up the river.’	page 51, engine english, cited VF | BP in Hall and Phillips 2024:137, Bev Phillips's sentence as Hall and Phillips 2024:137 give it
(92b) line 11	Reed Steiner	citation	(VF | BP in Hall and Phillips 2024:137)	page 51, engine english
§5.2.4	nɬeʔkepmxcín	cited form	xéʔe	page 51
§5.2.4	nɬeʔkepmxcín	cited form	éʔe	page 51
§5.2.4	nɬeʔkepmxcín	cited form	tuxʷ=	page 51
§5.2.4	nɬeʔkepmxcín	cited form	/xʷ/	page 51
§5.2.4	nɬeʔkepmxcín	cited form	ʔéye	page 51
§5.2.4	Reed Steiner	name	c̕úʔsinek	Marty Aspinall's name, CMA in the tags, written with c̕ where §2.1 writes c̓
§5.2.4	Reed Steiner	note	One possible explanation is that the locative cases do not take xʔé or xéʔe as a complement at all; instead, they take proximal ʔé or distal éʔe respectively. This would require that the prepo- sition tw= ‘from’ has an allomorph tuxʷ=, but there is independent evidence for this. Phillips consistently pronounces a /xʷ/ before ʔéye ’here’, but not before determiners, e.g. in (93). Al- though (93) is a supplied form, both PPs are based on previous volunteered forms from this speaker. c̕úʔsinek does pronounce the /xʷ/ before determiners, e.g. in (94).30	page 51
(93) line 1	nɬeʔkepmxcín	transcription	kʔéw	page 51, engine language
(93) line 2	nɬeʔkepmxcín	segmentation	k<ʔ>éw=∅	page 51, engine language
(93) line 3	nɬeʔkepmxcín	gloss	far<INCH>=3SBJ	page 51, engine english
(93) line 4	nɬeʔkepmxcín	transcription	e ntéwmn	page 51, engine language
(93) line 5	nɬeʔkepmxcín	segmentation	e=n-téw-mn	page 51, engine language
(93) line 6	nɬeʔkepmxcín	gloss	DET=LOC-sell-INS	page 51, engine english
(93) line 7	nɬeʔkepmxcín	transcription	tuxʷʔéye	page 51, engine language
(93) line 8	nɬeʔkepmxcín	segmentation	tw=ʔéye	page 51, engine language
(93) line 9	nɬeʔkepmxcín	gloss	from=here	page 51, engine english
(93) line 10	nɬeʔkepmxcín	transcription	tue ncítxʷ	page 51, engine language
(93) line 11	nɬeʔkepmxcín	segmentation	tw=e=n-cítxʷ	page 51, engine language
(93) line 12	nɬeʔkepmxcín	gloss	from=DET=1SG.POSS-house	page 51, engine english
(93) line 13	Reed Steiner	translation	‘The store is far from here at my house.’	page 51, engine english, cited SF | BP 30 Oct 2025, the author's translation of the speaker's sentence
(93) line 13	Reed Steiner	citation	(SF | BP 30 Oct 2025)	the tag or source at the right of the translation
(94) line 1	nɬeʔkepmxcín	transcription	cúkʷ us	page 51, engine language
(94) line 2	nɬeʔkepmxcín	segmentation	cúkʷ=us	page 51, engine language
(94) line 3	nɬeʔkepmxcín	gloss	finish=3SBJV	page 51, engine english
(94) line 4	nɬeʔkepmxcín	transcription	keʔs kʷném	page 51, engine language
(94) line 5	nɬeʔkepmxcín	segmentation	k=eʔ=s=kʷn-m	page 51, engine language
(94) line 6	nɬeʔkepmxcín	gloss	D/C=2SG.POSS=NMLZ=take-CTR.MID	page 51, engine english
(94) line 7	nɬeʔkepmxcín	transcription	tuxʷéʔe	page 51, engine language
(94) line 8	nɬeʔkepmxcín	segmentation	tw=xéʔe	page 51, engine language
(94) line 9	nɬeʔkepmxcín	gloss	from=DEM.PN	page 51, engine english
(94) line 10	nɬeʔkepmxcín	transcription	tuxʷe c̕y̓e	page 51, engine language
(94) line 11	nɬeʔkepmxcín	segmentation	tw=e=c̕y̓e	page 51, engine language
(94) line 12	nɬeʔkepmxcín	gloss	from=DET=basket	page 51, engine english
(94) line 13	Reed Steiner	translation	‘Don’t take from that basket.’	page 51, engine english, cited VF | CMA 10 Dec 2025, the author's translation of the speaker's sentence
(94) line 13	Reed Steiner	citation	(VF | CMA 10 Dec 2025)	the tag or source at the right of the translation
§5.2.4	Reed Steiner	note	It is unlikely that the labialized fricative /xʷ/ comes from the deictic or determiner; a simpler explanation is that the preposition has an allomorph ending in a labialized fricative, which is only triggered before certain morphemes. An alternative analysis would require the relevant deictic or determiner to begin with a labialized fricative /xʷ/, but the phonological conditions that would trigger its surfacing would also be true of the preposition w= ‘to’, which does not experience the same allomorphy.	page 51
§5.2.4	nɬeʔkepmxcín	cited form	tw=xʔé	page 51, ‘from this/these’
§5.2.4	nɬeʔkepmxcín	cited form	tw=ʔé	page 51, ‘from here’
§5.2.4	nɬeʔkepmxcín	cited form	tuxʷʔe	page 51
§5.2.4	nɬeʔkepmxcín	cited form	tw=xéʔe	page 51, ‘from that/those’
§5.2.4	nɬeʔkepmxcín	cited form	tw=éʔe	page 51
§5.2.4	Reed Steiner	note	What this shows is that analyzing LocDems as PPs with deictic complements predicts and explains an ambiguity that exists independently in the language. Both tw=xʔé ‘from this/these’ and tw=ʔé ‘from here’ surface as tuxʷʔe, and both tw=xéʔe ‘from that/those’ and tw=éʔe ‘from there’ surface as tuxʷéʔe. This supports an insight from Mandy Jimmie (p.c.) that the locative cases do not have DemPN complements.	page 51
§6	Reed Steiner	heading	6 Conclusion	page 51
§6	Reed Steiner	note	This section summarizes the paper and examines possible extensions of this research.	page 51
§6.1	Reed Steiner	heading	6.1 Summary	page 51
§6.1	Reed Steiner	language	nɬeʔkpemxcín	nɬeʔkepmxcín, as the paper also prints it
footnote 30	Reed Steiner	note	30 c̕úʔsinek does often use a he= allomorph of the determiner, which could be the source of this variation.	page 51, footnote
§6.1	Reed Steiner	name	c̕úʔsinek	Marty Aspinall's name, CMA in the tags, written with c̕ where §2.1 writes c̓
§6.1	nɬeʔkepmxcín	cited form	nʔé	page 52, ‘(right) here’
§6.1	nɬeʔkepmxcín	cited form	néʔe	page 52
§6.1	nɬeʔkepmxcín	cited form	tʔé	page 52, ‘about here’
§6.1	nɬeʔkepmxcín	cited form	téʔe	page 52, ‘about there’
§6.1	nɬeʔkepmxcín	cited form	wʔé	page 52
§6.1	nɬeʔkepmxcín	cited form	wéʔe	page 52
§6.1	nɬeʔkepmxcín	cited form	tuxʷʔé	page 52
§6.1	nɬeʔkepmxcín	cited form	tuxʷéʔe	page 52, ‘from there, from that/those’
§6.1	Reed Steiner	note	nɬeʔkpemxcín has two kinds of demonstratives: demonstrative pronouns (DemPNs), which relate to individuals and form constituents with DPs, and locative demonstratives (LocDems), which are primarily locative adjuncts. This is not cross-linguistically surprising, but it does challenge how the deictic paradigm is organized in existing literature on the language (see e.g. Thompson and Thompson 1992). This paper also finds that LocDems have the same distributional and semantic properties as corresponding PPs with deictic complements: nʔé ‘(right) here’ and néʔe ‘(right) there’ correspond to n= ‘at, on. in’; tʔé ‘about here’ and téʔe ‘about there’ correspond to t= ‘by, about’; wʔé and wéʔe correspond to w= ‘to, toward’. These LocDems, as well as the PPs tuxʷʔé ‘from here, from this/these’ and tuxʷéʔe ‘from there, from that/those’ get a unified analysis as PPs with deictic complements. Such PPs are modeled under a vector-based semantics, building on Zwarts (1997) and Zwarts and Winter (2000). To capture the full empirical landscape, it proves useful to bundle the eigenspace function (Wunderlich 1991; Zwarts 1997; Zwarts and Winter 2000) and the spatial trace function (Krifka 1989, 1998; Link 1998) into a single function for mapping inputs to spatial objects. It is also necessary to develop a function for mapping events to paths, such that the event unfolds along the path.	page 51
§6.2	Reed Steiner	heading	6.2 Extensions	page 52
§6.2	Reed Steiner	note	For most purposes, it is more than sufficient to represent LocDems using the simpler denotations that abstract over the vectors. However, this does not mean that the more detailed spatial denota- tions are unnecessary: they are particularly useful for explaining non-spatial extensions of spatial morphemes.	page 52
§6.2	Reed Steiner	language	nɬeʔkepmxcín	the language of this paper, a.k.a. Nlaka’pamux or Thompson River Salish, Northern Interior Salish, ISO 639-3 thp
§6.2	St’át’imcets	cited affix	ɬəl=	‘from’, after Davis and Mellesmoen 2019
§6.2	Reed Steiner	language	St’át’imcets	Lillooet, Northern Interior Salish. van Eijk 1997 named its demonstrative pronouns, and (96) is St’át’imcets
§6.2	ʔayʔaǰuθəm	cited form	hu∼θu	‘go’, the motion verb Central Salish uses for a source, after Davis and Mellesmoen 2019
§6.2	Reed Steiner	language	ʔayʔaǰuθəm	Comox-Sliammon, Central Salish, the language of (97) and of ɬɛn̓
§6.2	ʔayʔaǰuθəm	cited affix	ʔə=	the oblique, the only preposition ʔayʔaǰuθəm has, after Davis and Mellesmoen 2019
§6.2	Reed Steiner	note	For instance, in comparative constructions across many Salish languages, the standard of com- parison is marked using a locative morpheme. Northern Interior Salish languages use a prepo- sition, e.g. tw= ‘from’ in nɬeʔkepmxcín (Givens 2023) and ɬəl= ‘from’ in St’át’imcets (Davis and Mellesmoen 2019). Central Salish languages instead use a motion verb, e.g. hu∼θu ‘go’ in ʔayʔaǰuθəm, since they have no prepositions other than the oblique ʔə= (Davis and Mellesmoen 2019).	page 52
(95) line 1	nɬeʔkepmxcín	transcription	ƛ̓áx̣t	page 52, engine residue
(95) line 2	nɬeʔkepmxcín	segmentation	ƛ̓áx̣-t=∅	page 52, engine residue
(95) line 3	nɬeʔkepmxcín	gloss	tall-INTR=3SBJ	page 52, engine english
(95) line 4	nɬeʔkepmxcín	transcription	e alice	page 52, engine english
(95) line 5	nɬeʔkepmxcín	segmentation	e=alice	page 52, engine english
(95) line 6	nɬeʔkepmxcín	gloss	DET=Alice	page 52, engine english
(95) line 7	nɬeʔkepmxcín	transcription	tue síxʷɬs	page 52, engine language
(95) line 8	nɬeʔkepmxcín	segmentation	tu=e=s-ʔíxʷɬ-s	page 52, engine language
(95) line 9	nɬeʔkepmxcín	gloss	from=DET=NMLZ-some-3POSS	page 52, engine english
(95) line 10	Reed Steiner	translation	‘Alice is the tallest.’	page 52, engine english
§6.2	Reed Steiner	note	Lit. “Alice is tall from the others.” BP from Givens (2023)	page 52
(96) line 1	Reed Steiner	note	St’át’imcets	page 52, the language of the example
(96) line 2	St’át’imcets	segmentation	zəx̌ʷ∼záx̌ʷ	page 52, engine language, after Davis and Mellesmoen 2019:30
(96) line 3	St’át’imcets	gloss	melt∼CHAR	page 52, engine english, after Davis and Mellesmoen 2019:30
(96) line 4	St’át’imcets	segmentation	ta=sqʷiqʷənt-átkʷʔ=a	page 52, engine language, after Davis and Mellesmoen 2019:30
(96) line 5	St’át’imcets	gloss	DET=whistler=liquid=EXIS	page 52, engine english, after Davis and Mellesmoen 2019:30
(96) line 6	St’át’imcets	segmentation	ɬəl=ta=miχaɬ-átkʷʔ=a	page 52, engine language, after Davis and Mellesmoen 2019:30
(96) line 7	St’át’imcets	gloss	from=DET=bear-liquid=EXIS	page 52, engine english, after Davis and Mellesmoen 2019:30
(96) line 8	Davis and Mellesmoen 2019:30	translation	‘Whistler (hoary marmot) grease is more runny (‘melty’) than bear grease.’	page 52, engine english, cited Davis and Mellesmoen 2019:30
(96) line 9	Reed Steiner	citation	(Davis and Mellesmoen 2019:30)	page 52, engine english
(97) line 1	Reed Steiner	note	ʔayʔaǰuθəm	page 52, the language of the example
(97) line 2	ʔayʔaǰuθəm	transcription	kʷihit x̌ax̌aɬ Tony hu Gloria	page 52, read off the page, hu set in bold
(97) line 3	ʔayʔaǰuθəm	gloss	more tall Tony go Gloria	page 52, read off the page
(97) line 12	Davis and Mellesmoen 2019:32	translation	‘Tony is taller than Gloria.’	page 52, engine english, cited Davis and Mellesmoen 2019:32
(97) line 12	Reed Steiner	citation	(Davis and Mellesmoen 2019:32)	the tag or source at the right of the translation
§6.2	Reed Steiner	name	Gärdenfors	Peter Gärdenfors, cited on conceptual spaces
§6.2	Reed Steiner	notation	σ	the spatial trace function of Link 1998 and Krifka 1989, 1998
§6.2	Reed Steiner	note	With a detailed enough semantics of locatives, it is possible to explain this relationship be- tween spatial morphemes and degree morphemes. Building on Faller (2000), degree adjectives are treated as comparisons between two vectors: a d(imensional)-vector, which represents the degree to which an individual possesses a property, and a u(nit)-vector, which can be understood as a dimension in conceptual space (see Gärdenfors 2000). The benefit to this approach is that antonyms, like ‘tall’ and ‘short’, can be modeled as positive or negative vectors on the same scale. Assuming that the spatial trace function σ returns all vectors associated with its input, including non-spatial ones, then a source PP like tw= ‘from’ can turn a degree adjective into a comparative with no additional semantic machinery, as in (98).	page 53
(98a) line 1	Reed Steiner	rule	Jƛ̓axtK(Je aliceK) = λ ⃗d.Height+( ⃗d) ∧ End( ⃗d) ∈ σ(Ǽ)	page 53, engine english, a line of the author's formula
(98a) line 2	Reed Steiner	translation	‘Take a vector ⃗d. Return true iff ⃗d is a positive height vector ending at Alice’	page 53, engine english
(98b) line 1	Reed Steiner	rule	Jtu=K = λα ∈ De ∪ D⟨↑, t⟩ ∪ Ds.λ⃗v.Start(⃗v) ∈ σ(α)	page 53, engine english, a line of the author's formula
(98b) line 2	Reed Steiner	translation	‘Take an individual, location, or situation α and a vector ⃗v. Return true iff the start of ⃗v is in the spatial trace of α.’	page 53, engine english
(98c) line 1	Reed Steiner	rule	Jtu=K(Je síxʷɬsK) = λ⃗v.Start(⃗v) ∈ σ(í)	page 53, engine english, a line of the author's formula
(98c) line 2	Reed Steiner	translation	‘Take a vector ⃗v. Return true iff the start of ⃗v is in the eigenspace of the others.’	page 53, engine english
(98d) line 1	Reed Steiner	rule	Jƛ̓áx̣t e alice tue síxʷɬsK = λ ⃗d.Height+( ⃗d) ∧ End( ⃗d) ∈ σ(Ǽ) ∧ Start( ⃗d) ∈ σ(í)	page 53, engine english, a line of the author's formula
(98d) line 2	Reed Steiner	translation	‘Take a vector ⃗d. Return true iff ⃗d is a positive height vector ending at Alice and starting at the others.’	page 53, engine english
§6.2	Reed Steiner	notation	í	a pictogram in (98) standing for an iconographic variable, printed as a glyph of the paper's picture font
§6.2	Reed Steiner	notation	Ǽ	a pictogram in (98) standing for an iconographic variable, printed as a glyph of the paper's picture font
footnote 0	Reed Steiner	note	0 1uHeight í Ǽ d g Deriving degrees from vectors requires little to no change to synchronic analyses of degree comparisons (e.g. Davis and Mellesmoen 2019), and it explains why multiple Salish languages independently evolve degree comparisons from locative morphemes.	page 53
§6.2	nɬeʔkepmxcín	cited form	xéʔe	page 53
§6.2	nɬeʔkepmxcín	cited form	néʔe	page 53
§6.2	Reed Steiner	note	Another important application for this kind of research involves clausal demonstratives, which relate to situations rather than individuals or locations. Clausal demonstratives are well under- stood in literature on ʔayʔaǰuθəm (Huijsmans 2023; Huijsmans and Reisinger 2018; Reisinger and Huijsmans 2021) and have been hypothesized to exist in nɬeʔkepmxcín, too (Koch 2008b:42). Preliminary evidence supports this hypothesis not just for DemPNs like xéʔe (99), but for LocDems like néʔe (100), in which case translations convey no locative meaning.31	page 53
(99) line 1	Reed Steiner	note	Repeated from (7)	page 53, engine english
(99) line 2	nɬeʔkepmxcín	transcription	?xʷúy̓kʷ	page 53, engine language
(99) line 3	nɬeʔkepmxcín	segmentation	xʷúy̓=kʷ	page 53, engine language
(99) line 4	nɬeʔkepmxcín	gloss	PROSP=2SG.SBJ	page 53, engine english
(99) line 5	nɬeʔkepmxcín	transcription	xéʔe	page 53, engine language
(99) line 6	nɬeʔkepmxcín	segmentation	xéʔe	page 53, engine language
(99) line 7	nɬeʔkepmxcín	gloss	DIST	page 53, engine english
(99) line 8	nɬeʔkepmxcín	transcription	qʷnóx̣ʷ	page 53, engine language
(99) line 9	nɬeʔkepmxcín	segmentation	qʷnóx̣ʷ	page 53, engine language
(99) line 10	nɬeʔkepmxcín	gloss	sick	page 53, engine english
(99) line 11	nɬeʔkepmxcín	transcription	ʔe ʔúpinxʷ us	page 53, engine language
(99) line 12	nɬeʔkepmxcín	segmentation	ʔe=ʔúpi-[t]-n-∅-[e]xʷ=us	page 53, engine language
(99) line 13	nɬeʔkepmxcín	gloss	COMP=eat-TR-CTR-3OBJ-2SG.ERG=us	page 53, engine english
(99) line 14	Reed Steiner	translation	‘#You’ll get sick if you eat that.’	page 53, engine english
(99) line 15	Reed Steiner	translation	‘You’ll get sick if you eat it.’	page 53, engine english
(99) line 16	Bev Phillips	speaker comment	BP: “I think it’s okay, I don’t know. As long as the other person knows what the xéʔe is. The xéʔe belongs to the qʷnóx̣ʷ, but you’re not saying what the thing you’re eating is. It [the xéʔe] is about the sick.” (SF | BP 17 April 2025)	page 53, engine english
(99)	nɬeʔkepmxcín	cited form	xéʔe	in the speaker comment, page 53
footnote 31	Reed Steiner	note	31 The LocDem examples were elicited by Ella Hannon.	page 53, footnote
(100) line 1	Reed Steiner	note	Context: You’re making a basket. Your friend comes over as you’re weaving the basket.	page 54, engine english
(100) line 2	Reed Steiner	note	You say, hén̕ ɬeʔ kʷ [greeting]:	page 53, the context goes on with the greeting
(100) line 3	nɬeʔkepmxcín	transcription	ʔéx	page 54, engine language
(100) line 4	nɬeʔkepmxcín	segmentation	ʔéx=∅	page 54, engine language
(100) line 5	nɬeʔkepmxcín	gloss	IPFV=3SBJ	page 54, engine english
(100) line 6	nɬeʔkepmxcín	transcription	neʔ	page 54, engine language
(100) line 7	nɬeʔkepmxcín	segmentation	n=[x]eʔ	page 54, engine language
(100) line 8	nɬeʔkepmxcín	gloss	at=DIST	page 54, engine english
(100) line 9	nɬeʔkepmxcín	transcription	cuténe	page 54, engine language
(100) line 10	nɬeʔkepmxcín	segmentation	cw-t-∅-ene	page 54, engine language
(100) line 11	nɬeʔkepmxcín	gloss	make-TR-3OBJ-1SG.ERG	page 54, engine english
(100) line 12	nɬeʔkepmxcín	transcription	nc̓y̓é	page 54, engine language
(100) line 13	nɬeʔkepmxcín	segmentation	[e]=n-c̓y̓é	page 54, engine residue
(100) line 14	nɬeʔkepmxcín	gloss	DET=1SG.POSS-basket	page 54, engine english
(100) line 15	Reed Steiner	translation	‘I am making a basket.’	page 54, engine english
(100) line 15	Reed Steiner	citation	(VF | KBG)	the tag or source at the right of the translation
§6.2	Reed Steiner	note	A detailed semantics of LocDems may provide insight into how clausal demonstratives work. In their basic spatial use, LocDems relate to positions, distances, and directions in physical space. By hypothesis, clausal demonstratives may relate to positions, distances, and directions between spatiotemporal slices of worlds. More research is needed, but the generalization is that a detailed baseline understanding of how locative semantivs works can generalize to non-locative extensions of those same morphemes.	page 54
§6.2	Reed Steiner	note	Finally, this research explains why some Salish languages can (or cannot) permit PPs as pred- icates. Although nominal and adjectival predicates are well attested across Salish (Davis 2022; Kinkade 1983; van Eijk 1997), the status of PP predicates is less clear: they are marginally accept- able in at least some languages (Kroeber 1999:60-62), although at least in nɬeʔkepmxcín, these structures are relatively marked, and their acceptability varies between speakers. This would be surprising if PPs were of type ⟨e, t⟩ or ⟨v, t⟩, because they would be of the same semantic type as an adjectival predicate.	page 54
§6.2	Reed Steiner	note	The analysis proposed in this paper, however, suggests that PPs are fundamentally functions of type ⟨↑, t⟩, and must be type-shifted into type ⟨e, t⟩ or ⟨v, t⟩ (following Zwarts 1997; Zwarts and Winter 2000). This is useful for explaining PP predication: speakers who allow PP predicates can coerce PPs into type ⟨v, t⟩ in predicate positions; speakers who reject PP predicates can only coerce PPs in adjunct positions.	page 54
references	Reed Steiner	heading	References	page 54
references	Reed Steiner	reference	Beaver, David Ian. 1993. The kinematics of presupposition. URL https://api.semanticscholar. org/CorpusID:18651355.	
references	Reed Steiner	name	Růžička	in a reference entry
references	Reed Steiner	reference	Bierwisch, Manfred. 1988. On the grammar of local prepositions. Syntax, Semantik und Lexikon: Rudolf Růžička zum 65 1–66.	
references	Reed Steiner	name	Jürgen	in a reference entry
references	Reed Steiner	reference	Bohnemeyer, Jürgen. 2011. A vector space semantics for reference frames in Yucatec. Papers presented at SULA 6: Semantics of under-represented languages in the Americas VI .	
references	Reed Steiner	reference	Cohn, Anthony G., Brandon Bennett, John Gooday, and Nicholas M. Gotts. 1997. Qualitative spatial representation and reasoning with the region connection calculus. GeoInformatica 1:275–316.	
references	Reed Steiner	reference	Creary, Lewis G., J. Mark Gawron, and John Nerbonne. 1989. Reference to locations. Proceed- ings of the Annual Meeting of the Association for Computational Linguistics 27:42–50. Cresswell, M. J. 1978. Prepositions and points of view. Linguistics and Philosophy 2:1–41. URL http://www.jstor.org/stable/25000976.	
references	Reed Steiner	reference	Davis, Henry. 2022. Are pronouns ever predicative in Salish? Papers for the International Conference on Salish and Neighboring Languages 57:1–40.	
references	Reed Steiner	reference	Davis, Henry, and Gloria Mellesmoen. 2019. Degree constructions in two Salish languages. Papers for the International Conference on Salish and Neighboring Languages 54:24–52.	
references	Reed Steiner	reference	Faller, Martina. 2000. Dimensional adjectives and measure phrases in vector space semantics. Formalizing the Dynamics of Information .	
references	Reed Steiner	reference	Gessner, Suzanne, Tracey Herbert, and Aliana Parker. 2022. Report on the status of B.C. first nations languages. https://fpcc.ca/resource/language-status-report-2022/.	
references	Reed Steiner	language	nɬeʔkepmxcín	the language of this paper, a.k.a. Nlaka’pamux or Thompson River Salish, Northern Interior Salish, ISO 639-3 thp
references	Reed Steiner	reference	Givens, Katherine. 2023. Degree comparison in nɬeʔkepmxcín. Papers for the International Conference on Salish and Neighboring Languages 58:66–77.	
references	Reed Steiner	name	Gärdenfors	Peter Gärdenfors, cited on conceptual spaces
references	Reed Steiner	reference	Gärdenfors, Peter. 2000. Conceptual space: the geometry of thought. MIT Press.	
references	Reed Steiner	reference	Hall, Brent, Noah Luntzlara, Gloria Mellesmoen, and Danica Reid. 2025. The long schwa paper: stressed schwa epenthesis in nɬeʔkepmxcín. Papers for the International Conference on Salish and Neighboring Languages 60:94–139.	
references	nɬeʔkepmxcín	cited form	xʷíʔ	a word of the title of Hall and Phillips 2024, xʷíʔ kʷ páq (you will be sorry)
references	nɬeʔkepmxcín	cited form	kʷ	a word of the title of Hall and Phillips 2024, xʷíʔ kʷ páq (you will be sorry)
references	nɬeʔkepmxcín	cited form	páq	a word of the title of Hall and Phillips 2024, xʷíʔ kʷ páq (you will be sorry)
references	Reed Steiner	reference	Hall, Brent, and Bev Phillips. 2024. xʷíʔ kʷ páq (you will be sorry). Papers for the International Conference on Salish and Neighboring Languages 59:128–156.	
references	Reed Steiner	reference	Hannon, Ella, Anna Stacey, and Reed Steiner. 2023. Glossed conversation data in nɬeʔkepmxcín. Papers for the International Conference on Salish and Neighboring Languages 58:118– 158.	
references	Reed Steiner	reference	Heim, Irene. 1991. Artikel und definitheit , 487–535. URL https://doi.org/10.1515/ 9783110126969.7.487.	
references	Reed Steiner	reference	Heim, Irene, and Angelika Kratzer. 1998. Semantics in generative grammar, volume 13. Black- well textbooks in Linguistics.	
references	Reed Steiner	reference	Huang, James C. T. 1982. Logical relations in Chinese and the theory of grammar. Doctoral Dissertation, Massachusetts Institute of Technology.	
references	Reed Steiner	language	ʔayʔaǰuθəm	Comox-Sliammon, Central Salish, the language of (97) and of ɬɛn̓
references	Reed Steiner	reference	Huijsmans, Marianne. 2023. Second-position clitics, from morphosyntax to semantics: The ʔayʔaǰuθəm (Comox-Sliammon) perspective. Doctoral Dissertation, University of British Columbia.	
references	Reed Steiner	reference	Huijsmans, Marianne, and D. K. E. Reisinger. 2018. Clausal demonstratives in ʔayʔaǰuθəm (Comox-Sliammon). Papers for the International Conference on Salish and Neighboring Languages 53:9–24.	
references	Reed Steiner	reference	Kemmerer, David. 1999. “Near” and “far” in language and perception. Cognition 73:35–63. URL https://www.sciencedirect.com/science/article/pii/S0010027799000402.	
references	Reed Steiner	language	nɬeʔkepmxcin	nɬeʔkepmxcín without its accent, in a reference title
references	Reed Steiner	reference	Kinkade, M.Dale. 1983. Salish evidence against the universality of ‘noun’ and ‘verb’. Lingua 60:25–39. URL https://www.sciencedirect.com/science/article/pii/0024384183900451.	
references	Reed Steiner	reference	Koch, Karsten A. 2006b. Transitive word order in nɬeʔkepmxcin (Thompson River Salish). Papers for the International Conference on Salish and Neighboring Languages 41:192– 220.	
references	Reed Steiner	reference	Koch, Karsten A. 2008a. Some issues in the structure and interpretation of clefts in nɬeʔkep- mxcin (Thompson River Salish). Papers for the International Conference on Salish and Neighboring Languages 43:97–120.	
references	Reed Steiner	reference	Koch, Karsten A. 2008b. Intonation and focus in nɬeʔkepmxcín (Thompson River Salish). Doc- toral Dissertation, University of British Columbia.	
references	Reed Steiner	reference	Kracht, Marcus. 2002. On the semantics of locatives. Linguistics and Philosophy 25:157–232.	
references	Reed Steiner	reference	Kratzer, Angelika. 1996. Severing the external argument from its verb. Phrase Structure and the Lexicon. Studies in Natural Language and Linguistic Theory. 33:109–137.	
references	Reed Steiner	reference	Krifka, Manfred. 1989. Nominal reference, temporal constitution and quantification in event semantics. Semantics and contextual expression 75–115.	
references	Reed Steiner	reference	Krifka, Manfred. 1998. The origins of telicity. Events and grammar 197–235.	
references	Reed Steiner	reference	Kroeber, Paul. 1997. Relativization in Thompson Salish. Anthropological Linguistics 39:376– 422.	
references	Reed Steiner	reference	Kroeber, Paul. 1999. The Salish language family: Reconstructing syntax. Bloomington, IN: University of Nebraska Press in Cooperation with the American Indian Studies Research Institute, Indiana University.	
references	Reed Steiner	name	kʷałtèzetkʷ	Bernice Garcia's traditional name, KBG in the tags, short and written with ł
references	Reed Steiner	name	kʷəɬtəzétkʷu	Bernice Garcia's traditional name as a reference entry spells it
references	Reed Steiner	reference	kʷałtèzetkʷ, Bernice Garcia, Ella Hannon, and Anna Stacey. 2024. Three glossed nɬeʔkepmxcín narratives by kʷəɬtəzétkʷu (Bernice Garcia). Papers for the International Conference on Salish and Neighboring Languages 59:68–94.	
references	Reed Steiner	reference	Levinson, Stephen C. 1994. Vision, shape, and linguistic description: Tzeltal body-part termi- nology and object description.	
references	Reed Steiner	reference	Link, Godehard. 1998. Algebraic semantics in language and philosophy .	
references	Reed Steiner	reference	Matthewson, Lisa. 1998. Determiner systems and quantificational strategies:evidence from salish. The Hague: Holland Academic Graphics.	
references	Reed Steiner	reference	Matthewson, Lisa. 2022a. What are the building blocks of definiteness? Evidence from a language in which strong definites don’t exist and demonstratives are weak. Two Kinds of Definiteness Workshop .	
references	Reed Steiner	reference	Matthewson, Lisa. 2023. Two types of polar questions in nɬeʔkepmxcín. Papers for the Inter- national Conference on Salish and Neighbouring Languages 58.	
references	Reed Steiner	language	St’át’imcets	Lillooet, Northern Interior Salish. van Eijk 1997 named its demonstrative pronouns, and (96) is St’át’imcets
references	Reed Steiner	reference	Matthewson, Lisa, and Henry Davis. 1995. The structure of the DP in St’át’imcets (Lillooet Salish). Papers for the International Conference on Salish and Neighboring Languages 30:54–68.	
references	Reed Steiner	reference	O’Keefe, John. 1996. The spatial prepositions in English, vector grammar, and the cognitive map theory. Language and Space 277–316.	
references	Reed Steiner	reference	Parsons, Terence. 1990. Events in the semantics of English: A study in subatomic semantics. MIT Press.	
references	Reed Steiner	reference	Piwek, Paul, Robbert-Jan Beun, and Anita Cremers. 2008. ‘Proximal’ and ‘distal’ in language and cognition: Evidence from deictic demonstratives in Dutch. Journal of Pragmatics 40:694– 718. URL https://www.sciencedirect.com/science/article/pii/S0378216607000793.	
references	Reed Steiner	reference	Reisinger, Daniel, and Marianne Huijsmans. 2021. Demonstratives in ʔayʔaǰuθəm. Papers for the International Conference on Salish and Neighboring Languages 56:305–375.	
references	Reed Steiner	reference	Steiner, Reed, and Lisa Matthewson. 2026. That moon has risen: The semantics of nɬeʔkepmxcín nominal demonstratives. Papers for the International Conference on Salish and Neighbor- ing Languages 61.	
references	Reed Steiner	reference	Talmy, Leonard. 1985. Lexicalization patterns: Semantic structures in lexical forms. Grammat- ical Categories and the Lexicon 56–149. Cambridge: Cambridge University Press.	
references	Reed Steiner	reference	Thompson, Laurence C., and M. Terry Thompson. 1992. The Thompson language. University of Massachusetts Occasional Papers in Linguistics.	
references	Reed Steiner	reference	Thompson, Laurence C., and M. Terry Thompson. 1996. Thompson River Salish dictionary. University of Massachusetts Occasional Papers in Linguistics.	
references	Reed Steiner	reference	Travis, Lisa, and Greg Lamontagne. 1992. The case filter and licensing of empty K. Canadian Journal of Linguistics/Revue canadienne de linguistique 37:157–174.	
references	Reed Steiner	reference	van Eijk, Jan. 1997. The Lillooet language: Phonology, morphology, syntax. UBC Press.	
references	Reed Steiner	reference	Wunderlich, Dieter. 1991. How do prepositional phrases fit into compositional syntax and se- mantics? Linguistics 29:591–622.	
references	Reed Steiner	reference	Zwarts, Joost. 1997. Vectors as relative positions: A compositional semantics of modified PPs. Journal of Semantics 14:57–86.	
references	Reed Steiner	reference	Zwarts, Joost. 2005. Prepositional aspect and the algebra of paths. Linguistics and Philosophy 28:739–779. URL http://www.jstor.org/stable/25001978.	
references	Reed Steiner	reference	Zwarts, Joost. 2017. Spatial semantics: Modeling the meaning of prepositions. Language and Linguistics Compass 11.	
references	Reed Steiner	reference	Zwarts, Joost, and Yoad Winter. 2000. Vector space semantics: A model-theoretic analysis of locative prepositions. Journal of Logic, Language, and Information 9:169–211.	
title	Reed Steiner	title	Locative Demonstratives in nɬeʔkepmxcín	the paper's title, carrying the star of the acknowledgement footnote
title	Reed Steiner	name	Reed Steiner	author, University of British Columbia
footnote *	Reed Steiner	name	Bev Phillips	consultant, BP in the tags, from Lytton, speaker of ƛ̓q̓əmcín. The author's primary consultant
footnote *	Reed Steiner	name	Marty Aspinall	consultant, CMA in the tags, c̓úʔsinek, from Coldwater, speaker of scw̕exmxcín
footnote *	Reed Steiner	name	Bernice Garcia	consultant, KBG in the tags, kʷaɬtèzetkʷuʔ, from Coldwater, speaker of c̓eɬétkʷu
footnote *	Reed Steiner	name	Marcin Morzycki	reader, thanked
footnote *	Reed Steiner	name	Lisa Matthewson	reader, thanked. Matthewson 2023 is cited in footnote 2
footnote *	Reed Steiner	name	Henry Davis	thanked with the nɬeʔkepmxcín lab
footnote *	Reed Steiner	name	Brent Hall	of the nɬeʔkepmxcín lab, thanked. Hall and Phillips 2024 is the source of (18) and (92b)
footnote *	Reed Steiner	name	Ella Hannon	of the nɬeʔkepmxcín lab, thanked. Footnote 31: she elicited the LocDem examples of §6.2
footnote *	Reed Steiner	name	Bruce Oliver	of the nɬeʔkepmxcín lab, thanked
footnote *	Reed Steiner	name	Jacobs Research Funds	a funder of the research
footnote *	Reed Steiner	name	Kinkade Language and Culture Foundation	a funder of the research
§2.1	Reed Steiner	name	Mandy Jimmie	cited by personal communication in §3.1 and §5.2.4
§2.1	kʷaɬtèzetkʷuʔ (Bernice Garcia)	running speech	ʔes ʔúməcms kʷaɬtèzetkʷʔ tuɬe c̓əɬétkʷu wéʔe ncitxʷ ƛ̓uʔ wéʔec ʔex netíyxs scwew̓xmx ƛ̓uʔ tékm xéʔe ne nɬeʔképmx e tmixʷs	page 3, kʷaɬtèzetkʷuʔ introducing herself, set in italics in the prose
§2.1	Reed Steiner	translation	‘My traditional name is kʷaɬtèzetkʷuʔ, my home is in Coldwater of ‘Nicola’ of nlaka’pamux lands.’	page 3, the translation printed with it
all	Reed Steiner	notation	SF	a sentence the author supplied and the speaker judged, §2.1
all	Reed Steiner	notation	VF	a sentence the speaker volunteered, §2.1
all	Reed Steiner	notation	VT	a translation the speaker volunteered, in (91a) and (91b)
all	Reed Steiner	notation	*	judged ill-formed by the speaker
all	Reed Steiner	notation	#	judged infelicitous in the given context
all	Reed Steiner	notation	?	an uncertain judgement
all	Reed Steiner	notation	Located	the locative type-shift of (67), taking a set of vectors and an individual or eventuality
all	Reed Steiner	notation	Follows	the path type-shift of (74), directing an event along a path
all	Reed Steiner	symbol note	J K	the text layer's J and K are the denotation brackets ⟦ and ⟧ of the page
all	Reed Steiner	symbol note	h	the text layer's h before the paraphrases of (73a) and (73b) is a frowning face ☹ on the page, marking a reading the paper rejects
all	Reed Steiner	symbol note	σ(Ǭ) σ(ʴ) σ(͋) σ(ƀ) σ(P) σ(ί) σ(̨)	pictograms of the paper's picture font, standing for iconographic variables: the basket of (63a), the door of (63b), the table of (69), the tree of (71a), the house of (71b) and (73b), the mountain of (73a) and nɬeʔképmx land of (68)
all	Reed Steiner	symbol note	text layer	the text layer runs the words of 540 lines together, Thispaperreexaminesthedemonstrativeparadigm. Each line is read from whichever of the text layer and the glyph positions keeps more of the page's spaces
